r	s	winner_i	winner_j	best_product_Q
1	1	0	0	1
1	2	0	0	28/27
1	3	0	0	135/128
1	4	0	0	3328/3125
1	5	0	0	3125/2916
1	6	0	6	933120/823543
1	7	0	7	38745/32768
1	8	0	9	160563200/129140163
1	9	0	10	4032/3125
1	10	0	12	383906250000/285311670611
1	11	0	14	5534375/3981312
1	12	0	16	436462272626688/302875106592253
1	13	0	19	39092625/26353376
1	14	0	22	24828390250856192/16218292236328125
1	15	0	24	14943129009246826171875/9444732965739290427392
1	16	0	27	160251477454333302276096000/97323989570665633968659873
1	17	0	31	278676563222959697432126875/161162887476414617908936704
1	18	0	34	3544156850349588480000000/1978419655660313589123979
1	19	0	39	128255011017491149042140186633/68719476736000000000000000000
1	20	0	43	3308257280000000000000000000000000/1710913015637301087814760528007303
1	21	0	48	5634982373861673404448888926948607/2796977171367686614193329959600128
1	22	0	52	43410922472824406017730150400000/20880467999847912034355032910567
1	23	0	60	4648138340042144154231670811122588169/2158215009176795564935679096402214912
1	24	0	67	148947932281782317403430610539814880018432/67016904125694054528139531612396240234375
1	25	0	70	232231034402730074361898005008697509765625/100861863202114065380092711541148938665984
1	26	0	71	1054061830585753039713340787751414500000/443426488243037769948249630619149892803
1	27	0	76	3807007516899836433185102212920275390625/1546146850764005824493188489952867909632
1	28	0	83	6586661829868687490035472696279732060160000/2567686153161211134561828214731016126483469
1	29	0	88	1071831798600237525111278513503382792694120948139/403362161534407160988057600000000000000000000000
1	30	0	96	47256343517649695691239833831787109375000000000/17069174130723235958610643029059314756044734431
1	31	0	102	8910162237406687680507126319428428113013964012777096875/3106807566579089511012337884734296656995873786286833664
1	32	0	109	19600961232933509577463550379265869241162661888/6559469597508562101286187569713180690917908011
1	33	0	118	289996128504730655816730543213851781812864275414453125/94053111242948928091312404010482844436943535276556288
1	34	0	125	1466641617223107409395762665460826185419417207307264/459186796898854100771256323787383735179901123046875
1	35	0	127	52570158797837098517560688391272413036858779378235340118408203125/15950820725145918349434999428463157490966234098544873001254387712
1	36	0	133	36037098434184067505859069027210853662893079412557515587584/10555134955777783414078330085995832946127396083370199442517
1	37	0	138	3328090627245022063062024801808720973172244117712871312297281357409328125/944665599701504386585426694233721844894462124655092803069085558824239104
1	38	0	144	15220006270008039370918321094513829460829234196732810322012928/4170190646743377501473683295884779997414522415525796926294517
1	39	0	150	197078551862139608366977126459273199378553217336211020421512202444511/51922968585348276285304963292200960000000000000000000000000000000000
1	40	0	157	2780898089410820371487129600000000000000000000000000000000000000000000000/707282938901079097308247606016801697627397011510437966075145639220926681
1	41	0	166	166359703829088999839174905120418281998236166270206374290642244205125/40607600520086054565835428972037512209328964809686550419777821605888
1	42	0	172	73604930047676659161956313958089325020877776550889669507673174835200000/17343773367030267519903781288812032158308062539012091953077767198995507
1	43	0	181	110652393104684928474547451110050199962831957740860477541425398144406461683221935/25022745749107086517656146814179297440418403005200670016143300104599063293329408
1	44	0	188	8414116204418710499301640232837231424004365702096813184465764352/1844051402299124399237928909069103328874916769564151763916015625
1	45	0	196	13540308415879857598160331276585390587761641589989221330370128271169960498809814453125/2864588782431869274885698326038989055391679961919149960416029387428124481682927517696
1	46	0	201	490580591450996077339281802858530886900276550161316524165840831196092650024154536345600000/100583368191997595194454486885771366104791232298308124537065836659595982973627071707692663
1	47	0	208	276021516561758994184905637933986869684736404475437911612844690516107139989787765297635/54628335395539050136693142289997287076494691813838167336773060782049094786400529678336
1	48	0	212	6897694609734498289204844151400763829515638033664169430205597774965796231734257254400000/1322981733014450521730916677324708585215712739013016267751831804825651170584260274970891
1	49	0	217	52747245488507890062674208522630848557712786766305370961786034767330728958604587644425129395293/9765625000000000000000000000000000000000000000000000000000000000000000000000000000000000000000
1	50	0	223	347560613879468403289094147190496641997015103697776794433593750000000000000000000000/61942351526426280519900090528523489034576893389918748015510756758847713355545812697
1	51	0	231	520125884996813620811207769810543665773862183818117994105416250169521308590217261032833844140625/89483669811564208180050219337777977633725933051432645518611209643853108664174501118646836789248
1	52	0	241	147523404763653201840383501779787353742821186798332515803875481545399432506244504960683212800/24356848165022712132477606520104725518533453128685640844505130879576720609150223301256150373
1	53	0	251	530895943907680437394933500328472032946395546545422249232947062180043957688640432047025092241842390625/84613662468104388811144000145384760918488530849917707648070418525008713735372693794193007647844728832
1	54	0	260	3430846514297645999537016908448049504459128005362251160713285599923637929722679622648315646050304/524744532468751923546122657597368049278513737089035272057324643668607677682302892208099365234375
1	55	0	270	8330070946572034871100477480055090734343534116339652817036405541006871544595924206078052520751953125/1234750566900632207916120645159705707902444521642080916398709689454579304555030658956815296628785152
1	56	0	278	53297475647193771518634597952400806441128042626998097441439296873158886495630684962698400104448/7625888691733961111322034614285898328196636383584381506752606466887629787704926403090445101059
1	57	0	283	5963603032022998050495831223121789602367295843098371369683757052993114476501625431881629398579861770723138520389332278125/826933096576763710152373134052063916721290066272333440234236393736399927343398949681157184532381745083259268282600914944
1	58	0	290	2257672651505930877069595717450729815920881583496184315682434512688554896352735821458690273612973178617856/302182066535432255614734701333399524449282910532282724655138380663835618264136459996754463358299552427939
1	59	0	292	443219527530626074718677044509717295167657252655496614912897263447553211474913185894365853772139161271493820988937/57490883066716715703912554351529287497525332283236632494080000000000000000000000000000000000000000000000000000000
1	60	0	297	64194868370310068911825050664425528252930927427584000000000000000000000000000000000000000000000000000000000000/8037480562545943774063961638435258139453693382991023311670379647429452389091570630196571368048020948560431661
1	61	0	306	12249203696611437031653398871194954213649444314438293270700841010794397685762536630134137018337929376262787842959096579256875/1477354010455484132067475600866396794571826918466176175856238017322745618069703975587053950180103220097827396628273424236544
1	62	0	316	1349912713941177109024897346454349543118681867022328264162703780230755092526690227771764033817520803676160000000/157163392328913383397835438459403882008910751494035356358543959055620405634687375012469863897415149406267033343
1	63	0	329	1551056296810129926989003733850510306801157422680816825507839608840535388033564558826935446988614767904256091031662773343292574525/173291855882550928723650886508942731464777317210988535948154973788413831737851601439998400381508723631086950685087723239310884864
1	64	0	338	553436283700479686972222913971532430003244517421619393711090677246115097770204263236416629092322215245437248336822272/59687298703534356156143854320205991750470472177601684169537973452387088795466352220131511785439215600490570068359375
1	65	0	347	67458163591352478911501848414836449310930711602023243621706453959732726227421195880178117487702138532768003642559051513671875/6981471718057598450501242234450260361283528534723470985185932312987473465702405055188106683760431001532693181524168553791488
1	66	0	355	2216780029825303599413540383875540340651613990518264416949288057203692222058506079376816003169977494409205111757943603200000/222337020242360576812569226538683753874082408437758291741262115823894811650848346334502642370010973465496690788650052277723
1	67	0	365	14826100241295138078305718407745983648074911984933173243368346808227250044262616668066436438882731066518593797485232641669556689723192848389/1435343572636577118069997453321805409470002598014971251971394212407814834638297756246267857605076017268671288647970779600523562710395256832
1	68	0	369	602265457782883515616412814632229506773414564909444970531306622761845361500994054421414688156065320221005623866610970473267200000/56505278274844509449694944093654951259606222500702025274259376076644443065167324505107558011372010385370120177228355891757067229
1	69	0	375	48357393321986234528319678243235213790498650575878576253176224028085499186541175134085882287474111317431079921845461768580196402228115031/4379235393493306881859448086183904829201714528465890462217892003840000000000000000000000000000000000000000000000000000000000000000000000
1	70	0	378	7388794329844098208773495450973874238796214577255422728061894461894345004475533642107620835304260253906250000000000000000000000000000000000000/648450643365611924462994599967947473772329114796011769417970382367259357557113312290199297846401422159436523030957518713146613437493632598461
1	71	0	388	2673509610027780034380470101549653924724296346407288309008043524401106478709868725497728843359897239262662530571978750060556207287693857447417167/226471973856757248576634044888034999134639003174291153009308855258987375069429336955842981616093845343458038082558789014176076868107035840872448
1	72	0	398	129024711531637448398646902798889854473923346283766405941828914009425334374670925331445300631771935098966335880341165166622625046200320000/10533405146807286720373659460502060785759379112212598116064998418834781689316645387966435364502141349866164216580595609788325190062013833
1	73	0	412	167394834568736483742695398778970423084734310859031111211229195096256702839135142883381593250693920893916338118875942360715699447172854792450686953125/13191651123240772289892714127424381073336662039507319360119817227107894043098647582354280344320983599910988593245148287721300169661659658911672696832
1	74	0	423	21550720414148127292399569276571867003208097271868481073679891014401837143941846719529167125535150750297294835013804641033543221248/1629702743265040524458494899837889374167402349463943886263819113524012209754191228867231146237859462644337327219545841217041015625
1	75	0	429	1286557107208809654919984975945780155458895444991117567756278295562105516880629163177568717808132976692811762328867708493618238208000548183917999267578125/93914550297296573160038777968708504017840358383179434739492388877957787300145912444411975098556724009272596546280408387028789054813070925257074618138624
1	76	0	438	315290804626563962683136783472776906288084765468307864608287760234442808745170220878738600796552854806930490543172149156961095182147372711936/22085109566599677708726004489816475457635367288881149656397222415744677312381544408787053887804978840281897206861534692648961305812405718379
1	77	0	447	17882535722036112945152289694790961788223938735460746990673538042572765347134258510634791514031629541920702200984814198023170094004067869256715625/1213912882824505176074294172751699885612514502022552055123744058597323900077662608516572346496037801049627053645783751316943519324321216135692288
1	78	0	456	12478234894758686376357731911854730215833477448201061299898101177026343384536552131822051773226827955890276724647946798525385560812614130073382097518592/817598737071050959409276229318696698168591900537987468276932073768901912096673342793217657607316423968313726492566673678273923566086786121551339775919
1	79	0	460	6348366157004590921786648989626919275612258691769876755405444882399461981716655636621774809372812261300095476215363894557191067707840537094606196771511346724414044487271791/403102623334504342793818599613813672436283083656652889121608972097591583950927161871395568222208000000000000000000000000000000000000000000000000000000000000000000000000000
2	2	0	0	9/8
2	3	0	0	3672/3125
2	4	0	0	880/729
2	5	0	0	1012500/823543
2	6	0	6	331695/262144
2	7	0	7	19066880/14348907
2	8	0	9	548352/390625
2	9	0	10	417312000000/285311670611
2	10	0	12	5263671875/3439853568
2	11	0	14	480139228800000/302875106592253
2	12	0	16	22798818900/13841287201
2	13	0	19	340192990032896/200225830078125
2	14	0	22	126566598739716135/72057594037927936
2	15	0	24	24138900707244873046875/13235844190181388226832
2	16	0	27	1242923128410079232000/654017916594690725427
2	17	0	31	16188574899951931514466279375/8103606909584644461051817984
2	18	0	34	331472708763021/160000000000000
2	19	0	39	19536894099645596692599292625/9044307039799313835063146496
2	20	0	43	96897500000000000000000000000/43260758536891509485824425561
2	21	0	48	199728819695763757335466174188511737/85526396927377047692718214801682432
2	22	0	52	360734702335988509375/149587343098087735296
2	23	0	60	363736520609738636611654646355135416547/145519152283668518066406250000000000000
2	24	0	67	6141004783296850236328138034380800000000/2379326335286541502316812613560790037409
2	25	0	70	34550817229472841063397936522960662841796875/12915732592664765907257105685447381055438848
2	26	0	71	1044899964232700336624583126102515625/377477258487306109495407346179899392
2	27	0	76	29461474391598325565701124802215654302734375/10270744612644844538247312858924064505933876
2	28	0	83	33968408650574162780992242396928/11363025732319056987762451171875
2	29	0	88	2023239397457887250019075126435841915261056034307421875/653130645782809481357759909424454413115236219173645112
2	30	0	96	1151921320019819337441190145909786224365234375/356811923176489970264571492362373784095686656
2	31	0	102	25504653303788342149131281497501496487764816907210006250/7623818757142200932901486951612006159062321341435912137
2	32	0	109	2385903223799241541790521559665144963792896/684326450885775034048946719925754910487329
2	33	0	118	118442603028632075033069680821301820127498984441321/32914509601709861943283653289079666137695312500000
2	34	0	125	22140338720571650419726746479449913352579036618275/5938151874653744784952714401263614369677793296384
2	35	0	127	134853853790649138063349645726977932393379205677774734795093536376953125/35042946184814813006536326209728865669167491949168289025358965908571776
2	36	0	133	15606861940012486914588151588918199168129910690816/3914144333903073791808962606796280957916632792441
2	37	0	138	113684116301952327906488371846639562276094555172771274104201861158353125/27624377504183220567134732290238435336277850529344742121289544118564864
2	38	0	144	25170747321618079608791184455074075163815808664514590910683993/5902958103587056517120000000000000000000000000000000000000000
2	39	0	150	99155146405638990459635366749821828437334587472281169649573326854894596875/22328421478693225868206421159878108219466558244217333648407613678033043456
2	40	0	157	34763020697600000000000000000000000000000000000000000000000/7555675113189802609118115251467277316477758639335828147881
2	41	0	166	5580428988457399304582478499780059045311107793736256448317834433797926080441175/1163920928134856306876840151596631387675522239034057173234590260381050415874048
2	42	0	172	2371882332857385357314296287276324548183391329698460531728996875/477482989328124107244705224682664506949060558462656928993509376
2	43	0	181	27025917505401547332622547289510060298651380143353053273791477660067549787243/5220795716686457998349338468141319048881530761718750000000000000000000000000
2	44	0	188	2329131303743193121420696742765358831419094332102928236544000000/435993943892672664200353461405376235401663658494141675420261489
2	45	0	196	11522802461913758816034441916374167390185156993080827352144979158765636384487152099609375/2081944735993086811628187283683821325131922894475213856920432249644395946733402436141056
2	46	0	201	328260310412764008164162212098183345305166360898871081420408687537517828125/57471976507824234813334325937376048940707757339340471987083647540688584704
2	47	0	208	1782515417085780143529497149301311641083053257253318892562104317727660429631982539214437/301223989096036550193578087797930721050499086293740866340008274054351507217315698573312
2	48	0	212	36350023302272124186373376994966000092649711563048245139127480670306072264704/5952296799955374820013845359447323367374504954341318807564675807952880859375
2	49	0	217	121195660073046249458133469513589398263606197302553492950605772613551400556464587523199028445975/19154906931120231930328279152536237321135210662102531115319619273113255900464521374961672126464
2	50	0	223	8567800477119504400474268970689252617229541598986575223761974484659731388092041015625/1302158777421052337450240438014996145411364458434875203509163251784820875970392096768
2	51	0	231	10881000980848900177167444733160901210042940506292303300297873682006109339659896142729571566953125/1596250401342928462314052420901583291582608384241542158385488257323939961841269034271123070844928
2	52	0	241	2628173925439358348805919078141944046458016855402797120919217924528537600/369988485035126972924700782451696644186473100389722973815184405301748249
2	53	0	251	485916904419020089976124194613895944564720203373043824454560511080645534670971522189739785631666057/66028142745354482038115893417538135956832018445824669931933749467134475708007812500000000000000000
2	54	0	260	17224544808148678712272732879050296462457163428208247259260354032331974943674692485543115/2245998197214489133177486374115152480776386294823316195831848180122650418625254422216704
2	55	0	270	1205640949635831112638993511663408610322198786410604696116288803153793196543119847774505615234375/152345752568656264408352647609157333588384320083702492433025092947400611421133990779739494023168
2	56	0	278	54055495486747249017593182329563957471917353141454261258133834278537401937833901424640/6593012181135818604873641088565793338718216041722729705516887554767627147075930273961
2	57	0	283	278140806014403374858257558551242618629043267114442335583348473490362725175216405959799138637569228176980297064349425828125/32874218930724990038627750648808176157877994690231033175610471903666258003610337787682211907255085359103325968331551277056
2	58	0	290	4612692476360678828939692177622250932748924885351908047336569451584066726899414700811229872855243/526224790016122435314544010713890816000000000000000000000000000000000000000000000000000000000000
2	59	0	292	2876166732181717815300701676577040893798774584185414323358037614135067988873803677047150921030645406444223048565995315156421875/317961105301938034185883200527087331470601803028528463571777508536740470105095736792781134584336796629800786323614640128393216
2	60	0	297	2730511993561214695297471085682806261715560578920758416643366217613220214843750000000000000000/291356705504951337929728147720395643095420439746452774779714363421177509357721128841316893761
2	61	0	306	39087272660731242816244803442915464739430742633158220242567015022905355649700944420974701134238531875467949221400625/4014312201070127171104754221244350667318676869997002527200129838147177061894134006370364152753751125492854746513408
2	62	0	316	14640380431735913523435086430880810413160356507742048422485972576724145521015457530227639279434256965859375/1451354592931217128441222597808351892222826282208052898615192937424537132524744292606808615640001411022848
2	63	0	329	99807100838217056171466327221685011046335347198591691380504461786260538012594589002776715719267385065143435422906995849916217839/9494629478454194789002004584321223946352461874684338415655056126226620722562074661254882812500000000000000000000000000000000000
2	64	0	338	544607184047010394474632173372593325258036489397442860257997486854120918048768333925007807741952000000/50008207354389778911989629279431992971630120324676072860486253197947428405257259369205324523644429507
2	65	0	347	2774368903702347575423116582412920770441990548453533906213222213081885736725991715210642700353664558132749107244308106601238250732421875/244462139041543339839918271928233472454578495039766096532876206394212431714425195049566803303623951922030610261369964165506712152834048
2	66	0	355	434511603005610534547569188899365739797511041632537974148985658259021064977476377972361677019440168570723290540625/37102761738674219772723872140853558823446795407066190861465601878964326985210810308477932690492003953520962174976
2	67	0	365	9416128170815290283524368946974531545307503359274019749792762105576930115510438788819396796453886830681768207349435552901849415889325/776080914342235930853242149047888298271415249974000456094905622854792423587380430809461706670167654906288914366539252809514400874496
2	68	0	369	4382249639191439375267559897465550690840361410869258578542328699151269800536431830930040219140863623801339904/350014156504341795988048738600787252387430922362446713313874785433212066809716134230257011950016021728515625
2	69	0	375	251020388418972509918671306605859943599619043118872614578535570212295151195462792091899064298085700431880041725792327973097856721966645346468186005/19351853142884830441640141297909893538871198709350098247908427345285870349885441352892195102499049055349200339809270237527360007963140758117023744
2	70	0	378	15841173743666338899225806077112546500453047723626382022198839865965150365040951265481472542973051531589590013027191162109375/1183454292689956412825745628187093921741615677624104068441056212192078620736078630266666467359372297815968835585065579708416
2	71	0	388	20558609135446429080601493403488422014702934280434710025469264320484086371990179411405622479586227085781542777268022372307906312179296222560618193315953/1482444984190742537125886829615426922592357443574779841992798385575922820150546416590686513929733289398909969602285374414586975811316404212026755252224
2	72	0	398	43358898165442124492743793877485908742302017421982271713275877711293280169231987542482867307093964590056168488960000/3011104700937353238603237541531375343444201655270788531783697471044984243073342239158015955057079636461132367224197
2	73	0	412	4718496861839796172051200369263771207588851917511452270841904437535745149005248373871828142536172268788297131393918624640550110325991183403595105903/316299389571015194484713555056664061803766229579710813903641638041527476632799875666535172058502212166786193847656250000000000000000000000000000000
2	74	0	423	66649626204623308517483359302677604966071931489558514324035296532721384738207238409479567335686134097583284817302513195305675109943125/4287257240434868249912605372726720122973585954314386068272079611918543534270395571964531896852037705135850826780031215746201153437696
2	75	0	429	381921360785071599437076505211829157862871525636149789814973910056217315436352632724978100490415271840838177565269351276810994022525846958160400390625/23713705829280587420779600777127731783132633999673180551276926865215376135687977277428012869078009336245688981076009576324175104208434317880297783296
2	76	0	438	521579545949508140015406593129444123224070170270551212535456948139358719109771586976666667104651561103530752212992/31076234641007757277596520696712792754281330144647438966133196515766138875233646099046867621245084603089873411293
2	77	0	447	121636346273792599656209448306102670279446377703565190917152483921598354287447868845708130748155225122939363304651153550776965772607082933330060535822106185903125/7023119673942133398024529767907997359954570614362281963814521456101786348574157595383734260066299302535155991106925301095381054891892882179619370245112146690048
2	78	0	456	73815452145417148723394189425788010114015400590001326911110224510039001806476279300506846545698011379395587154308440478865334983461804446547863/4113761393303015105387422956393376262456839664083949658371522560000000000000000000000000000000000000000000000000000000000000000000000000000000
2	79	0	460	1694208263478152459700641142879550941860912818601402381890829006793201311999461241979574518327378345710110943547651749890160021429083655155009735680176300185509296875/91498585260449986357350034063266838569591609680198020304248331809066495735031996548226818221558265184274102594066916125637126657807194942655120271683432858439909376
3	3	0	0	5/4
3	4	0	0	1071360/823543
3	5	0	0	11221875/8388608
3	6	0	0	8960/6561
3	7	0	7	2816856/1953125
3	8	0	9	436617216000/285311670611
3	9	0	10	172046875/107495424
3	10	0	12	508705312500000/302875106592253
3	11	0	14	5409441984375/3100448333024
3	12	0	16	55449698304/30517578125
3	13	0	19	33831223898336865/18014398509481984
3	14	0	22	1608879688255481241600/827240261886336764177
3	15	0	24	13164520263671875/6499837226778624
3	16	0	27	25890139046345890087305216000/12250478635198959655097210809
3	17	0	31	3056767754066416544444235603/1374389534720000000000000000
3	18	0	34	26320076800000000/11398895185373143
3	19	0	39	6740258882579936636268188736802125/2796977171367686614193329959600128
3	20	0	43	1206664560640000000000000000000000000/482466817143790183454333610653245089
3	21	0	48	25239048265812519837769455/9671406556917033397649408
3	22	0	52	76650472776652665074548161380352/28421709430404007434844970703125
3	23	0	60	564270207630107700743606352700927179090675/201723726404228130760185423082297877331968
3	24	0	67	73822993562642124363530240000000/25542421024646162610747589505481
3	25	0	70	21693821938839619178907014429569244384765625/7237734286547848979570400062682225094688768
3	26	0	71	7974654235824732004844970427307709063000000/2567686153161211134561828214731016126483469
3	27	0	76	6594542736850788383344779/2048000000000000000000000
3	28	0	83	57303957919857581163308612457633668923392000000/17069174130723235958610643029059314756044734431
3	29	0	88	86503203083864755659249493090657120730344361557948046875/24854460532632716088098703077874373255966990290294669312
3	30	0	96	84272966194152832031250000000000000/23225154419887808141001767796309131
3	31	0	102	870433200091628678439684876071473239171744020344703046875/231405923574370468952662756017291728381544950606057177088
3	32	0	109	1800691889370385790174244260260838311471216481796096/459186796898854100771256323787383735179901123046875
3	33	0	118	115201327378164607760237768863796875/28453029906139394654913738087333888
3	34	0	125	44293222668187910628635411251718258894507358486808245688320/10555134955777783414078330085995832946127396083370199442517
3	35	0	127	61902666800652661822393165224620446719726005676420754753053188323974609375/14288067195485253847104578750285042904028739635408278646419919077216616448
3	36	0	133	124755889345565167814692658776369023468699648/27783742160348572763840067510872319734178277
3	37	0	137	962859428405607090908025586098999661840952570708809932146052077392881/207691874341393105141219853168803840000000000000000000000000000000000
3	38	0	144	6394144304223965084620923657264355832383486656437921924880216806400/1330877630632711998713399240963346255985889330161650994325137953641
3	39	0	150	96018268652919888061004324311878507149342554019878125/19174993704246276637482131853267972330986391493148672
3	40	0	157	1771494089840221943924103577600000000000000000000000000000000000000000000000/341377491183256755594266127107687228971977594955375005912429691777828564281
3	41	0	166	2977472558095811554399447744400400616418626632360899291131760051656762086387344325/550500406480355903388435229911944543689204866114414740355152602301179392453246976
3	42	0	172	2964283899720155146433931423608840159058402424458838016/528868777137541289361162571367458440363407135009765625
3	43	0	181	6014068217632730547520128515282338418179879735173507814854011814546635598944795389185/1029461593686453020662047835920261691781384986314694517024510561106982235604802076672
3	44	0	188	23383476381933262937034210164919812984182282515523012608345298770012930048000000/3877924263464448622666648186154330754898344901344205917642325627886496385062863
3	45	0	196	84226103488257335130815206208955729465515105403028428554534912109375/13479973333575319897333507543509815336818572211270286240551805124608
3	46	0	201	656977996574853710475621579082824833626669302910953033142171990161756703904347088486400000/101869593442112690173280584154002561061609880904002252616891048971575140134988041172758607
3	47	0	208	63731546376896540835581292584766076310068342596161795006101611942642794213296634410015404049473/9536743164062500000000000000000000000000000000000000000000000000000000000000000000000000000000
3	48	0	212	541602251566670502195324718255685741021005258819578179790160527360000000/78519989949340639873887642583242910169185919265471433010434256792082059
3	49	0	217	167661075828633966655964672354821349454331921195709094504859045460568271799596577171878605667643447475/23457607139082687789151084698082470168815450993834759426830816940878229317661360421246556383280627712
3	50	0	223	181140787719342190373414540167863913400214670446075615473091602325439453125000000000000000000/24356848165022712132477606520104725518533453128685640844505130879576720609150223301256150373
3	51	0	231	2421942100779944376374228232753061273116713740862549657577008861284107321171875/314301526284719956386403273274396112962035411316537109027491417742101025128448
3	52	0	241	33713468230711063339439292645380751399210180397524133471052218731599626521391716025242017071104/4197956259750015388368981260778944394228109896712282176458597149348861421458423137664794921875
3	53	0	251	30823971928588820683527481013794406780040312019556814201859438520774333317139125559978740424381078125/3704251700701896623748361935479117123707333564926242749196129068363737913665091976870445889886355456
3	54	0	260	67157626809302170750988661238795196206278986544716493190178558623937986560/7743820085285286748099054360419982914939625614185095706708354997723042739
3	55	0	270	4458653368335292656655953971519141450094842573243412008388709856510946638596948332633473910391330718994140625/498153915925553343303223592841221217696722907015544137587368620805316201051637655178627231677420954709917696
3	56	0	278	2802344601204250862393776820624763293177216170144044719288141137392105954038625918291322864497271454564352/302182066535432255614734701333399524449282910532282724655138380663835618264136459996754463358299552427939
3	57	0	283	1536562027963684975955892803777899190103938996052017720100765532500170456781966882846725674359/160544882147617644009043437204663173120000000000000000000000000000000000000000000000000000000
3	58	0	290	79705607506922628850835948699383522414724615601560154708198294771474370781343910652395371805667090386523258880/8037480562545943774063961638435258139453693382991023311670379647429452389091570630196571368048020948560431661
3	59	0	292	17000400055522095670780176091575810881608132493906279797000470830450339305707261273310474497729005453384596050026497944704765625/1661073435660886129138776373511198959946842487358553588609421911665242210344231780189997783336450301156681491849984410283671552
3	60	0	297	18639229616128000000000000000000000000000000000000000000000000000000000000/1757680585101692208794651092881623927900740783126934354384201791338158367
3	61	0	306	955067585485479142718700513048869535048813254094219625171943642648329004236362112773874786211265660098891969010633923570063330625/86645927941275464361825443254471365732388658605494267974077486894206915868925800719999200190754361815543475342543861619655442432
3	62	0	316	27965139471968570416448430068478935631758183837206175421079198235635691724908938726840981619435851935833902809088/2448709690401409483328978638777681712839814243183658837724634808303060053147337526979754329659044742584228515625
3	63	0	329	65106291123945880468242310403090353051622195002246483508788529515037625332159565959924496452573672625/5470244949471903170146976067841931106304861418545879481710478465409620248089195808404325903565324288
3	64	0	338	2741722624154999777268790567395026987605704513287302460593066484366805981147335481338214972238965169280556627874807808000000/222337020242360576812569226538683753874082408437758291741262115823894811650848346334502642370010973465496690788650052277723
3	65	0	347	144111319570965762260461437758370030581498003432591991555322767315478177088587187633919114648707766879187630593150970526039600372314453125/11213621661223258734921855104076604761484395296991962906026517284436053395611701220673967637539656384911494442562271715629090333674962944
3	66	0	355	120739498955803652673417899993220074148013737774195959744685164280344040046117506508652544000000/9103757593578437567350063530651961606674351707875801049359009935355516866292767865363891254263
3	67	0	365	421234829330284268546367298328295433170665577773223743679797363055478704139994013304152491339235927926108462477408581919130916110421401639/30654647754453148173016136603287333804412001699261233235525244026880000000000000000000000000000000000000000000000000000000000000000000000
3	68	0	369	101152307432236564786904436484485865753278281289290154166753322510803901883871537824925500837621734380678373566203330335124919038423072768000000/7132957077021731169092940599647422211495620262756129463597674206039852933128246435192192276310415643753801753340532705844612747812429958583071
3	69	0	375	1025723074292659330950625358470700673302306533214356628870037581624148989063633543398700060278898060144920075/69810642231139975581042213945816871443080627177841895325178150595372836427650343055195989191465505193459712
3	70	0	378	376609498423163006433286491403245126238332598203900103460721358915591493257562509839772246778011322021484375000000000000000000000000000000000000000/24837218344281757744280032982111139930522973659235325628886413027610124394813263360421255453228567560472545073513039333505118380663861664332409603
3	71	0	388	18612747377997628406488067517535564256795845212097894842543147663511257537132016141548766603451369860270611393370107801172247674528593968753102362049625531/1184723621350746976046115917890026548400780921725281934023631727646018108456110363496862752440019974242198603427252570844882064185223019038448486252019712
3	72	0	398	18293980387478476583070320262389115283533739575336851614793485401109009539430077045384357597563666300928/1121038771459853656738983666631932905024209553501212617405654627111832866148688481189310550689697265625
3	73	0	412	12702540153446697640981251419226343549568921013628770651771870006954618833632351195253093652776923482359998997388965500206654054881412104898668621462890625/751316402378372585280310223749668032142722867065435477915939111023662298401167299555295800788453792074180772370243267096230312438504567402056596945108992
3	74	0	423	389136043192037812010398923088279419137967953524163398326008984308763440512977118542370242111211708597426616189660938664512422988459540480000/22085109566599677708726004489816475457635367288881149656397222415744677312381544408787053887804978840281897206861534692648961305812405718379
3	75	0	429	9146082614879161146368594215849955122978791697891905783215847703411242972199534338739734806722481152974069118499755859375/501015321638772119333938924572080898700511935122277257668003675632803092977939270019573879274230691306278255156944437248
3	76	0	438	15554718368262312330259820051350260140994911733623028969193220262490878675694700615693858799388682797661826108255589101441416906729366563787715505029120/817598737071050959409276229318696698168591900537987468276932073768901912096673342793217657607316423968313726492566673678273923566086786121551339775919
3	77	0	447	19070221507181963357174512717605021090098819441098871005193738597228687081642395638046495544360177381716547027767824445257787501902860249254080283623367973106087/971334446112864535459730953411759453321203419526069760625906204869452142602604249088000000000000000000000000000000000000000000000000000000000000000000000000000
3	78	0	456	508652911966691108454390265453179167528164727801990139559864046753027852558711806926476301768287906630205440/25005745253694267115918266546661877100947851924479155683111942268320067287614161820805837058931962084566827
3	79	0	460	160236446657287038282385976813497850362106545086623367958162000166867283494791365709596780011256758853268679336721307586897904126745077116026037174552040150990105118762891048921875/7633304642835056353087022599343848101385042006644682318542975642496043915752958466204425065918654754902228602264730768144620921239241090747742317046498014434035043080141518405632
4	4	0	0	175/128
4	5	0	0	548800000/387420489
4	6	0	0	14206752/9765625
4	7	0	7	436617216000/285311670611
4	8	0	9	96250/59049
4	9	0	10	518031360000000/302875106592253
4	10	0	12	1395087890625/775112083256
4	11	0	14	120083611648/64072265625
4	12	0	16	4300997185485/2199023255552
4	13	0	19	1675426198119473479680/827240261886336764177
4	14	0	22	140144624658153115/66708726798666276
4	15	0	24	4338105298530578613281250/1978419655660313589123979
4	16	0	27	41127137947680768/17951812744140625
4	17	0	31	6139673818687655671626171875/2543711354943557016111509952
4	18	0	34	204194763056001375000000/81402749386839761113321
4	19	0	39	3501819854388285122954149024318875/1336349951990266370198722106276288
4	20	0	43	46267399489879608154296875/16997648288528104232583168
4	21	0	48	8078686396659685770844890424935319569/2842170943040400743484497070312500000
4	22	0	52	20743280763253286371402500000/7056410014866816666030739693
4	23	0	60	4275893362809955491032609038536923269025/1401446678891576161811751918993856451328
4	24	0	67	109724563130533545792798720000000/34783866207301235571392006553007
4	25	0	70	34425696308826303493333398364484310150146484375/10517242483348320807165248367538242054076289024
4	26	0	71	121358700912514909676846430398722559/35744988210876562500000000000000000
4	27	0	76	60113430659687179207640637194362340145703125000/17069174130723235958610643029059314756044734431
4	28	0	83	610355544546007579569729867321215625/166153499473114484112975882535043072
4	29	0	88	261418630747342237790595928324274114578005300272275000000/68614368814279808396113382564508055431560892072923209233
4	30	0	96	44553343958185915664257644675672054290771484375/11212004571312538157857943059263568453424398336
4	31	0	102	2252638300613357951053895542235438779736786469677383616/546628746788821585656268999612555839121341705322265625
4	32	0	109	4919052291302528677703204208640/1144561273430837494885949696427
4	33	0	118	46852911306048023297921788145359292168671058763918671531250/10555134955777783414078330085995832946127396083370199442517
4	34	0	125	18888309469575625523880500365678690906715416875946795815/4104277809066749504319874774384017101728391146966614016
4	35	0	127	104473532756980308864231057461100528221186323207803070545196533203125/21981203164497643680445750520299680895475720183940405333780742571196
4	36	0	133	1322678254048249986347723679054485259946820714427/268435456000000000000000000000000000000000000000
4	37	0	137	3551885672298856682440578411069297835417986461085191105890271316299765625/697763171209163308381450661246190881858329945131791676512737927438532608
4	38	0	143	137785487142474591140470112504920031709980175562728822646484375/26112413191183957817112206309070910405747133857544622079076736
4	39	0	150	50021615814983878534919528712964464146017096453951235280173883108580087284375/9093132251053564897475313684348682716215017492453571665895236409226956374016
4	40	0	157	1825471752738952636718750000000000000000000000000000/320140425951197116808896218417809418856603695454371
4	41	0	166	116381017938842882896042853726057607608218242780455795565222354432350825261/19577983937574217493810019255529946433305740356445312500000000000000000000
4	42	0	172	687719980438787327646766183592125821491857403270212871582952140625/111614449636524202035290486119776316262825896574500268907586941184
4	43	0	181	26119386739967772681488451287076239651026520792772374863175923806589000873862854534815/4066298312486497678961303288444963525648286903271902064297719237586710833463676633088
4	44	0	188	5316923803462575858942484146802787185170735859375/801785908781418920419861714468314892239768649728
4	45	0	196	56607947333955982277309197188628099580476691040673090782320286962203681468963623046875/8236593451844749419355650838224668153724584390844476813984601243673674025473476132864
4	46	0	201	951405032809423042101442960152643948828908845131691406588423343226670188926765707/134093342309394683945271908257629300820212847611401230096817016601562500000000000
4	47	0	208	7641655686012297754009112586202426487221927357902498583001605256938426170617274282265024975/1039220211106783416358956117216592736606728009011639057905795316466647998072076897513111552
4	48	0	212	150621870847636580434444924520029773885909570283295108424007680000000/19842138941125460508223029192729609729783661181805229341159849570971
4	49	0	217	102874271557374150686485075736900009713321190849994522621045348257594303956190492397613440487874820225/13076483287801269963276717432025770324644727883706713361493919803997716167403675928749040196361650176
4	50	0	223	175677996191265255641520956524289602602886643800683685867625172249972820281982421875/21452693982153152758907408971411245117666981638727397864987098481232939504583573504
4	51	0	231	116737423076662958441292987545124954734643315978137429245835326775658741707743192434135188189157/13755863071948850424607477795320444991006670509546806235819531138986349105834960937500000000000
4	52	0	241	137856837620188158707192477684110732657641315368712633346559967986386125/15584743198838243530123570488554410889805906073763670764919021667090432
4	53	0	251	9244068913043982746612578660364000628319989723006618374466206296077203231603290418312979212459153817859375/1008443912878469622325031624274455591633654905474885173285086412604131956191098461796458274911550190199808
4	54	0	260	67639630623928286993186913968970934748969031970381378946725159961190088713060921941786553830925/7079192925026992260530158671957980483522347114665423896260685705859091869053225638859703844864
4	55	0	270	12206797929623612664247875565038159875700307782223955993709199218368900707876179012600914575159549713134765625/1237737744529130518997953336661604452144262801540230040187446807199070692409902940146706281915594966744838144
4	56	0	278	235687240876643535215037665357141340501290701747167513226366418944/23062120233436399989272562460751458957020076923072338104248046875
4	57	0	283	13101578676803044555052206099112354308199896320078939350543119623841711189738518921357050789504302912686787528917069689015625/1242035567585695446038606252058934888557038293080189310827255892721642461348030221846801306970065611835159321576619688001536
4	58	0	290	437711006733893743039171443708518237285960387970068229623095048062535052954818290060619069588948818979455/40043760691650213199348055700152199656823007874590502389994457443693314448068678830773069832825646088192
4	59	0	292	4276768622891603865328358287282478466427992472626966201291455291923671887997717186937503572044543645221100607359375/379064443539176852341784997405904132624777908449522153067238831095958597876575172613881080021248252942039215767552
4	60	0	297	5953931025165523212618156280895535310844410010322654003278586287706275470554828643798828125/509258994083621521567111422102344540262867098416484062659035112338595324940834176545849344
4	61	0	306	144272251834415346414539730680214588724136722776467858600154877810460489271928303740793416645401209540950154856326974196325559/11868286848067743486252505730401529932940577343355423019568820157783275903202593326568603515625000000000000000000000000000000
4	62	0	316	4458380128017811770609710347360483411797686798999782441180475400493197375148157927915096783641800903297265625/353952490735147163483824453201340349869985169084580879986361325674713728140429493002185935982008623874441216
4	63	0	329	3134145278010903841600606457856628978634077879090911389803341122646255746037387516151383691251994406015230514378109886570848800045625/238732557657757167812420187429915500443924311562271578645386920306848077846118354540592581351195265548858017833369105630377648586752
4	64	0	338	172002413221427949685170088571190176184631146183939795362755901954740011548016640000000/12644172667311868886848751190139694026460111622260301188716288229539622291323277964507
4	65	0	347	4775794970329034851618734011714082826896497173197113058659673684569149786959950801598921883706072577524537337012588977813720703125/336840674627706567210608571635368185013635091134548809068969454364059211626467200872162199075593600219743452416032661809685069824
4	66	0	355	811672187982859029988318696022744715078077699370691352423870642935487538786435000861484410128170409511680733/55468285046837795568470658625436582076673189209543052174922195263206958770751953125000000000000000000000000
4	67	0	365	573089899476174707032628329508958062842960218468833098412540842059034677434616830973697515951644528384112630440214926331594898440644999209872945/37796588169696934456328400972480260818107809979199410640446147158761465527120002642367568559568455186228906913689980932670625015553009293197312
4	68	0	369	299575706536128967137689875917213988530979786536254416875898923641004600057262894355871128332587453125/19143528736557636842296586327084008009179190625773918732784921027704754402483048977948380081709645824
4	69	0	375	93898478227635508383393862857254203142753609624052911137450014128069883394709846761980660232012898704661671721321913892438559047505692731528157733835/5790800719495088035647995428185261416376396263963983757784368693655948516213071939807369195038020661714492068758927243806980374262954703953229512704
4	70	0	378	2360291578107641188468836942049160772309708430461483567815050558467429646115894441983441411699214118602441203620401211082935333251953125/141036532403951887965846928558573797626731254188182896036441014745981232350509825711145204785549311002410453147692769568837160809791488
4	71	0	388	20386781062795869110675707289115742503301910411995302785990611938437434110975837698828429970290647118784302287200449517126134494015222246858326494377/1175650575832766242928332887633096371930456601624865462449106450794344969068561113090254366397857666015625000000000000000000000000000000000000000000
4	72	0	398	276021965009907227021792947377907087685010531253655897431524249073023484155633389003149148160000000/15320525866625537218795287885453358331658339579878215123638114580638887246697219368252185386738481
4	73	0	412	373503334189760977004327691726422658230355241792464674769935829431611309960940359574992060315727077447825126363115817931282810776261932788611669921875/20008439293455495636282788155701523692018159937224246090139907042525473614486730827829885858284570377457300077782883080023522744175866455711501254656
4	74	0	423	7466691554031694601586542802183205226933095927425206013983481615016024051503507249615379380100953189773112185785393791792261180625/383782628757902679362303184948385967588531331162755355715207527185776696635525363780319149218001900036337463660130063301660901376
4	75	0	429	553025101712666108075499405763786572295286283432848993841333445151979454740176692233729728252084629505981653461979996762309941260582490940578281879425048828125/27434061226336458586033319405890614687322541462352663921150474437897602924117803106967711953383981650527953090261426957403832245671456571014138165019969323008
4	76	0	438	1429841959585438863927112785089150533187492930992678441252548354084563600745832587915547125159962585723094522967318869627/68056473384187692692674921486353642291200000000000000000000000000000000000000000000000000000000000000000000000000000000
4	77	0	447	33198344334799568101193390805628365680304190555023201898684947739084583397406043931516377540443459855190265029740009384185299936677412692290916341078125/1531105275150275892730460591874140138697073451776360829712200659110569062233528231876486879679015332321345493043034476815330367224240236933454070022144
4	78	0	456	2800189177136399536821958575867268163675174221381700336372966366788329533528677655264727223711054061677371598698690689565756482597623551679793182905/124639601432542245803502866307955648314648404997590316514046014591721135387756581683433357942364653653758162556255872259047410147317268551496105984
4	79	0	460	310079569450073306509739947287296321707675903612149683513986667599404437644522138467290979447705214124691114019117222766099657830734259619252395839921862681234981515978417759234375/13373602091998064364783382212924596457731509669207318215318296279682861474899617658403573092734740969024224185235454106074857377251463774437164249794146938952449987989451803983872
5	5	0	0	189/128
5	6	0	0	434775600000/285311670611
5	7	0	7	172046875/107495424
5	8	0	9	518031360000000/302875106592253
5	9	0	10	1395087890625/775112083256
5	10	0	12	112112/59049
5	11	0	14	71383744072265625/36028797018963968
5	12	0	16	1713642398615347200000/827240261886336764177
5	13	0	19	18875417689253125/8784688302705024
5	14	0	22	4416039560992909449600000/1978419655660313589123979
5	15	0	24	328484147110875/140737488355328
5	16	0	27	20719051478657993906585600000000/8486105186741882193308245765509
5	17	0	31	1800551442437435340539449294921875/699244292841921653548332489900032
5	18	0	34	55933514261610644736000000000000/20880467999847912034355032910567
5	19	0	39	2266782203238619816300755605103828125/809330628441298336850879661150830592
5	20	0	43	88544674139405811712/30409297943115234375
5	21	0	48	76727720066314417553980270579961674828125/25215465800528516345023177885287234666496
5	22	0	52	7882828317206359098982400000000000/2503155504993241601315571986085849
5	23	0	60	2958987106866759997946103016828521722859375/904716785818481122446300007835278136836096
5	24	0	67	225340336564262804030996614527441635062579200000000000/66599165996650651600539084492300168276780056460420869
5	25	0	70	2513389023840427398681640625/715471624830517597200973824
5	26	0	71	62246234999289102932112762039213207276562500000/17069174130723235958610643029059314756044734431
5	27	0	76	88498328754473278886093101781016068453594970703125/23384026197294446691258957323460528314494920687616
5	28	0	83	18885152112820005314794093474549367570432000000000/4781853336583741771837630738320908723679154940019
5	29	0	88	921722770438286145151390022351525498683327322509139892578125/224926557714288095821988198848807559986861691989087576129536
5	30	0	96	4722199126352415430160486400/1104427674243920646305299201
5	31	0	102	83598693826430317069536295362751761105798938162051273916015625/18846201471259611220112019089120392781889515121262683846868992
5	32	0	109	48846797509562482034565611066743947340046241904145203200000/10555134955777783414078330085995832946127396083370199442517
5	33	0	118	164618267069480976324560251204773237791894188094480249326171875/34429177663359807425933736091395960931695595802573314067529728
5	34	0	125	6546050500990592285925700824250983295960693816336246400000/1320098337050768439846053591606451407855182784275339324563
5	35	0	127	16441410688643274560840365303428398805888848709375/3209472085476966517906208074647077176999499792384
5	36	0	133	7070135968644197620094466444384434602823154447651545560173772800000/1330877630632711998713399240963346255985889330161650994325137953641
5	37	0	137	568906827880401160993479790874799718103130042717559133946596329638671875/103610292726999568224729097022153712402102853711915233396063111827423232
5	38	0	143	472279215110406712371434478864856760606976052677312491954816614400000000000000/82954730357531391609406668887167996640190555574156126436720415102012341120283
5	39	0	150	204262296028942560536806997770033776956682003850167477988165878683225665611328125/34406275405022243961777201869496533980575304132150921272197037643823712028327936
5	40	0	157	28550440369192862496722140407101444954521600000000/4638397686588101979328150167890591454318967698009
5	41	0	166	52859189593161962099965160018839372531287403241707488756635457640955839793652290390625/8235692749491624165296382687362093534251079890517556136196084488855857884838416613376
5	42	0	172	25804287798026259223581799842988990623333851664839846888357000820817920000000000/3877924263464448622666648186154330754898344901344205917642325627886496385062863
5	43	0	181	10831838864585461264086589795536156052960539912327995451418438106659488836867996875/1561166420768719997047700682727403037165486162946906931206363191073648113465950208
5	44	0	188	196967246438894773548739163711849461279505739335411904420111121530224640000000000/27492596703964827506775644239221895731006665580707234238573173859460696305424849
5	45	0	196	398710086462051799224573680150830459714508449821713704729227/53687091200000000000000000000000000000000000000000000000000
5	46	0	201	50699571964928137923928787621877069486656299397257384237473234846215920850724454400000000000/6611625812038349423743965753648774636591722033900546585056084905090797139097655234690147979
5	47	0	208	1456687783337847783561806120978558370130138730757614127188856549075390725087228577327915785435296875/183262555774083498352742849203769298193870710889334058022115757350611166544229378290988721744379904
5	48	0	212	471348243043034608008054334445434074838247047979448146649025438892343047394727923142990233600000000000/57432173890752891035333258403287482614614733511041032694156163395150727417697882505331337171564138743
5	49	0	217	1893635835823595829721509122789292769834063177497086716409082969132662689595665756093935834765315671875/222599450013968380565378862618044075296825121947016533575149043638659260422843194930863387625585115136
5	50	0	223	1522416759012136026285588741302490234375000000000000000000/171871947701161912897410416779483616222663749691203457641
5	51	0	231	22672013216499032257937624669025557178199279891713631630213253651195292303809419339166039451416015625/2469501133801264415832241290319411415804889043284161832797419378909158609110061317913630593257570304
5	52	0	241	24328595726787668252533167742521675949925713160233543352031222919100043314502227323781120000000/2541962897244653703774011538095299442732212127861460502250868822295876595901642134363481700353
5	53	0	251	11118284307576176568573836133840619462088074378139353757104297818477692722117562424045184085953306540947265625/1120846310832495022432253083892747739817626540784974309571579396811961452366184724151911271274197148097314816
5	54	0	260	3124804749974563021458207688479159323296007197499139720013864914045884437256300581428779061218240102400000/302182066535432255614734701333399524449282910532282724655138380663835618264136459996754463358299552427939
5	55	0	270	45222662444438106184086073589730237517885379127858568697346875/4236328118928209518861776962427540794908421685137515053318144
5	56	0	278	88920785962458314967452375478310953207205984087914948599126096005424024472643877307857224918530337328332800000/8037480562545943774063961638435258139453693382991023311670379647429452389091570630196571368048020948560431661
5	57	0	283	6677604397554793737108045659807361968805236781435785963694045006979464807942381051076611793590344844435544640636591676941044921875/584697849352631917456849283475942033901288555550210863190516512906165258041169586626879219734430506007151885131194512419852386304
5	58	0	290	18519806689874351483228114099455422059337359039372636919105357439461718368052646673762337996641075200000/1564712433486729620369944140388471818882996767568979856878336836344004714930426159313238123268255598107
5	59	0	292	6925346526671742529113006890980340374439239009249058274197244727180490191562206065029344295421162954619245935293395653175177041015625/566812870992994453532601352946700445707293039421532340540691744932078853397341226634766323052523545674103631020471004339849494790144
5	60	0	297	32272211494892287071808518719977835835569123745709367799183457679510077440/2548695193599893953298576885506358200517242640053505238664682529949236493
5	61	0	306	349072875573663717693985092317208149070658186279572790972091930744153921353494398691325836478898792782039524865692023287109375/26507775429499944116746904108928332309248397405278178896877836750874313315088819193917342564902886458944444423599577477677056
5	62	0	316	245766039034554749945550570991862635988850414495339793454207149295607781656037103209082495335650007647017366454272000000000000/18009298639631206721818107349633384063800675083458421631042231381735479743718716053094714031970888850705231953880654234495563
5	63	0	329	159509913043381865707615480590722472922213213596424942175279659251602227536306655028743018055738522990755914544262842592495218256168203125/11213621661223258734921855104076604761484395296991962906026517284436053395611701220673967637539656384911494442562271715629090333674962944
5	64	0	338	1007744737111076489429025920711961220622957080524418288884449976077441044348680907265960956822894025088606214823461519360000000000/68364362809469675468001983203872389125010511376554971772409627832360742272548591411858142288322350072070935397997291729815672861
5	65	0	347	48656497183475527328947949096023681573121145512222658413961966973767969511817330524979889/3166679274058229581505611513854000137163313908371324259848968189121623973865719488053248
5	66	0	355	4361480780218127745093771296054669049697059923814859197578328680289038877601213044156628725352579294096320936557021610639360000000000/275006373483461607657434076627252658495183350017755660813753981774508905998081919405140568848353397233796618192645698819765129996471
5	67	0	365	717979452020296424506564375694230292561576268388847667034661185796987322094144292518883932341081719002433779841023755814372169034876398659375/43686723351997926037159345078710455079984375612324682293462356338539231301973251727593167750018102882611504259752852819092607420545338703872
5	68	0	369	4634577397594797588165456400238996529077940602154514285083131604404399384306093131561787596091082521887078015067886014183945850133948661760000000000/273209401787099335187080362803222539235752710251588581917750543303711368342945896964633809985514243165197995808643432668556302187302478307656505633
5	69	0	375	1301613336900435373377955923384699548846294062985331035548429961938775559179937928643502034378116426586375260794933924592995770096397448415033806212353125/74045226334421686002882244868126659275048807607830120876476982977876131778506897718553922027501248390137412714203285677805129011576438689903030390751232
5	70	0	378	189652816586873722496798771965478888445558332269197570015251369797019489071955521306624/10452609702051739817482275284904699845183839550244453420191348413936793804168701171875
5	71	0	388	1851556423629517819582451541936888074641513124473422908861153989438288672549019529667004408455866086863734058886918844154954345116564074276288588307071928796875/98476543492538051497860821647316488309010971632000758961397971160093464776037800287311731200944215434747022196112525504837099511939670658522362274789325799424
5	72	0	398	431503261930295642061886832106825497339823132789177805939458419991036442580429230106387482646749691782880375960357967501662795857920000000000/22085109566599677708726004489816475457635367288881149656397222415744677312381544408787053887804978840281897206861534692648961305812405718379
5	73	0	412	17991235270748614556966240855437291782461807111469272391989107904734627184016829380841717300369352453043697290656690587732100532697635344606948350687674560546875/888653858520947087958230519961269025883757392573078816925463444509456360390481607822224389025601821853873721189337936307099656007629359937144994012505441304576
5	74	0	423	17252816461914475905079918269350624401995220809100952310535871178453179592386339988499224851616357475194907594687553418067194026351434306407628800000000/817598737071050959409276229318696698168591900537987468276932073768901912096673342793217657607316423968313726492566673678273923566086786121551339775919
5	75	0	429	100297715493561139880672411337109107068913984292730682397322978095625944927604678014176897704601287841796875/4586997231980143023221641790604173881593129978336562247475177678773845752176969616140037106220251373109248
5	76	0	438	9359494801604241757342189359083470438017494168053009497161638653197650313687201520873682517093431267266966327586191005550740148535371287756800000/410674437175765127973978082146264947899391086876012309414440570235106991532497229781400618467066824164751453321793982128440538198297087323698003
5	77	0	447	432655708261707975552872526477694097582765895530001866866855702878574272618853239175253506717679521364919098792420549998543758590698494708559357584372924607933330078125/18393558632602153701695455097623495404356438303089513621404280208860769643478756734170817016495350319587779633370303595048079830655372327948030834466814992405235761152
5	78	0	456	46817207856762521732142681773248484034490560649406483898641472528024693710388108600378878732003514529502552071836369146149113767347751647130716831924774502400000/1920797877785042297826876342398329981366626138903106707239638623062073160162030496354441554187075110650838449453108757445590084411555537438824653742747212640587
5	79	0	460	1334058429415132423668854397890952141514073220161360768914782090718746180506480691893629603537520740514942011142286927446223939286151535794866343118473176526787109375/53030995752719022813928188825264463268354407013069337356161400010589624911227442476261683094289227089105556600131799977313576826807230618960003298107876170555981824
6	6	0	0	1617/1024
6	7	0	7	502091776327680/302875106592253
6	8	0	9	172132646400/96889010407
6	9	0	10	120083611648/64072265625
6	10	0	12	71383744072265625/36028797018963968
6	11	0	14	1713642398615347200000/827240261886336764177
6	12	0	16	93389296/43046721
6	13	0	19	4458746874413410653634560/1978419655660313589123979
6	14	0	22	15003895057223903163333/6400000000000000000000
6	15	0	24	195911407470703125/79792266297612001
6	16	0	27	3517725046722455811391488000/1368136008944615865031586047
6	17	0	31	14509548581199366317168651550204375/5345399807961065480794888425105152
6	18	0	34	24860827578125/8796093022208
6	19	0	39	672476989134224285160165244400584797/227373675443232059478759765625000000
6	20	0	43	427386575000000000000000000000000/138891318322623552437483049377319
6	21	0	48	32855770650557038856026355/10210104713839681262510208
6	22	0	52	4198917068418035110226447671875/1259966282563754447206426345472
6	23	0	60	4552934346895530701044068365295983279365604595/1314655310418540100895656045942280256759536128
6	24	0	67	5542120933332332007382843392/1545990979731082916259765625
6	25	0	70	1041428476393415980538748044637031853199005126953125/279661348957769497945876775388107812963036928917504
6	26	0	71	345078575768136874917285386125700542729171875/89202980794122492566142873090593446023921664
6	27	0	76	93285737920841822954056190812500000/23225154419887808141001767796309131
6	28	0	83	2869562839081391597781517716311858807040000/684326450885775034048946719925754910487329
6	29	0	88	3524976943980606104917757499166994606108965401699088/809820365613069015787065184611193835735321044921875
6	30	0	96	4212878667749464511871337890625/927251225780350805972462075904
6	31	0	102	12094301620138714034758609953182234512254859052556661605700000/2564897794254001369621034210896987405908957248258958464531631
6	32	0	109	19261636834355708399637313470028219775925042020352/3914144333903073791808962606796280957916632792441
6	33	0	118	282618066428970566117306678790486028580953125/55567484320697145527680135021744639468356554
6	34	0	125	60832426582475047879303154326499550126983543411820629013333/11529215046068469760000000000000000000000000000000000000000
6	35	0	127	752874528995301144131425766966112421395096450681785427150316536426544189453125/138078152790773981563107207283589696477158597683992871227939778205947483688964
6	36	0	133	104985904447498683126908480403456/18562115921017574302453163671207
6	37	0	137	212719277149384922894462511305705133749121257857870908117365717999941678359375/36372529004214259589901254737394730864860069969814286663580945636907825496064
6	38	0	143	28502518075833766433571440302665410982366405195793061373880638671875/4699148839472733401448766468714442745139179486110238166689622523904
6	39	0	150	9055781547604759322134991264208896291238879109745827/1431413987131110391616821289062500000000000000000000
6	40	0	157	695093702430608588800000000000000000000000000000000000000000000000/105946528365919457400685891121506425202604269014076427127123541827
6	41	0	166	111297732538838725872664592772742056561001884636107559650619495553244037813058948850625/16265193249945990715845213153779854102593147613087608257190876950346843333854706532352
6	42	0	172	4252476325900313938624546077827115570643468718003125/599307015158003377895898511715720805747660838404096
6	43	0	181	106665953441913813763744813956094519466725185099892233159003555977184138693234070019655/14414038540728311483872388966893169269018022683977834424473052176428929544578583232512
6	44	0	188	19293070114294223746007558593827842271943966315726074189059563978752/2524354896707237777317531408904915934954260592348873615264892578125
6	45	0	196	37629250352547909430502440656295221487681601502117700874805450439453125/4748811058095815183336320578484727046137319951785432705041071723249664
6	46	0	201	8237003525119018481592799844274272733307780388930715770254205069149912462182486138609375/1006562862035300917407584784934973020223167472159438552256329430811666552626276544282624
6	47	0	208	6933788592368673108852183565182334624472038839533054659348986257667238091703360657872651475268970475/817280205487579372704794839501610645290295492731669585093369987749857260462729745546815012272603136
6	48	0	212	131444167178092676144381451912644875295857496293376000000/15002879444485811701274816762248124088252046448592464811
6	49	0	217	307596425718165339452286401965181097416956224393421264447313691650314002750484467175872005296934308779/33865674015148003810183157956202880651037308734547689461708068847656250000000000000000000000000000000
6	50	0	223	3035318952839277812073683176155984665989340872023494188880476940539665520191192626953125/320856885316355590453926624873593211539483756403330885118835454303235774089322060316672
6	51	0	231	113376492400118457669664786429627604004274160368671374592114683160661716689453125/11561461436770250832617903367672151132141541524973434409349920344760521024985088
6	52	0	241	67409642013053172753002410443544596410577160668754250833888578554325237568742994739200/6593012181135818604873641088565793338718216041722729705516887554767627147075930273961
6	53	0	251	13118110980893272320084527538211829076198537522214807715244839486732795342526068090867277813694695138645046875/1237737744529130518997953336661604452144262801540230040187446807199070692409902940146706281915594966744838144
6	54	0	260	189837416447616275162586330062001688445505340747406462475005199296260161/17179869184000000000000000000000000000000000000000000000000000000000000
6	55	0	270	751174118625181553467755705294489772961112044639200095530146185778849557586334118042259433423168957233428955078125/65843040768376371397131973742061634678404656193462462969203750071742073971438146602570312647049387610607056166912
6	56	0	278	3445291503395002916112548841719973749277456190152726566759916948180304773957249826903358963712/291356705504951337929728147720395643095420439746452774779714363421177509357721128841316893761
6	57	0	283	363221198326436141131541829121544765751099598427616869829733074309001186628291599128125/29751681540994483125067029644377729817804952020953841768072160741335443419475135954944
6	58	0	290	59436179050301055545127556392860974242437516453370005831141960401460743584667146482607543244506860026002661779/4697085165547666455778961193578674054751365097816639741414581943064418050229216886927397996769537406063869952
6	59	0	292	4462767362697648979634695787756157782833890490506503280753931718224622211797060523973753189900185249682031755700747219747708731011/341611322870202680236686842406793896585017324059714769303229337239249647148101738764580659335479140281677246093750000000000000000
6	60	0	297	5487407172946517136551847215741872787475585937500000000000000000000/405265062229627490533592012124531049044560130453775155955812256931
6	61	0	306	13449841404104066277995870471886378083315654864915956212888900283764971780693704555444948998690350441086645168051366082592099201339375/954930230631028671249680749719662001775697246249086314581547681227392311384473418162370325404781062195432071333476422521510594347008
6	62	0	316	4231253258830887645274462989677188759268938799144992595239961427203147179029357124006835249944097686435368515625/289865326083392341974405251100418428308178089117704616105200014679408804571959455534983849144468780886882516992
6	63	0	329	297496686661758306211586413155881059234082457843265081745058306766012925192769920697278994090390139692675/19550170567565524481273160123836234329456977953664155568399714717645509536951921371528822038180002791424
6	64	0	338	52140819777629003332088455578105639946705411622569979367039049566955358126490920616509425767350796288/3306167426516878340749183811273371104995798421474877129490506366682467387363431043922901153564453125
6	65	0	347	310692908423395219069860804276338391441354920054404024209926126479087657983358155325281799410785994893478834111277819829410873353481292724609375/18898294084848467228164200486240130409053904989599705320223073579380732763560001321183784279784227593114453456844990466335312507776504646598656
6	66	0	355	72933163236740837238327923971981049043233274097209981691048412823758945215625/4297560409899839279719193675275934213848485563656427390281028432620425314304
6	67	0	365	25461899421028872947775839139844005986223534859478605773226930059498510466723959993873314685895090532846708542258339504409864671723027402789733302281/1447700179873772008911998857046315354094099065990995939446092173413987129053267984951842298759505165428623017189731810951745093565738675988307378176
6	68	0	369	52463384091113051049401788754782678297208206934935630825809559575260626376420839388491797273185894032583600635482610021171200000/2889711142412332385078661542654618199717335023116342455895340372260275400906071221125493296684776285712635115952455373960004689
6	69	0	375	28989352514412187324153656051661696093233488985054853375867535592930409466409035534229161068473824809288556540831093229/1540743955509788682444782354067941854830481318572310556191951036453247070312500000000000000000000000000000000000000000
6	70	0	378	41397883194926525245089769092878420455285090344404819351469725514562171547135672152093629580057640958423714749869759543798863887786865234375/2131496780732001943022484652631038237653223300385599301286506249258019024409638156547823309675560824684063694826459248839853506565486149632
6	71	0	388	59953171928831639355478987804630286465644303169113007431660732013071869736980907438254676152936857523160552628961151363276030704782689787968616884365/2978620925703653416198139952563369244659110653725489429093677990767174616347320717224892767805195609907000784019605796612147417986713901348922851328
6	72	0	398	16148256752385386174435892985512673071473795156894687837109974056824317668502588620800000/771936328432730777189183517369830159827426282764863750131729657829597399846468418688729
6	73	0	412	2378871368234039175986351723319957183992186728493187922231992071501561269851650458151412342674384870469089103015219246130342343380465745437095656142532074609375/109736244905345834344133277623562458749290165849410655684601897751590411696471212427870847813535926602111812361045707829615328982685826284056552660079877292032
6	74	0	423	7436560428343138266496169348505930837294959785639099857879686838327915859286215552403307160318140104579070721546806714759140300457885991006917/329100911464241208430993836511470100996547173126715972669721804800000000000000000000000000000000000000000000000000000000000000000000000000000
6	75	0	429	34253255958296798298708874058583137914783970795855622632610991491812088321243645193565907636212841680389828979969024658203125/1462799464949743963337210860010232712686652786973823993242875079958573060980290396194717091505695023293956760388920967954432
6	76	0	438	43232933427833492771985313800486060149922506308468471676379719377964911350509030690593522249374312557017916501810739267496335347023872/1771235267718541391040828135430098886823890396124032754898479632170749701284600258808173946681061091421698883952101827205857065156881
6	77	0	447	6495035453896876074836285785914199799390689210348196525364421650721856404882608972973945740720406164002039487433284426461674833067457283621633591365857408195147871409375/257805127103530049598222680013653921093310895388987394387265447528439862526727845087405428111778108316904137980639099961250184749047201180857984015738227358952467726336
6	78	0	456	4799606270070260943843500972800175274169254323881288384876012634136002040311450273786707606035460850261109/183840191778942172781192494789995973967539900238257128926686254314638410113046928761123793320558347681792
6	79	0	460	12024581459748648422063798508950224988237011413095076832569744569762136974893450563735002671570453476424696101704139218085856212267295536349309600890814146223326699551659769343616623/446226532636851047730636732051972098665172219892552171494577158810259243424943573361956416840253923077890366747893269305791363876778632402420043945312500000000000000000000000000000
7	7	0	7	5617755/3294172
7	8	0	9	1188565086765056/648731689453125
7	9	0	10	34893890077921875/18014398509481984
7	10	0	12	1697164620401250000000/827240261886336764177
7	11	0	14	18875417689253125/8784688302705024
7	12	0	16	4458746874413410653634560/1978419655660313589123979
7	13	0	19	15003895057223903163333/6400000000000000000000
7	14	0	22	945950720/387420489
7	15	0	24	55954895079928965717315673828125/21851384151310051673385390309376
7	16	0	27	56049445811097070496416530432000/20880467999847912034355032910567
7	17	0	31	10330120504246634999484698642508824375/3641987827985842515828958475178737664
7	18	0	34	3360445954984227766747722153984/1136868377216160297393798828125
7	19	0	39	78054970378622316054643486258508453529375/25215465800528516345023177885287234666496
7	20	0	43	20506724037169302732800000000000000000000000000/6362685441135942358474828762538534230890216321
7	21	0	48	497724311092585912335/147573952589676412928
7	22	0	52	8974045612189372189960766199749935104000000/2567686153161211134561828214731016126483469
7	23	0	60	269058891787464224385513359183280592698899911/74037208411275264000000000000000000000000000
7	24	0	67	1666333157374649761217057053396525621120582916505600000000/442730417016973650275195510282352228441637008287131137031
7	25	0	70	2997356212963896996104296022167545743286609649658203125/766247770432944429179173513575154591809369561091801088
7	26	0	71	58331289383106819159144159625208104532970136000000/14345560009751225315512892214962726171037464820057
7	27	0	76	3103546467035048775502018682621439010109855583984375/734789931585538500713378156331897222163621369348096
7	28	0	83	20541883179287042850816/4656612873077392578125
7	29	0	88	9324049457850972937344072273309908212148294426339849326323828125/2035389758896038011772098061625002420444067633096369855461851136
7	30	0	96	50488754363462313032155521556587409973144531250000000000000/10555134955777783414078330085995832946127396083370199442517
7	31	0	102	946507974636343470401532057322189905594380064874826295310039746875/190594547985349993940058860855703759098971240926201714597521522688
7	32	0	109	9885760663944257104145089668417586934932431300027087847424/1906808709073332190888744076764874255790819577286601246591
7	33	0	118	1327069099382225124547354897294117675528728379030480550218789179/247588007857076054979824844800000000000000000000000000000000000
7	34	0	125	7402665792648126741154533420847420067311954125686727300178348339200/1330877630632711998713399240963346255985889330161650994325137953641
7	35	0	127	34570175223734622704796493053436279296875/6012627188715669104310078894022984728576
7	36	0	133	103467645754703093505262260837698178832837694008544550873702176321961984/17343773367030267519903781288812032158308062539012091953077767198995507
7	37	0	137	1698552647502331250535295459851177747810731792083490093107031962628113279589859375/275250203240177951694217614955972271844602433057207370177576301150589696226623488
7	38	0	143	11666530480685222065271568095822808341785873572491139040350487781979925250048/1822434388128440382451809339298720722823231013116936082951724529266357421875
7	39	0	150	6875397903661365125545282494128093235787293051336769152278800909737244829333448159375/1029461593686453020662047835920261691781384986314694517024510561106982235604802076672
7	40	0	157	4758996942092439912061171676259706470400000000000000000000000000000000000000000000000/686962649499936680159528726232681230237977104238422045692585058003209175124730991861
7	41	0	166	5483161193628942909309520140062911139067735289344569834958792291302957267759259399925/758726880493597918565182531805517876062426275192196768566292510861792983144451801088
7	42	0	172	802072213646485745261555621874892800000/107006904423598033356356300384937784807
7	43	0	181	4551083047912404455520780293893797100047868096692388444392113923214765083506325730676742251/582076609134674072265625000000000000000000000000000000000000000000000000000000000000000000
7	44	0	188	76251152748427474556589506593999110248391061256635688867630591754937303040000000/9440992459446163773799739449553953518454030390172039020806394872557188440107577
7	45	0	196	767434420693402856982968408339953523593353272666323925528947964169645956644671969115734100341796875/91631277887041749176371424601884649096935355444667029011057878675305583272114689145494360872189952
7	46	0	201	5465252728381221380776077963116583435063580586756115108739758427314385127460204016303459931258880000000/631753912798281801388665842436162308760762068621451359635717797346658001594676707558644708887205526173
7	47	0	208	577772803173732131266896091182963365845749613785329858355896117342223409619999652856147554934705405/64409563082745480487667494970498864379868380193002469205772292719519461927906017051754452437958656
7	48	0	212	733681246408696955800169750981956563025097705275862280166181838505815197102961647786935254878502518784/79188490156772360177752860959007846366300523665975793994568029643250639537654933519661426544189453125
7	49	0	217	493988983201563599422522788515411074808455447115587205073374475/51422017416287688817342786954917203280710495801049370729644032
7	50	0	223	686869046645764678307276477556563313783821733693457645131275057792663574218750000000000000000000/68632998225605650001898311528573084953769727452259433560773458201988668089344337627814005909531
7	51	0	231	2584375642648527886902652735846134312949223432073029512059519886615722819057965913521047322542261647740859375/249076957962776671651611796420610608848361453507772068793684310402658100525818827589313615838710477354958848
7	52	0	241	3269481422347023747538077140507102760650098448877310997687128509824448871800154507050376560805000563916800/302182066535432255614734701333399524449282910532282724655138380663835618264136459996754463358299552427939
7	53	0	251	1862491235998229187031046744846518136784477012090396158663816466240490151689319432999368147763105284781331708323/166042761069784669110042065493850552034646980894643978240000000000000000000000000000000000000000000000000000000
7	54	0	260	94009079995538561810087333174534382822261920618335275420816176734372634805318195821804540051954237540180951040/8037480562545943774063961638435258139453693382991023311670379647429452389091570630196571368048020948560431661
7	55	0	270	4254013624973264792015975635338241741997665238126784407655056819569164271862930781775702371305669657886028289794921875/352228644002791436211460972038840483324963311783355754818019394236265568272996896645320403618837170624214982182567936
7	56	0	278	10287245547586305706031488951285703524525304569114132480/821678234986022501332043817791314604358242170799200323
7	57	0	283	221652805990240835125684887456525611894838833989655443660271519499589351458133167113626706222033953411863438421980941300308790894953125/17146089347538082219361190926637688482645614442501353301355925284195385315269572105701681272338837256641634838369247881280447217401856
7	58	0	290	92573940144259854159790942256124292417799468627427162423018577052072374254279319267429184904777516024069610272668516352/6908252164760920851405538694468286082230378724259454186289117297729987129104901877330036086277686990797519683837890625
7	59	0	292	325830384308680642327593159084096302421273320609871197438132583153269913032421982446954694139131413585280456485822854349731359375/23549001384795738131567833785086162671905501229453785514389988379131940417828684367696080769016135421603438398913894322549030912
7	60	0	297	3188846148047167168022711503613615645023728099933404402423955456000000000000000000000000000000000000000000000000000000000000/222337020242360576812569226538683753874082408437758291741262115823894811650848346334502642370010973465496690788650052277723
7	61	0	306	83662327696491416412176520976217831347265730181335041214205537114855774639983176343014233844529806783437784624104670155869036440644970625/5606810830611629367460927552038302380742197648495981453013258642218026697805850610336983818769828192455747221281135857814545166837481472
7	62	0	316	9516079516941172896913933841695164385710796456807740091861693179292415278740510508426679497455993387377661005488589813841920000000/615279265285227079212017848834851502125094602388994745951686650491246680452937322706723280594901150648638418581975625568341055749
7	63	0	329	886454666953059608056183495261094185023091646685511997952542952022696820769462459/54975581388800000000000000000000000000000000000000000000000000000000000000000000
7	64	0	338	124095684319590323911491101426025283631263346847062116523735846223843703047354364394537630308861774955333960317943754911452758016000000/7425172084053463406750720068935821779369950450479402841971357507911740461948211823938795358905541725312508691201433868133658509904717
7	65	0	347	2643033117673914214347637843453523171343906716284988560210681024088586456160619208904731750343886607923504783457246958278119564056396484375/151690011638881687629025503745522413472167970876127369074522070619927886465184901831920721354229523897956612013030738955182664654671314944
7	66	0	355	189473424414031200496836971277028798371738622930075533085826498842577682293268510868998132364762584651967966223296015937962683609907200000/10533405146807286720373659460502060785759379112212598116064998418834781689316645387966435364502141349866164216580595609788325190062013833
7	67	0	365	345114694582477756466497875545366063491125158660429727304825035610438109551183652787336030813322728350293784787713211784282612333355539552444459644593985/18511306583605421500720561217031664818762201901957530219119245744469032944626724429638480506875312097534353178550821419451282252894109672475757597687808
7	68	0	369	1301693643090022748944744093413653217584249627264504822557043311177915026373818152827795690683047745733444793567315367612549198664196685824/67632467240767758659762732509581284424713720946002075708900364562130761749604370787966947992293255398355000806986936368048191070556640625
7	69	0	375	122774536084180065078855909064875542523116275534896297010952217290001538659377404466993314911805275637701254964003376028014892245585345831101767710605470236275/6154783968283628218616301352957280519313185727000047435087373197505841548502362517956983200059013464671688887257032844052318719496229416157647642174332862464
7	70	0	378	7472868948229567788234925028518773615360260009765625000000000000000000000000000000000000000/362886593255124255194791477358808981270609809471944990809879058292055075790399576845456361
7	71	0	388	28875288042985958550135380188671186170140616668965409141256872020475915996829090864896424787462446782417642909640690359521578836799924217360406706444634572845/1352921149836912975472175810003780006386965559575822124663738552801077044510558717125917617724747048608312540039099633020180167871926824178797133644710281216
7	72	0	398	18138415472220560141793112543703221894714841511236789980265127178249026989904604383282687533654243699238130105069107351266007728424279010754061926400000/817598737071050959409276229318696698168591900537987468276932073768901912096673342793217657607316423968313726492566673678273923566086786121551339775919
7	73	0	412	2411910143046087179194165636501673162463722956265177607418990914273497463542506068219845085496549318758201367730654878135117490499405113565405316937640913272617/104904120180189369829650942968470020958689969308815534147597870125900831401081258901504000000000000000000000000000000000000000000000000000000000000000000000000
7	74	0	423	797268099167301819804595405240178465774596251687446069106944606375603015517184928894343950096704501132478369416253209546372717243866982635274240000/33264629411236975365892224653847460779850678036956997062569686189043666314132275612293450095832412757344867719065312552403683594062064073219538243
7	75	0	429	114217505877537151431596645842288538845394237783767182838977393203334501554139158660038735832992524105015854540252554044125967054601478167796813067980110645294189453125/4598389658150538425423863774405873851089109575772378405351070052215192410869689183542704254123837579896944908342575898762019957663843081987007708616703748101308940288
7	76	0	438	49734689808197269456492172483818111140627029995980021335853495013169574965349794894813917006115836078848227575603840909159718528290350235941282411190968272289792/1920797877785042297826876342398329981366626138903106707239638623062073160162030496354441554187075110650838449453108757445590084411555537438824653742747212640587
7	77	0	447	22477510805779704683706758168181741890575848982676716876791462939857430895928242464621875/840987221884558487834659180201583257033385988411167452990072842049923846092011283152896
7	78	0	456	110950911887980358186763407880644930322030334886506801803656568428098680747851888544273877093416131087094291546511420845013515853080280676137001982226511506572312576/4005610133138155979780279882393837955049934408327708410348133604287544311726202545432460604222369617224763110295613258268927758809496708636288531124591827392578125
7	79	0	460	53912644671121188873984139966850304098220942678684714063867681046634363068782849327521734406229119735271210863130671441172539697670334051106028977703416214732196867701274782076527342734375/1885605436292204194461963542011388026473032246846068821090191701796159717270527048988061616065041866879407602793110371873430517917765395090089046817249298197840726873183123127813504237568
8	8	0	9	7882875/4194304
8	9	0	10	1646886150733824000000/827240261886336764177
8	10	0	12	3913910000000000/1853020188851841
8	11	0	14	4383174793919201280000000/1978419655660313589123979
8	12	0	16	443829395278269/190734863281250
8	13	0	19	2620603028985610240/1081306644173836227
8	14	0	22	18700179255348273446400/7400249944258160101211
8	15	0	24	2408883745479750000000000000000/907846434775996175406740561329
8	16	0	27	1142068133888000/410216697993249
8	17	0	31	418408263016980175536339869457408/142108547152020037174224853515625
8	18	0	34	281687796114502288896000000000/91733330193268616658399616009
8	19	0	39	52851596379264509292309555917645440000/16423203268260658146231467800709255289
8	20	0	43	5575682067871093750000000000/1662963979373286731982803403
8	21	0	48	9014673498239739717565837259109002240947200/2567686153161211134561828214731016126483469
8	22	0	52	28020133058864223378669568/7697353541851043701171875
8	23	0	60	64643897682083407720633271728977694257679996800/17069174130723235958610643029059314756044734431
8	24	0	67	3755249053140788685745480546875/956922067091570162827035410432
8	25	0	70	53753320338500998332165181636810302734375000000/13173149687558517277789616359010767833826873113
8	26	0	71	23234359961979544747517192197902235940578125/5474611607086200272391573759406039283898632
8	27	0	76	7258200972309723430803155718411502010996097024/1645725480085493097164182664453983306884765625
8	28	0	83	7874340050007134822844045819144078125/1708820824742052933164763809167939584
8	29	0	88	80557899618250955492687953176505953121687913394061098188800000000/16828294428100502986083605457695134370168668505827026485792030991
8	30	0	96	156574756788684908626295391074381768703460693359375/31313154671224590334471700854370247663333062339528
8	31	0	102	34526848850141533678345577485876068356258627180859594565124096000000/6648630862487841848282027173344910099817913621088335132920653226991
8	32	0	109	49323260660303236939483447296/9094947017729282379150390625
8	33	0	118	7464196350088366973927864919230555853600065755430226752833536000000/1330877630632711998713399240963346255985889330161650994325137953641
8	34	0	125	3229565021753555400389723684884154231783091822589745/554738293661590081185589628997431950200555635579136
8	35	0	127	2707906838297981702432169628443546766067458562164753675460815429687500000000000000/449852814004179463082363593953356688967702667836018756060233416613376925750267707
8	36	0	133	1482442315249246488195191892036273053583118194237/237288845833278334204061186968240366371943743488
8	37	0	137	20272829712042593557587487969193593599149819365795147669378300375499669/3136014468125596703537293367566698695041966857388615608215332031250000
8	38	0	143	4662679281291029676075338593695074006526003108764069119353289843750000/695115172608797560005900131648203655754286609001355438381057557926947
8	39	0	150	434304258208663503610891914732380707222506869188252704440773072755558717155465625/62046788215431177962666370978469292078373518421507294682277210046183942161005808
8	40	0	157	29577302618329071037805988453328609466552734375/4072806498390771457443562689481216988805070848
8	41	0	166	238081616214398908850631572048718709892480188363070740433955786966088375327750725/31420110518816945722029307701967880835436189235093981986940770125097938634771256
8	42	0	172	19843236216298302618226968026735135705441129652907580660569704771168/2524354896707237777317531408904915934954260592348873615264892578125
8	43	0	181	16724359206919952191749694644307824945771073624634424976990068436682250764124187175/2039254371240371375140743721103653959986070564277160428494181292472352703063236632
8	44	0	188	2281694171259596310087162340522827372928780071134792531953125/269280123787111923791670293744165807855097646361556770818592
8	45	0	196	13699349290351052197346059015272374290476984075270213376973003249759130994789302349090576171875/1558838282561453576478566817286702433186141000235881014048328376292910118985614291280393623872
8	46	0	201	9680797628977252792798725326149687339982289414941218908474234891873054173393921875/1066283159315202521855088332814065070345707891719238149845426980158346651324585961
8	47	0	208	4181353714673138936639002601917651398552281324613185850067743934911491737130045318291769090691269/444081323345456173315065786264218911124957079982786874865041681914590299129486083984375000000000
8	48	0	212	535683247668600706943726790467858285922877440000000/55073850579930935042190175101544133866839417641767
8	49	0	217	17013589663399691762420943503214568885893736856281517575121606984207307857290289254751669653891451575/1686724564392484454446652904126212135823844821866727839189568508772073506963726441541157009232633856
8	50	0	223	36330388156521795042454219028585053976538104947963635227292655827113776467740535736083984375/3456637170423336064711991539041982657969896052082726511846037942314009701686145331474464768
8	51	0	231	3293277534772730416992546831527251581488351565265292001489357337565190982791722937527050002324381682500000/302182066535432255614734701333399524449282910532282724655138380663835618264136459996754463358299552427939
8	52	0	241	18763537748653586537648238408372447200269988119039928210977258055940043/1650850869650487060831673443317413330078125000000000000000000000000000
8	53	0	251	852494654320374036463613353738331341735051212691595706476149535299011225969889161435981229903806721459041500000/72337325062913493966575654745917323255083240446919209805033416826865071501824135671769142312432188537043884949
8	54	0	260	1877392356988686435722363250858266631017235751932882776149201872763590902500168482554573040871174185/152754824415779927060501311112030790927211791513788232383706884169362314026140895197956351596167168
8	55	0	270	49439967118374597067331540958454146703481199007600472475267017191669083331362344324588775634765625000/3895285741037938901495059842454662354583490403438500888433597773756857746867392257600399737852183321
8	56	0	278	11352277119661923787710328418811389696809234172734286788755468360973089/862718293348820473429344482784628181556388621521298319395315527974912
8	57	0	283	779149667798523936880609446455611958348330261567959884142012777725130006306583968180463215765843050202549946166202197352644504/57338326287418052407891163123698926733935402903089332005852092126949251077714830420080371897739723863196559250354766845703125
8	58	0	290	15317103843301516361052750934150896635332069295652377491584669413224961005321992224642863560716636795/1087275268621083968937833781056926687802092200238540333228871438092996993624761800117493169039343616
8	59	0	292	693325171269756030359991967286292312649918679085872469430284994611664959933935994152143366606260694215506977245665797471946475703125/47659914864026762044056886135867752693327719974502825566128488675702484887181614220964438109978740229784562746658032706844203507963
8	60	0	297	60666493352244901893751352490895687229911421979307782799406556506482957047410309314727783203125/4022689488228264081604097100747486186303165782675370311455287568028327324253782475635186204672
8	61	0	306	2449925091117616895378489109402697851536957228111724428780450644633495729537734150760374020438669483860488326128233108992001875/156120841855111495651584401907719552914263395587340089042205004521305825090849933265562847853411187845988576769058107032305664
8	62	0	316	4460846230823938682349219142859475083963723179465765511181378214405777095145000821959296427452082428397/274226751025015957095100302042258492932771504270812208628460560078110574977472424507141113281250000000
8	63	0	329	152841994855603836931503716500813588180715531108059958263385437141317528850029451262073132703494587568924619200073303207970456119849597125/9011408846306069959718799822921815113570168013381817493545090474787107831745148335067646160022844120557047584936614258926063779724361728
8	64	0	338	80307850930785313185416296935923631351706847821409375060129480704000000/4567759074507740406477787437675267212178680251724974985372646979033929
8	65	0	347	50617227552147301439077694013936614431353614231653313337916902823586608486064098022974848071868169915345225806646567434654571115970611572265625/2761268958804649370025632585613852222622106677991859320537742945507025011164222688583073232192049342019315752391303655532350718623616554237952
8	66	0	355	8636744537392065054550987012361532184106013709637901295492408562561561470846816847429009467920890947020336659970079640625/456338939636457758016797855894162996049655649259598543568882919131809452006251163028875634020810533064957532517561503744
8	67	0	365	135771972736236106707455058495700505401234514155310315210193994193511516652941665763937615624370487339984673781548331397007753631798906700281/6920912094073626688547092529774279488048180248265592919156030082669346238763603829102777353909914381802082061767578125000000000000000000000
8	68	0	369	67515169139962956407475417860312128363972788002316403415544433829965351983688645410952081117474105532963144178046875/3333422974087893280420240982450405796937189737803349252903610003447830522319860566980751044615630497977119432245248
8	69	0	375	9183841016176306433729056570037902670769893201356397084889336871201998879524377278461304888761681143533412142563347453496631531051281776206461875/437457678373682619184983780569800246884825745271420833664347086504120722692000761463769422761917232442548866976756375005980207796052876289114112
8	70	0	378	13284990852090852381797017273588012811955849587321905652618754825240889357779640584823342870646190050365476054139435291290283203125/612938514707851694934108140381217440727202926438217363714194597380758611907569183610879947612009289470785543684390520183765860352
8	71	0	388	2465275641432183610914550888662075969731268324582940975845587568555461584527261807439404150654368225837725439759853827035171359151459485942957019415512540261305/109736244905345834344133277623562458749290165849410655684601897751590411696471212427870847813535926602111812361045707829615328982685826284056552660079877292032
8	72	0	398	420719328596273777212658405954705425183740443927782146622863404884191574382120673511925099043/18014398509481984000000000000000000000000000000000000000000000000000000000000000000000000000
8	73	0	412	6468517938227797660229908653739699146856689075152629812386346512381552263387710448809903138618689916192776741379115407837781728878831591730258867285720736328125/267233105516882457185773692756993678829000640920784545226275129603789653838768706585650619048341429046408024694325360376626158360687869728583595557641760508672
8	74	0	423	191970546252313415110975866689907318734708458689781882602333393514136862277967315379811957672552336905582468451797293756507766627585044125033125/7607397548372939807342704242428933612954614562841205841921753820295479454819127300014243038474405130234262851333976578310999154499345004363776
8	75	0	429	12860449905689706489283109299473831867344293537800091504352196034994621618389467435652989914119552285144693676311015656066154277947788386882166378200054168701171875/491724256712970828243680343653972475229856291559195317053347487503890729001479807066737037871891228326614643059995841906071061609358217584339111358143286435990272
8	76	0	438	50063092801795046071611062376575045722236641572462173186796990184657456931148837115945689132011621216736535/1836127926842814687189553532127167936026310438861733472741966924729648874955429358809663986698488951865344
8	77	0	447	923599558119280462845595611583990265485475455685787543142591163843964168465822903456858968723790580403902680007736543519615218514987604099160236865719077027056126641/32813958210667773786360052796570320527769062673020587297571910486323563001661051252182717269789651904305259399541663811739056200167397037148475646972656250000000000
8	78	0	456	301504370666365962075627639410733465732142418255668634311121087615987451653023554203410751621668977213726183410513489352035111877925009986274360024469865/10335631766893809049313929484653352792334711365550754717895080285583239573234954716732440804842522184839991626848187591879896776609874836599311309996032
8	79	0	460	13775307319140068118437831163309187890311086026149026667929095459311787712023280792276282542085085016090586001644502649689854981168569750196390659399581073508045853069234375/457445279467756387841516960763360552900989091110459667021216494614546538857027918831915999113723157903010960279712351469363229369944985786857003515523315177183624664899584
9	9	9	9	1116740625/536870912
9	10	9	12	912617294815544677734375/416509401191644966131364
9	11	9	12	79213198695353621938057025007/34359738368000000000000000000
9	12	9	16	3927476535840000/1628413597910449
9	13	9	17	2559371788277591420108716396621875/1017082607770067859706665439854592
9	14	9	22	54668895055474208557163545930500/20880467999847912034355032910567
9	15	9	24	428435410505390167236328125/154742504910672534362390528
9	16	9	27	1387377568638780703550271780236034048/477683670396800152957439422607421875
9	17	9	31	619246812756448903645725499355166741796875/201723726404228130760185423082297877331968
9	18	9	34	9456863015600000000000/2954312706550833698643
9	19	9	39	679593982723308612613833713514347263523859375/202656560023339771427971201755102302651285504
9	20	9	43	8970218990853120000000000000000000000000000/2567686153161211134561828214731016126483469
9	21	9	48	30677468176723489945303613007813939/8388608000000000000000000000000000
9	22	9	52	64718580184565951623001201605409727744000000000/17069174130723235958610643029059314756044734431
9	23	9	60	96702382470460103706484018645766885668099807108853634375/24519928653854221733733552434404946937899825954937634816
9	24	9	67	2461687002334912323178847820148899840000000000/602400691612421918536387328824478011400331731
9	25	9	70	418993190560717866401170272894205481861717998981475830078125/98621835174686415222275995347696059088312504446150286245888
9	26	9	71	5215852325839584324720499954393038271684014249/1175518200061066497974416188895702362060546875
9	27	9	76	11147205307479470947265625/2417851639229258349412352
9	28	9	83	50831089941771388028069887204779429718120082115133440000000/10555134955777783414078330085995832946127396083370199442517
9	29	9	88	5511278838907946421987374348217462751734724200772869635244140625/1101733685227513837629879554924670749814259065682346050160951296
9	30	9	96	145141870301317766373977065086364746093750000/27783742160348572763840067510872319734178277
9	31	9	102	214907418234399844387387426421043697760520362325270634653027063/39614081257132168796771975168000000000000000000000000000000000
9	32	9	109	7538397325515124805765532442880938672550990124785896897923514368000/1330877630632711998713399240963346255985889330161650994325137953641
9	33	9	118	13710342766196425742496796394844881403000999609375/2340697473662875566098893048494625528684862242816
9	34	9	125	105436121495735386261898892866240841014350374903070821605650451350125000/17343773367030267519903781288812032158308062539012091953077767198995507
9	35	9	127	43821101208662239582944865130038761247412189439006641421457288743113167583942413330078125/6971954485304728042862685151959551499625049605705533284767950480486220500552286063296512
9	36	9	133	7415083919904432638135982096384/1136868377216160297393798828125
9	37	9	137	7135331442430875997625026063013277755702795642037524564969983105637409314310089291015625/1054168671934927893157936983982347972384138225986247185433098814573549809259317326512128
9	38	9	143	27233610947914016023255803834841125586298377172114871535724674060032000000000000/3877924263464448622666648186154330754898344901344205917642325627886496385062863
9	39	9	150	98764982708377079655439151916598240678268730476846135728526162578125/13479973333575319897333507543509815336818572211270286240551805124608
9	40	9	157	29852964835012396376275581665280000000000000000000000000000000000000000000000000/3927513814852118215253663462745985104429523654386747748367596265637242329346407
9	41	9	166	1935901782660658094050352626567784926055939176558387969053542612030904052603659043326586102809/244140625000000000000000000000000000000000000000000000000000000000000000000000000000000000000
9	42	9	172	4656432326909187329773822187568925967224190535559938048000000000/566102392446495912472763130484190827147641176198176468019613233
9	43	9	181	12579550862779131576467117138993477429471989434981866120860203968185525327046409316792346023213108125/1466100446192667986821942793630154385550965687114672464176926058804889332353835026327909773955039232
9	44	9	188	215906720903309267717608301137185943171891141238416045242194741500275267044294787072000000000/24356848165022712132477606520104725518533453128685640844505130879576720609150223301256150373
9	45	9	196	22412778551419147987644464592449367046356201171875/2438174658672558131142721535103353889351624818688
9	46	9	201	66174093004199143541891064056735391099336174335224311176475460023498904245897413990391695104007995392/6968587133795967695642251764392690480234446082605869871521986608606056279313634149730205535888671875
9	47	9	208	37169706070947879514202053576267546719636811017336691215617371550742107194015755888287667487014644529375/3774722479412237078856717555740476887374675413193488743421846680261005681787451394304086170489285771264
9	48	9	210	78878361998198296576995999131903894929004867329065872012146114560000000000/7743820085285286748099054360419982914939625614185095706708354997723042739
9	49	9	215	673453515581164997652317141909128545026096606331223063980347365724801625245402756588366687922511345887451171875/63763701238470827942812619883676315865180532097989649611183183463080473734609619862864285654709882202869465088
9	50	9	223	3328091839083343925001149284212538576001861845967213799496464687877050891984254121780395507812500000000000/302182066535432255614734701333399524449282910532282724655138380663835618264136459996754463358299552427939
9	51	9	231	452364227640547399562203558005705394460830543006999469340615258052607821170357729/39614081257132168796771975168000000000000000000000000000000000000000000000000000
9	52	9	241	95705742386484003062657280113607579123572615617502136191179882559013798436652215740057989537923782515097600000/8037480562545943774063961638435258139453693382991023311670379647429452389091570630196571368048020948560431661
9	53	9	251	278302496839357888999245402368351746340505503696234585468695034081198061633865779306166207173117431864144819567141015625/22542633216178651917533502210485790932797651954134768308353241231120996369471801385300505831605578919949758859684347904
9	54	9	260	19066382293863482069700005029473048020764007424000/1481113296616977741464105532513750734030421355207
9	55	9	270	35150091083248130762501010253377733772159172423305364777636313904327650022352430938567258156268735547200776636600494384765625/2644223875160994395807661232131084159313618731857124877138595181097623164945245383300756841758861139390364848100093433217024
9	56	9	278	761566455943934442389421546658300933283635757725490275597084682085949354980268945355861753632695341159188322171486208/55266017318087366811244309555746288657843029794075633490312938381839897032839215018640288690221495926380157470703125
9	57	9	283	3943188097468246753584367801636137876266851295744099484785777267870099886314196918670623070350931793103515625/277117316261579186022773566108987400109411833522046195539254870523820726103235216021899307121009366793191424
9	58	9	290	3279492225483681297017204548178529790079289912776227368741543259057019064372359562537829568694096517754521578141915623424000/222337020242360576812569226538683753874082408437758291741262115823894811650848346334502642370010973465496690788650052277723
9	59	9	292	143009071834649562748496580291934432020488581929120316588209349139765300048581892668082726638841225267399456948352846648067436413506056914453125/9389606997098354818716111259976560683402604979784608728630282818042465320076463219414085033645368499195832940411591163203914120994069040594944
9	60	9	297	143727000576186614381509536351129600000000000000000000000000000000000000000000000000000000000000/9103757593578437567350063530651961606674351707875801049359009935355516866292767865363891254263
9	61	9	306	576538247122531546711628809320762126958456346143563210259039275078653034435860370749204339580410159688859159971213170396180092313067/35033883147946455054875584689471238633613716227727123697743136030720000000000000000000000000000000000000000000000000000000000000000
9	62	9	316	4691039251214075335204396882426800525367134271177667511722385067221735444121705392843751798997069971256407895497579671060480000000000/275006373483461607657434076627252658495183350017755660813753981774508905998081919405140568848353397233796618192645698819765129996471
9	63	9	329	131785708249979405304691527460328053610216210411279746426002394011463421126409375/7410693711188236507108543040556026102609279018600996098525285376506440296955904
9	64	9	338	194158510653431238746227976586832757406758334867496017772810681478933061737418012620494857398196233618581892127664402605751979212800000000/10533405146807286720373659460502060785759379112212598116064998418834781689316645387966435364502141349866164216580595609788325190062013833
9	65	9	347	11382910225316373333877733519728082862983677205480361254578300199331684936306890578849632065882663665671896822853374764417111464354093186557292938232421875/592361810675373488023057958945013274200390460862640967011815863823009054228055181748431376220009987121099301713626285422441032092611509519224243126009856
9	66	9	355	177918330019166533867990574531174672055913172911221324905520587830016150672371884744193571186496503808/8968310171678829253911869333055463240193676428009700939245237016894662929189507849514484405517578125
9	67	9	365	8099132303103004415006129857557604886303040623717731583268440940748316998653830407063110673889830835511645291362342975125359341270086729025829002936778522871875/393906173970152205991443286589265953236043886528003035845591884640373859104151201149246924803776861738988088784450102019348398047758682634089449099157303197696
9	68	9	369	1737045659961553121460205177900454005262178694941447713380709812607682645915870139355227231799315772498687836052483841501603818025498768834560000000000/81832980598357561217283025888943186358569186972328086409000001959172091865281661692406761725695078866030304341171936562532591832925110910125221777397
9	69	9	375	46230128441195997041460295695856030210475461194448733762739971520551613642479246553715204305693026724676283295921994276886345625/2101410567610788455210817367088377201743152011531107990945938488721368544089742592000178800135422885468688110717792680927035392
9	70	9	378	3980401186209994558653199857244051877684858939881699125937286609952453423919613722045450020305221272565177059732377529144287109375000000000000000000000000000000/175259550385563701152948873536655216597814109144986291691866157446111266475803261583683551474145486054769309867886646987566952267105893021902075178416787586639
9	71	9	388	9589615382384121321830664101946629796352668136205219168850575454441901061665659361124247629098105437543737216253403480061819160982249694834899536912891293698529214017811/407407195266897217253689137681875632210293678733187250127228089870876259952667341236679475200000000000000000000000000000000000000000000000000000000000000000000000000000
9	72	9	398	335813106864948297445882383450959977467802896950393832024624332800000000/13703277223523221219433362313025801636536040755174924956117940937101787
9	73	9	412	119589695145285710796583430037294695836408555259474918711889508764502052386575300974217897768457851581635163240134843005309741815261086673876845927520397753562998193359375/4708751009946151347634036504991614823515248205590915487079495733468357028730561723947729156222809681814471586142797720332308436647775315954695893623504638055740354854912
9	74	9	423	50851135612398304667884614358969141302028209014527875223608995801329841400748629417185886202772047826845173778489771335893240298570009777601069703561207808000000/1920797877785042297826876342398329981366626138903106707239638623062073160162030496354441554187075110650838449453108757445590084411555537438824653742747212640587
9	75	9	429	23819356736737360812192513346664714697837706532205995015517927746191439932418455101563632692052152606265735812485218048095703125/868160759861204213023667945627363318160612396306750169251041444905619800618222169458303170109844212397164044195512670048223232
9	76	9	438	114558728298646586006135016353062329519516833135778487113400009175285689935867650509855828069150305669063006812600182859851749350388123309372233529673032803096199168/4005610133138155979780279882393837955049934408327708410348133604287544311726202545432460604222369617224763110295613258268927758809496708636288531124591827392578125
9	77	9	447	377727876333125248579592168213719492108864038999598247836274081636403307833124902376115119872193273281776119572662946934874701657475118338959481625353551255855495779963105713671875/12794892395547746318258515036830055117439208684098455319568438733757540118530319332605154834641609473291119605540802452845799065982862094560953832913500696977697131607373715079168
9	78	9	456	517911280579042366635661108704945775842993927714286712947721305984250422507826337969164160073162505379489848120892093787668480000/16928786085125636217954685526539591476599450947979275450903188345458171206851597191594097186523156446465868041540741828707650709
9	79	9	460	18755606248434664700184362930220359867735273524081244235537854617820929998919973929501491843004926420441264120690647665899431429104955697273770592927546171204542082039988398864005037664117494140625/593911603033640725135254124252695188663660414895024179574446713923113957817779023232474070396121870489882199251003674963147611538799092112655828951134737473480624672442233499281269700187375271936
10	10	9	12	19860115275/8589934592
10	11	9	12	292486256078024658203125/120167769980326767578964
10	12	9	16	27469606491586669921875/10763999918920960147216
10	13	9	17	3559598784811588951386788818359375/1336349951990266370198722106276288
10	14	9	22	1205479251740220820400146484375/434158781526785196760768708608
10	15	9	24	2240797190795163/762939453125000
10	16	9	27	28133275289518080000000000000000/9122852547682045208152203232327
10	17	9	31	987543402035135491953353795145416259765625/302712482640580450951338414502672993486848
10	18	9	34	19609262948741417598724365234375/5759845863148591758657949007872
10	19	9	39	9384600923810705435989615625805605255126953125/2629310620837080201791312091884560513519072256
10	20	9	43	3664156496000000000000/984770902183611232881
10	21	9	48	136248359423099800141035031235278567504207763671875/34957668619721187243234596923513476620379616114688
10	22	9	52	176108606160306699081576324909210205078125/43556142965880123323311949751266331066368
10	23	9	60	69377272685270860289141609587450115007950439453125/16486928675628793179669137629766365431136210971648
10	24	9	67	7039282943114869484302895400615936000000000000000000/1613605974756338146281160299230957482615509100307339
10	25	9	70	478769429080188274383544921875/105509871806486273289014706176
10	26	9	71	82064783622200058212575482384416742003162384033203125/17315650866490319792922115194084699501980445252255744
10	27	9	76	52001271254634752180035628619941453948358132362365722656250/10555134955777783414078330085995832946127396083370199442517
10	28	9	83	20151349248779977588968785792686817069091796875000/3914144333903073791808962606796280957916632792441
10	29	9	88	8643449763498610603387754030209678486323458008237936838588714599609375/1615617299584545569132532603122813154255753009924465437299718734158813
10	30	9	96	226721614711085182307186641198125/40564819207303340847894502572032
10	31	9	102	4106673734699130686686193683524725455349963455409456523672421264648437500/707282938901079097308247606016801697627397011510437966075145639220926681
10	32	9	109	4380413698856749796677275879741587456000000000000/722315486538528751543736496090406185156973483827
10	33	9	118	40484171583406838658677391278132785872463633257298647171572113037109375/6453497066801960007406058153976570105416953502888220261610331981021584
10	34	9	125	74109719471273120017638277794310861897316972230574178230047119140625/11379027341311978724505091492655673137241321003421339817643138351104
10	35	9	127	16693672551061555921215145253018236177356150859375/2478403470414007837570997110542287146945733612736
10	36	9	133	3048332814029349486226855708917033266692250156982016751953125000/435993943892672664200353461405376235401663658494141675420261489
10	37	9	137	944105357681065480977511559783973341961512312821240836158599950423721991352081298828125/130121545999567925726761705230238832820745180904700866057527015602774746670837652258816
10	38	9	143	33588700341149527144669539906653201695920797167083288739401104959011077880859375/4460741800385899387994625011684214364339556672724873884215507873555139549724672
10	39	9	150	129444881543499328145407795846798970049012479955478470480588971578836992684783935546875/16473186903689498838711301676449336307449168781688953627969202487347348050946952265728
10	40	9	157	875808967842886651926747740635136/107409505289979279041290283203125
10	41	9	166	8842027238236106177174780706595783527154128075756355671961375607927794512107718597412109375/1039220211106783416358956117216592736606728009011639057905795316466647998072076897513111552
10	42	9	172	87701835263620096686954863529052496838324874215289909053533709547153472900390625/9934683055275362681962893966789216197291293780783654811929040922430579192889344
10	43	9	181	1881936047045037968871161781797807505027891013928897031027644875148046584439750457832556778564453125/204320051371894843176198709875402661322573873182917396273342496937464315115682436386703753068150784
10	44	9	188	43473984699429503591598348929481899864796301914600832000000000000000000/4567759074507740406477787437675267212178680251724974985372646979033929
10	45	9	196	227727406686633244180611231845607531962257868709181150656541247625/23068262327384774909224323223675367982629870591514029670319259648
10	46	9	201	134571325329296894588869447138698760928429734144715281117667388372675434709886470794677734375/13193424802475454608080669764999167829638676735896354026139514510380350295454007043091857408
10	47	9	208	92320815494925114964651787268764343451331862160626496218948619965076538540895758031112744136002197265625/8726935346212567989995987741432797778948802177304569131773228562438416527819061268908520980821307293696
10	48	9	210	72143968394900590744138112146667152412155873704272847748893046210560000000000000000000/6593012181135818604873641088565793338718216041722729705516887554767627147075930273961
10	49	9	215	39811170053733526971858405457918087575201415930874288660471170858016966562471277562144637024298367240428924560546875/3508184451681630144782887035673491902143995560071154094865370232878300415173393218210697243560030425183165483122688
10	50	9	223	4787083048156727527189246984562487341463565826416015625/404463917777873323259003790015225169996762337922514944
10	51	9	231	3232532600939450702529755614365177377034315622630559935129692009243199027987782908741291281492227752437591552734375/263372163073505485588527894968246538713618624773849851876815000286968295885752586410281250588197550442428224667648
10	52	9	241	3729483084199051059316484447510139179632650842500266051515919221722795982296611768750000000000/291356705504951337929728147720395643095420439746452774779714363421177509357721128841316893761
10	53	9	251	410143498247697682441962960177636492644202941544022761766336264624250058915700009508937939875909232524889373779296875/30899580239003002483081629884626478434007925029739303342940610702007416711024615426451675001142997694467348891500544
10	54	9	260	130039694400518571084241220993700321383577392623330776196766066412001262122871908705548165816444358266357421875/9394170331095332911557922387157348109502730195633279482829163886128836100458433773854795993539074812127739904
10	55	9	270	298493717003835480679073887351087296667217046757944437349688540413671804765625/20878911025970331265421941846068086378637251707318314915141079285344145350656
10	56	9	278	521792837490253691688141432914558435797819182459922215201379200247074014743232512000000000000/35203615691432021748331363088190389461938287601423686420527757889026379673193648424538344099
10	57	9	283	17386147951584766830936092137247833460870803031736186043761625032170574987671388323986699042886684311688438657959799614678429412841796875/1135796429283221046297931669018265105639972893181460791382471503218486563478667007121863787627478807163331310605447575082087898581041152
10	58	9	290	77177095144583570242314704392343683311880211664289429926817316629686136101050515572224343493896065847739761462158203125/4863133186611507334050463369245957662106818367594979768594019369479612266605551328752819593608167942195899554198454272
10	59	9	292	1950104284174157775441433688442121654051174682522950422687377869614683894664376436781030097425500175606459765068543273875144195556640625/118989827416318806535502216071086323998299699261733544012541961037465092712022453453264810314775019589500130328881391101949415057784832
10	60	9	297	60420592194933203064830624823427885781393517719040000/3556153025177363557255317383565515512407041673852007
10	61	9	306	334675589575262322203305993670668132611960669640020677761050118461910410122090452405426220498232643827994218638483069406581438442072601318359375/18898294084848467228164200486240130409053904989599705320223073579380732763560001321183784279784227593114453456844990466335312507776504646598656
10	62	9	316	10165431312102996346189250024624781368871156285561364764579677381900959139882088679694809963728788280683432378635406494140625/553716507312556383060161292094419786725178744512372756996775466542441065228608112103060730005379048840845021783168255000576
10	63	9	329	3463874964926704176584363790677537418411497991412607872235758948578550223457880299396827061983858282403463786034073468759212287798163587994384765625/180962522484221501113999857130789419261762383248874492430761521676748391131658498118980287344938145678577877148716476368968136695717334498538422272
10	64	9	338	59688508886527757765031665916773267906514329386941745012219142133703155088135086111861493065011796377600000000000000000/3008093596236415885364634303989843968100757453615517743251913773573939258830268896918857939102022556824671234856972803
10	65	9	347	18906840593345733135053927049893148987997862084399985194753139240705320600303612259324865309/913885246893671348016088923322968184947967529296875000000000000000000000000000000000000000
10	66	9	355	849610347757427697679109497225754507882742298399164382221257786182937218868870571931683560398408151972606616098469698375701904296875/39774359164190672240400147500882657390868229068346355125571051087134925366766365169592825214935896678506428568760055224207920857088
10	67	9	365	13964878609440223161348498268666524601754566980685135597558106555182343167322463201878804983448477077382663845318826171566892082260048479678568115234375/630722981017748610879956134955293437556566680926372386610586314544949225011545161872371043582750170397807416016151527432622215758686668610634413768704
10	68	9	369	2419592131444013885498245226471359591945364147931667820991277679698876912920309801954023018990024197230592000000000000000000/105843307146399990823929234009313259171838834014082402372260396999600017704328074195762593834207514133824493353703121640891
10	69	9	375	681622661634708733853768280821901149088196147279668536256956459198962195630295149828218476942397818196390971662022355688791227558272355178195634400889444810791015625/28766698184466978398308473929351157186373921236427906923784279884192916883759749510691775529231561943183998939573966033286680800837193245407720940523979352842436608
10	70	9	378	20374929365864966823049097745509318950459168686884207619837484395621868686777856324637450390625/832856659782033766102930990937631554620419594331927456862828454747090049485386698081395802112
10	71	9	388	64904708651205358077955996156898035707854601640598448824403204070357602684301082756401207086069864230418136794042285123138776120679590384298233547276040416259765625/2559654080642718957175524422811443242832163490345981498736503571281493149883926242897445457987357126607571004167133442793430536226395775060887777606279824421158912
10	72	9	398	46756906129851916799244508890717229827185519999965655374048928212382894412719826756147025613222478598814524922186956800000000000000000/1771235267718541391040828135430098886823890396124032754898479632170749701284600258808173946681061091421698883952101827205857065156881
10	73	9	412	28214618478266276783745325462824911708553892898766737206575695997765201724459882489170441968550421751357730015805620289782495642455148868775844488737872347736358642578125/1031220508414120198392890720054615684373243581555949577549061790113759450106911380349621712447112433267616551922556399845000738996188804723431936062952909435809870905344
10	74	9	423	72020199938454110513974374677115751348403971810145320306343636357880981526807062541766972410682926805203223078201712477279850738525390625/2524996368123305226686635705013795081793330283722053076028896199589597581092202250039390108008009350232488810347223997632868099144286208
10	75	9	429	3074249273401332508291514603893817898297272623290439744995395011422086397646913358272513505653478205204010009765625/103991584554042599710255321972953245741048736297549898514612459546759406561636688932330243354493249461432816238592
10	76	9	438	9270343017288386279060806944084129132353193859487254146283357172289016200169628460370396400408360431008484854845637061836149016576000000000000/300806474606908422700185604761743242629300551650543776279521415871080231539525403546065814002723263833904395195660984372949948784949806187049
10	77	9	447	49029512236219986697568114603773076723681133529943932660134711863405147056078033564506520121383113049499939884308678382574128876537854951191578564889238321685791015625/1541100516409433456050712680679924440630304662529594720107266581431191747770814422736498215574036455654953445205710648799567947512621774992674446233639307878787448832
10	78	9	456	454195011095742895521809311699109652043318378800376858527073777635596210656379118783858918221897074726002237381166809599873571359414302813878136859384971435546875/13775031706138048905018296975571697795199792027389501855574373459808066370540523052862282556219098764701417629802998972775570714430052735844093887294091147870208
10	79	9	460	107936314644130644217345994690730300727166172814431301956574765555610412058904896367212726258718506496602465895677094995953313384170350856690696955226812614121149064198897183964977782440185546875/3171061165536580321662556929966434227959481007174720052582999736980861989053568291850938684444762378358527011169329001673560688225887581641090596014008382938275161207376426681374709791508660224
11	11	12	12	22048894413/8589934592
11	12	12	16	2440778322054988330191279030528/907846434775996175406740561329
11	13	12	17	3034948677057746243154894877625164883/1079107504588397782467839548201107456
11	14	12	22	260157135402902260965167920999356552/88817841970012523233890533447265625
11	15	12	24	39140720742612116242238966159820556640625/12607732900264258172511588942643617333248
11	16	12	27	11113915918261205255441266516919582720000/3407713300366134339058176287981733995583
11	17	12	31	699502098624036622783606133910782736686521875/202656560023339771427971201755102302651285504
11	18	12	34	9253352027511127152507697494310022400000000/2567686153161211134561828214731016126483469
11	19	12	39	1492461105934067060363797401107097888146297873/394865111526801408000000000000000000000000000
11	20	12	43	3973077308922488237331660800000000000000000000000000/1007917663245076360119999860222923477029685523416119
11	21	12	48	12660080904548987424533080424942023313108267498398643715/3064991081731777716716694054300618367237478244367204352
11	22	12	52	1421459737198592000000/331606760836561646337
11	23	12	60	3438448722996236691461900461477729397319403699356424783965/770483087302237618924031213653875461627441440985549111296
11	24	12	67	19429867927827654450548744722348134350689665024/4198279285932380349908629246056079864501953125
11	25	12	70	23579860275202080901751123054310710358549840748310089111328125/4896800275261233633658072561892245400164181042960124491071488
11	26	12	71	53143791393360377118656352430784975402449091965861331156250/10555134955777783414078330085995832946127396083370199442517
11	27	12	76	2883921771851508684252756684063845379507449142323585808404296875/550866842613756918814939777462335374907129532841173025080475648
11	28	12	83	281723015122346261315254536288817525294540208651412439040000/51483835144979969153996090072651604906352128586738233657957
11	29	12	88	2956571290179163960871590028496908440642088243111347723969315282223/519815974256088318951241858154496000000000000000000000000000000000
11	30	12	96	7909709672137334887891224940885913433036531507968902587890625000000/1330877630632711998713399240963346255985889330161650994325137953641
11	31	12	102	1945729814418820231983778914964071862459939775727017460060591961400978125/315071626150871529790410553267767282901874214245875989253447587276521472
11	32	12	109	111889512643668660746618707182979051005685932069984334939493737552674816/17343773367030267519903781288812032158308062539012091953077767198995507
11	33	12	118	877852993549238032221229086011110313109375/131518367455328373972208383758060071419904
11	34	12	125	9705569627126529686244391201618228407165195038028409466787316262592208/1400326533620897590671302265324350340364389921887777745723724365234375
11	35	12	127	7207631961264496593577182131187031948707279690424030422946088947355747222900390625/1005333587584426777990281089765880558380258775697943864281748594831037339457814528
11	36	12	133	28863845035557354520263835705619179554627890481346775000290814335428788446298112/3877924263464448622666648186154330754898344901344205917642325627886496385062863
11	37	12	137	91208349573201082537672032965241899375377862024216404680468686584381749443471129264140625/11799720445436434829525718734639414008522853431789044144742981128922604473862514410520576
11	38	12	143	5582089816488379945257860101136997492296350101916121228257161577965691633664000000000/695747289759608185477540721435063023294376826803649203380074575668840566916727960829
11	39	12	150	102219090931012017588118653505154061679563240552027347778164334957332667022959611085380687829/12207031250000000000000000000000000000000000000000000000000000000000000000000000000000000000
11	40	12	157	208552084553578266142822385924239173078745088000000000000000000000000000000000000000000000000/23997736118177966021470867303704838569761917945223189026436956968272836184737389616974148833
11	41	12	166	6648246385411270821037898782018359326027344592685566166749014217568279393011908691914167767866614375/733050223096333993410971396815077192775482843557336232088463029402444666176917513163954886977519616
11	42	12	172	229225829016130310188022086135628666849188299693845185129618536709061285869372767731712000000/24356848165022712132477606520104725518533453128685640844505130879576720609150223301256150373
11	43	12	181	20823976075447468680883130078366240058796319742939357042523025215093603368861369774937539763982425/2120479443053349151857366089563748621559452845860163595251762723276360886515424429687389380673536
11	44	12	188	51435775249906109479606443043939053024747454464/5068153374505612873690552078187465667724609375
11	45	12	196	69543855690226478713951259212967089242558076419541994114440360848580430541687746881507337093353271484375/6605764338971414887999255722545834552905681973088605300988231690456759943128039940032150798356250099712
11	46	12	201	113800287908145692229308141327177741375567410694597509963816617841884828868449564884992000000/10460752663558245694543257358416870134700461431528644042184645359242290518113753639355891771
11	47	12	208	5894266472437612686400983426774455660817299007144882098458473841412559324752530248328796356435977406664136776421825/522352240545553022507520982087076379567558918946731209614812638929555240833922005916584228083383355005906658000896
11	48	12	210	3528982158495607209112052662519691820267520079036241674038048424936066124729540955071000725453537280000000/302182066535432255614734701333399524449282910532282724655138380663835618264136459996754463358299552427939
11	49	12	215	593120284528318960738988037109589661622731772645895006529435470037687413955655686046246498007855169640048479161/48968002752612336336580725618922454001641810429601244910714880000000000000000000000000000000000000000000000000
11	50	12	223	101543797792024660204352259310910868761577634462207926369916796693892990788299357518553733825683593750000000000/8037480562545943774063961638435258139453693382991023311670379647429452389091570630196571368048020948560431661
11	51	12	231	4763970416548208145356878447119923008202833948531307768462816274626503499720445353733147740985118483517095435374609375/363590858325462127702153261459448240851575031518302714650858729534209618862448409440330739219444821289512239672328192
11	52	12	241	615978152877283699399242546233265772014644633853561583137706270996470924950135839680367853567580569600/45074020717724721574442835319832521531608960382645510280445917096329353928036967552233196966575264143
11	53	12	251	37474458409964256622987795334004803506885123077782043706795785851107564910869078473799635116168732463752220408262763930734375/2644223875160994395807661232131084159313618731857124877138595181097623164945245383300756841758861139390364848100093433217024
11	54	12	260	102110402874585005392985338909214020680091099224022378531189456287919539144108345733128484810582708875052242974277107712/6908252164760920851405538694468286082230378724259454186289117297729987129104901877330036086277686990797519683837890625
11	55	12	270	2655041852420504554753433179570265565416775643825531005859375/173909921276818065004335476913376094680014130156790813294592
11	56	12	278	3519427255177790307810583577842417620944944237013538652657826006278368154557723198030146265747401073672047368578763793104896/222337020242360576812569226538683753874082408437758291741262115823894811650848346334502642370010973465496690788650052277723
11	57	12	283	22379051860165162922872917215906414903809938324469794492261591737012397534561350400033021508100925968957960942143083890081521259146875/1368850300442292326040265515634351167173388097777339221927065098197760424269006496664302690129352586048766411445589809036754191122432
11	58	12	290	26919864348558797710066282193415735618362577856976595698297003268321912321542472575204152129856114680777306933653710012416/1588143329418044999710941588416743498883701533888143809429982549248309581409199353694283527154654824279668953135763621341
11	59	12	290	8586629229934206187781773275230510218370149248960380019630783021645308191114017031809483469175386791098081072904231168112398522916449/490474364071250370768258185652597340870592027188179731768403904430080000000000000000000000000000000000000000000000000000000000000000
11	60	12	295	4991459573804504744880622140745306778104173518642487838591942656000000000000000000000000000000000000000000000000000000000000000000000/275006373483461607657434076627252658495183350017755660813753981774508905998081919405140568848353397233796618192645698819765129996471
11	61	12	306	551199444805009462671272217058869102756403937382370779742560432982016626956433587016738761771251174502487691113221576741661877555750841974375/29124482234665284024772896719140303386656250408216454862308237559026154201315501151728778500012068588407669506501901879395071613696892469248
11	62	12	316	206673274323920719724177916128424546676426152835612460105306156707244398429875503119962746167975767800038942930480653002178738257920000000/10533405146807286720373659460502060785759379112212598116064998418834781689316645387966435364502141349866164216580595609788325190062013833
11	63	12	329	378712115452104449106499286908976763876480513079231582169067734012416938498296976304875417483670560427367678610241104381693013706479652379424276950323025/18511306583605421500720561217031664818762201901957530219119245744469032944626724429638480506875312097534353178550821419451282252894109672475757597687808
11	64	12	338	2892473705715289722864583890062491896496288963333667796780489917929537403127437353137521963277517819940287380036062582394908741264954359808/136378130483602826623553735728627442366653220995239126109536063737308173885706896508446779058324437039484422484747483395040035247802734375
11	65	12	347	1088869065747214961971704908061536728650336324127003933668743087144565347417108053080089926165389985565794882811177794919299532949708009255118668079376220703125/49238271746269025748930410823658244154505485816000379480698985580046732388018900143655865600472107717373511098056262752418549755969835329261181137394662899712
11	66	12	355	934908536099486985649533142593418522765983346693926709112472600576000000/40943252314006952049940284020962818772777309117062421278454766452411139
11	67	12	365	14642408495941951994461826891758671273568083260904869156735696936169329065967132852184503133150897255679392141917557465006391965095767410359792684713174335/618619638700005933000537636032821219198429611145780578264169434294045287842047881630506455292522655970879076378189132610964868711443449555920042818797568
11	68	12	369	19981715867429413403330879824734739456826637383824438596104925344132766900504376647422277680564858270739753853104398083434015172658608606751490048000000/817598737071050959409276229318696698168591900537987468276932073768901912096673342793217657607316423968313726492566673678273923566086786121551339775919
11	69	12	375	32252669533168719609398106279449937649433131905235644014917654443730998472368996895579770574613277012447194314725598918486302067909545956320912563526953174169610678645499/1273147485209053803917778555255861350657167746041210156647587780846488312352085441364623360000000000000000000000000000000000000000000000000000000000000000000000000000000
11	70	12	378	96676612979864419666889711106134833951757619215092235184988685784514241223924212372367037460207939147949218750000000000000000000000000000000000000/3696069934581886151765802739316384531094519781884110784729965132115962923792475068032605566203601417482763079896145839155964843784673785913282027
11	71	12	388	4183350133182419316179271367372667831559767454081523137748812815151368962321035757035765474498489901730813335300263564430989016795761893830734978066980312008850973029176985235/154296353093915487359272108195565234536947653200803118680620916194291123117443046570319188991109027653696604934727195699849082852074301553203475042254999979810499947885756416
11	72	12	398	54234224461762748774248880107346484643464306208204717990635791266870871961102424211770507556702580462677803733622400564630324734387788404368356655502668595200000/1920797877785042297826876342398329981366626138903106707239638623062073160162030496354441554187075110650838449453108757445590084411555537438824653742747212640587
11	73	12	412	67598661696364981755003259350146797331129562581806263317069665582509091342553987947759041725380701424821451806340285084190383176687925280903567693498849719153919140625/2309792861853966039990803276704902373992267512147173128449721092556340536916148909727705313433330446627225838574571211893911320063730788265880763612339297600485195776
11	74	12	423	1437806205577548834719889617806910274603090983268181758142337337628423859587159691601069656317457708884114860936721046732832968318498596957556976542433859693707264/47124825095743011526826822145809858294705110686208334239389807109265227196778853475676007108498466084997213062301332450222679515405843631015159189701080322265625
11	75	12	429	202313055326471502185404813356841946534568563098122233051466979609630198008894596179983653235219409950972541361239559307885878379238572496480463858148368672118522226810455322265625/6397446197773873159129257518415027558719604342049227659784219366878770059265159666302577417320804736645559802770401226422899532991431047280476916456750348488848565803686857539584
11	76	12	438	70977598772340199464646693499582545431420874900946864358702581545063642036523941683041873013424624335578801949735738459362431609781302734461850294996357349376/2152892551025515593659196999873860423402355046751342788488510877030703818105367602878014858217029537523565970182945926859371290792648366176534136152322368527
11	77	12	447	632998897373794356327311246672468700778851451585203209260409637703115678231548008335243379015183454209375/18598084400086453932972329803980788557096110712047772233997530979152984480248805586204261091143478935552
11	78	12	456	11045427953829105269545708435953555021612433254133115195460376787658573145163489387317864215787554205732143428603427607223692496506368524413716207944101705298136510006030237696/313119843606264301926053344163576361349265045995115651405929697601914062309331717222037671868698420619053704956499930323034173850662765737986672484408801585719796136592384409
11	79	12	460	9481352161638834007322206333880304970614803621623972197758655260054949407873319783567644394261409012170245210152819897987489954239846412072451585143338511825874908063105651/260356250521183151705139991546371733339152464569562730829591571493718874698590569103360000000000000000000000000000000000000000000000000000000000000000000000000000000000000
12	12	12	16	3099094603605/1099511627776
12	13	12	17	10478009962392528029873072581619712/3552713678800500929355621337890625
12	14	12	22	1670066325684068557786625700/542800770374370512771595361
12	15	12	24	7024467734375000000000000/2153693963075557766310747
12	16	12	27	26510809090040429449052160000/7730993719707444524137094407
12	17	12	31	9325882020185363173708813726369593158400000/2567686153161211134561828214731016126483469
12	18	12	34	9047226098356992/2384185791015625
12	19	12	39	67978558093706853980068960019092953516538260000/17069174130723235958610643029059314756044734431
12	20	12	43	2634117751626670360565185546875/633825300114114700748351602688
12	21	12	48	101199811884473382469106485775454720/23225154419887808141001767796309131
12	22	12	52	3096104916236951389371971064456329568000000/684326450885775034048946719925754910487329
12	23	12	60	86558330841869873423237940805811876003840037954912/18367471875954164030850252951495349407196044921875
12	24	12	67	35817572923059200000000/7325494807571316369081
12	25	12	70	53721416486707529806587757548186345957219600677490234375000/10555134955777783414078330085995832946127396083370199442517
12	26	12	71	170639978508747794012329828553182890708709460062546875/32064670383333980502499021674875133607253055835676672
12	27	12	76	153803491565442409878553473579392256000000000/27783742160348572763840067510872319734178277
12	28	12	83	776909636223370905791687475652404385707962109/134217728000000000000000000000000000000000000
12	29	12	88	8010166643026512291601081717202295919885850563393682940569600000000/1330877630632711998713399240963346255985889330161650994325137953641
12	30	12	96	3348314970058458857238292694091796875/532212987687415890399937108780847104
12	31	12	102	113416316642103347191596886152238276538619633208617977601631995494400000/17343773367030267519903781288812032158308062539012091953077767198995507
12	32	12	109	45281618016995007551251352848105673484700483584/6626407607736641103900260617069258125403649041
12	33	12	118	4414464353135305158708570400380031195824128/624189645940377886290661990642547607421875
12	34	12	125	839583930429004001715120813564510400669827059413341727600549890380625/114293196427800782884137457786650947853133718092288275361369027772416
12	35	12	127	764499685678824493820383306327905855480779174568506976857897825539112091064453125000000000/100583368191997595194454486885771366104791232298308124537065836659595982973627071707692663
12	36	12	133	2685827936495007046793303437081577242563/340282366920938463463374607431768211456
12	37	12	137	4120613946672867361026301664091970258992867711267792689785034514275478300998765625/502721768301071131552468923231486093366979027761503711791052322001567018156340096
12	38	12	143	274967583881549781239294491054815131458882061182048563529276814851/32311742677852643549664402033982923967414535582065582275390625000
12	39	12	150	40233480090705215971372311127017614775201960289025735966228390625/4528819139571967299782105043873526617181129409585411744156905864
12	40	12	157	77602427970560568854212760925292968750000000000000000000000/8415003868347247618489696679505181495471801448798649088081
12	41	12	166	60021646179574275923839496418557865973395420597559447413135931153034483112431067420759754309875/6235353130245814305914267269146809732744564000943524056193313505171640475942457165121574495488
12	42	12	172	197023304466360667234625886003157694607420197916802328125/19720277639664540031969051626991550504597812099180807752
12	43	12	181	140077746173007218685831817515418277962120415688121305168043321762906294146827895260928103595859903/13433460031200049242780740034492622061529951669479302964667510877916356548666954040527343750000000
12	44	12	188	366160570863928022479871632820221310298766091834521382461059609375/33972044152043464726308703806314546617357321763749631096799625216
12	45	12	196	88676340009654137971795036134148988417802691941460579982958734035491943359375/7929671767332133630053431665070062504898176628925538003669355517668395764736
12	46	12	201	1011939968771046658894105954618389478644529884909317976630860385786851691508039747114407732074765625/87554947246942642997413415355909543910784912674514929604990568798198060647916891700631916090655232
12	47	12	208	7420537578558852623273650139833126411270734393214887885265562256667356060018951248243025244726682642328057345/618868872264565259498976668330802226072131400770115020093723403599535346204951470073353140957797483372419072
12	48	12	210	137765476472463203890105669052843163648/11102230246251565404236316680908203125
12	49	12	215	103459390811167076182546768108329422270675761475440867561874239529080635761605756814607892528432494977636718750/8037480562545943774063961638435258139453693382991023311670379647429452389091570630196571368048020948560431661
12	50	12	223	262560556275887231386765578394205210416462822312447444593236541010572437926384736783802509307861328125/19552617525219830663744167822339941238683109313764893745114481173678376195346034585338413004309397504
13	13	17	17	3399291801675/1099511627776
13	14	17	20	17652642729388684639898613735157760000/5474401089420219382077155933569751763
13	15	17	24	43345861286218276728596390551586151123046875/12666035001458735714248200109693893915705344
13	16	17	27	3170337790967078215830847214426949754552320000/880716350534295419154707077652738531383829867
13	17	17	31	78074498715856972093055111490631622067447973933/20469807381549384990720000000000000000000000000
13	18	17	34	68047985404055355964856259313292373726000000000/17069174130723235958610643029059314756044734431
13	19	17	39	102626783597335332068251913455658049716543101789688596875/24519928653854221733733552434404946937899825954937634816
13	20	17	43	81762488831652166605971503308800000000000000000000000000/18713009676621765926212740699411287844971152383524511609
13	21	17	48	28246125767136245884727855258494123408011925840972283980305/6163864698417900951392249709231003693019531527884392890368
13	22	17	52	27975747634560988640459006198567770110531207168/5877591000305332489872080944478511810302734375
13	23	17	60	12142294049742620169991513768315813872080982747775557331263025/2448400137630616816829036280946122700082090521480062245535744
13	24	17	67	128099661346285866671609197834973104874000888595778158848901120000000/24888456097169611510324095319409705730942820986625205273692447378247
13	25	17	70	773887996256426370984835332189873025043880261364392936229705810546875/144406437590140693725823573023086444519654564257116461486696208269312
13	26	17	71	6734829154097515625/1200757082375992968
13	27	17	76	18494359268088988769218583662256043241153318574464318183278717/3169126500570573503741758013440000000000000000000000000000000
13	28	17	83	8122957663455717639700305468428764854374912230773143506413158400000/1330877630632711998713399240963346255985889330161650994325137953641
13	29	17	88	370282623488201065207549145443430688888818427939044025213067442041314453125/58333261070218500372624582433575199805832711666093611724638296158624546816
13	30	17	96	115101711733586918745544389186661429262821852378640323877334594726562500/17343773367030267519903781288812032158308062539012091953077767198995507
13	31	17	102	466668681228596771221717205870434691300541071400135288057672500144876242709759375/67637700519059342275134787592947692927212506670567063771816058099813999408316416
13	32	17	109	6058836951746182093921867609948584406603437655790857449982692432019456/840195920172538554402781359194610204218633953132666647434234619140625
13	33	17	118	15008894879676868394730121155327013667603406159420432840401128873405858654140046875/2010667175168853555980562179531761116760517551395887728563497189662074678915629056
13	34	17	125	30072025797230536272747294996066766900710142273961315183767177463067443101111545/3877924263464448622666648186154330754898344901344205917642325627886496385062863
13	35	17	127	6231376854916063937762944731468577170868104712525600281481288357099401764571666717529296875/776492315954649371685407197857792941371797833093390169990690454174113361425981789859479552
13	36	17	133	668071942751907462506191723695569136185753093705347422740262587075545119326208/80153343160247310515380886994816022539378033762994852007501964604841680190743
13	37	17	137	338324359433903724062267774502410245505925593015415202640803701184813638739500085310253920403/39062500000000000000000000000000000000000000000000000000000000000000000000000000000000000000
13	38	17	143	52444634034285703672808092173454691148639344881815545877259874213988045320894264089600000000000/5831449876717245743217420754800275772452146060689234933424180543290299192891185676924718166419
13	39	17	150	6543792385408611175371151734588422776359375/696898287454081973172991196020261297061888
13	40	17	157	42062348040194467916383805592073164574132006813696000000000000000000000000000000000000000000000000/4314742581889278386132010562216991811431645621387275218681550419924377325749134607147623270125831
13	41	17	166	27967519554217881456844771087147558561376167409593323581420272540280073770060770500721283287994855125/2748141358197140500807146452074618213541050888234772019446284489366163708923990060874856637352902656
13	42	17	172	6450510597690710748781297130847430250817755451780075323525058782421695853729310717381705728/610611819600002238308215456113301002796815984976331952939432312632561661303043365478515625
13	43	17	181	9105120784902877209391040199459706301982319735712134633487948618196106728842466647423500772185310389425/825720542371426860999906965318229319113210246636075662623528961307094992891004992504018849794531262464
13	44	17	188	119243811548857574594257410293081298253852289056280596923793388803522252488362457825280000000/10460752663558245694543257358416870134700461431528644042184645359242290518113753639355891771
13	45	17	196	12357031355226574145862629932354898775218874475106501857135353698267013604595555674592333161854185163974761962890625/1044704481091106045015041964174152759135117837893462419229625277859110481667844011833168456166766710011813316001792
13	46	17	201	8711512390696651993212358579895679873438674231656334037876619947542649125411776371337899313975356506934902784000000/712529506048830856813685474586664029855684685495355631559772315971770243289477993958261054369646535333792208938849
13	47	17	208	1539205907228461061692164327320009745444250805754263781049407463101394753250133939067414793422295281583573205927311/121339175333361996977701137004567550999028701376754483200000000000000000000000000000000000000000000000000000000000
13	48	17	210	105563559900316651736860425775394622205326762591112663054563836826745195820503403116124751635008192512000000000/8037480562545943774063961638435258139453693382991023311670379647429452389091570630196571368048020948560431661
13	49	17	215	48366212586928114729503701132379720362987662026418928443677199691894657997858519111378342149309367317132885137999727001953125/3549653196752355245542495392071934583442049467305877156906534777217236572322507733334958850267940879050968829081336158355456
14	14	20	20	2337315346265625/694500426597376
14	15	20	24	9176641069925758496916515625000000000000000/2567686153161211134561828214731016126483469
14	16	20	27	7035619223801682414316552192/1870456910669803619384765625
14	17	20	31	68064917100748284543929669606471015264100000000/17069174130723235958610643029059314756044734431
14	18	20	34	5542897056088072358027401232958984375/1329227995784915872903807060280344576
14	19	20	39	23507058888018044098056378554563937601440000000/5366838761597914446506880738856238747114652009
14	20	20	43	760698071838147520000000000000000000000000000/166291327565243333273894052941958443248420947
14	21	20	48	1878231877994240949291319296/391318462789058685302734375
14	22	20	52	10947580779363990853198524033203125/2195079070597190410676780226576384
14	23	20	60	54869332977181259582668619133981012001038157278160199520000/10555134955777783414078330085995832946127396083370199442517
14	24	20	67	547918493460100175041614604605823217538904665096192000000000/101522823538042344517184139009806947513174717097742520241041
14	25	20	70	289407776047944391743378389492136193439364433288574218750000/51483835144979969153996090072651604906352128586738233657957
14	26	20	71	1357157808470040886655288067893951683955392292589507/230584300921369395200000000000000000000000000000000
14	27	20	76	8152644854406543567538348859464276652778495897411154944000000000000/1330877630632711998713399240963346255985889330161650994325137953641
14	28	20	83	2309498648657920000000/360377219348094889521
14	29	20	88	20483220816400933791249422298662398638734298548558630116315779200000000000000/3072397420649310800348395143969185060747798354598375053211867226000457078529
14	30	20	96	3328989268063070662280542955083149353974149562418460845947265625/477482989328124107244705224682664506949060558462656928993509376
14	31	20	102	5594026003223533830801361463413924520955316264450011837400084009617195008/771577159701451498946556816922691630181387920674751512706279754638671875
14	32	20	109	3304587674618884984127426329244429766010914290084711717928960000/435993943892672664200353461405376235401663658494141675420261489
14	33	20	118	30432358259826152201752765211008365387995078902399407538190473846377638400000000/3877924263464448622666648186154330754898344901344205917642325627886496385062863
14	34	20	125	21465024360230930989133160037604544099733325186531257072974756260375/2632362662893787392266670601572990232036677438171706657510000689152
14	35	20	127	19292374464761032954808324575424194335937500000000000000/2285730020618873597056018837239386187875436350386255801
14	36	20	133	2766705622659593469567531540017487271167722033147701290547109313380352/315544362088404722164691426113114491869282574043609201908111572265625
14	37	20	137	54193526115118516029933056476754022916426760516389251613149046473981436916784970703125/5946465746536922929910408690738254947319381765432199809489032648849380482132398018912
14	38	20	143	508344760918405493414129212073832384168095663515255839565959112442592823486328125/53707864355250997101491722947229287161302515240004946867944147103448785775230976
14	39	20	150	1925943915268880879879181617564131773816263099346923989319629961617055486706512152319752734375/194854785320181697059820852160837804148267625029485126756041047036613764873201786410049202984
14	40	20	157	39721022979575896072553445824921600000000000000000000000000000000000000000000000000/3870210234510307998744588107535211184800325224934979257430349324033792477926791547
14	41	20	166	115162468525255792957633292943163804988385740606676555303489727861061818913160306563697111425463/10746768024960039394224592027594097649223961335583442371734008702333085238933563232421875000000
14	42	20	172	11322236005814899279754371625888671875/1017690184272826215191977280527138816
14	43	20	181	1457976569183029531924667359449774389638587249765925993147383812301745211602728058943023349375/125529031962698948334519088301002441616405537178343728506215744310907486217365043672270701252
14	44	20	188	79172645756452545193869614230957265129346290146982793357120993424601625133056000000000/6593012181135818604873641088565793338718216041722729705516887554767627147075930273961
14	45	20	196	964071907961805185865798313709522169111702131073221082756380764528698471433898475879686884582042694091796875/77358609033070657437372083541350278259016425096264377511715425449941918275618933759169142619724685421552384
14	46	20	201	47924834693976007746654216202329933728786078270276540491130685283421317413819679082712571/3719884676158246473017675612958228480000000000000000000000000000000000000000000000000000
14	47	20	208	55015329235430294621154954528432860248438881979884075963249021838619419495631907097661062790583340376372763279375/4115190048023523212320748358878852167400291012091403935575234379483879623214884162660644540440586725662941010432
14	48	20	210	4033637628809829000373169025362381691410674746966945876102388962212047011137244364800000000000/291356705504951337929728147720395643095420439746452774779714363421177509357721128841316893761
15	15	24	24	66803541328125/17592186044416
15	16	24	27	1147165848467302984378912604160000000000000000000000/286881609615065426756369077389399903104843851581817
15	17	24	31	51997321251583958483265482229475342710936069488525390625/12259964326927110866866776217202473468949912977468817408
15	18	24	34	103057652195654296875000000000000000/23225154419887808141001767796309131
15	19	24	39	1796329394189201006305838873676517323513037204742431640625/385241543651118809462015606826937730813720720492774555648
15	20	24	43	5380640865565802496000000000/1104427674243920646305299201
15	21	24	48	579290002911940296394656756572723388671875/113280389401671645612343924411959456301056
15	22	24	52	56106830105347607814471671613986597671875000000000000000000/10555134955777783414078330085995832946127396083370199442517
15	23	24	60	12505696935110270030401448683667623905082476849565980548858642578125/2256350587345948339465993328485725695619602566517444710729628254208
15	24	24	67	4148113620681576571654172049408000000000000000000000000/720638717417665957940063930286000540843213422379592477
15	25	24	70	1069956384447877149267551712691783905029296875/178405961588244985132285746181186892047843328
15	26	24	71	8360598695189202195346076273249922458107405881392776966094970703125/1330877630632711998713399240963346255985889330161650994325137953641
15	27	24	76	3827085839072981368618346993185579776763916015625/585174368415718891524723262123656382171215560704
15	28	24	83	118697817235675932111753238410302873512907070581760000000000000000000000/17343773367030267519903781288812032158308062539012091953077767198995507
15	29	24	88	7477565248203692616904356884115019979521279653012007858996689319610595703125/1049996197663032347466345271896256530168924076298551064214997486688956055552
15	30	24	96	30188473030157750000/4052555153018976267
15	31	24	102	243425636005061563819109020465726423714672451159549654038030487215518951416015625/31416674612013336812196284055183767449383086740560745758804643588469916858056704
15	32	24	109	31419142011360445874610260373886866527596740376724857669287936000000000000000000/3877924263464448622666648186154330754898344901344205917642325627886496385062863
15	33	24	118	3451660922517722248142808983910020788734220569169521331787109375/411376139330301510538742295639337626245683966408394965837152256
15	34	24	125	34248830284515298229158230825065520700637940734741990821590091049011230468750000/3927513814852118215253663462745985104429523654386747748367596265637242329346407
15	35	24	127	982148130678451307823172402509637743825229589251919718559917/108789443753672704000000000000000000000000000000000000000000
15	36	24	133	5310185319964261161936254441451518806972170240000000000000000000/566102392446495912472763130484190827147641176198176468019613233
15	37	24	137	7149081883567925389044255561199405631540833474391899071993127816556174918311273840963840484619140625/733050223096333993410971396815077192775482843557336232088463029402444666176917513163954886977519616
15	38	24	143	246743931497790751813045281347643650715671170390051695678740774830312500000000000000000000000/24356848165022712132477606520104725518533453128685640844505130879576720609150223301256150373
15	39	24	150	15188599626785533862709047048977453204300627991120249217270767688751220703125/1435514553589022987028860450298466890828684910707176231417882738604852117504
15	40	24	157	20774592078552367818527398737760803239254976102400000000000/1890591424712781041871514584574319778449301246603238034051
15	41	24	166	37900299424309225247966609032200874273830666478474878301405649778395721113035210338450149059295654296875/3302882169485707443999627861272917276452840986544302650494115845228379971564019970016075399178125049856
15	42	24	172	7473771498742961855670372753362254481970221643956546000000000000000000000000/627249426908108226596023403194018616110109674748992752243376754815566461859
15	43	24	181	406158617492653606286427217350909592653182152457020183417449838320542112851634327217515804615716008129119873046875/32647015034097063906720061380442273722972432434170700600925789933097202552120125369786514255211459687869166125056
15	44	24	188	3887475151166714769526771445914433085905844253345454165079841484711971168626671616000000000000000000000000/302182066535432255614734701333399524449282910532282724655138380663835618264136459996754463358299552427939
15	45	24	196	1219682224859109549431763328965191904606163400625/91343852333181432387730302044767688728495783936
15	46	24	201	2878076705966253748508615767237722780358885060661003928661324570574165276915560774386155059727455500000000000000000000000/208471546073038481238169384348270931612051715452302283006283795470246384808781928105389623667460963900554695699200692261
15	47	24	208	21166935730248249687250000116692798251588854376629030892766251782836589580223607108862043329304785514788205284709930419921875/1477354010455484132067475600866396794571826918466176175856238017322745618069703975587053950180103220097827396628273424236544
16	16	27	27	31306450323554296875/7430984482854797312
16	17	27	31	271572763076755080632257102155263781109760000000000/60747247942526793620011383083113766378590746089871
16	18	27	34	7688461101550462707897932716179456000000000000/1643067808576745856751521074541737540080076929
16	19	27	39	833394254917914447897154693172918354641271025001562112/169415712380755905214735310504053346812725067138671875
16	20	27	43	7038373252979200000000000000000000000000000/1368857569206257595830246609721315719082861
16	21	27	48	56988180202805185746922559529615582703486754279821148160000/10555134955777783414078330085995832946127396083370199442517
16	22	27	52	52761344307941411948766053207965968428433408000000000/9397860545701280174133319218917870579957835334650841
16	23	27	60	3829867193033729761173524171809021606538634611539060981760000/654035387212152941474839218330351869736251115009304227580713
16	24	27	67	252025943308354997429532029451730944/41427727034981362521648406982421875
16	25	27	70	413470151521957328906250000000000000000000000000000000000000000000000/65213003901002887936956562807203966543308577177920898721931759728409
16	26	27	71	320117441200667653267454973204770785038124974080000000000/48183486881162366274239254201182291856361082517098463941
16	27	27	76	5879690430277911521761026996670585864577327200617172398243840000000000000/849844894984483108475285283151789575757095064411592505700810592750779843
16	28	27	83	47986881753141458542449524723363605560960000000/6626407607736641103900260617069258125403649041
16	29	27	88	34901130578818795991132133616463238784829603756937732086465252216610001780736/4630333297244852230970152617625638577247172129623030195944011211395263671875
16	30	27	96	1179356642933098505153735015389926562500000000000000000000000000000/149545922755186723820721237262044048742770634863490594669149690727
16	31	27	102	71602514417593111572220828427045335685601530860937765163466013324606370637414400000000/8726969954758454862767346411029987480430598027917731913798395366485212854362323341049
16	32	27	109	21037239286790144000/2451545709850985643
16	33	27	118	28750066769545885543159043203999460038462202816716270160571382110868328782233600000000/3234476509624757991344647769100216810857203198904625400933895331391691459636928060001
16	34	27	125	583111964716440676982519772931961656392460495996108386976607363923968/63108872417680944432938285222622898373856514808721840381622314453125
16	35	27	127	7028690790272515524972104987405420752297296896000000000000000000000000000000000000000000000/734625090226483269304885083738752737399080225988949620561787211676755237677517248298905331
16	36	27	133	6436134147949596177921860437306294172786106783237245400000/647307989872865201422284359961937038113215496061434545237
16	37	27	137	1762934993138778104242640729731526716979758558139697869142778277187131223324261089280000000000/170497937155158984927343245640733078629734171900799485911535916157037044264051563108793052611
16	38	27	143	2619246636610982551549481523123394777107745368255345627657828312662671360000000000000/243823244774149403920909050774718304642420489170903693218112007414128926109387867461
16	39	27	150	105522143499076254563271893085044344132419980743657294407323314019559736507420185975645536256/9403422021840034469946518024144835443070966168635512075267257614541449584066867828369140625
16	40	27	157	4195144002597672283627616707235574722290039062500000/359910531077925591175777644400841428369392389315301
16	41	27	166	1628730827164951250179720972249960304692337021596428982936311977763093589502432859127808000000/133787520907613352830211133583963128564853269887445289592150990647151399784296954440183247387
16	42	27	172	2874317608668746107538851266045270651862872660368498279865036528104226422784000000000/227345247625373055340470382364337701335110897990438955362651294991987143002618285309
16	43	27	181	27927394055613574072667325844944923206076029484348198924918736692354888143318120175786732888492636897280000/2115274465748025789303142909333796671144980373725979072585968664646849327848955219977281243508096866995573
16	44	27	188	34403163812280088068831619513183628028761870479324086272/2519574422089195475127354484357056207954883575439453125
16	45	27	196	113924672487387931734504711355813182436003540711219255758228727363586425781250000000000000000000000000000000000/8037480562545943774063961638435258139453693382991023311670379647429452389091570630196571368048020948560431661
16	46	27	201	110763024152544467834867071128742312865162066640176293122858674276837020846489466993782189719552000000000/7557042581030436959726395267925152022676373904317882403056075685553504055602863716506263425473464814361
17	17	31	31	2735834245224609375/576460752303423488
17	18	31	34	373882046872775963861051783368350349511808/75233164803908255870362636089324951171875
17	19	31	39	921344143080464556907907198471326843766754518469481979976171875/176284809909404410811690612228120834405910517546564481678573568
17	20	31	43	828520708205763835672668988452646000000000000000000000000000000/151606256109013540415167616735992201533051067620063301673802081
17	21	31	48	414477876988880490538955809181720740735087782492294825599447530003125/72203218795070346862911786511543222259827282128558230743348104134656
17	22	31	52	1265088407818200259491684515950822809921392902060000000000/211867634341481354543193786307208250643424397476289027399
17	23	31	60	25878462543401661302875867156295947023397839099218383772167984437806451/4153837486827862102824397063376076800000000000000000000000000000000000
17	24	31	67	223489626818345921762020720217102170749751324709523592061352778137600000000000/34519538197693495390776801820897424119289649420998217806984944551486870922241
17	25	31	70	114174555284110160128544424349607944169093798336689360439777374267578125/16915966159510133587710872983208769371771894483577997289153161114681344
17	26	31	71	31413546771220278919257936467415873507065942255211374178252660059033203125/4440005981959748485095368009935880232526864009987095539987908402942849792
17	27	31	76	1980970616803777939740912500940061878935318638825506896851318871998992919921875/268799026601736280951384389605441671723244563532429072439039356592372750221312
17	28	31	83	60492944692297530032198108547859451019741053614751378159364456054784/7840036170313991758843233418916746737604917143471539020538330078125
17	29	31	88	11444771446179022452732434818014443741008282767958246429167291341230161483248172119140625/1424734632318547603525154593670051546203101610708509293807351346628270172583467761532928
17	30	31	96	521595206259676704639329925384086116289015729182595003963797353208065032958984375/62046788215431177962666370978469292078373518421507294682277210046183942161005808
17	31	31	102	12712670801571560311581006375390972058924391812080054822610412582388614463236799009865234375/1453225919416517066978291063388335868153690987974497358766845871062268406046995497288204288
17	32	31	109	35941424865579278277107409473769478392435274735863131003074453002513410949120000/3927513814852118215253663462745985104429523654386747748367596265637242329346407
17	33	31	118	11302155230837072406596173301983995533165949598523754073597244950883151295991418368433/1192092895507812500000000000000000000000000000000000000000000000000000000000000000000
17	34	31	125	17257334409633865421875/1750703826104197747344
17	35	31	127	758245210897675414512258110443675643962139822252863901964201919176742191775844048606813885271549224853515625/74271230040263248881290239886948110264096985063037059141406041355867010211087550485494159499784733679681536
17	36	31	133	258459546599450147192038909239845335854589386866186510346381444706947796780176491151360000000/24356848165022712132477606520104725518533453128685640844505130879576720609150223301256150373
17	37	31	137	6368498072143880412540652288099484414142847286797741958238393557055357889410573442138157502548997900390625/576977774436206042425462011905970243169370716086666855026786321111404803016009561260797900725516618432512
17	38	31	143	524030696058756689048945889171438161595273903076725411931675087062978444711541217967052169216/45690185167622306365648891293893078790409849889150401579813546550212777219712734222412109375
17	39	31	150	1266488780503075658888626147637714567961380248853007755837109498281149019475216226531633641332370673828125/105692229423542638207988091560733352846490911569417684815811707047308159090048639040514412773700001595392
17	40	31	157	8937150163367600677483150438943727813930189661845585920000000000000000000000000000000000000000000000000000/717925402820707377612253959078201295215756275479678995434402338660558785218076932275017658604023524077793
17	41	31	166	108679596512069138453948623837154687100844178041163127072179830989024569974133513876212231010634755697519150606796875/8357635848728848360120335713393222073080942703147699353837002222872883853342752094665347649334133680094506528014336
17	42	31	172	4081415174664645028603109263602609063123768407461797104885680639538936594025774866708531268933120000000000/302182066535432255614734701333399524449282910532282724655138380663835618264136459996754463358299552427939
17	43	31	181	101431632568716974985931593167468972036788219735857782217943891687128022432936166061582753415713750298839362941/7190469649384414635715622933604003022164663785289154560000000000000000000000000000000000000000000000000000000
17	44	31	188	117274008756586252389461184144656244314422036855400034496607639982803909321188861857084333858226176000000000000/8037480562545943774063961638435258139453693382991023311670379647429452389091570630196571368048020948560431661
17	45	31	196	716141224113941408410154327034939866825636133131011759139692320118873403260075510004510446204761819899431429803371429443359375/47275328334575492226159219227724697426298461390917637627399616554327859778230527218785726405763303043130476692104749575569408
18	18	34	34	279670972365567779541015625/53720962492138205969645568
18	19	34	39	57811126635399544324031999489449930633977764998162500000000/10555134955777783414078330085995832946127396083370199442517
18	20	34	43	22424308473173309226562500000000000000000000000000/3914144333903073791808962606796280957916632792441
18	21	34	48	167254399231530070667265506407341308850000000/27783742160348572763840067510872319734178277
18	22	34	52	7052416723666698020500472553021576097896297/1125899906842624000000000000000000000000000
18	23	34	60	8700440846322144819440469588646190651899965587368463432137875000000/1330877630632711998713399240963346255985889330161650994325137953641
18	24	34	67	3271807209584230412559423897600000000000000/481453482136415004665794102055843917163407
18	25	34	70	122907166908758399452631842314984100816843692882684990763664245605468750/17343773367030267519903781288812032158308062539012091953077767198995507
18	26	34	71	85303456566189278049659304129371953474261713864002178955078125/11479681185950391759451966333467516320338044981821954716598272
18	27	34	76	5676945633508303132819456/733248889446258544921875
18	28	34	83	3534955183580234396215322249043752400533074678415926500000000000/435993943892672664200353461405376235401663658494141675420261489
18	29	34	88	32740829598039989009504136358603573591444174162900576809109872942000000000000000/3877924263464448622666648186154330754898344901344205917642325627886496385062863
18	30	34	96	25831883595471361485686429659835994243621826171875/2923003274661805836407369665432566039311865085952
18	31	34	102	15046450224758725484053250002095479649299600735140853044591851648000000000000/1635782513474434908477160959077878011007714974754996979744938053160034289607
18	32	34	109	971808139915946773985722188938762497137578240156315130741468954624/100974195868289511092701256356196637398170423693954944610595703125
18	33	34	118	5645777677052042876029072874167156391209319430722550000000000000/566102392446495912472763130484190827147641176198176468019613233
18	34	34	125	63404558822550912934225211074616852988215839486585885157634925357817676029296875/6113651110938684727361780902639517659871565403559172191956332875341894887931904
18	35	34	127	616995252855968253847974864020690525453794906228021230007178927953646052628755569458007812500000000000/57432173890752891035333258403287482614614733511041032694156163395150727417697882505331337171564138743
18	36	34	133	345133434559850709628856000000000/30903154382632612361920641803529
18	37	34	137	255735258204522584382691456158638057246561021964250104312093115012270451562949702591186659/22009380915118160679371964472512711985610672815274889977311249822378158569335937500000000
18	38	34	143	48092577979698910113765923321551557217574972977709420661540262149810791015625/3982624046859563345984668655149160295606748757926026629870798009666734391296
18	39	34	150	6253675494528244226588599530382786501938941750011062375168570115616455078125/495604485458258351878339479066878906556136039307846125229334719854274735296
18	40	34	157	86439203136667172102175008686080000000000000000000000000000000000000000000000000000000/6593012181135818604873641088565793338718216041722729705516887554767627147075930273961
18	41	34	166	1059601966133839051355827247137873844632825989301003689009044080738089085471935166845642840293984886123046875/77358609033070657437372083541350278259016425096264377511715425449941918275618933759169142619724685421552384
18	42	34	172	78312766635903991038156363185893538042267832993133734716723/5503765708800000000000000000000000000000000000000000000000
18	43	34	181	15290966258749984567632688607265500073185398687141316955087360221683778815820989858172816420780085547694291015625/1028797512005880803080187089719713041850072753022850983893808594870969905803721040665161135110146681415735252608
18	44	34	188	4479739206619188164369306211830978825186142780860495689005477317803088768925696000000000000000/291356705504951337929728147720395643095420439746452774779714363421177509357721128841316893761
19	19	39	39	53165956457788453125/9223372036854775808
19	20	39	43	120303483864244416830212776954724451124640000000000000000000000000000/19945892587463525544846081520034730299453740863265005398761959680973
19	21	39	48	82293643257700284672124939896042962084923081451775090482305145727349683/12980742146337069071326240823050240000000000000000000000000000000000000
19	22	39	52	8781898395711706595319022378838376033764247369515596128312000000000/1330877630632711998713399240963346255985889330161650994325137953641
19	23	39	60	629404707560935347436848536545613587751487079203047116280873759140625/91367101170193622773129715187084402470990170821794738444500098613248
19	24	39	67	3222262815759497651438742353421133294457535873003332585420525917207265280000000000/449852814004179463082363593953356688967702667836018756060233416613376925750267707
19	25	39	70	1087744253232676431517028450301613383941957471368056076244101859629154205322265625/145586884358441230648181217827952276016979799302985716457561018790394550070280192
19	26	39	71	7864594580418759446872480732054045943311926410690679115575696600328271/1003524629800190945131933877621343582413429394364356994628906250000000
19	27	39	76	32843474180575495414114680723473769910203928702719790763169962163404516389892578125/4021334350337707111961124359063522233521035102791775457126994379324149357831258112
19	28	39	83	33175453882010270576524602201095156355782643027158819030043932634745405440000000/3877924263464448622666648186154330754898344901344205917642325627886496385062863
19	29	39	88	103591273347041823946980130117645682073551047900222129689733403777692438514571583707705078125/11625807355332136535826328507106686945229527903795978870134766968498147248375963978305634304
19	30	39	96	73278199555811925887348534160409098176000244853820839011459611356258392333984375/7855027629704236430507326925491970208859047308773495496735192531274484658692814
19	31	39	102	712111998158227554351618243678851207988151196781552758741514745390802436184922765925982517/73324888944625854492187500000000000000000000000000000000000000000000000000000000000000000
19	32	39	109	23316644942643941533587146233396703715508481652673534515466386233184964113858560000/2294161167645417797033336686241610704984329384811805482055953954031396790946141211
19	33	39	118	290029714414531204486370214945178407133929266934213764546044571970605874060157343375266857421875/27533436865096679440015452103931685425761825554286967851880372198108648819746000344199026704384
19	34	39	125	2134822328339788593025144410560577958619576356737642975676271266620929331471173307739339153125/194854785320181697059820852160837804148267625029485126756041047036613764873201786410049202984
19	35	39	127	914502649422020470463182753518311455780460609232922763099479051606040404664099696674384176731109619140625/80566077644775464131095310626729408478441393400848928087940933467758356708485359524213996184201064349696
19	36	39	133	409463231499611323783729797734136970519011607077101535442837737366178416302895899257973243904/34693853386363763540239514551892102431637271873655224598831381399577367119491100311279296875
19	37	39	137	2596127361834299079639655518058765154763853733023793290204052605596323480389566554504791784987663583984375/211384458847085276415976183121466705692981823138835369631623414094616318180097278081028825547400003190784
19	38	39	143	3550515635074345617680000000000000/278128389443693511257285776231761
19	39	39	150	27875647592640553465621566190776403328770415859011921776428512897974078220102296265774562022858714456206161705859375/2089408962182212090030083928348305518270235675786924838459250555718220963335688023666336912333533420023626632003584
19	40	39	157	27487150444092506953000777062614447259110497389187112422604800000000000000000000000000000000000000000000000000/1982616538538971029088274375448434279911745176002306956462362915535425491430999314038706034093803363479707779
19	41	39	166	26040858735340054567281082850824384464921250773309777785521255970003819363735727736460036303888618820535860197/1797617412346103658928905733401000755541165946322288640000000000000000000000000000000000000000000000000000000
19	42	39	172	120969299157944847636282686592890938621324723502917851611854861858400695826068305218702038638296987136000000000/8037480562545943774063961638435258139453693382991023311670379647429452389091570630196571368048020948560431661
19	43	39	181	46457751671860838198774708757489058878921557649983551629891472784972718672628438149477091371743239859106843686318573488726875/2954708020910968264134951201732793589143653836932352351712476034645491236139407951174107900360206440195654793256546848473088
20	20	43	43	206766166083381201171875/32751691810479015985152
20	21	43	48	8834016164943602066165198555674345292332800000000000000000000000000/1330877630632711998713399240963346255985889330161650994325137953641
20	22	43	52	2652848874310312045202790312500000000000000000000000000/383868064481522258249154867218781553446007145218504707
20	23	43	60	2463630848851905849998294837138538123974625596444800000000000000000000000000/341377491183256755594266127107687228971977594955375005912429691777828564281
20	24	43	67	1290065413160776753014671493984375000000000000000000000000/171871947701161912897410416779483616222663749691203457641
20	25	43	70	36324409888172008446593750000000000000000000000000/4638397686588101979328150167890591454318967698009
20	26	43	71	634623140772936064440278212417895470269397824741899967193603515625000/77235019178755284445100014627578183972698512111261715375673061991883
20	27	43	76	33214841639719538694722084452474578371816856960000000000000000000000000000000000/3877924263464448622666648186154330754898344901344205917642325627886496385062863
20	28	43	83	1975158323879460771164057097967543178070327453315258026123046875/220107477942057755428954350765548830277887358594948366698807296
20	29	43	88	1049503987682908787357457949933138028784082473242834345369600000000000000000000000000000000/112264371186627278494840285221068262486682990916508988487284025390291426279848383533670981
20	30	43	96	11129288817400428769988263790112/1136868377216160297393798828125
20	31	43	102	31589592284093026665880318377105378621648962784561124306799199909048320000000000000000000000000000000/3099071553932489795021209303351813356787740954638747702253879932106739893369284607330549147079879779
20	32	43	109	7272410078388780823331689249059635200000000000000000000000000/681615313336127057097665431039919701133215917352690576134561
20	33	43	118	269388434115456186923997301016099104862711322922790138620417920000000000000000000000000000000/24356848165022712132477606520104725518533453128685640844505130879576720609150223301256150373
20	34	43	125	29685560003191609291841421444779245220244295914095128955571160538494586944580078125/2580140156340205332496392071690140789866883483289986171620232882689194985284527698
20	35	43	127	1753892825507810157502759197411334948295638857713771452825600000000000/147111217589354779063693900401204770803175327354720381611959849265953
20	36	43	133	137531639834446680689771440976177347666461508096754550933837890625/11092912376177457869815086957163933589341166290203961174465183744
20	37	43	137	9264253327908509255087326509556803012165900770377297671926624942158177791780291748046875000000000000000000/717925402820707377612253959078201295215756275479678995434402338660558785218076932275017658604023524077793
20	38	43	143	2023339663757808148770629484739811156598863836757218181486923106263240861892700195312500000000000000/150826971320873860915157641757689855819824078174132497703545918629476293381843879544721126483570521
20	39	43	150	4237176641656291773909178366828457587804413929683594219375837076258940744593202026367187500000000000000000/302182066535432255614734701333399524449282910532282724655138380663835618264136459996754463358299552427939
20	40	43	157	1570313872167482867030872555520000000000000/107752636643058178097424660240453423951129
20	41	43	166	9914919023081660102642994805273842501961353491285297100984856058640304550037894126409238281250000000000000000000/651035925566221445699180892713255909295749164022272888245300751441785643516417221045922280811889696833394964541
20	42	43	172	4610666585156844135986133519795472013943785974133191598595315767076473236083984375000000000000/291356705504951337929728147720395643095420439746452774779714363421177509357721128841316893761
21	21	48	48	257554342358885086515/36893488147419103232
21	22	48	52	126093690263495460231252347701354314670230420046801149135615727872000000/17343773367030267519903781288812032158308062539012091953077767198995507
21	23	48	60	760096703453010388023377758537640069837854050207962925945623232603898567244930295/100090982996428346070624587256717189761673612020802680064573200418396253173317632
21	24	48	67	6976724516642099013723155049112748689114379250040832/883083920634732936387916197418235242366790771484375
21	25	48	70	1086420066839273974548175712820038871705492645834421860939755788422189652919769287109375/131771083991865986644742122997793496548017278248280898179137351821693726157414665814016
21	26	48	71	8590420110907372107687051054285613687330828811894882010761855977718466332715890625/992748611446898847402661935655508673253976294744116714916435360738943074576092928
21	27	48	76	3711428811493694254184584502814542790562508436972143443880859375/411376139330301510538742295639337626245683966408394965837152256
21	28	48	83	144524306842899816761008597405532160000/15286700631942576193765185769276826401
21	29	48	88	73397369422124303297437610517262547282360829401233775707771412497300384881963514143177/7450580596923828125000000000000000000000000000000000000000000000000000000000000000000
21	30	48	96	23363843600259782856336731160306276769529446028172969818115234375/2264409569785983649891052521936763308590564704792705872078452932
21	31	48	102	60096594621006918888854501876485555112831505707460293390538655437748566931048494734613639703125/5592729363222763011253138708611123602107870815714540344913200602740819291510906319915427299328
21	32	48	109	274000511230927184058101280050821530870337609871267730678525602994913394990226856743178076160/24356848165022712132477606520104725518533453128685640844505130879576720609150223301256150373
21	33	48	118	213655809824381929776046125149668328295820905420910317614316484375/18318507830064342105948882554625021783996608697867328699156660224
21	34	48	125	1852448334237039875439114619169589236124766682072261630868320034445569217614887774231977439946177/152652954900000559577053864028325250699203996244082988234858078158140415325760841369628906250000
21	35	48	127	16922597853345485345532214392389322083772640326060354709625244140625/1345552503920646990840065088510430803576981294539568082929766629376
21	36	48	133	101295137964975540781719997885740315451652580907026059750645360445735567360/7743820085285286748099054360419982914939625614185095706708354997723042739
21	37	48	137	56904239361843857380486481892655099197042889454542069028383484829632010140856044674271893105242241333128281511328125/4178817924364424180060167856696611036540471351573849676918501111436441926671376047332673824667066840047253264007168
21	38	48	143	4278400306330461991243337434149264595812135530867965058124397663991646404561322574100141444883360000000000/302182066535432255614734701333399524449282910532282724655138380663835618264136459996754463358299552427939
21	39	48	150	1200799327768274751945548982314706323627558765107789377595401693413379371107906011301539/81129638414606681695789005144064000000000000000000000000000000000000000000000000000000
21	40	48	157	123657460815153756256891648366082075613580188266147328062128128000000000000000000000000000000000000000000000000/8037480562545943774063961638435258139453693382991023311670379647429452389091570630196571368048020948560431661
21	41	48	166	95022586590585623106439093501511648354978351390361129242213620113469543522040229450470728088698401032648716726290032231259375/5909416041821936528269902403465587178287307673864704703424952069290982472278815902348215800720412880391309586513093696946176
22	22	52	52	169462965018565733122836490869140625/22375817370941492913546639676801024
22	23	52	60	1750991757995921181562490743831019931227255130714409110585532928/221286168275894927908551469088292399464990012347698211669921875
22	24	52	67	3589976877741197428004460362397709961075879502151680000000000000/435993943892672664200353461405376235401663658494141675420261489
22	25	52	70	33330297942492387348707261381154816890033387721814506221562623977661132812500000/3877924263464448622666648186154330754898344901344205917642325627886496385062863
22	26	52	71	10556407595692260547140647881737549391227646810033708811556689453125/1169938961286127729896298045143551214238523305854091847782222528512
22	27	52	76	36956439185354619873716119886467229962489796682299816155225951334400000000000000/3927513814852118215253663462745985104429523654386747748367596265637242329346407
22	28	52	83	39834193003409516835170128723957815147943437828158655844286693376/4038967834731580443708050254247865495926816947758197784423828125
22	29	52	88	3045225926653960253587128293380506703766447800774448215949144481758997869350400000000000000/296268347137999580511986016095121463824221209200286284276999468744109088700461600209557393
22	30	52	96	106971640843216351791235107202709495721807080599268257719813846051692962646484375/9934683055275362681962893966789216197291293780783654811929040922430579192889344
22	31	52	102	819544945655192471011039732767180971294769625173435787762557518122126203801039257600000000000/73070544495068136397432819560314176555600359386056922533515392638730161827450669903768451119
22	32	52	109	662259676129064884102049096623714377829648485222049018216972288000000/56392087339601733413306017749077372989860250021295987473736382457209
22	33	52	118	5635040044360037908157027857624254347016087907841998848/462721057981751534460505581591860391199588775634765625
22	34	52	125	283627040593148417960485889720037919803786059905369879836950076591981651918952734375/22381200147625250450190194257365597903144793275901986964204482024500263259578826752
22	35	52	127	1696429682502714840195978559931872449035826539590743021108210086822509765625000000000000000/129145094611830193759793300721195927588894585574427704224501794558546796519922884436492491
22	36	52	133	90089511385585860455366446575977234641238841305608501662497794198936893824850624000000/6593012181135818604873641088565793338718216041722729705516887554767627147075930273961
22	37	52	137	68788162158392439424228191996419658630111292125221339503909831768522547387824181475435712562188256103515625/4834913064566916089835755221334392391188526568516523594482214090621369892226183359948071413732792838847024
22	38	52	143	1704582573016503400872506389155258346116779057139754508702803110609633117720970932391/115215310257505330275602840532541243392000000000000000000000000000000000000000000000
22	39	52	150	497307119162456981501452256304742057049559728052072053610051910252462684882278440017875618976991967472705078125/32149922250183775096255846553741032557814773531964093246681518589717809556366282520786285472192083794241726644
22	40	52	157	14055874333254966861899467793289121139916800000000000000000000000000000000000000000000000000000/874070116514854013789184443161186929286261319239358324339143090263532528073163386523950681283
23	23	60	60	624809830169681444863575/75557863725914323419136
23	24	60	67	7154693520281385119965617057947174444358427622794086598214933631173557953484554240000000/831267505718988390036813941204722033923894481804199376339387079831371760112620427336303
23	25	60	70	47126371206357896181441283342910872520637194118338584569727345296996645629405975341796875/5244320197971748813122541659839739559343490414128464064330213835076713099494450849120256
23	26	60	71	1355380310256875730198003836319429095625505601713489667108379325258036222290609375/143634790943163180443562549494710312390565436503286774797443520571876290901811456
23	27	60	76	11733280458100608485940123074900244947441978462407734821765749375333972337570894001243/1192092895507812500000000000000000000000000000000000000000000000000000000000000000000
23	28	60	83	1917412972835996275204967054945253809130972252805375243419189375612387497476096000000/185827054579278841559700271585570467103730680169756244046532270276543140066637438091
23	29	60	88	789334182075298737721607710870026148948447331838550004993601591220588910764725471455242397880859375/73387794704209096233663686134395163906859480843806198405951018309165030743206112729930237021782016
23	30	60	96	4391737979106498293547624615549570846046566881117504002926800643080798559822142124176025390625/389709570640363394119641704321675608296535250058970253512082094073227529746403572820098405968
23	31	60	102	71525336611791578221230789901931894448553160601678859913296122072521965141155173173885527795034077203125/6092183697703515994402368010467702786131174221194074950661070133800627388946833953181896550644820475904
23	32	60	109	23461413865783594638829250900352054349915522793308130870898907010640110677310986150990602829824/1908161936250006994713173300354065633740049953051037352935725976976755191572010517120361328125
23	33	60	118	20565535837591606220028787333935526712361035092311625808376337955922167714808602810587273646718515625/1612735434319193087890443291637166638892988762961085278561580002552919907990244125984411816004943872
23	34	60	125	1079568069615141611936028943134829540976766331031825407784338218717972292653941132137770621816725/81342812711828918520768369219049582167430788091566736072027802313468051068852548299631414411296
23	35	60	127	64646915151753695962084841755711936495173866033194109807696452040252243715761166828616633893034304492175579071044921875/4698483503277066534956665534386726799552784467456440001330888600774999587178403123188393093933987187973064024332959744
23	36	60	133	4325677134637070078244331455854522705850652244357251204335199172988426296647595209664938552496552033648640/302182066535432255614734701333399524449282910532282724655138380663835618264136459996754463358299552427939
23	37	60	137	6251310481314197497842152184597640573960313201829223274557393012225118510304340566484459907177449506284044795529/419348189952099061554935129487785456252643191958063493939200000000000000000000000000000000000000000000000000000
23	38	60	143	2452727639113281988466203957719176125540635775657323293639096785735611092787836747117418516682521369670400000000000/158201729912591811304900956929321185958867046857412311843608082600353911374489384714159114237289196330514976383463
23	39	60	150	191604659153841305277803376129214589758253803434301982997268036033236204439796697015646112330483064828094235862935068211859375/11818832083643873056539804806931174356574615347729409406849904138581964944557631804696431601440825760782619173026187393892352
24	24	67	67	27148308227924217780333583474365234375/3029796626491780329715273921195933696
24	25	67	70	22967384778943452623378019749304375000000000000000000000000000000000000000000000000000/2454511564034231023619511460713745056058836250487970812155532105427924249692505148369
24	26	67	71	41184651359728912482002624249102334473168925682822020799198302194550964224/4190416947168583873289747133050915650631651487856288440525531768798828125
24	27	67	76	150554339292825746457345817045490459275972159758521157550080000000000000000/14683238120526699656416989163066424201637766902643157972951206020119345033
24	28	67	83	2346559435853487186474971294179041843358047625121023597340468554687500/218263528352380065590453321120025707027620272999857522752758345280681
24	29	67	88	7081215171343474492068699445379423644511764482728188112334535310436385270303976356577280000000000000000/631753912798281801388665842436162308760762068621451359635717797346658001594676707558644708887205526173
24	30	67	96	215386534841615727498022460937500000000000000000000000000/18336852654371547634891442709414373885641390103835234769
24	31	67	102	3411642284540929621784273657319783535693464332272873531775508664053832928405097023037233071059369984/278743485351838707825690070575707619209377843304234794860879464344242251172545365989208221435546875
24	32	67	109	7766390285032520281408151636376870154194124800000000/605812356379240285464091926116985472535233594059437
24	33	67	118	102977550745683760136877385906107434913088442235384768724205568000000000000/7743820085285286748099054360419982914939625614185095706708354997723042739
24	34	67	125	215191377256860340658079836075038060338633341507659600564570887851266593543707512283627520000000/15545977849244077236756643351546438904613798415219270171340654971270962472996607191163337374051
24	35	67	127	2917777417851377169428390248968818864486170226030403082557603964003693838351155200000000000000000000000000000000000000000000000/203292983730422561500879135122225499059506978853928035321885635172694326027978878534352426026662154525652295654278975729466739
24	36	67	133	11373339808425874662149448168185021524175890973967/761555728701068801456131041049957275390625000000
24	37	67	137	3242758744899232683895822281104836899319218347680437113533851677107287762772780962268994512750518836700119040000000000000/208471546073038481238169384348270931612051715452302283006283795470246384808781928105389623667460963900554695699200692261
24	38	67	143	122269732736154213591157967068583779015528134394103161590414316001764222454042505860874240000000000000000/7557042581030436959726395267925152022676373904317882403056075685553504055602863716506263425473464814361
25	25	70	70	756191249441834271367094793/77371252455336267181195264
25	26	70	71	1266109179977336463114906424132949653849035702469592867824843551716185174882411956787109375/123305913720189633874622234611148454587614700288002095249564581006540753677497405320159232
25	27	70	76	7670011832132041097068831943788058410711846730107181821338435678825362629140727221965789794921875/715869358492513665440401754702223821069807464411461164148889677150824869313396008949174694313984
25	28	70	83	273678251275652026883810160914141458064542972691764589399099349975585937500000000000000000000/24356848165022712132477606520104725518533453128685640844505130879576720609150223301256150373
25	29	70	88	185017348470129481045583529795071665660474782954371813321514172142927268094325654601561836898326873779296875/15790940144447513457490937883132285621652003581335042272113493786811226192150193606647475859271374673543168
25	30	70	96	98241065031351763431040582488731803731612861156463623046875/7999857929363172673043103035554146500545803621990560937472
25	31	70	102	2418195601668353531992674897380353821573329311726887843543920991462581326914005330763757228851318359375/188949235438718318743735686364847327103158915603351437725759399941959062791499851974709391514436370432
25	32	70	109	102241330077458911101259936356022347531236147200000000000000000000000000000000000000000000000000/7625888691733961111322034614285898328196636383584381506752606466887629787704926403090445101059
25	33	70	118	886913746986279358839656784084379605801469615749578484059767433695355476619415213690444943495094776153564453125/63763701238470827942812619883676315865180532097989649611183183463080473734609619862864285654709882202869465088
25	34	70	125	4480835838063466869359676850480457911441798904217739533562148471624490653741901269313530065119266510009765625/309434436132282629749488334165401113036065700385057510046861701799767673102475735036676570478898741686209536
25	35	70	127	13572877863186814758255065472174055957535193115396537660621106624603271484375/903851937360754592016844445741153670250315792737228923215190599333306171392
25	36	70	133	125605907682698350945091055082357224323099894634574657680756881619250774383544921875000000000000000000000000000/8037480562545943774063961638435258139453693382991023311670379647429452389091570630196571368048020948560431661
25	37	70	137	6156961503013739065001057379245622831726700076720999270715635477101537448869203086934694113541155502389301545917987823486328125/378202626676603937809273753821797579410387691127341101019196932434622878225844217750285811246106424345043813536837996604555264
26	26	71	71	26707909919499887464599609375/2475880078570760549798248448
26	27	71	76	274221248940703280740017953677566455492844204023768925326704973074373433036709464111328125000/24356848165022712132477606520104725518533453128685640844505130879576720609150223301256150373
26	28	71	83	176133216831426891022430832238071923393858747735410776581766304572090956728515625/14914525902738235818141461506041333857325772871620438617301554482287228487817216
26	29	71	88	2813823868451603745715768216130452647763510979777536316593135563138873086355094860955976762996/228450925838111531828244456469465393952049249445752007899067732751063886098563671112060546875
26	30	71	96	9469584667295776364777579593056007329639753020544316428634393014363013207912445068359375/733387166437384206751832285425355912090248586064756308843052466978824626489878995009536
26	31	71	102	3220855673654297818767218975698874984123897304185299910876487994545193864625775300560562685290955468750000/239308467606902459204084653026067098405252091826559665144800779553519595072692310758339219534674508025931
26	32	71	109	92975281708083381606643170807487402456764674190420252965098847840785858799075328000000/6593012181135818604873641088565793338718216041722729705516887554767627147075930273961
26	33	71	118	17687186075512993363264989160416651524565884374074314312832507190150823206195765658051482786388453466796875/1208728266141729022458938805333598097797131642129130898620553522655342473056545839987017853433198209711756
26	34	71	125	36946272408276956289092671422406845751709090445984009439334792460913138467238706641170381545783/2424843832394292181929418801369608880128000000000000000000000000000000000000000000000000000000
26	35	71	127	52711710908570047533986586766381810188178296102883711694734101876974147481272398109000589982997553306631743907928466796875/3335544737168615699810710149572334905792827447236836528100540727523942156940510849686233978679375422408875131187211076176
26	36	71	133	9814764150123990810028182121784716232960990979387907972172376178931970708165153894989775706171875/596698532874140340080083246531370277059421060600735282748855016286571539164612871867016998422528
27	27	76	76	254214583170887914190921783447265625/21630916595004023601725595306688512
27	28	76	83	5300144167891650613897510608638650712665079642761928987502564149464799806936598936813568/429870720998401575768983681103763905968958453423337694869360348093323409557342529296875
27	29	76	88	922744729821138656958233001460787664328239487840823186601711498197693490622704297637939453125/71744576693574025140898825937929142938863626951037939246779016547152234313352896286518411264
27	30	76	96	104426057208020482248039619160649479441198066342622041702270507812500000000/7743820085285286748099054360419982914939625614185095706708354997723042739
27	31	76	102	854886661097720454556972189709338084688077394771503964354778625920448579040402072680398501329754638671875/60809804190131023352444286235500636925869495485295915232833083594398950323686237204422269491872675135488
27	32	76	109	4451814306954885497462401412034070137379729891394406298677487534357374857573884732847368559394816000000000/302182066535432255614734701333399524449282910532282724655138380663835618264136459996754463358299552427939
27	33	76	118	5914605395856685000136251883238775504949557940649577137559601470609788903/386856262276681335905976320000000000000000000000000000000000000000000000
27	34	76	125	127971089646720890706832125960921913609257141852757903737163301344394043354902637705359315792925403063125000000/8037480562545943774063961638435258139453693382991023311670379647429452389091570630196571368048020948560431661
27	35	76	127	9430493272276807804623017377264421791762800377850652264997378698377795675766557797947224416379441436220076866447925567626953125/570993993508429606891454378394474642481727105029502796084488782134927009805829674440311738021904791022609262823432141035012096
28	28	83	83	32031177908026493606115234375/2475880078570760549798248448
28	29	83	88	87211821850956400042756588436791407137078480530963312126958033820087648407207895656294361595904000000000000/6461328625386366398510285631703811656941806479317110958909621047945029066962692390475158927436211716700137
28	30	83	96	95557121052036660363902447316698256051529659405014396159287567963474430143833160400390625/6751244473483078251390608474691372378847453226724075218449292856082050198605752600536064
28	31	83	102	87777578786585998205420557254763632241354842023007485096838421884652563295758755479753585227011719168000000000/5947849615616913087264823126345302839735235528006920869387088746606276474292997942116118102281410090439123337
28	32	83	109	1712213290932032792763723684675598874972538837282297175148068864/110698177120494719948508299811607002993696369230747222900390625
28	33	83	118	129033972549315053457767447108001437667232366995756259481455095675525235269980152639146013534086758400000000000/8037480562545943774063961638435258139453693382991023311670379647429452389091570630196571368048020948560431661
28	34	83	125	319272498451843786899768143951980234660943396923745782405095850995725147947832732386765121478534375/19094353051972490882562663889003848865901473939223529047963360521170289253267611899744543949520896
29	29	88	88	17830585817834337327172515869140625/1266007006932105633754401554300928
29	30	88	96	4463617155362908337362621623825484257751176620122394654609048100940787461372325196862220764160156250000000/302182066535432255614734701333399524449282910532282724655138380663835618264136459996754463358299552427939
29	31	88	102	3009836562479209807593801463973151852997471709970300051523875309492832694929404493322857981978773895256640852955051/195397416854019649130121413916000232362630492777251506124337709056000000000000000000000000000000000000000000000000
29	32	88	109	31535743280184958399056967548840414824851814082234926366687308067480166957787483223621516552960992713113600000000/1953107776698664337097542678139767727887247492066818664735902254325356930549251663137766842435669090500184893623
29	33	88	118	92245625191066715118407134196046039111509221972681893442144483806920164657997406822272402735404335342286417236328125/5503572562543616190804077688106882551952551746614933669031553034941649504265576510083131306544330791003359096602624
30	30	96	96	4910287853679306900161291229375/316912650057057350374175801344
30	31	96	102	129882963199478594253802554939300132919070676870151168209882542274939801155710789058357477188110351562500000000/8037480562545943774063961638435258139453693382991023311670379647429452389091570630196571368048020948560431661
30	32	96	109	4935902960641523903411879237095766993084786950290608212043366400000000000000000000000000000000/291356705504951337929728147720395643095420439746452774779714363421177509357721128841316893761
31	31	102	102	117090930965338860985406123046875/6946540504428563148172299337728
