lean-proof	Set up job	﻿2026-10-09T00:07:58.1767134Z Current runner version: '2.337.0'
lean-proof	Set up job	2026-10-09T00:07:58.1799509Z ##[group]Runner Image Provisioner
lean-proof	Set up job	2026-10-09T00:07:58.1800580Z Hosted Compute Agent
lean-proof	Set up job	2026-10-09T00:07:58.1801223Z Version: 20261002.596
lean-proof	Set up job	2026-10-09T00:07:58.1801986Z Commit: c3d12f3313a95f25162a1503be624f3b0617f8c0
lean-proof	Set up job	2026-10-09T00:07:58.1802807Z Build Date: 2026-10-02T22:28:27Z
lean-proof	Set up job	2026-10-09T00:07:58.1803561Z Worker ID: {2f8bea53-12b0-4903-b11f-69ff864ac334}
lean-proof	Set up job	2026-10-09T00:07:58.1804334Z Region: southcentralus
lean-proof	Set up job	2026-10-09T00:07:58.1804958Z Cloud: Azure
lean-proof	Set up job	2026-10-09T00:07:58.1805601Z ##[endgroup]
lean-proof	Set up job	2026-10-09T00:07:58.1807574Z ##[group]Operating System
lean-proof	Set up job	2026-10-09T00:07:58.1808400Z Ubuntu
lean-proof	Set up job	2026-10-09T00:07:58.1808990Z 24.04.5
lean-proof	Set up job	2026-10-09T00:07:58.1809550Z LTS
lean-proof	Set up job	2026-10-09T00:07:58.1810161Z ##[endgroup]
lean-proof	Set up job	2026-10-09T00:07:58.1810823Z ##[group]Runner Image
lean-proof	Set up job	2026-10-09T00:07:58.1811447Z Image: ubuntu-24.04
lean-proof	Set up job	2026-10-09T00:07:58.1812126Z Version: 20261004.327.1
lean-proof	Set up job	2026-10-09T00:07:58.1813237Z Included Software: https://github.com/actions/runner-images/blob/ubuntu24/20261004.327/images/ubuntu/Ubuntu2404-Readme.md
lean-proof	Set up job	2026-10-09T00:07:58.1815163Z Image Release: https://github.com/actions/runner-images/releases/tag/ubuntu24%2F20261004.327
lean-proof	Set up job	2026-10-09T00:07:58.1816188Z ##[endgroup]
lean-proof	Set up job	2026-10-09T00:07:58.1817778Z ##[group]GITHUB_TOKEN Permissions
lean-proof	Set up job	2026-10-09T00:07:58.1820419Z Contents: read
lean-proof	Set up job	2026-10-09T00:07:58.1821263Z Metadata: read
lean-proof	Set up job	2026-10-09T00:07:58.1821878Z ##[endgroup]
lean-proof	Set up job	2026-10-09T00:07:58.1824420Z Secret source: Actions
lean-proof	Set up job	2026-10-09T00:07:58.1825475Z Cache mode: write
lean-proof	Set up job	2026-10-09T00:07:58.1826407Z Prepare workflow directory
lean-proof	Set up job	2026-10-09T00:07:58.2173717Z Prepare all required actions
lean-proof	Set up job	2026-10-09T00:07:58.2223758Z Getting action download info
lean-proof	Set up job	2026-10-09T00:07:58.5030344Z Download action repository 'actions/checkout@v4' (SHA:11d5960a326750d5838078e36cf38b85af677262)
lean-proof	Set up job	2026-10-09T00:07:58.5765269Z Download action repository 'leanprover/lean-action@v1' (SHA:f061402b660e0c34644504b324e830f2991d4865)
lean-proof	Set up job	2026-10-09T00:07:58.9182206Z Getting action download info
lean-proof	Set up job	2026-10-09T00:07:59.0182276Z Download action repository 'actions/cache@caa296126883cff596d87d8935842f9db880ef25' (SHA:caa296126883cff596d87d8935842f9db880ef25)
lean-proof	Set up job	2026-10-09T00:07:59.1823040Z Complete job name: lean-proof
lean-proof	Run actions/checkout@v4	﻿2026-10-09T00:07:59.2611010Z ##[group]Run actions/checkout@v4
lean-proof	Run actions/checkout@v4	2026-10-09T00:07:59.2611949Z with:
lean-proof	Run actions/checkout@v4	2026-10-09T00:07:59.2612439Z   repository: mxym/math
lean-proof	Run actions/checkout@v4	2026-10-09T00:07:59.2616458Z   token: ***
lean-proof	Run actions/checkout@v4	2026-10-09T00:07:59.2617193Z   ssh-strict: true
lean-proof	Run actions/checkout@v4	2026-10-09T00:07:59.2617691Z   ssh-user: git
lean-proof	Run actions/checkout@v4	2026-10-09T00:07:59.2618190Z   persist-credentials: true
lean-proof	Run actions/checkout@v4	2026-10-09T00:07:59.2618733Z   clean: true
lean-proof	Run actions/checkout@v4	2026-10-09T00:07:59.2619220Z   sparse-checkout-cone-mode: true
lean-proof	Run actions/checkout@v4	2026-10-09T00:07:59.2619793Z   fetch-depth: 1
lean-proof	Run actions/checkout@v4	2026-10-09T00:07:59.2620286Z   fetch-tags: false
lean-proof	Run actions/checkout@v4	2026-10-09T00:07:59.2620767Z   show-progress: true
lean-proof	Run actions/checkout@v4	2026-10-09T00:07:59.2621251Z   lfs: false
lean-proof	Run actions/checkout@v4	2026-10-09T00:07:59.2621701Z   submodules: false
lean-proof	Run actions/checkout@v4	2026-10-09T00:07:59.2622227Z   set-safe-directory: true
lean-proof	Run actions/checkout@v4	2026-10-09T00:07:59.2622775Z   allow-unsafe-pr-checkout: false
lean-proof	Run actions/checkout@v4	2026-10-09T00:07:59.2623552Z ##[endgroup]
lean-proof	Run actions/checkout@v4	2026-10-09T00:07:59.3667947Z Syncing repository: mxym/math
lean-proof	Run actions/checkout@v4	2026-10-09T00:07:59.3671176Z ##[group]Getting Git version info
lean-proof	Run actions/checkout@v4	2026-10-09T00:07:59.3672365Z Working directory is '/home/runner/work/math/math'
lean-proof	Run actions/checkout@v4	2026-10-09T00:07:59.3674317Z [command]/usr/bin/git version
lean-proof	Run actions/checkout@v4	2026-10-09T00:07:59.3690236Z git version 2.55.0
lean-proof	Run actions/checkout@v4	2026-10-09T00:07:59.3711733Z ##[endgroup]
lean-proof	Run actions/checkout@v4	2026-10-09T00:07:59.3727773Z Temporarily overriding HOME='/home/runner/work/_temp/3502f5f4-0967-47cb-a65d-1539443f0112' before making global git config changes
lean-proof	Run actions/checkout@v4	2026-10-09T00:07:59.3730276Z Adding repository directory to the temporary git global config as a safe directory
lean-proof	Run actions/checkout@v4	2026-10-09T00:07:59.3732263Z [command]/usr/bin/git config --global --add safe.directory /home/runner/work/math/math
lean-proof	Run actions/checkout@v4	2026-10-09T00:07:59.3781999Z Deleting the contents of '/home/runner/work/math/math'
lean-proof	Run actions/checkout@v4	2026-10-09T00:07:59.3792417Z ##[group]Initializing the repository
lean-proof	Run actions/checkout@v4	2026-10-09T00:07:59.3799284Z [command]/usr/bin/git init /home/runner/work/math/math
lean-proof	Run actions/checkout@v4	2026-10-09T00:07:59.3877163Z hint: Using 'master' as the name for the initial branch. This default branch name
lean-proof	Run actions/checkout@v4	2026-10-09T00:07:59.3879697Z hint: will change to "main" in Git 3.0. To configure the initial branch name
lean-proof	Run actions/checkout@v4	2026-10-09T00:07:59.3881984Z hint: to use in all of your new repositories, which will suppress this warning,
lean-proof	Run actions/checkout@v4	2026-10-09T00:07:59.3883486Z hint: call:
lean-proof	Run actions/checkout@v4	2026-10-09T00:07:59.3884644Z hint:
lean-proof	Run actions/checkout@v4	2026-10-09T00:07:59.3885582Z hint: 	git config --global init.defaultBranch <name>
lean-proof	Run actions/checkout@v4	2026-10-09T00:07:59.3886897Z hint:
lean-proof	Run actions/checkout@v4	2026-10-09T00:07:59.3887978Z hint: Names commonly chosen instead of 'master' are 'main', 'trunk' and
lean-proof	Run actions/checkout@v4	2026-10-09T00:07:59.3889660Z hint: 'development'. The just-created branch can be renamed via this command:
lean-proof	Run actions/checkout@v4	2026-10-09T00:07:59.3891005Z hint:
lean-proof	Run actions/checkout@v4	2026-10-09T00:07:59.3891820Z hint: 	git branch -m <name>
lean-proof	Run actions/checkout@v4	2026-10-09T00:07:59.3892706Z hint:
lean-proof	Run actions/checkout@v4	2026-10-09T00:07:59.3893877Z hint: Disable this message with "git config set advice.defaultBranchName false"
lean-proof	Run actions/checkout@v4	2026-10-09T00:07:59.3895722Z Initialized empty Git repository in /home/runner/work/math/math/.git/
lean-proof	Run actions/checkout@v4	2026-10-09T00:07:59.3899012Z [command]/usr/bin/git remote add origin https://github.com/mxym/math
lean-proof	Run actions/checkout@v4	2026-10-09T00:07:59.3945784Z ##[endgroup]
lean-proof	Run actions/checkout@v4	2026-10-09T00:07:59.3947473Z ##[group]Disabling automatic garbage collection
lean-proof	Run actions/checkout@v4	2026-10-09T00:07:59.3950938Z [command]/usr/bin/git config --local gc.auto 0
lean-proof	Run actions/checkout@v4	2026-10-09T00:07:59.3987408Z ##[endgroup]
lean-proof	Run actions/checkout@v4	2026-10-09T00:07:59.3988793Z ##[group]Setting up auth
lean-proof	Run actions/checkout@v4	2026-10-09T00:07:59.3995549Z [command]/usr/bin/git config --local --name-only --get-regexp core\.sshCommand
lean-proof	Run actions/checkout@v4	2026-10-09T00:07:59.4029902Z [command]/usr/bin/git submodule foreach --recursive sh -c "git config --local --name-only --get-regexp 'core\.sshCommand' && git config --local --unset-all 'core.sshCommand' || :"
lean-proof	Run actions/checkout@v4	2026-10-09T00:07:59.4373105Z [command]/usr/bin/git config --local --name-only --get-regexp http\.https\:\/\/github\.com\/\.extraheader
lean-proof	Run actions/checkout@v4	2026-10-09T00:07:59.4412519Z [command]/usr/bin/git submodule foreach --recursive sh -c "git config --local --name-only --get-regexp 'http\.https\:\/\/github\.com\/\.extraheader' && git config --local --unset-all 'http.https://github.com/.extraheader' || :"
lean-proof	Run actions/checkout@v4	2026-10-09T00:07:59.4683935Z [command]/usr/bin/git config --local --name-only --get-regexp ^includeIf\.gitdir:
lean-proof	Run actions/checkout@v4	2026-10-09T00:07:59.4725859Z [command]/usr/bin/git submodule foreach --recursive git config --local --show-origin --name-only --get-regexp remote.origin.url
lean-proof	Run actions/checkout@v4	2026-10-09T00:07:59.4972551Z [command]/usr/bin/git config --local http.https://github.com/.extraheader AUTHORIZATION: basic ***
lean-proof	Run actions/checkout@v4	2026-10-09T00:07:59.5016270Z ##[endgroup]
lean-proof	Run actions/checkout@v4	2026-10-09T00:07:59.5017925Z ##[group]Fetching the repository
lean-proof	Run actions/checkout@v4	2026-10-09T00:07:59.5026608Z [command]/usr/bin/git -c protocol.version=2 fetch --no-tags --prune --no-recurse-submodules --depth=1 origin +c601b080c76f0038aeccba45446d10ce3fa82cf7:refs/remotes/origin/research/gaussian-three-cell-elementary-20261008
lean-proof	Run actions/checkout@v4	2026-10-09T00:08:06.0908965Z From https://github.com/mxym/math
lean-proof	Run actions/checkout@v4	2026-10-09T00:08:06.0910355Z  * [new ref]         c601b080c76f0038aeccba45446d10ce3fa82cf7 -> origin/research/gaussian-three-cell-elementary-20261008
lean-proof	Run actions/checkout@v4	2026-10-09T00:08:06.0922770Z ##[endgroup]
lean-proof	Run actions/checkout@v4	2026-10-09T00:08:06.0931885Z ##[group]Determining the checkout info
lean-proof	Run actions/checkout@v4	2026-10-09T00:08:06.0932481Z ##[endgroup]
lean-proof	Run actions/checkout@v4	2026-10-09T00:08:06.0932862Z [command]/usr/bin/git sparse-checkout disable
lean-proof	Run actions/checkout@v4	2026-10-09T00:08:06.0979217Z [command]/usr/bin/git config --local --unset-all extensions.worktreeConfig
lean-proof	Run actions/checkout@v4	2026-10-09T00:08:06.1017253Z ##[group]Checking out the ref
lean-proof	Run actions/checkout@v4	2026-10-09T00:08:06.1022740Z [command]/usr/bin/git checkout --progress --force -B research/gaussian-three-cell-elementary-20261008 refs/remotes/origin/research/gaussian-three-cell-elementary-20261008
lean-proof	Run actions/checkout@v4	2026-10-09T00:08:07.1162806Z Updating files:  88% (6754/7593)
lean-proof	Run actions/checkout@v4	2026-10-09T00:08:07.1460190Z Updating files:  89% (6758/7593)
lean-proof	Run actions/checkout@v4	2026-10-09T00:08:07.1759253Z Updating files:  90% (6834/7593)
lean-proof	Run actions/checkout@v4	2026-10-09T00:08:07.1851221Z Updating files:  91% (6910/7593)
lean-proof	Run actions/checkout@v4	2026-10-09T00:08:07.1899551Z Updating files:  92% (6986/7593)
lean-proof	Run actions/checkout@v4	2026-10-09T00:08:07.1963359Z Updating files:  93% (7062/7593)
lean-proof	Run actions/checkout@v4	2026-10-09T00:08:07.2019800Z Updating files:  94% (7138/7593)
lean-proof	Run actions/checkout@v4	2026-10-09T00:08:07.2108887Z Updating files:  95% (7214/7593)
lean-proof	Run actions/checkout@v4	2026-10-09T00:08:07.2145091Z Updating files:  96% (7290/7593)
lean-proof	Run actions/checkout@v4	2026-10-09T00:08:07.2188364Z Updating files:  97% (7366/7593)
lean-proof	Run actions/checkout@v4	2026-10-09T00:08:07.2330479Z Updating files:  98% (7442/7593)
lean-proof	Run actions/checkout@v4	2026-10-09T00:08:07.2654038Z Updating files:  99% (7518/7593)
lean-proof	Run actions/checkout@v4	2026-10-09T00:08:07.2655205Z Updating files: 100% (7593/7593)
lean-proof	Run actions/checkout@v4	2026-10-09T00:08:07.2655933Z Updating files: 100% (7593/7593), done.
lean-proof	Run actions/checkout@v4	2026-10-09T00:08:07.3273045Z Switched to a new branch 'research/gaussian-three-cell-elementary-20261008'
lean-proof	Run actions/checkout@v4	2026-10-09T00:08:07.3276480Z branch 'research/gaussian-three-cell-elementary-20261008' set up to track 'origin/research/gaussian-three-cell-elementary-20261008'.
lean-proof	Run actions/checkout@v4	2026-10-09T00:08:07.3333580Z ##[endgroup]
lean-proof	Run actions/checkout@v4	2026-10-09T00:08:07.4671661Z [command]/usr/bin/git log -1 --format=%H
lean-proof	Run actions/checkout@v4	2026-10-09T00:08:07.4717607Z c601b080c76f0038aeccba45446d10ce3fa82cf7
lean-proof	Install pinned Lean and Mathlib	﻿2026-10-09T00:08:07.5329161Z ##[group]Run leanprover/lean-action@v1
lean-proof	Install pinned Lean and Mathlib	2026-10-09T00:08:07.5329557Z with:
lean-proof	Install pinned Lean and Mathlib	2026-10-09T00:08:07.5329967Z   lake-package-directory: formalizations/gaussian-simplex-all-k-progress
lean-proof	Install pinned Lean and Mathlib	2026-10-09T00:08:07.5330434Z   use-mathlib-cache: true
lean-proof	Install pinned Lean and Mathlib	2026-10-09T00:08:07.5330686Z   build: false
lean-proof	Install pinned Lean and Mathlib	2026-10-09T00:08:07.5330901Z   test: false
lean-proof	Install pinned Lean and Mathlib	2026-10-09T00:08:07.5331128Z   auto-config: true
lean-proof	Install pinned Lean and Mathlib	2026-10-09T00:08:07.5331357Z   lint: default
lean-proof	Install pinned Lean and Mathlib	2026-10-09T00:08:07.5331578Z   mk_all-check: false
lean-proof	Install pinned Lean and Mathlib	2026-10-09T00:08:07.5331843Z   check-reservoir-eligibility: false
lean-proof	Install pinned Lean and Mathlib	2026-10-09T00:08:07.5332133Z   leanchecker: false
lean-proof	Install pinned Lean and Mathlib	2026-10-09T00:08:07.5332360Z   lean4checker: false
lean-proof	Install pinned Lean and Mathlib	2026-10-09T00:08:07.5332585Z   nanoda: false
lean-proof	Install pinned Lean and Mathlib	2026-10-09T00:08:07.5332808Z   nanoda-allow-sorry: true
lean-proof	Install pinned Lean and Mathlib	2026-10-09T00:08:07.5333061Z   axiom-audit: false
lean-proof	Install pinned Lean and Mathlib	2026-10-09T00:08:07.5333358Z   axiom-audit-allow: propext,Classical.choice,Quot.sound
lean-proof	Install pinned Lean and Mathlib	2026-10-09T00:08:07.5333717Z   use-github-cache: true
lean-proof	Install pinned Lean and Mathlib	2026-10-09T00:08:07.5333988Z   reinstall-transient-toolchain: false
lean-proof	Install pinned Lean and Mathlib	2026-10-09T00:08:07.5334277Z ##[endgroup]
lean-proof	Install pinned Lean and Mathlib	2026-10-09T00:08:07.5399265Z ##[start-action display=install elan;id=__leanprover_lean-action.__run]
lean-proof	Install pinned Lean and Mathlib	2026-10-09T00:08:07.5775925Z ##[group]Run : Install Elan
lean-proof	Install pinned Lean and Mathlib	2026-10-09T00:08:07.5776347Z [36;1m: Install Elan[0m
lean-proof	Install pinned Lean and Mathlib	2026-10-09T00:08:07.5776930Z [36;1m${GITHUB_ACTION_PATH}/scripts/install_elan.sh[0m
lean-proof	Install pinned Lean and Mathlib	2026-10-09T00:08:07.7220700Z shell: /usr/bin/bash --noprofile --norc -e -o pipefail {0}
lean-proof	Install pinned Lean and Mathlib	2026-10-09T00:08:07.7221142Z ##[endgroup]
lean-proof	Install pinned Lean and Mathlib	2026-10-09T00:08:07.7671337Z ##[group]Elan Installation Output
lean-proof	Install pinned Lean and Mathlib	2026-10-09T00:08:07.8334875Z info: downloading installer
lean-proof	Install pinned Lean and Mathlib	2026-10-09T00:08:12.7744038Z info: downloading https://releases.lean-lang.org/lean4/v4.34.1/lean-4.34.1-linux.tar.zst
lean-proof	Install pinned Lean and Mathlib	2026-10-09T00:08:19.7257168Z info: installing /home/runner/.elan/toolchains/leanprover--lean4---v4.34.1
lean-proof	Install pinned Lean and Mathlib	2026-10-09T00:08:27.1648208Z Lean (version 4.34.1, x86_64-unknown-linux-gnu, commit 5045d0056413266e57c625dcd7c365b10e377c52, Release)
lean-proof	Install pinned Lean and Mathlib	2026-10-09T00:08:27.2058312Z Lake version 5.0.0-src+5045d00 (Lean version 4.34.1)
lean-proof	Install pinned Lean and Mathlib	2026-10-09T00:08:27.2059542Z ##[endgroup]
lean-proof	Install pinned Lean and Mathlib	2026-10-09T00:08:27.2059884Z 
lean-proof	Install pinned Lean and Mathlib	2026-10-09T00:08:27.2088641Z ##[end-action id=__leanprover_lean-action.__run;outcome=success;conclusion=success;duration_ms=19668]
lean-proof	Install pinned Lean and Mathlib	2026-10-09T00:08:27.2097873Z ##[start-action display=configure `lean-action`;id=__leanprover_lean-action.config]
lean-proof	Install pinned Lean and Mathlib	2026-10-09T00:08:27.2193222Z ##[group]Run : Configure Lean Action
lean-proof	Install pinned Lean and Mathlib	2026-10-09T00:08:27.2193632Z [36;1m: Configure Lean Action[0m
lean-proof	Install pinned Lean and Mathlib	2026-10-09T00:08:27.2193958Z [36;1m${GITHUB_ACTION_PATH}/scripts/config.sh[0m
lean-proof	Install pinned Lean and Mathlib	2026-10-09T00:08:27.2267921Z shell: /usr/bin/bash --noprofile --norc -e -o pipefail {0}
lean-proof	Install pinned Lean and Mathlib	2026-10-09T00:08:27.2268304Z env:
lean-proof	Install pinned Lean and Mathlib	2026-10-09T00:08:27.2268538Z   AUTO_CONFIG: true
lean-proof	Install pinned Lean and Mathlib	2026-10-09T00:08:27.2268763Z   BUILD: false
lean-proof	Install pinned Lean and Mathlib	2026-10-09T00:08:27.2268975Z   TEST: false
lean-proof	Install pinned Lean and Mathlib	2026-10-09T00:08:27.2269178Z   LINT: default
lean-proof	Install pinned Lean and Mathlib	2026-10-09T00:08:27.2269411Z ##[endgroup]
lean-proof	Install pinned Lean and Mathlib	2026-10-09T00:08:27.2385328Z ##[group]Configure lean-action
lean-proof	Install pinned Lean and Mathlib	2026-10-09T00:08:27.2412713Z build: false -> will not run lake build
lean-proof	Install pinned Lean and Mathlib	2026-10-09T00:08:27.2413242Z test: false -> will not run lake test
lean-proof	Install pinned Lean and Mathlib	2026-10-09T00:08:27.2883052Z lake check-lint failed -> will not run lake lint
lean-proof	Install pinned Lean and Mathlib	2026-10-09T00:08:27.2916902Z ##[end-action id=__leanprover_lean-action.config;outcome=success;conclusion=success;duration_ms=81]
lean-proof	Install pinned Lean and Mathlib	2026-10-09T00:08:27.2922242Z ##[start-action display=reinstall transient toolchain;id=__leanprover_lean-action.__run_2]
lean-proof	Install pinned Lean and Mathlib	2026-10-09T00:08:27.2941298Z ##[end-action id=__leanprover_lean-action.__run_2;outcome=skipped;conclusion=skipped;duration_ms=0]
lean-proof	Install pinned Lean and Mathlib	2026-10-09T00:08:27.2944378Z ##[start-action display=ensure all files are imported;id=__leanprover_lean-action.mk_all]
lean-proof	Install pinned Lean and Mathlib	2026-10-09T00:08:27.2948893Z ##[end-action id=__leanprover_lean-action.mk_all;outcome=skipped;conclusion=skipped;duration_ms=0]
lean-proof	Install pinned Lean and Mathlib	2026-10-09T00:08:27.2951134Z ##[start-action display=Run actions/cache/restore@caa296126883cff596d87d8935842f9db880ef25;id=__leanprover_lean-action.__actions_cache]
lean-proof	Install pinned Lean and Mathlib	2026-10-09T00:08:27.5255045Z ##[group]Run actions/cache/restore@caa296126883cff596d87d8935842f9db880ef25
lean-proof	Install pinned Lean and Mathlib	2026-10-09T00:08:27.5255478Z with:
lean-proof	Install pinned Lean and Mathlib	2026-10-09T00:08:27.5256079Z   path: formalizations/gaussian-simplex-all-k-progress/.lake
lean-proof	Install pinned Lean and Mathlib	2026-10-09T00:08:27.5257500Z   key: lake-Linux-X64-d791b020c21edcc7e9e22797f1d59fde59e8af8f675af62dc2f1fd7521bfef93-ee6d7d9ec9afd73cd17cdd862675212e7a51cb29cff40bb8109e45310bf6dfb3-c601b080c76f0038aeccba45446d10ce3fa82cf7
lean-proof	Install pinned Lean and Mathlib	2026-10-09T00:08:27.5259008Z   restore-keys: lake-Linux-X64-d791b020c21edcc7e9e22797f1d59fde59e8af8f675af62dc2f1fd7521bfef93-ee6d7d9ec9afd73cd17cdd862675212e7a51cb29cff40bb8109e45310bf6dfb3
lean-proof	Install pinned Lean and Mathlib	2026-10-09T00:08:27.5259809Z   enableCrossOsArchive: false
lean-proof	Install pinned Lean and Mathlib	2026-10-09T00:08:27.5260100Z   fail-on-cache-miss: false
lean-proof	Install pinned Lean and Mathlib	2026-10-09T00:08:27.5260362Z   lookup-only: false
lean-proof	Install pinned Lean and Mathlib	2026-10-09T00:08:27.5260589Z ##[endgroup]
lean-proof	Install pinned Lean and Mathlib	2026-10-09T00:08:27.8161458Z Cache hit for restore-key: lake-Linux-X64-d791b020c21edcc7e9e22797f1d59fde59e8af8f675af62dc2f1fd7521bfef93-ee6d7d9ec9afd73cd17cdd862675212e7a51cb29cff40bb8109e45310bf6dfb3-49b5a82da149d1c22fb23a0ba9565323624de765
lean-proof	Install pinned Lean and Mathlib	2026-10-09T00:08:28.9950906Z Received 83886080 of 2571979983 (3.3%), 80.0 MBs/sec
lean-proof	Install pinned Lean and Mathlib	2026-10-09T00:08:29.9961685Z Received 268435456 of 2571979983 (10.4%), 127.9 MBs/sec
lean-proof	Install pinned Lean and Mathlib	2026-10-09T00:08:30.9972503Z Received 490733568 of 2571979983 (19.1%), 155.8 MBs/sec
lean-proof	Install pinned Lean and Mathlib	2026-10-09T00:08:31.9982684Z Received 671088640 of 2571979983 (26.1%), 159.8 MBs/sec
lean-proof	Install pinned Lean and Mathlib	2026-10-09T00:08:33.0028370Z Received 910163968 of 2571979983 (35.4%), 173.4 MBs/sec
lean-proof	Install pinned Lean and Mathlib	2026-10-09T00:08:34.0037932Z Received 1119879168 of 2571979983 (43.5%), 177.8 MBs/sec
lean-proof	Install pinned Lean and Mathlib	2026-10-09T00:08:35.0022330Z Received 1342177280 of 2571979983 (52.2%), 182.7 MBs/sec
lean-proof	Install pinned Lean and Mathlib	2026-10-09T00:08:36.0087875Z Received 1551892480 of 2571979983 (60.3%), 184.8 MBs/sec
lean-proof	Install pinned Lean and Mathlib	2026-10-09T00:08:37.0038045Z Received 1740636160 of 2571979983 (67.7%), 184.3 MBs/sec
lean-proof	Install pinned Lean and Mathlib	2026-10-09T00:08:38.0058016Z Received 1929379840 of 2571979983 (75.0%), 183.8 MBs/sec
lean-proof	Install pinned Lean and Mathlib	2026-10-09T00:08:39.0297725Z Received 2147483648 of 2571979983 (83.5%), 185.6 MBs/sec
lean-proof	Install pinned Lean and Mathlib	2026-10-09T00:08:40.0308052Z Received 2361393152 of 2571979983 (91.8%), 187.1 MBs/sec
lean-proof	Install pinned Lean and Mathlib	2026-10-09T00:08:41.0338359Z Received 2550136832 of 2571979983 (99.2%), 186.5 MBs/sec
lean-proof	Install pinned Lean and Mathlib	2026-10-09T00:08:41.2087871Z Received 2571979983 of 2571979983 (100.0%), 185.7 MBs/sec
lean-proof	Install pinned Lean and Mathlib	2026-10-09T00:08:41.2117330Z Cache Size: ~2453 MB (2571979983 B)
lean-proof	Install pinned Lean and Mathlib	2026-10-09T00:08:41.2164799Z [command]/usr/bin/tar -xf /home/runner/work/_temp/1124aea3-f8cb-4af2-8200-1a8a281e8fe8/cache.tzst -P -C /home/runner/work/math/math --use-compress-program unzstd
lean-proof	Install pinned Lean and Mathlib	2026-10-09T00:08:59.1116989Z Cache restored successfully
lean-proof	Install pinned Lean and Mathlib	2026-10-09T00:08:59.3135784Z Cache restored from key: lake-Linux-X64-d791b020c21edcc7e9e22797f1d59fde59e8af8f675af62dc2f1fd7521bfef93-ee6d7d9ec9afd73cd17cdd862675212e7a51cb29cff40bb8109e45310bf6dfb3-49b5a82da149d1c22fb23a0ba9565323624de765
lean-proof	Install pinned Lean and Mathlib	2026-10-09T00:08:59.3310420Z ##[end-action id=__leanprover_lean-action.__actions_cache;outcome=success;conclusion=success;duration_ms=32035]
lean-proof	Install pinned Lean and Mathlib	2026-10-09T00:08:59.3313713Z ##[start-action display=detect mathlib;id=__leanprover_lean-action.detect-mathlib]
lean-proof	Install pinned Lean and Mathlib	2026-10-09T00:08:59.3319536Z ##[end-action id=__leanprover_lean-action.detect-mathlib;outcome=skipped;conclusion=skipped;duration_ms=0]
lean-proof	Install pinned Lean and Mathlib	2026-10-09T00:08:59.3321512Z ##[start-action display=get mathlib cache;id=__leanprover_lean-action.__run_3]
lean-proof	Install pinned Lean and Mathlib	2026-10-09T00:08:59.3768490Z ##[group]Run : Get Mathlib Cache
lean-proof	Install pinned Lean and Mathlib	2026-10-09T00:08:59.3768830Z [36;1m: Get Mathlib Cache[0m
lean-proof	Install pinned Lean and Mathlib	2026-10-09T00:08:59.3769104Z [36;1mecho "::group::Mathlib Cache"[0m
lean-proof	Install pinned Lean and Mathlib	2026-10-09T00:08:59.3769400Z [36;1mlake exe cache get[0m
lean-proof	Install pinned Lean and Mathlib	2026-10-09T00:08:59.3769675Z [36;1mecho "::endgroup::"[0m
lean-proof	Install pinned Lean and Mathlib	2026-10-09T00:08:59.3769921Z [36;1mecho[0m
lean-proof	Install pinned Lean and Mathlib	2026-10-09T00:08:59.4736127Z shell: /usr/bin/bash --noprofile --norc -e -o pipefail {0}
lean-proof	Install pinned Lean and Mathlib	2026-10-09T00:08:59.4736547Z ##[endgroup]
lean-proof	Install pinned Lean and Mathlib	2026-10-09T00:08:59.5202223Z ##[group]Mathlib Cache
lean-proof	Install pinned Lean and Mathlib	2026-10-09T00:09:06.5385808Z Current branch: HEAD
lean-proof	Install pinned Lean and Mathlib	2026-10-09T00:09:06.5386431Z Using cache from origin: (some leanprover-community/mathlib4)
lean-proof	Install pinned Lean and Mathlib	2026-10-09T00:09:06.5387642Z Attempting to download 8908 file(s) from leanprover-community/mathlib4 cache at https://cache.mathlib.org/mathlib4-master
lean-proof	Install pinned Lean and Mathlib	2026-10-09T00:09:10.6037479Z 
lean-proof	Install pinned Lean and Mathlib	2026-10-09T00:09:10.7029620Z Downloaded: 1 file(s) [attempted 1/8908 = 0%, 8 KB/s], Decompressed: 0
lean-proof	Install pinned Lean and Mathlib	2026-10-09T00:09:10.8045640Z Downloaded: 62 file(s) [attempted 62/8908 = 0%, 2101 KB/s], Decompressed: 46
lean-proof	Install pinned Lean and Mathlib	2026-10-09T00:09:10.9039973Z Downloaded: 229 file(s) [attempted 229/8908 = 2%, 142 KB/s], Decompressed: 225
lean-proof	Install pinned Lean and Mathlib	2026-10-09T00:09:11.0080695Z Downloaded: 386 file(s) [attempted 386/8908 = 4%, 2839 KB/s], Decompressed: 380
lean-proof	Install pinned Lean and Mathlib	2026-10-09T00:09:11.1195388Z Downloaded: 493 file(s) [attempted 493/8908 = 5%, 994 KB/s], Decompressed: 491
lean-proof	Install pinned Lean and Mathlib	2026-10-09T00:09:11.2193867Z Downloaded: 546 file(s) [attempted 546/8908 = 6%, 854 KB/s], Decompressed: 539
lean-proof	Install pinned Lean and Mathlib	2026-10-09T00:09:11.3216973Z Downloaded: 647 file(s) [attempted 647/8908 = 7%, 243 KB/s], Decompressed: 645
lean-proof	Install pinned Lean and Mathlib	2026-10-09T00:09:11.4220242Z Downloaded: 801 file(s) [attempted 801/8908 = 8%, 879 KB/s], Decompressed: 799
lean-proof	Install pinned Lean and Mathlib	2026-10-09T00:09:11.5221153Z Downloaded: 958 file(s) [attempted 958/8908 = 10%, 577 KB/s], Decompressed: 953
lean-proof	Install pinned Lean and Mathlib	2026-10-09T00:09:11.6222132Z Downloaded: 1121 file(s) [attempted 1121/8908 = 12%, 329 KB/s], Decompressed: 1112
lean-proof	Install pinned Lean and Mathlib	2026-10-09T00:09:11.7253514Z Downloaded: 1289 file(s) [attempted 1289/8908 = 14%, 502 KB/s], Decompressed: 1278
lean-proof	Install pinned Lean and Mathlib	2026-10-09T00:09:11.8255304Z Downloaded: 1465 file(s) [attempted 1465/8908 = 16%, 193 KB/s], Decompressed: 1458
lean-proof	Install pinned Lean and Mathlib	2026-10-09T00:09:11.9250051Z Downloaded: 1624 file(s) [attempted 1624/8908 = 18%, 641 KB/s], Decompressed: 1612
lean-proof	Install pinned Lean and Mathlib	2026-10-09T00:09:12.0293351Z Downloaded: 1793 file(s) [attempted 1793/8908 = 20%, 1969 KB/s], Decompressed: 1782
lean-proof	Install pinned Lean and Mathlib	2026-10-09T00:09:12.1289660Z Downloaded: 1924 file(s) [attempted 1924/8908 = 21%, 703 KB/s], Decompressed: 1921
lean-proof	Install pinned Lean and Mathlib	2026-10-09T00:09:12.2289953Z Downloaded: 2049 file(s) [attempted 2049/8908 = 23%, 313 KB/s], Decompressed: 2039
lean-proof	Install pinned Lean and Mathlib	2026-10-09T00:09:12.3345836Z Downloaded: 2161 file(s) [attempted 2161/8908 = 24%, 277 KB/s], Decompressed: 2154
lean-proof	Install pinned Lean and Mathlib	2026-10-09T00:09:12.4367794Z Downloaded: 2301 file(s) [attempted 2301/8908 = 25%, 822 KB/s], Decompressed: 2296
lean-proof	Install pinned Lean and Mathlib	2026-10-09T00:09:12.5363936Z Downloaded: 2443 file(s) [attempted 2443/8908 = 27%, 1480 KB/s], Decompressed: 2441
lean-proof	Install pinned Lean and Mathlib	2026-10-09T00:09:12.6359702Z Downloaded: 2576 file(s) [attempted 2576/8908 = 28%, 148 KB/s], Decompressed: 2573
lean-proof	Install pinned Lean and Mathlib	2026-10-09T00:09:12.7359697Z Downloaded: 2741 file(s) [attempted 2741/8908 = 30%, 4920 KB/s], Decompressed: 2736
lean-proof	Install pinned Lean and Mathlib	2026-10-09T00:09:12.8361026Z Downloaded: 2914 file(s) [attempted 2914/8908 = 32%, 1114 KB/s], Decompressed: 2904
lean-proof	Install pinned Lean and Mathlib	2026-10-09T00:09:12.9361845Z Downloaded: 3080 file(s) [attempted 3080/8908 = 34%, 486 KB/s], Decompressed: 3070
lean-proof	Install pinned Lean and Mathlib	2026-10-09T00:09:13.0365309Z Downloaded: 3221 file(s) [attempted 3221/8908 = 36%, 331 KB/s], Decompressed: 3212
lean-proof	Install pinned Lean and Mathlib	2026-10-09T00:09:13.1368041Z Downloaded: 3352 file(s) [attempted 3352/8908 = 37%, 171 KB/s], Decompressed: 3339
lean-proof	Install pinned Lean and Mathlib	2026-10-09T00:09:13.2396624Z Downloaded: 3517 file(s) [attempted 3517/8908 = 39%, 1346 KB/s], Decompressed: 3512
lean-proof	Install pinned Lean and Mathlib	2026-10-09T00:09:13.3396585Z Downloaded: 3637 file(s) [attempted 3637/8908 = 40%, 191 KB/s], Decompressed: 3635
lean-proof	Install pinned Lean and Mathlib	2026-10-09T00:09:13.4393435Z Downloaded: 3795 file(s) [attempted 3795/8908 = 42%, 2186 KB/s], Decompressed: 3791
lean-proof	Install pinned Lean and Mathlib	2026-10-09T00:09:13.5391429Z Downloaded: 3956 file(s) [attempted 3956/8908 = 44%, 550 KB/s], Decompressed: 3947
lean-proof	Install pinned Lean and Mathlib	2026-10-09T00:09:13.6410696Z Downloaded: 4120 file(s) [attempted 4120/8908 = 46%, 2470 KB/s], Decompressed: 4114
lean-proof	Install pinned Lean and Mathlib	2026-10-09T00:09:13.7418147Z Downloaded: 4281 file(s) [attempted 4281/8908 = 48%, 3744 KB/s], Decompressed: 4278
lean-proof	Install pinned Lean and Mathlib	2026-10-09T00:09:13.8497745Z Downloaded: 4431 file(s) [attempted 4431/8908 = 49%, 510 KB/s], Decompressed: 4426
lean-proof	Install pinned Lean and Mathlib	2026-10-09T00:09:13.9508304Z Downloaded: 4560 file(s) [attempted 4560/8908 = 51%, 168 KB/s], Decompressed: 4550
lean-proof	Install pinned Lean and Mathlib	2026-10-09T00:09:14.0506579Z Downloaded: 4724 file(s) [attempted 4724/8908 = 53%, 1065 KB/s], Decompressed: 4719
lean-proof	Install pinned Lean and Mathlib	2026-10-09T00:09:14.1498566Z Downloaded: 4894 file(s) [attempted 4894/8908 = 54%, 307 KB/s], Decompressed: 4889
lean-proof	Install pinned Lean and Mathlib	2026-10-09T00:09:14.2499739Z Downloaded: 5062 file(s) [attempted 5062/8908 = 56%, 971 KB/s], Decompressed: 5055
lean-proof	Install pinned Lean and Mathlib	2026-10-09T00:09:14.3503089Z Downloaded: 5245 file(s) [attempted 5245/8908 = 58%, 1972 KB/s], Decompressed: 5235
lean-proof	Install pinned Lean and Mathlib	2026-10-09T00:09:14.4506558Z Downloaded: 5424 file(s) [attempted 5424/8908 = 60%, 3188 KB/s], Decompressed: 5418
lean-proof	Install pinned Lean and Mathlib	2026-10-09T00:09:14.5502329Z Downloaded: 5597 file(s) [attempted 5597/8908 = 62%, 5607 KB/s], Decompressed: 5593
lean-proof	Install pinned Lean and Mathlib	2026-10-09T00:09:14.6499999Z Downloaded: 5766 file(s) [attempted 5766/8908 = 64%, 1554 KB/s], Decompressed: 5757
lean-proof	Install pinned Lean and Mathlib	2026-10-09T00:09:14.7517568Z Downloaded: 5892 file(s) [attempted 5892/8908 = 66%, 2813 KB/s], Decompressed: 5884
lean-proof	Install pinned Lean and Mathlib	2026-10-09T00:09:14.8512369Z Downloaded: 6021 file(s) [attempted 6021/8908 = 67%, 302 KB/s], Decompressed: 6015
lean-proof	Install pinned Lean and Mathlib	2026-10-09T00:09:14.9537993Z Downloaded: 6201 file(s) [attempted 6201/8908 = 69%, 813 KB/s], Decompressed: 6199
lean-proof	Install pinned Lean and Mathlib	2026-10-09T00:09:15.0551022Z Downloaded: 6374 file(s) [attempted 6374/8908 = 71%, 556 KB/s], Decompressed: 6372
lean-proof	Install pinned Lean and Mathlib	2026-10-09T00:09:15.1564521Z Downloaded: 6533 file(s) [attempted 6533/8908 = 73%, 756 KB/s], Decompressed: 6531
lean-proof	Install pinned Lean and Mathlib	2026-10-09T00:09:15.2566779Z Downloaded: 6696 file(s) [attempted 6696/8908 = 75%, 530 KB/s], Decompressed: 6684
lean-proof	Install pinned Lean and Mathlib	2026-10-09T00:09:15.3563798Z Downloaded: 6862 file(s) [attempted 6862/8908 = 77%, 231 KB/s], Decompressed: 6855
lean-proof	Install pinned Lean and Mathlib	2026-10-09T00:09:15.4559172Z Downloaded: 7030 file(s) [attempted 7030/8908 = 78%, 2122 KB/s], Decompressed: 7021
lean-proof	Install pinned Lean and Mathlib	2026-10-09T00:09:15.5563478Z Downloaded: 7198 file(s) [attempted 7198/8908 = 80%, 4313 KB/s], Decompressed: 7191
lean-proof	Install pinned Lean and Mathlib	2026-10-09T00:09:15.6566543Z Downloaded: 7336 file(s) [attempted 7336/8908 = 82%, 589 KB/s], Decompressed: 7326
lean-proof	Install pinned Lean and Mathlib	2026-10-09T00:09:15.7563330Z Downloaded: 7502 file(s) [attempted 7502/8908 = 84%, 620 KB/s], Decompressed: 7494
lean-proof	Install pinned Lean and Mathlib	2026-10-09T00:09:15.8586813Z Downloaded: 7667 file(s) [attempted 7667/8908 = 86%, 599 KB/s], Decompressed: 7662
lean-proof	Install pinned Lean and Mathlib	2026-10-09T00:09:15.9583000Z Downloaded: 7831 file(s) [attempted 7831/8908 = 87%, 2897 KB/s], Decompressed: 7828
lean-proof	Install pinned Lean and Mathlib	2026-10-09T00:09:16.0631284Z Downloaded: 7993 file(s) [attempted 7993/8908 = 89%, 928 KB/s], Decompressed: 7989
lean-proof	Install pinned Lean and Mathlib	2026-10-09T00:09:16.1638387Z Downloaded: 8153 file(s) [attempted 8153/8908 = 91%, 7554 KB/s], Decompressed: 8150
lean-proof	Install pinned Lean and Mathlib	2026-10-09T00:09:16.2630554Z Downloaded: 8304 file(s) [attempted 8304/8908 = 93%, 3180 KB/s], Decompressed: 8302
lean-proof	Install pinned Lean and Mathlib	2026-10-09T00:09:16.3634469Z Downloaded: 8428 file(s) [attempted 8428/8908 = 94%, 405 KB/s], Decompressed: 8424
lean-proof	Install pinned Lean and Mathlib	2026-10-09T00:09:16.4667333Z Downloaded: 8547 file(s) [attempted 8547/8908 = 95%, 2059 KB/s], Decompressed: 8542
lean-proof	Install pinned Lean and Mathlib	2026-10-09T00:09:16.5673706Z Downloaded: 8636 file(s) [attempted 8636/8908 = 96%, 300 KB/s], Decompressed: 8631
lean-proof	Install pinned Lean and Mathlib	2026-10-09T00:09:16.6708682Z Downloaded: 8751 file(s) [attempted 8751/8908 = 98%, 250 KB/s], Decompressed: 8749
lean-proof	Install pinned Lean and Mathlib	2026-10-09T00:09:16.6730518Z Downloaded: 8907 file(s) [attempted 8907/8908 = 99%, 551 KB/s], Decompressed: 8905
lean-proof	Install pinned Lean and Mathlib	2026-10-09T00:09:16.6731127Z Downloaded: 8908 file(s) [attempted 8908/8908 = 100%, 551 KB/s], Decompressed: 8905
lean-proof	Install pinned Lean and Mathlib	2026-10-09T00:09:17.5312095Z Decompressed 8908 file(s)
lean-proof	Install pinned Lean and Mathlib	2026-10-09T00:09:17.5312496Z Already decompressed 8908 file(s)
lean-proof	Install pinned Lean and Mathlib	2026-10-09T00:09:17.5741519Z ##[endgroup]
lean-proof	Install pinned Lean and Mathlib	2026-10-09T00:09:17.5741785Z 
lean-proof	Install pinned Lean and Mathlib	2026-10-09T00:09:17.5751281Z ##[end-action id=__leanprover_lean-action.__run_3;outcome=success;conclusion=success;duration_ms=18242]
lean-proof	Install pinned Lean and Mathlib	2026-10-09T00:09:17.5770146Z ##[start-action display=build mxym/math;id=__leanprover_lean-action.build]
lean-proof	Install pinned Lean and Mathlib	2026-10-09T00:09:17.5778091Z ##[end-action id=__leanprover_lean-action.build;outcome=skipped;conclusion=skipped;duration_ms=0]
lean-proof	Install pinned Lean and Mathlib	2026-10-09T00:09:17.5781634Z ##[start-action display=Run actions/cache/save@caa296126883cff596d87d8935842f9db880ef25;id=__leanprover_lean-action.__actions_cache_2]
lean-proof	Install pinned Lean and Mathlib	2026-10-09T00:09:17.7669154Z ##[group]Run actions/cache/save@caa296126883cff596d87d8935842f9db880ef25
lean-proof	Install pinned Lean and Mathlib	2026-10-09T00:09:17.7669569Z with:
lean-proof	Install pinned Lean and Mathlib	2026-10-09T00:09:17.7669878Z   path: formalizations/gaussian-simplex-all-k-progress/.lake
lean-proof	Install pinned Lean and Mathlib	2026-10-09T00:09:17.7670958Z   key: lake-Linux-X64-d791b020c21edcc7e9e22797f1d59fde59e8af8f675af62dc2f1fd7521bfef93-ee6d7d9ec9afd73cd17cdd862675212e7a51cb29cff40bb8109e45310bf6dfb3-c601b080c76f0038aeccba45446d10ce3fa82cf7
lean-proof	Install pinned Lean and Mathlib	2026-10-09T00:09:17.7671975Z   enableCrossOsArchive: false
lean-proof	Install pinned Lean and Mathlib	2026-10-09T00:09:17.7672234Z ##[endgroup]
lean-proof	Install pinned Lean and Mathlib	2026-10-09T00:09:17.9138080Z [command]/usr/bin/tar --posix -cf cache.tzst --exclude cache.tzst -P -C /home/runner/work/math/math --files-from manifest.txt --use-compress-program zstdmt
lean-proof	Install pinned Lean and Mathlib	2026-10-09T00:09:38.5889723Z Sent 0 of 2572085022 (0.0%), 0.0 MBs/sec
lean-proof	Install pinned Lean and Mathlib	2026-10-09T00:09:39.5894937Z Sent 603979776 of 2572085022 (23.5%), 287.9 MBs/sec
lean-proof	Install pinned Lean and Mathlib	2026-10-09T00:09:40.5894873Z Sent 1006632960 of 2572085022 (39.1%), 319.9 MBs/sec
lean-proof	Install pinned Lean and Mathlib	2026-10-09T00:09:41.5928660Z Sent 1342177280 of 2572085022 (52.2%), 319.8 MBs/sec
lean-proof	Install pinned Lean and Mathlib	2026-10-09T00:09:42.5907872Z Sent 1811939328 of 2572085022 (70.4%), 345.5 MBs/sec
lean-proof	Install pinned Lean and Mathlib	2026-10-09T00:09:43.5912798Z Sent 2281701376 of 2572085022 (88.7%), 362.5 MBs/sec
lean-proof	Install pinned Lean and Mathlib	2026-10-09T00:09:44.5927870Z Sent 2437867294 of 2572085022 (94.8%), 332.0 MBs/sec
lean-proof	Install pinned Lean and Mathlib	2026-10-09T00:09:45.5920991Z Sent 2437867294 of 2572085022 (94.8%), 290.5 MBs/sec
lean-proof	Install pinned Lean and Mathlib	2026-10-09T00:09:46.5924043Z Sent 2437867294 of 2572085022 (94.8%), 258.2 MBs/sec
lean-proof	Install pinned Lean and Mathlib	2026-10-09T00:09:47.5921711Z Sent 2437867294 of 2572085022 (94.8%), 232.4 MBs/sec
lean-proof	Install pinned Lean and Mathlib	2026-10-09T00:09:48.5924082Z Sent 2504976158 of 2572085022 (97.4%), 217.1 MBs/sec
lean-proof	Install pinned Lean and Mathlib	2026-10-09T00:09:48.9394455Z Sent 2572085022 of 2572085022 (100.0%), 216.1 MBs/sec
lean-proof	Install pinned Lean and Mathlib	2026-10-09T00:09:49.3212459Z Cache saved with key: lake-Linux-X64-d791b020c21edcc7e9e22797f1d59fde59e8af8f675af62dc2f1fd7521bfef93-ee6d7d9ec9afd73cd17cdd862675212e7a51cb29cff40bb8109e45310bf6dfb3-c601b080c76f0038aeccba45446d10ce3fa82cf7
lean-proof	Install pinned Lean and Mathlib	2026-10-09T00:09:49.3317174Z ##[end-action id=__leanprover_lean-action.__actions_cache_2;outcome=success;conclusion=success;duration_ms=31753]
lean-proof	Install pinned Lean and Mathlib	2026-10-09T00:09:49.3322702Z ##[start-action display=test mxym/math;id=__leanprover_lean-action.test]
lean-proof	Install pinned Lean and Mathlib	2026-10-09T00:09:49.3327844Z ##[end-action id=__leanprover_lean-action.test;outcome=skipped;conclusion=skipped;duration_ms=0]
lean-proof	Install pinned Lean and Mathlib	2026-10-09T00:09:49.3330561Z ##[start-action display=lint mxym/math;id=__leanprover_lean-action.lint]
lean-proof	Install pinned Lean and Mathlib	2026-10-09T00:09:49.3334725Z ##[end-action id=__leanprover_lean-action.lint;outcome=skipped;conclusion=skipped;duration_ms=0]
lean-proof	Install pinned Lean and Mathlib	2026-10-09T00:09:49.3336569Z ##[start-action display=check reservoir eligibility;id=__leanprover_lean-action.__run_4]
lean-proof	Install pinned Lean and Mathlib	2026-10-09T00:09:49.3340332Z ##[end-action id=__leanprover_lean-action.__run_4;outcome=skipped;conclusion=skipped;duration_ms=0]
lean-proof	Install pinned Lean and Mathlib	2026-10-09T00:09:49.3342715Z ##[start-action display=check environment with leanchecker;id=__leanprover_lean-action.__run_5]
lean-proof	Install pinned Lean and Mathlib	2026-10-09T00:09:49.3347802Z ##[end-action id=__leanprover_lean-action.__run_5;outcome=skipped;conclusion=skipped;duration_ms=0]
lean-proof	Install pinned Lean and Mathlib	2026-10-09T00:09:49.3350002Z ##[start-action display=check environment with nanoda;id=__leanprover_lean-action.nanoda]
lean-proof	Install pinned Lean and Mathlib	2026-10-09T00:09:49.3353245Z ##[end-action id=__leanprover_lean-action.nanoda;outcome=skipped;conclusion=skipped;duration_ms=0]
lean-proof	Install pinned Lean and Mathlib	2026-10-09T00:09:49.3355495Z ##[start-action display=audit axioms with axiom-audit;id=__leanprover_lean-action.axiom-audit]
lean-proof	Install pinned Lean and Mathlib	2026-10-09T00:09:49.3359861Z ##[end-action id=__leanprover_lean-action.axiom-audit;outcome=skipped;conclusion=skipped;duration_ms=0]
lean-proof	Check direct three-cell proof source	﻿2026-10-09T00:09:49.3429632Z ##[group]Run set -euo pipefail
lean-proof	Check direct three-cell proof source	2026-10-09T00:09:49.3429996Z [36;1mset -euo pipefail[0m
lean-proof	Check direct three-cell proof source	2026-10-09T00:09:49.3430500Z [36;1mif grep -nE '^[[:space:]]*(sorry|admit|axiom)[[:space:]]' sources/GaussianThreeCellElementary.lean; then[0m
lean-proof	Check direct three-cell proof source	2026-10-09T00:09:49.3431325Z [36;1m  echo 'Forbidden proof placeholder/declaration'[0m
lean-proof	Check direct three-cell proof source	2026-10-09T00:09:49.3431666Z [36;1m  exit 1[0m
lean-proof	Check direct three-cell proof source	2026-10-09T00:09:49.3431897Z [36;1mfi[0m
lean-proof	Check direct three-cell proof source	2026-10-09T00:09:49.3432735Z [36;1mlake build +GaussianMinimalCovarianceRows +GaussianScoreSymmetry +GaussianHalfspaceFlux +GaussianRegularPerimeter +GaussianRegularStationarity +GaussianEquidistantRigidity +GaussianMomentCovariance[0m
lean-proof	Check direct three-cell proof source	2026-10-09T00:09:49.3433724Z [36;1mlake env lean sources/GaussianThreeCellElementary.lean[0m
lean-proof	Check direct three-cell proof source	2026-10-09T00:09:49.3503044Z shell: /usr/bin/bash --noprofile --norc -e -o pipefail {0}
lean-proof	Check direct three-cell proof source	2026-10-09T00:09:49.3503424Z ##[endgroup]
lean-proof	Check direct three-cell proof source	2026-10-09T00:09:53.9448768Z ℹ [3739/3795] Built GaussianSimplexAlgebra (2.7s)
lean-proof	Check direct three-cell proof source	2026-10-09T00:09:53.9449618Z info: sources/GaussianSimplexAlgebra.lean:39:0: 'GaussianSimplexAlgebra.weighted_cauchy' depends on axioms: [propext, Classical.choice, Quot.sound]
lean-proof	Check direct three-cell proof source	2026-10-09T00:09:53.9450766Z info: sources/GaussianSimplexAlgebra.lean:40:0: 'GaussianSimplexAlgebra.perimeter_to_trace' depends on axioms: [propext, Classical.choice, Quot.sound]
lean-proof	Check direct three-cell proof source	2026-10-09T00:09:53.9451828Z info: sources/GaussianSimplexAlgebra.lean:41:0: 'GaussianSimplexAlgebra.radial_quotient_identity' depends on axioms: [propext, Classical.choice, Quot.sound]
lean-proof	Check direct three-cell proof source	2026-10-09T00:09:53.9452964Z info: sources/GaussianSimplexAlgebra.lean:42:0: 'GaussianSimplexAlgebra.deficit_derivative_nonpositive' depends on axioms: [propext, Classical.choice, Quot.sound]
lean-proof	Check direct three-cell proof source	2026-10-09T00:09:54.8478178Z ⚠ [3740/3795] Built GaussianPartition (3.9s)
lean-proof	Check direct three-cell proof source	2026-10-09T00:09:54.8488055Z warning: sources/GaussianPartition.lean:127:0: automatically included section variable(s) unused in theorem `GaussianMeasureBridge.FractionalPartition.integrable_weighted_score`:
lean-proof	Check direct three-cell proof source	2026-10-09T00:09:54.8547101Z   [NeZero k]
lean-proof	Check direct three-cell proof source	2026-10-09T00:09:54.8547873Z consider restructuring your `variable` declarations so that the variables are not in scope or explicitly omit them:
lean-proof	Check direct three-cell proof source	2026-10-09T00:09:54.8548765Z   omit [NeZero k] in theorem ...
lean-proof	Check direct three-cell proof source	2026-10-09T00:09:54.8549057Z 
lean-proof	Check direct three-cell proof source	2026-10-09T00:09:54.8549436Z Note: This linter can be disabled with `set_option linter.unusedSectionVars false`
lean-proof	Check direct three-cell proof source	2026-10-09T00:09:54.8550880Z warning: sources/GaussianPartition.lean:132:0: automatically included section variable(s) unused in theorem `GaussianMeasureBridge.FractionalPartition.integral_weighted_score`:
lean-proof	Check direct three-cell proof source	2026-10-09T00:09:54.8552049Z   [NeZero k]
lean-proof	Check direct three-cell proof source	2026-10-09T00:09:54.8552749Z consider restructuring your `variable` declarations so that the variables are not in scope or explicitly omit them:
lean-proof	Check direct three-cell proof source	2026-10-09T00:09:54.8553567Z   omit [NeZero k] in theorem ...
lean-proof	Check direct three-cell proof source	2026-10-09T00:09:54.8553829Z 
lean-proof	Check direct three-cell proof source	2026-10-09T00:09:54.8554180Z Note: This linter can be disabled with `set_option linter.unusedSectionVars false`
lean-proof	Check direct three-cell proof source	2026-10-09T00:09:58.4607668Z ✔ [3741/3795] Built GaussianFullSupport (3.6s)
lean-proof	Check direct three-cell proof source	2026-10-09T00:09:58.7604620Z ✔ [3742/3795] Built GaussianHalflineFlux (3.9s)
lean-proof	Check direct three-cell proof source	2026-10-09T00:09:58.7627750Z ✔ [3743/3795] Built GaussianCoordinateSplit (3.9s)
lean-proof	Check direct three-cell proof source	2026-10-09T00:09:59.0628293Z ⚠ [3744/3795] Built GaussianNoTies (4.2s)
lean-proof	Check direct three-cell proof source	2026-10-09T00:09:59.0629062Z warning: sources/GaussianNoTies.lean:23:2: Try this: 
lean-proof	Check direct three-cell proof source	2026-10-09T00:09:59.0630101Z   haveI̵
lean-proof	Check direct three-cell proof source	2026-10-09T00:09:59.0630300Z 
lean-proof	Check direct three-cell proof source	2026-10-09T00:09:59.0630591Z The goal is a proposition, so `have` is preferred over `haveI`.
lean-proof	Check direct three-cell proof source	2026-10-09T00:09:59.0631390Z The difference between `have` and `haveI` is that `haveI` inlines the value.
lean-proof	Check direct three-cell proof source	2026-10-09T00:09:59.0632162Z But this is not relevant for proofs because of proof irrelevance.
lean-proof	Check direct three-cell proof source	2026-10-09T00:09:59.0632609Z 
lean-proof	Check direct three-cell proof source	2026-10-09T00:09:59.0632973Z Note: This linter can be disabled with `set_option linter.style.haveILetI false`
lean-proof	Check direct three-cell proof source	2026-10-09T00:10:01.6758735Z ✔ [3745/3795] Built GaussianPrices (3.2s)
lean-proof	Check direct three-cell proof source	2026-10-09T00:10:02.5737019Z ⚠ [3746/3795] Built GaussianSliceFlux (3.9s)
lean-proof	Check direct three-cell proof source	2026-10-09T00:10:02.5738322Z warning: sources/GaussianSliceFlux.lean:12:2: Try this: 
lean-proof	Check direct three-cell proof source	2026-10-09T00:10:02.5739778Z   haveI̵
lean-proof	Check direct three-cell proof source	2026-10-09T00:10:02.5743560Z 
lean-proof	Check direct three-cell proof source	2026-10-09T00:10:02.5744114Z The goal is a proposition, so `have` is preferred over `haveI`.
lean-proof	Check direct three-cell proof source	2026-10-09T00:10:02.5745054Z The difference between `have` and `haveI` is that `haveI` inlines the value.
lean-proof	Check direct three-cell proof source	2026-10-09T00:10:02.5746586Z But this is not relevant for proofs because of proof irrelevance.
lean-proof	Check direct three-cell proof source	2026-10-09T00:10:02.5747547Z 
lean-proof	Check direct three-cell proof source	2026-10-09T00:10:02.5748092Z Note: This linter can be disabled with `set_option linter.style.haveILetI false`
lean-proof	Check direct three-cell proof source	2026-10-09T00:10:02.5749028Z warning: sources/GaussianSliceFlux.lean:21:2: Try this: 
lean-proof	Check direct three-cell proof source	2026-10-09T00:10:02.5749798Z   haveI̵
lean-proof	Check direct three-cell proof source	2026-10-09T00:10:02.5750149Z 
lean-proof	Check direct three-cell proof source	2026-10-09T00:10:02.5750580Z The goal is a proposition, so `have` is preferred over `haveI`.
lean-proof	Check direct three-cell proof source	2026-10-09T00:10:02.5751499Z The difference between `have` and `haveI` is that `haveI` inlines the value.
lean-proof	Check direct three-cell proof source	2026-10-09T00:10:02.5752416Z But this is not relevant for proofs because of proof irrelevance.
lean-proof	Check direct three-cell proof source	2026-10-09T00:10:02.5753024Z 
lean-proof	Check direct three-cell proof source	2026-10-09T00:10:02.5753574Z Note: This linter can be disabled with `set_option linter.style.haveILetI false`
lean-proof	Check direct three-cell proof source	2026-10-09T00:10:02.9735524Z ⚠ [3747/3795] Built GaussianHalfspaceFlux (4.2s)
lean-proof	Check direct three-cell proof source	2026-10-09T00:10:02.9736562Z warning: sources/GaussianHalfspaceFlux.lean:83:51: This simp argument is unused:
lean-proof	Check direct three-cell proof source	2026-10-09T00:10:02.9737688Z   real_inner_self_eq_norm_sq
lean-proof	Check direct three-cell proof source	2026-10-09T00:10:02.9738038Z 
lean-proof	Check direct three-cell proof source	2026-10-09T00:10:02.9738738Z Hint: Omit it from the simp argument list.
lean-proof	Check direct three-cell proof source	2026-10-09T00:10:02.9739438Z   [apply] simp [r, inner_sub_left, real_inner_smul_left, hu]
lean-proof	Check direct three-cell proof source	2026-10-09T00:10:02.9739906Z 
lean-proof	Check direct three-cell proof source	2026-10-09T00:10:02.9740418Z Note: This linter can be disabled with `set_option linter.unusedSimpArgs false`
lean-proof	Check direct three-cell proof source	2026-10-09T00:10:04.7785875Z ⚠ [3748/3795] Built GaussianBalancedPrices (3.2s)
lean-proof	Check direct three-cell proof source	2026-10-09T00:10:04.7787879Z warning: sources/GaussianBalancedPrices.lean:19:0: automatically included section variable(s) unused in theorem `GaussianMeasureBridge.coordinateShift_zero`:
lean-proof	Check direct three-cell proof source	2026-10-09T00:10:04.7789481Z   [NeZero k]
lean-proof	Check direct three-cell proof source	2026-10-09T00:10:04.7790634Z consider restructuring your `variable` declarations so that the variables are not in scope or explicitly omit them:
lean-proof	Check direct three-cell proof source	2026-10-09T00:10:04.7791842Z   omit [NeZero k] in theorem ...
lean-proof	Check direct three-cell proof source	2026-10-09T00:10:04.7792242Z 
lean-proof	Check direct three-cell proof source	2026-10-09T00:10:04.7792731Z Note: This linter can be disabled with `set_option linter.unusedSectionVars false`
lean-proof	Check direct three-cell proof source	2026-10-09T00:10:04.7794582Z warning: sources/GaussianBalancedPrices.lean:23:0: automatically included section variable(s) unused in theorem `GaussianMeasureBridge.coordinateShift_dist_le`:
lean-proof	Check direct three-cell proof source	2026-10-09T00:10:04.7795907Z   [NeZero k]
lean-proof	Check direct three-cell proof source	2026-10-09T00:10:04.7797483Z consider restructuring your `variable` declarations so that the variables are not in scope or explicitly omit them:
lean-proof	Check direct three-cell proof source	2026-10-09T00:10:04.7798541Z   omit [NeZero k] in theorem ...
lean-proof	Check direct three-cell proof source	2026-10-09T00:10:04.7798929Z 
lean-proof	Check direct three-cell proof source	2026-10-09T00:10:04.7799325Z Note: This linter can be disabled with `set_option linter.unusedSectionVars false`
lean-proof	Check direct three-cell proof source	2026-10-09T00:10:04.7801006Z warning: sources/GaussianBalancedPrices.lean:46:0: automatically included section variable(s) unused in theorem `GaussianMeasureBridge.winningCell_disjoint`:
lean-proof	Check direct three-cell proof source	2026-10-09T00:10:04.7802349Z   [NeZero k]
lean-proof	Check direct three-cell proof source	2026-10-09T00:10:04.7803376Z consider restructuring your `variable` declarations so that the variables are not in scope or explicitly omit them:
lean-proof	Check direct three-cell proof source	2026-10-09T00:10:04.7804424Z   omit [NeZero k] in theorem ...
lean-proof	Check direct three-cell proof source	2026-10-09T00:10:04.7804776Z 
lean-proof	Check direct three-cell proof source	2026-10-09T00:10:04.7805329Z Note: This linter can be disabled with `set_option linter.unusedSectionVars false`
lean-proof	Check direct three-cell proof source	2026-10-09T00:10:04.7807076Z warning: sources/GaussianBalancedPrices.lean:120:0: automatically included section variable(s) unused in theorem `GaussianMeasureBridge.weighted_price_coordinate`:
lean-proof	Check direct three-cell proof source	2026-10-09T00:10:04.7880746Z   [NeZero k]
lean-proof	Check direct three-cell proof source	2026-10-09T00:10:04.7881705Z consider restructuring your `variable` declarations so that the variables are not in scope or explicitly omit them:
lean-proof	Check direct three-cell proof source	2026-10-09T00:10:04.7882610Z   omit [NeZero k] in theorem ...
lean-proof	Check direct three-cell proof source	2026-10-09T00:10:04.7882888Z 
lean-proof	Check direct three-cell proof source	2026-10-09T00:10:04.7883281Z Note: This linter can be disabled with `set_option linter.unusedSectionVars false`
lean-proof	Check direct three-cell proof source	2026-10-09T00:10:04.7884232Z warning: sources/GaussianBalancedPrices.lean:134:10: This simp argument is unused:
lean-proof	Check direct three-cell proof source	2026-10-09T00:10:04.7885443Z   add_assoc
lean-proof	Check direct three-cell proof source	2026-10-09T00:10:04.7885632Z 
lean-proof	Check direct three-cell proof source	2026-10-09T00:10:04.7885806Z Hint: Omit it from the simp argument list.
lean-proof	Check direct three-cell proof source	2026-10-09T00:10:04.7886461Z   [apply] simp
lean-proof	Check direct three-cell proof source	2026-10-09T00:10:04.7886829Z 
lean-proof	Check direct three-cell proof source	2026-10-09T00:10:04.7887187Z Note: This linter can be disabled with `set_option linter.unusedSimpArgs false`
lean-proof	Check direct three-cell proof source	2026-10-09T00:10:05.1781047Z ✔ [3749/3795] Built GaussianMaskedSliceFlux (2.5s)
lean-proof	Check direct three-cell proof source	2026-10-09T00:10:07.2805442Z ✔ [3750/3795] Built GaussianWinningPartition (2.5s)
lean-proof	Check direct three-cell proof source	2026-10-09T00:10:09.8908310Z ✔ [3751/3795] Built GaussianPolyhedralGraphFlux (2.6s)
lean-proof	Check direct three-cell proof source	2026-10-09T00:10:09.9890684Z ⚠ [3752/3795] Built GaussianUniquePrices (2.8s)
lean-proof	Check direct three-cell proof source	2026-10-09T00:10:09.9891991Z warning: sources/GaussianUniquePrices.lean:29:0: automatically included section variable(s) unused in theorem `GaussianMeasureBridge.weighted_priceMid`:
lean-proof	Check direct three-cell proof source	2026-10-09T00:10:09.9893075Z   [NeZero k]
lean-proof	Check direct three-cell proof source	2026-10-09T00:10:09.9893819Z consider restructuring your `variable` declarations so that the variables are not in scope or explicitly omit them:
lean-proof	Check direct three-cell proof source	2026-10-09T00:10:09.9894724Z   omit [NeZero k] in theorem ...
lean-proof	Check direct three-cell proof source	2026-10-09T00:10:09.9894998Z 
lean-proof	Check direct three-cell proof source	2026-10-09T00:10:09.9895369Z Note: This linter can be disabled with `set_option linter.unusedSectionVars false`
lean-proof	Check direct three-cell proof source	2026-10-09T00:10:12.1923567Z ⚠ [3753/3795] Built GaussianTailCalculus (2.4s)
lean-proof	Check direct three-cell proof source	2026-10-09T00:10:12.1924465Z warning: sources/GaussianTailCalculus.lean:17:4: try 'simp' instead of 'simpa'
lean-proof	Check direct three-cell proof source	2026-10-09T00:10:12.1925029Z 
lean-proof	Check direct three-cell proof source	2026-10-09T00:10:12.1925422Z Note: This linter can be disabled with `set_option linter.unnecessarySimpa false`
lean-proof	Check direct three-cell proof source	2026-10-09T00:10:12.2924814Z ✔ [3754/3795] Built GaussianPrimalDual (2.3s)
lean-proof	Check direct three-cell proof source	2026-10-09T00:10:14.7940407Z ✔ [3755/3795] Built GaussianBalancedValue (2.5s)
lean-proof	Check direct three-cell proof source	2026-10-09T00:10:17.5978628Z ⚠ [3756/3795] Built GaussianValueScaling (2.8s)
lean-proof	Check direct three-cell proof source	2026-10-09T00:10:17.5980208Z warning: sources/GaussianValueScaling.lean:92:0: automatically included section variable(s) unused in theorem `GaussianMeasureBridge.FractionalPartition.momentEnergy_nonneg`:
lean-proof	Check direct three-cell proof source	2026-10-09T00:10:17.5981604Z   [NeZero k]
lean-proof	Check direct three-cell proof source	2026-10-09T00:10:17.5982394Z consider restructuring your `variable` declarations so that the variables are not in scope or explicitly omit them:
lean-proof	Check direct three-cell proof source	2026-10-09T00:10:17.5983344Z   omit [NeZero k] in theorem ...
lean-proof	Check direct three-cell proof source	2026-10-09T00:10:17.5983626Z 
lean-proof	Check direct three-cell proof source	2026-10-09T00:10:17.5984025Z Note: This linter can be disabled with `set_option linter.unusedSectionVars false`
lean-proof	Check direct three-cell proof source	2026-10-09T00:10:19.1987663Z ⚠ [3757/3795] Built GaussianScoreDerivative (4.4s)
lean-proof	Check direct three-cell proof source	2026-10-09T00:10:19.1988952Z warning: sources/GaussianScoreDerivative.lean:17:8: automatically included section variable(s) unused in theorem `GaussianMeasureBridge.affineScores_zero`:
lean-proof	Check direct three-cell proof source	2026-10-09T00:10:19.1989996Z   [NeZero k]
lean-proof	Check direct three-cell proof source	2026-10-09T00:10:19.1990721Z consider restructuring your `variable` declarations so that the variables are not in scope or explicitly omit them:
lean-proof	Check direct three-cell proof source	2026-10-09T00:10:19.1991539Z   omit [NeZero k] in theorem ...
lean-proof	Check direct three-cell proof source	2026-10-09T00:10:19.1991815Z 
lean-proof	Check direct three-cell proof source	2026-10-09T00:10:19.1992174Z Note: This linter can be disabled with `set_option linter.unusedSectionVars false`
lean-proof	Check direct three-cell proof source	2026-10-09T00:10:19.1993469Z warning: sources/GaussianScoreDerivative.lean:20:8: automatically included section variable(s) unused in theorem `GaussianMeasureBridge.affinePrices_zero`:
lean-proof	Check direct three-cell proof source	2026-10-09T00:10:19.1994517Z   [NeZero k]
lean-proof	Check direct three-cell proof source	2026-10-09T00:10:19.1995216Z consider restructuring your `variable` declarations so that the variables are not in scope or explicitly omit them:
lean-proof	Check direct three-cell proof source	2026-10-09T00:10:19.1996044Z   omit [NeZero k] in theorem ...
lean-proof	Check direct three-cell proof source	2026-10-09T00:10:19.1996304Z 
lean-proof	Check direct three-cell proof source	2026-10-09T00:10:19.1996828Z Note: This linter can be disabled with `set_option linter.unusedSectionVars false`
lean-proof	Check direct three-cell proof source	2026-10-09T00:10:19.1998142Z warning: sources/GaussianScoreDerivative.lean:23:0: automatically included section variable(s) unused in theorem `GaussianMeasureBridge.directional_score_abs_le`:
lean-proof	Check direct three-cell proof source	2026-10-09T00:10:19.1999234Z   [NeZero k]
lean-proof	Check direct three-cell proof source	2026-10-09T00:10:19.2000124Z consider restructuring your `variable` declarations so that the variables are not in scope or explicitly omit them:
lean-proof	Check direct three-cell proof source	2026-10-09T00:10:19.2000943Z   omit [NeZero k] in theorem ...
lean-proof	Check direct three-cell proof source	2026-10-09T00:10:19.2001826Z 
lean-proof	Check direct three-cell proof source	2026-10-09T00:10:19.2002403Z Note: This linter can be disabled with `set_option linter.unusedSectionVars false`
lean-proof	Check direct three-cell proof source	2026-10-09T00:10:21.2098238Z ⚠ [3758/3795] Built GaussianCovarianceValue (3.7s)
lean-proof	Check direct three-cell proof source	2026-10-09T00:10:21.2128236Z warning: sources/GaussianCovarianceValue.lean:94:0: automatically included section variable(s) unused in theorem `GaussianMeasureBridge.scoreGram_covarianceRows`:
lean-proof	Check direct three-cell proof source	2026-10-09T00:10:21.2157133Z   [NeZero k]
lean-proof	Check direct three-cell proof source	2026-10-09T00:10:21.2167520Z consider restructuring your `variable` declarations so that the variables are not in scope or explicitly omit them:
lean-proof	Check direct three-cell proof source	2026-10-09T00:10:21.2187221Z   omit [NeZero k] in theorem ...
lean-proof	Check direct three-cell proof source	2026-10-09T00:10:21.2216980Z 
lean-proof	Check direct three-cell proof source	2026-10-09T00:10:21.2237294Z Note: This linter can be disabled with `set_option linter.unusedSectionVars false`
lean-proof	Check direct three-cell proof source	2026-10-09T00:10:21.2247945Z warning: sources/GaussianCovarianceValue.lean:112:0: automatically included section variable(s) unused in theorem `GaussianMeasureBridge.scoreGram_smul`:
lean-proof	Check direct three-cell proof source	2026-10-09T00:10:21.2277157Z   [NeZero k]
lean-proof	Check direct three-cell proof source	2026-10-09T00:10:21.2308281Z consider restructuring your `variable` declarations so that the variables are not in scope or explicitly omit them:
lean-proof	Check direct three-cell proof source	2026-10-09T00:10:21.2317026Z   omit [NeZero k] in theorem ...
lean-proof	Check direct three-cell proof source	2026-10-09T00:10:21.2337049Z 
lean-proof	Check direct three-cell proof source	2026-10-09T00:10:21.2367482Z Note: This linter can be disabled with `set_option linter.unusedSectionVars false`
lean-proof	Check direct three-cell proof source	2026-10-09T00:10:23.3124700Z ⚠ [3759/3795] Built GaussianGraphMassDerivative (4.2s)
lean-proof	Check direct three-cell proof source	2026-10-09T00:10:23.3125847Z warning: sources/GaussianGraphMassDerivative.lean:35:4: try 'simp' instead of 'simpa'
lean-proof	Check direct three-cell proof source	2026-10-09T00:10:23.3126844Z 
lean-proof	Check direct three-cell proof source	2026-10-09T00:10:23.3127357Z Note: This linter can be disabled with `set_option linter.unnecessarySimpa false`
lean-proof	Check direct three-cell proof source	2026-10-09T00:10:24.8188205Z ⚠ [3760/3795] Built GaussianScoreSymmetry (3.5s)
lean-proof	Check direct three-cell proof source	2026-10-09T00:10:24.8189976Z warning: sources/GaussianScoreSymmetry.lean:45:0: automatically included section variable(s) unused in theorem `GaussianMeasureBridge.standardRows_injective`:
lean-proof	Check direct three-cell proof source	2026-10-09T00:10:24.8217451Z   [NeZero k]
lean-proof	Check direct three-cell proof source	2026-10-09T00:10:24.8247911Z consider restructuring your `variable` declarations so that the variables are not in scope or explicitly omit them:
lean-proof	Check direct three-cell proof source	2026-10-09T00:10:24.8277290Z   omit [NeZero k] in theorem ...
lean-proof	Check direct three-cell proof source	2026-10-09T00:10:24.8277937Z 
lean-proof	Check direct three-cell proof source	2026-10-09T00:10:24.8307458Z Note: This linter can be disabled with `set_option linter.unusedSectionVars false`
lean-proof	Check direct three-cell proof source	2026-10-09T00:10:24.8337911Z warning: sources/GaussianScoreSymmetry.lean:48:0: automatically included section variable(s) unused in theorem `GaussianMeasureBridge.scoreGram_standardRows`:
lean-proof	Check direct three-cell proof source	2026-10-09T00:10:24.8367119Z   [NeZero k]
lean-proof	Check direct three-cell proof source	2026-10-09T00:10:24.8368174Z consider restructuring your `variable` declarations so that the variables are not in scope or explicitly omit them:
lean-proof	Check direct three-cell proof source	2026-10-09T00:10:24.8397202Z   omit [NeZero k] in theorem ...
lean-proof	Check direct three-cell proof source	2026-10-09T00:10:24.8426978Z 
lean-proof	Check direct three-cell proof source	2026-10-09T00:10:24.8457425Z Note: This linter can be disabled with `set_option linter.unusedSectionVars false`
lean-proof	Check direct three-cell proof source	2026-10-09T00:10:24.8459013Z ⚠ [3761/3795] Built GaussianCovarianceContinuity (3.6s)
lean-proof	Check direct three-cell proof source	2026-10-09T00:10:24.8491639Z warning: sources/GaussianCovarianceContinuity.lean:15:0: automatically included section variable(s) unused in theorem `GaussianMeasureBridge.continuousOn_covarianceRows`:
lean-proof	Check direct three-cell proof source	2026-10-09T00:10:24.8517182Z   [NeZero k]
lean-proof	Check direct three-cell proof source	2026-10-09T00:10:24.8547566Z consider restructuring your `variable` declarations so that the variables are not in scope or explicitly omit them:
lean-proof	Check direct three-cell proof source	2026-10-09T00:10:24.8548717Z   omit [NeZero k] in theorem ...
lean-proof	Check direct three-cell proof source	2026-10-09T00:10:24.8576997Z 
lean-proof	Check direct three-cell proof source	2026-10-09T00:10:24.8607435Z Note: This linter can be disabled with `set_option linter.unusedSectionVars false`
lean-proof	Check direct three-cell proof source	2026-10-09T00:10:25.0191720Z ⚠ [3762/3795] Built GaussianMinimalCovarianceRows (3.7s)
lean-proof	Check direct three-cell proof source	2026-10-09T00:10:25.0218517Z warning: sources/GaussianMinimalCovarianceRows.lean:18:0: automatically included section variable(s) unused in theorem `GaussianMeasureBridge.minimalCovarianceRows_sum`:
lean-proof	Check direct three-cell proof source	2026-10-09T00:10:25.0227474Z   [NeZero n]
lean-proof	Check direct three-cell proof source	2026-10-09T00:10:25.0237740Z consider restructuring your `variable` declarations so that the variables are not in scope or explicitly omit them:
lean-proof	Check direct three-cell proof source	2026-10-09T00:10:25.0239578Z   omit [NeZero n] in theorem ...
lean-proof	Check direct three-cell proof source	2026-10-09T00:10:25.0240042Z 
lean-proof	Check direct three-cell proof source	2026-10-09T00:10:25.0240584Z Note: This linter can be disabled with `set_option linter.unusedSectionVars false`
lean-proof	Check direct three-cell proof source	2026-10-09T00:10:25.0241994Z warning: sources/GaussianMinimalCovarianceRows.lean:45:8: This simp argument is unused:
lean-proof	Check direct three-cell proof source	2026-10-09T00:10:25.0242892Z   neg_neg
lean-proof	Check direct three-cell proof source	2026-10-09T00:10:25.0243230Z 
lean-proof	Check direct three-cell proof source	2026-10-09T00:10:25.0243573Z Hint: Omit it from the simp argument list.
lean-proof	Check direct three-cell proof source	2026-10-09T00:10:25.0244603Z   [apply] simp only [scoreGram, minimalCovarianceRows, Fin.cons_zero, inner_neg_left, inner_neg_right, sum_inner,
lean-proof	Check direct three-cell proof source	2026-10-09T00:10:25.0245613Z     inner_sum, hnorm]
lean-proof	Check direct three-cell proof source	2026-10-09T00:10:25.0245994Z 
lean-proof	Check direct three-cell proof source	2026-10-09T00:10:25.0246513Z Note: This linter can be disabled with `set_option linter.unusedSimpArgs false`
lean-proof	Check direct three-cell proof source	2026-10-09T00:10:28.0278308Z ⚠ [3763/3795] Built GaussianRotationalMomentIdentity (3.2s)
lean-proof	Check direct three-cell proof source	2026-10-09T00:10:28.0279704Z warning: sources/GaussianRotationalMomentIdentity.lean:12:0: automatically included section variable(s) unused in theorem `GaussianMeasureBridge.scoreGram_skew_path_even`:
lean-proof	Check direct three-cell proof source	2026-10-09T00:10:28.0280880Z   [NeZero k]
lean-proof	Check direct three-cell proof source	2026-10-09T00:10:28.0281572Z consider restructuring your `variable` declarations so that the variables are not in scope or explicitly omit them:
lean-proof	Check direct three-cell proof source	2026-10-09T00:10:28.0282402Z   omit [NeZero k] in theorem ...
lean-proof	Check direct three-cell proof source	2026-10-09T00:10:28.0282651Z 
lean-proof	Check direct three-cell proof source	2026-10-09T00:10:28.0283000Z Note: This linter can be disabled with `set_option linter.unusedSectionVars false`
lean-proof	Check direct three-cell proof source	2026-10-09T00:10:28.0283921Z warning: sources/GaussianRotationalMomentIdentity.lean:59:49: This simp argument is unused:
lean-proof	Check direct three-cell proof source	2026-10-09T00:10:28.0284686Z   real_inner_smul_left
lean-proof	Check direct three-cell proof source	2026-10-09T00:10:28.0284903Z 
lean-proof	Check direct three-cell proof source	2026-10-09T00:10:28.0285064Z Hint: Omit it from the simp argument list.
lean-proof	Check direct three-cell proof source	2026-10-09T00:10:28.0285737Z   [apply] simp [h, e, inner_sub_left, inner_sub_right, real_inner_smul_right, PiLp.inner_apply]
lean-proof	Check direct three-cell proof source	2026-10-09T00:10:28.0286250Z 
lean-proof	Check direct three-cell proof source	2026-10-09T00:10:28.0286585Z Note: This linter can be disabled with `set_option linter.unusedSimpArgs false`
lean-proof	Check direct three-cell proof source	2026-10-09T00:10:28.0287644Z warning: sources/GaussianRotationalMomentIdentity.lean:60:6: This simp argument is unused:
lean-proof	Check direct three-cell proof source	2026-10-09T00:10:28.0288347Z   real_inner_smul_right
lean-proof	Check direct three-cell proof source	2026-10-09T00:10:28.0288561Z 
lean-proof	Check direct three-cell proof source	2026-10-09T00:10:28.0288731Z Hint: Omit it from the simp argument list.
lean-proof	Check direct three-cell proof source	2026-10-09T00:10:28.0289399Z   [apply] simp [h, e, inner_sub_left, inner_sub_right, real_inner_smul_left, PiLp.inner_apply]
lean-proof	Check direct three-cell proof source	2026-10-09T00:10:28.0289899Z 
lean-proof	Check direct three-cell proof source	2026-10-09T00:10:28.0290206Z Note: This linter can be disabled with `set_option linter.unusedSimpArgs false`
lean-proof	Check direct three-cell proof source	2026-10-09T00:10:28.1288149Z ⚠ [3764/3795] Built GaussianMomentCovariance (3.3s)
lean-proof	Check direct three-cell proof source	2026-10-09T00:10:28.1318185Z warning: sources/GaussianMomentCovariance.lean:16:0: automatically included section variable(s) unused in theorem `GaussianMeasureBridge.FractionalPartition.scoreGram_moment_centered`:
lean-proof	Check direct three-cell proof source	2026-10-09T00:10:28.1320219Z   [NeZero k]
lean-proof	Check direct three-cell proof source	2026-10-09T00:10:28.1347686Z consider restructuring your `variable` declarations so that the variables are not in scope or explicitly omit them:
lean-proof	Check direct three-cell proof source	2026-10-09T00:10:28.1377175Z   omit [NeZero k] in theorem ...
lean-proof	Check direct three-cell proof source	2026-10-09T00:10:28.1406952Z 
lean-proof	Check direct three-cell proof source	2026-10-09T00:10:28.1407759Z Note: This linter can be disabled with `set_option linter.unusedSectionVars false`
lean-proof	Check direct three-cell proof source	2026-10-09T00:10:28.1438384Z warning: sources/GaussianMomentCovariance.lean:20:0: automatically included section variable(s) unused in theorem `GaussianMeasureBridge.FractionalPartition.trace_scoreGram_moment`:
lean-proof	Check direct three-cell proof source	2026-10-09T00:10:28.1487738Z   [NeZero k]
lean-proof	Check direct three-cell proof source	2026-10-09T00:10:28.1488695Z consider restructuring your `variable` declarations so that the variables are not in scope or explicitly omit them:
lean-proof	Check direct three-cell proof source	2026-10-09T00:10:28.1489667Z   omit [NeZero k] in theorem ...
lean-proof	Check direct three-cell proof source	2026-10-09T00:10:28.1489966Z 
lean-proof	Check direct three-cell proof source	2026-10-09T00:10:28.1490373Z Note: This linter can be disabled with `set_option linter.unusedSectionVars false`
lean-proof	Check direct three-cell proof source	2026-10-09T00:10:28.4278913Z ✔ [3765/3795] Built GaussianPriceContinuity (3.6s)
lean-proof	Check direct three-cell proof source	2026-10-09T00:10:31.2388760Z ⚠ [3766/3795] Built GaussianRegularValue (3.1s)
lean-proof	Check direct three-cell proof source	2026-10-09T00:10:31.2428086Z warning: sources/GaussianRegularValue.lean:61:0: automatically included section variable(s) unused in theorem `GaussianMeasureBridge.inner_standard_mean`:
lean-proof	Check direct three-cell proof source	2026-10-09T00:10:31.2457294Z   [NeZero k]
lean-proof	Check direct three-cell proof source	2026-10-09T00:10:31.2517780Z consider restructuring your `variable` declarations so that the variables are not in scope or explicitly omit them:
lean-proof	Check direct three-cell proof source	2026-10-09T00:10:31.2547170Z   omit [NeZero k] in theorem ...
lean-proof	Check direct three-cell proof source	2026-10-09T00:10:31.2567145Z 
lean-proof	Check direct three-cell proof source	2026-10-09T00:10:31.2667843Z Note: This linter can be disabled with `set_option linter.unusedSectionVars false`
lean-proof	Check direct three-cell proof source	2026-10-09T00:10:31.2697516Z warning: sources/GaussianRegularValue.lean:117:8: this tactic is never executed
lean-proof	Check direct three-cell proof source	2026-10-09T00:10:31.2725262Z 
lean-proof	Check direct three-cell proof source	2026-10-09T00:10:31.2757640Z Note: This linter can be disabled with `set_option linter.unreachableTactic false`
lean-proof	Check direct three-cell proof source	2026-10-09T00:10:31.2817454Z warning: sources/GaussianRegularValue.lean:117:8: Unused tactic linter: `ring` does nothing
lean-proof	Check direct three-cell proof source	2026-10-09T00:10:31.2846872Z 
lean-proof	Check direct three-cell proof source	2026-10-09T00:10:31.2876193Z Note: This linter can be disabled with `set_option linter.unusedTactic false`
lean-proof	Check direct three-cell proof source	2026-10-09T00:10:31.6368183Z ⚠ [3767/3795] Built GaussianGraphLift (3.6s)
lean-proof	Check direct three-cell proof source	2026-10-09T00:10:31.6378054Z warning: sources/GaussianGraphLift.lean:18:8: automatically included section variable(s) unused in theorem `GaussianMeasureBridge.graphScores_zero`:
lean-proof	Check direct three-cell proof source	2026-10-09T00:10:31.6427259Z   [NeZero k]
lean-proof	Check direct three-cell proof source	2026-10-09T00:10:31.6428098Z consider restructuring your `variable` declarations so that the variables are not in scope or explicitly omit them:
lean-proof	Check direct three-cell proof source	2026-10-09T00:10:31.6428987Z   omit [NeZero k] in theorem ...
lean-proof	Check direct three-cell proof source	2026-10-09T00:10:31.6429265Z 
lean-proof	Check direct three-cell proof source	2026-10-09T00:10:31.6429677Z Note: This linter can be disabled with `set_option linter.unusedSectionVars false`
lean-proof	Check direct three-cell proof source	2026-10-09T00:10:31.6431013Z warning: sources/GaussianGraphLift.lean:19:8: automatically included section variable(s) unused in theorem `GaussianMeasureBridge.graphScores_succ`:
lean-proof	Check direct three-cell proof source	2026-10-09T00:10:31.6447564Z   [NeZero k]
lean-proof	Check direct three-cell proof source	2026-10-09T00:10:31.6487822Z consider restructuring your `variable` declarations so that the variables are not in scope or explicitly omit them:
lean-proof	Check direct three-cell proof source	2026-10-09T00:10:31.6507450Z   omit [NeZero k] in theorem ...
lean-proof	Check direct three-cell proof source	2026-10-09T00:10:31.6517438Z 
lean-proof	Check direct three-cell proof source	2026-10-09T00:10:31.6537815Z Note: This linter can be disabled with `set_option linter.unusedSectionVars false`
lean-proof	Check direct three-cell proof source	2026-10-09T00:10:31.6577819Z warning: sources/GaussianGraphLift.lean:21:8: automatically included section variable(s) unused in theorem `GaussianMeasureBridge.graphPrices_zero`:
lean-proof	Check direct three-cell proof source	2026-10-09T00:10:31.6579054Z   [NeZero k]
lean-proof	Check direct three-cell proof source	2026-10-09T00:10:31.6607532Z consider restructuring your `variable` declarations so that the variables are not in scope or explicitly omit them:
lean-proof	Check direct three-cell proof source	2026-10-09T00:10:31.6637075Z   omit [NeZero k] in theorem ...
lean-proof	Check direct three-cell proof source	2026-10-09T00:10:31.6657475Z 
lean-proof	Check direct three-cell proof source	2026-10-09T00:10:31.6697392Z Note: This linter can be disabled with `set_option linter.unusedSectionVars false`
lean-proof	Check direct three-cell proof source	2026-10-09T00:10:31.6727762Z warning: sources/GaussianGraphLift.lean:22:8: automatically included section variable(s) unused in theorem `GaussianMeasureBridge.graphPrices_succ`:
lean-proof	Check direct three-cell proof source	2026-10-09T00:10:31.6728917Z   [NeZero k]
lean-proof	Check direct three-cell proof source	2026-10-09T00:10:31.6748033Z consider restructuring your `variable` declarations so that the variables are not in scope or explicitly omit them:
lean-proof	Check direct three-cell proof source	2026-10-09T00:10:31.6787190Z   omit [NeZero k] in theorem ...
lean-proof	Check direct three-cell proof source	2026-10-09T00:10:31.6816911Z 
lean-proof	Check direct three-cell proof source	2026-10-09T00:10:31.6847381Z Note: This linter can be disabled with `set_option linter.unusedSectionVars false`
lean-proof	Check direct three-cell proof source	2026-10-09T00:10:31.6869002Z warning: sources/GaussianGraphLift.lean:24:0: automatically included section variable(s) unused in theorem `GaussianMeasureBridge.graphScores_injective`:
lean-proof	Check direct three-cell proof source	2026-10-09T00:10:31.6892074Z   [NeZero k]
lean-proof	Check direct three-cell proof source	2026-10-09T00:10:31.6927990Z consider restructuring your `variable` declarations so that the variables are not in scope or explicitly omit them:
lean-proof	Check direct three-cell proof source	2026-10-09T00:10:31.6967166Z   omit [NeZero k] in theorem ...
lean-proof	Check direct three-cell proof source	2026-10-09T00:10:31.6987278Z 
lean-proof	Check direct three-cell proof source	2026-10-09T00:10:31.6997324Z Note: This linter can be disabled with `set_option linter.unusedSectionVars false`
lean-proof	Check direct three-cell proof source	2026-10-09T00:10:31.7057869Z warning: sources/GaussianGraphLift.lean:58:0: automatically included section variable(s) unused in theorem `GaussianMeasureBridge.graph_winning_succ`:
lean-proof	Check direct three-cell proof source	2026-10-09T00:10:31.7077344Z   [NeZero k]
lean-proof	Check direct three-cell proof source	2026-10-09T00:10:31.7097795Z consider restructuring your `variable` declarations so that the variables are not in scope or explicitly omit them:
lean-proof	Check direct three-cell proof source	2026-10-09T00:10:31.7137690Z   omit [NeZero k] in theorem ...
lean-proof	Check direct three-cell proof source	2026-10-09T00:10:31.7176922Z 
lean-proof	Check direct three-cell proof source	2026-10-09T00:10:31.7201704Z Note: This linter can be disabled with `set_option linter.unusedSectionVars false`
lean-proof	Check direct three-cell proof source	2026-10-09T00:10:32.1359418Z ⚠ [3768/3795] Built GaussianWinningContinuity (3.7s)
lean-proof	Check direct three-cell proof source	2026-10-09T00:10:32.1388114Z warning: sources/GaussianWinningContinuity.lean:8:0: automatically included section variable(s) unused in theorem `GaussianMeasureBridge.eventually_winning_parameters`:
lean-proof	Check direct three-cell proof source	2026-10-09T00:10:32.1427468Z   [NeZero k]
lean-proof	Check direct three-cell proof source	2026-10-09T00:10:32.1447566Z consider restructuring your `variable` declarations so that the variables are not in scope or explicitly omit them:
lean-proof	Check direct three-cell proof source	2026-10-09T00:10:32.1467133Z   omit [NeZero k] in theorem ...
lean-proof	Check direct three-cell proof source	2026-10-09T00:10:32.1467444Z 
lean-proof	Check direct three-cell proof source	2026-10-09T00:10:32.1467823Z Note: This linter can be disabled with `set_option linter.unusedSectionVars false`
lean-proof	Check direct three-cell proof source	2026-10-09T00:10:35.4438396Z ✔ [3769/3795] Built GaussianGraphVectorFlux (3.8s)
lean-proof	Check direct three-cell proof source	2026-10-09T00:10:36.2427746Z ⚠ [3770/3795] Built GaussianRegularPrincipal (5.0s)
lean-proof	Check direct three-cell proof source	2026-10-09T00:10:36.2429041Z warning: sources/GaussianRegularPrincipal.lean:38:6: This simp argument is unused:
lean-proof	Check direct three-cell proof source	2026-10-09T00:10:36.2430039Z   dotProduct_smul
lean-proof	Check direct three-cell proof source	2026-10-09T00:10:36.2430405Z 
lean-proof	Check direct three-cell proof source	2026-10-09T00:10:36.2430779Z Hint: Omit it from the simp argument list.
lean-proof	Check direct three-cell proof source	2026-10-09T00:10:36.2431898Z   [apply] simp only [Matrix.smul_mulVec, Matrix.sub_mulVec, Matrix.one_mulVec, Matrix.vecMulVec_mulVec, dotProduct_sub,
lean-proof	Check direct three-cell proof source	2026-10-09T00:10:36.2433097Z     star_trivial, Pi.one_apply, one_mul, smul_eq_mul, dotProduct, mul_one]
lean-proof	Check direct three-cell proof source	2026-10-09T00:10:36.2433733Z 
lean-proof	Check direct three-cell proof source	2026-10-09T00:10:36.2434263Z Note: This linter can be disabled with `set_option linter.unusedSimpArgs false`
lean-proof	Check direct three-cell proof source	2026-10-09T00:10:36.2435338Z warning: sources/GaussianRegularPrincipal.lean:38:22: This simp argument is unused:
lean-proof	Check direct three-cell proof source	2026-10-09T00:10:36.2436213Z   dotProduct_sub
lean-proof	Check direct three-cell proof source	2026-10-09T00:10:36.2436587Z 
lean-proof	Check direct three-cell proof source	2026-10-09T00:10:36.2437103Z Hint: Omit it from the simp argument list.
lean-proof	Check direct three-cell proof source	2026-10-09T00:10:36.2438144Z   [apply] simp only [Matrix.smul_mulVec, Matrix.sub_mulVec, Matrix.one_mulVec, Matrix.vecMulVec_mulVec, dotProduct_smul,
lean-proof	Check direct three-cell proof source	2026-10-09T00:10:36.2439342Z     star_trivial, Pi.one_apply, one_mul, smul_eq_mul, dotProduct, mul_one]
lean-proof	Check direct three-cell proof source	2026-10-09T00:10:36.2440592Z 
lean-proof	Check direct three-cell proof source	2026-10-09T00:10:36.2441120Z Note: This linter can be disabled with `set_option linter.unusedSimpArgs false`
lean-proof	Check direct three-cell proof source	2026-10-09T00:10:36.2442199Z warning: sources/GaussianRegularPrincipal.lean:38:50: This simp argument is unused:
lean-proof	Check direct three-cell proof source	2026-10-09T00:10:36.2443064Z   Pi.one_apply
lean-proof	Check direct three-cell proof source	2026-10-09T00:10:36.2443416Z 
lean-proof	Check direct three-cell proof source	2026-10-09T00:10:36.2443785Z Hint: Omit it from the simp argument list.
lean-proof	Check direct three-cell proof source	2026-10-09T00:10:36.2444835Z   [apply] simp only [Matrix.smul_mulVec, Matrix.sub_mulVec, Matrix.one_mulVec, Matrix.vecMulVec_mulVec, dotProduct_smul,
lean-proof	Check direct three-cell proof source	2026-10-09T00:10:36.2446047Z     dotProduct_sub, star_trivial, one_mul, smul_eq_mul, dotProduct, mul_one]
lean-proof	Check direct three-cell proof source	2026-10-09T00:10:36.2446846Z 
lean-proof	Check direct three-cell proof source	2026-10-09T00:10:36.2447356Z Note: This linter can be disabled with `set_option linter.unusedSimpArgs false`
lean-proof	Check direct three-cell proof source	2026-10-09T00:10:36.2448429Z warning: sources/GaussianRegularPrincipal.lean:38:71: This simp argument is unused:
lean-proof	Check direct three-cell proof source	2026-10-09T00:10:36.2449283Z   smul_eq_mul
lean-proof	Check direct three-cell proof source	2026-10-09T00:10:36.2449631Z 
lean-proof	Check direct three-cell proof source	2026-10-09T00:10:36.2449961Z Hint: Omit it from the simp argument list.
lean-proof	Check direct three-cell proof source	2026-10-09T00:10:36.2450973Z   [apply] simp only [Matrix.smul_mulVec, Matrix.sub_mulVec, Matrix.one_mulVec, Matrix.vecMulVec_mulVec, dotProduct_smul,
lean-proof	Check direct three-cell proof source	2026-10-09T00:10:36.2452174Z     dotProduct_sub, star_trivial, Pi.one_apply, one_mul, dotProduct, mul_one]
lean-proof	Check direct three-cell proof source	2026-10-09T00:10:36.2452836Z 
lean-proof	Check direct three-cell proof source	2026-10-09T00:10:36.2453338Z Note: This linter can be disabled with `set_option linter.unusedSimpArgs false`
lean-proof	Check direct three-cell proof source	2026-10-09T00:10:36.2454401Z warning: sources/GaussianRegularPrincipal.lean:39:17: This simp argument is unused:
lean-proof	Check direct three-cell proof source	2026-10-09T00:10:36.2455221Z   mul_one
lean-proof	Check direct three-cell proof source	2026-10-09T00:10:36.2455551Z 
lean-proof	Check direct three-cell proof source	2026-10-09T00:10:36.2455868Z Hint: Omit it from the simp argument list.
lean-proof	Check direct three-cell proof source	2026-10-09T00:10:36.2457618Z   [apply] simp only [Matrix.smul_mulVec, Matrix.sub_mulVec, Matrix.one_mulVec, Matrix.vecMulVec_mulVec, dotProduct_smul,
lean-proof	Check direct three-cell proof source	2026-10-09T00:10:36.2458850Z     dotProduct_sub, star_trivial, Pi.one_apply, one_mul, smul_eq_mul, dotProduct]
lean-proof	Check direct three-cell proof source	2026-10-09T00:10:36.2459757Z 
lean-proof	Check direct three-cell proof source	2026-10-09T00:10:36.2460264Z Note: This linter can be disabled with `set_option linter.unusedSimpArgs false`
lean-proof	Check direct three-cell proof source	2026-10-09T00:10:36.3429078Z ⚠ [3771/3795] Built GaussianEquidistantRigidity (5.2s)
lean-proof	Check direct three-cell proof source	2026-10-09T00:10:36.3430730Z warning: sources/GaussianEquidistantRigidity.lean:11:0: automatically included section variable(s) unused in theorem `GaussianMeasureBridge.sum_squared_distances_centered`:
lean-proof	Check direct three-cell proof source	2026-10-09T00:10:36.3432349Z   [NeZero k]
lean-proof	Check direct three-cell proof source	2026-10-09T00:10:36.3433366Z consider restructuring your `variable` declarations so that the variables are not in scope or explicitly omit them:
lean-proof	Check direct three-cell proof source	2026-10-09T00:10:36.3434436Z   omit [NeZero k] in theorem ...
lean-proof	Check direct three-cell proof source	2026-10-09T00:10:36.3434900Z 
lean-proof	Check direct three-cell proof source	2026-10-09T00:10:36.3435458Z Note: This linter can be disabled with `set_option linter.unusedSectionVars false`
lean-proof	Check direct three-cell proof source	2026-10-09T00:10:36.5421436Z ⚠ [3772/3795] Built GaussianActualEnvelope (4.4s)
lean-proof	Check direct three-cell proof source	2026-10-09T00:10:36.5422485Z warning: sources/GaussianActualEnvelope.lean:12:0: automatically included section variable(s) unused in theorem `GaussianMeasureBridge.eventually_injective_scores`:
lean-proof	Check direct three-cell proof source	2026-10-09T00:10:36.5423244Z   [NeZero k]
lean-proof	Check direct three-cell proof source	2026-10-09T00:10:36.5423717Z consider restructuring your `variable` declarations so that the variables are not in scope or explicitly omit them:
lean-proof	Check direct three-cell proof source	2026-10-09T00:10:36.5424250Z   omit [NeZero k] in theorem ...
lean-proof	Check direct three-cell proof source	2026-10-09T00:10:36.5424427Z 
lean-proof	Check direct three-cell proof source	2026-10-09T00:10:36.5424661Z Note: This linter can be disabled with `set_option linter.unusedSectionVars false`
lean-proof	Check direct three-cell proof source	2026-10-09T00:10:38.3448233Z ⚠ [3773/3795] Built GaussianMomentSymmetry (2.8s)
lean-proof	Check direct three-cell proof source	2026-10-09T00:10:38.3449690Z warning: sources/GaussianMomentSymmetry.lean:11:0: automatically included section variable(s) unused in theorem `GaussianMeasureBridge.winningCell_reindex`:
lean-proof	Check direct three-cell proof source	2026-10-09T00:10:38.3450920Z   [NeZero k]
lean-proof	Check direct three-cell proof source	2026-10-09T00:10:38.3451701Z consider restructuring your `variable` declarations so that the variables are not in scope or explicitly omit them:
lean-proof	Check direct three-cell proof source	2026-10-09T00:10:38.3452618Z   omit [NeZero k] in theorem ...
lean-proof	Check direct three-cell proof source	2026-10-09T00:10:38.3452927Z 
lean-proof	Check direct three-cell proof source	2026-10-09T00:10:38.3453321Z Note: This linter can be disabled with `set_option linter.unusedSectionVars false`
lean-proof	Check direct three-cell proof source	2026-10-09T00:10:38.3454504Z warning: sources/GaussianMomentSymmetry.lean:31:26: `Set.mem_setOf_eq` has been deprecated: Use `Set.mem_ofPred_eq` instead
lean-proof	Check direct three-cell proof source	2026-10-09T00:10:38.3456186Z warning: sources/GaussianMomentSymmetry.lean:28:0: automatically included section variable(s) unused in theorem `GaussianMeasureBridge.winningCell_isometry`:
lean-proof	Check direct three-cell proof source	2026-10-09T00:10:38.3457532Z   [NeZero k]
lean-proof	Check direct three-cell proof source	2026-10-09T00:10:38.3458309Z consider restructuring your `variable` declarations so that the variables are not in scope or explicitly omit them:
lean-proof	Check direct three-cell proof source	2026-10-09T00:10:38.3459225Z   omit [NeZero k] in theorem ...
lean-proof	Check direct three-cell proof source	2026-10-09T00:10:38.3459509Z 
lean-proof	Check direct three-cell proof source	2026-10-09T00:10:38.3459892Z Note: This linter can be disabled with `set_option linter.unusedSectionVars false`
lean-proof	Check direct three-cell proof source	2026-10-09T00:10:38.3460863Z warning: sources/GaussianMomentSymmetry.lean:85:6: This simp argument is unused:
lean-proof	Check direct three-cell proof source	2026-10-09T00:10:38.3461633Z   EuclideanSpace.piLpCongrLeft_single
lean-proof	Check direct three-cell proof source	2026-10-09T00:10:38.3461972Z 
lean-proof	Check direct three-cell proof source	2026-10-09T00:10:38.3462150Z Hint: Omit it from the simp argument list.
lean-proof	Check direct three-cell proof source	2026-10-09T00:10:38.3462758Z   [apply] simp [T, standardRows, EuclideanSpace.basisFun_apply]
lean-proof	Check direct three-cell proof source	2026-10-09T00:10:38.3463207Z 
lean-proof	Check direct three-cell proof source	2026-10-09T00:10:38.3463566Z Note: This linter can be disabled with `set_option linter.unusedSimpArgs false`
lean-proof	Check direct three-cell proof source	2026-10-09T00:10:41.1508806Z ⚠ [3774/3795] Built GaussianWinningGraphFlux (2.8s)
lean-proof	Check direct three-cell proof source	2026-10-09T00:10:41.1509708Z warning: sources/GaussianWinningGraphFlux.lean:33:0: automatically included section variable(s) unused in theorem `GaussianMeasureBridge.winning_graph_inequality`:
lean-proof	Check direct three-cell proof source	2026-10-09T00:10:41.1510398Z   [NeZero k]
lean-proof	Check direct three-cell proof source	2026-10-09T00:10:41.1510874Z consider restructuring your `variable` declarations so that the variables are not in scope or explicitly omit them:
lean-proof	Check direct three-cell proof source	2026-10-09T00:10:41.1511738Z   omit [NeZero k] in theorem ...
lean-proof	Check direct three-cell proof source	2026-10-09T00:10:41.1511919Z 
lean-proof	Check direct three-cell proof source	2026-10-09T00:10:41.1512155Z Note: This linter can be disabled with `set_option linter.unusedSectionVars false`
lean-proof	Check direct three-cell proof source	2026-10-09T00:10:41.1515573Z warning: sources/GaussianWinningGraphFlux.lean:61:0: automatically included section variable(s) unused in theorem `GaussianMeasureBridge.winning_graph_normal`:
lean-proof	Check direct three-cell proof source	2026-10-09T00:10:41.1516590Z   [NeZero k]
lean-proof	Check direct three-cell proof source	2026-10-09T00:10:41.1517481Z consider restructuring your `variable` declarations so that the variables are not in scope or explicitly omit them:
lean-proof	Check direct three-cell proof source	2026-10-09T00:10:41.1518276Z   omit [NeZero k] in theorem ...
lean-proof	Check direct three-cell proof source	2026-10-09T00:10:41.1518531Z 
lean-proof	Check direct three-cell proof source	2026-10-09T00:10:41.1518895Z Note: This linter can be disabled with `set_option linter.unusedSectionVars false`
lean-proof	Check direct three-cell proof source	2026-10-09T00:10:41.1519772Z warning: sources/GaussianWinningGraphFlux.lean:71:63: This simp argument is unused:
lean-proof	Check direct three-cell proof source	2026-10-09T00:10:41.1520411Z   mul_add
lean-proof	Check direct three-cell proof source	2026-10-09T00:10:41.1520576Z 
lean-proof	Check direct three-cell proof source	2026-10-09T00:10:41.1520738Z Hint: Omit it from the simp argument list.
lean-proof	Check direct three-cell proof source	2026-10-09T00:10:41.1521310Z   [apply] simp [winningGraphSlopes, tailCoordinates, sub_eq_add_neg]
lean-proof	Check direct three-cell proof source	2026-10-09T00:10:41.1521632Z 
lean-proof	Check direct three-cell proof source	2026-10-09T00:10:41.1521860Z Note: This linter can be disabled with `set_option linter.unusedSimpArgs false`
lean-proof	Check direct three-cell proof source	2026-10-09T00:10:41.3501991Z ⚠ [3775/3795] Built GaussianRegularMoments (3.0s)
lean-proof	Check direct three-cell proof source	2026-10-09T00:10:41.3503020Z warning: sources/GaussianRegularMoments.lean:30:10: `if_neg` has been deprecated: Use `ite_eq_right` instead
lean-proof	Check direct three-cell proof source	2026-10-09T00:10:41.3504224Z warning: sources/GaussianRegularMoments.lean:34:50: `if_true` has been deprecated: Use `ite_true` instead
lean-proof	Check direct three-cell proof source	2026-10-09T00:10:41.3505395Z warning: sources/GaussianRegularMoments.lean:59:8: `if_pos` has been deprecated: Use `ite_eq_left` instead
lean-proof	Check direct three-cell proof source	2026-10-09T00:10:41.3506578Z warning: sources/GaussianRegularMoments.lean:62:8: `if_neg` has been deprecated: Use `ite_eq_right` instead
lean-proof	Check direct three-cell proof source	2026-10-09T00:10:41.3508039Z warning: sources/GaussianRegularMoments.lean:85:26: `Set.mem_setOf_eq` has been deprecated: Use `Set.mem_ofPred_eq` instead
lean-proof	Check direct three-cell proof source	2026-10-09T00:10:41.3509688Z warning: sources/GaussianRegularMoments.lean:78:0: automatically included section variable(s) unused in theorem `GaussianMeasureBridge.winningCell_regular_zero`:
lean-proof	Check direct three-cell proof source	2026-10-09T00:10:41.3510908Z   [NeZero k]
lean-proof	Check direct three-cell proof source	2026-10-09T00:10:41.3511651Z consider restructuring your `variable` declarations so that the variables are not in scope or explicitly omit them:
lean-proof	Check direct three-cell proof source	2026-10-09T00:10:41.3512702Z   omit [NeZero k] in theorem ...
lean-proof	Check direct three-cell proof source	2026-10-09T00:10:41.3513061Z 
lean-proof	Check direct three-cell proof source	2026-10-09T00:10:41.3513669Z Note: This linter can be disabled with `set_option linter.unusedSectionVars false`
lean-proof	Check direct three-cell proof source	2026-10-09T00:10:44.0559238Z ⚠ [3776/3795] Built GaussianRegularStationarity (2.7s)
lean-proof	Check direct three-cell proof source	2026-10-09T00:10:44.0560151Z warning: sources/GaussianRegularStationarity.lean:37:0: automatically included section variable(s) unused in theorem `GaussianMeasureBridge.trace_scoreGram_hasDerivAt`:
lean-proof	Check direct three-cell proof source	2026-10-09T00:10:44.0560873Z   [NeZero k]
lean-proof	Check direct three-cell proof source	2026-10-09T00:10:44.0561363Z consider restructuring your `variable` declarations so that the variables are not in scope or explicitly omit them:
lean-proof	Check direct three-cell proof source	2026-10-09T00:10:44.0561963Z   omit [NeZero k] in theorem ...
lean-proof	Check direct three-cell proof source	2026-10-09T00:10:44.0562144Z 
lean-proof	Check direct three-cell proof source	2026-10-09T00:10:44.0562383Z Note: This linter can be disabled with `set_option linter.unusedSectionVars false`
lean-proof	Check direct three-cell proof source	2026-10-09T00:10:44.1561088Z ⚠ [3777/3795] Built GaussianNormalCoordinates (3.0s)
lean-proof	Check direct three-cell proof source	2026-10-09T00:10:44.1562017Z warning: sources/GaussianNormalCoordinates.lean:35:24: This simp argument is unused:
lean-proof	Check direct three-cell proof source	2026-10-09T00:10:44.1562755Z   Real.norm_eq_abs
lean-proof	Check direct three-cell proof source	2026-10-09T00:10:44.1562958Z 
lean-proof	Check direct three-cell proof source	2026-10-09T00:10:44.1563139Z Hint: Omit it from the simp argument list.
lean-proof	Check direct three-cell proof source	2026-10-09T00:10:44.1564082Z   [apply] simp [z, norm_smul, abs_of_nonneg (inv_nonneg.mpr (norm_nonneg u)), inv_mul_cancel₀ hn]
lean-proof	Check direct three-cell proof source	2026-10-09T00:10:44.1564696Z 
lean-proof	Check direct three-cell proof source	2026-10-09T00:10:44.1565090Z Note: This linter can be disabled with `set_option linter.unusedSimpArgs false`
lean-proof	Check direct three-cell proof source	2026-10-09T00:10:44.1566028Z warning: sources/GaussianNormalCoordinates.lean:35:42: This simp argument is unused:
lean-proof	Check direct three-cell proof source	2026-10-09T00:10:44.1567007Z   abs_of_nonneg (inv_nonneg.mpr (norm_nonneg u))
lean-proof	Check direct three-cell proof source	2026-10-09T00:10:44.1567855Z 
lean-proof	Check direct three-cell proof source	2026-10-09T00:10:44.1568042Z Hint: Omit it from the simp argument list.
lean-proof	Check direct three-cell proof source	2026-10-09T00:10:44.1568859Z   [apply] simp [z, norm_smul, Real.norm_eq_abs, inv_mul_cancel₀ hn]
lean-proof	Check direct three-cell proof source	2026-10-09T00:10:44.1569503Z 
lean-proof	Check direct three-cell proof source	2026-10-09T00:10:44.1569857Z Note: This linter can be disabled with `set_option linter.unusedSimpArgs false`
lean-proof	Check direct three-cell proof source	2026-10-09T00:10:46.9674391Z ✔ [3778/3795] Built GaussianFluxCoefficientSymmetry (2.8s)
lean-proof	Check direct three-cell proof source	2026-10-09T00:10:47.2677425Z ⚠ [3779/3795] Built GaussianFacetDensityPositive (3.1s)
lean-proof	Check direct three-cell proof source	2026-10-09T00:10:47.2678918Z warning: sources/GaussianFacetDensityPositive.lean:11:0: automatically included section variable(s) unused in theorem `GaussianMeasureBridge.isOpen_winningCell`:
lean-proof	Check direct three-cell proof source	2026-10-09T00:10:47.2680110Z   [NeZero k]
lean-proof	Check direct three-cell proof source	2026-10-09T00:10:47.2680892Z consider restructuring your `variable` declarations so that the variables are not in scope or explicitly omit them:
lean-proof	Check direct three-cell proof source	2026-10-09T00:10:47.2681870Z   omit [NeZero k] in theorem ...
lean-proof	Check direct three-cell proof source	2026-10-09T00:10:47.2682160Z 
lean-proof	Check direct three-cell proof source	2026-10-09T00:10:47.2682592Z Note: This linter can be disabled with `set_option linter.unusedSectionVars false`
lean-proof	Check direct three-cell proof source	2026-10-09T00:10:47.2684062Z warning: sources/GaussianFacetDensityPositive.lean:32:0: automatically included section variable(s) unused in theorem `GaussianMeasureBridge.winning_graph_gap`:
lean-proof	Check direct three-cell proof source	2026-10-09T00:10:47.2685276Z   [NeZero k]
lean-proof	Check direct three-cell proof source	2026-10-09T00:10:47.2686013Z consider restructuring your `variable` declarations so that the variables are not in scope or explicitly omit them:
lean-proof	Check direct three-cell proof source	2026-10-09T00:10:47.2687108Z   omit [NeZero k] in theorem ...
lean-proof	Check direct three-cell proof source	2026-10-09T00:10:47.2687394Z 
lean-proof	Check direct three-cell proof source	2026-10-09T00:10:47.2687773Z Note: This linter can be disabled with `set_option linter.unusedSectionVars false`
lean-proof	Check direct three-cell proof source	2026-10-09T00:10:49.7705670Z ✔ [3780/3795] Built GaussianSimplicialFlux (2.5s)
lean-proof	Check direct three-cell proof source	2026-10-09T00:10:52.0733446Z ⚠ [3781/3795] Built GaussianWinningMassDerivative (2.4s)
lean-proof	Check direct three-cell proof source	2026-10-09T00:10:52.0734973Z warning: sources/GaussianWinningMassDerivative.lean:28:0: automatically included section variable(s) unused in theorem `GaussianMeasureBridge.winningGraphPrices_affine`:
lean-proof	Check direct three-cell proof source	2026-10-09T00:10:52.0736283Z   [NeZero k]
lean-proof	Check direct three-cell proof source	2026-10-09T00:10:52.0737363Z consider restructuring your `variable` declarations so that the variables are not in scope or explicitly omit them:
lean-proof	Check direct three-cell proof source	2026-10-09T00:10:52.0738302Z   omit [NeZero k] in theorem ...
lean-proof	Check direct three-cell proof source	2026-10-09T00:10:52.0738588Z 
lean-proof	Check direct three-cell proof source	2026-10-09T00:10:52.0738979Z Note: This linter can be disabled with `set_option linter.unusedSectionVars false`
lean-proof	Check direct three-cell proof source	2026-10-09T00:10:52.4737957Z ✔ [3782/3795] Built GaussianAllCellsFlux (2.7s)
lean-proof	Check direct three-cell proof source	2026-10-09T00:10:55.1811788Z ✔ [3783/3795] Built GaussianCenteredRowIndependence (2.7s)
lean-proof	Check direct three-cell proof source	2026-10-09T00:10:55.6818040Z ⚠ [3784/3795] Built GaussianSymmetricFlux (3.3s)
lean-proof	Check direct three-cell proof source	2026-10-09T00:10:55.6847788Z warning: sources/GaussianSymmetricFlux.lean:33:55: `if_neg` has been deprecated: Use `ite_eq_right` instead
lean-proof	Check direct three-cell proof source	2026-10-09T00:10:55.6868078Z warning: sources/GaussianSymmetricFlux.lean:80:59: This simp argument is unused:
lean-proof	Check direct three-cell proof source	2026-10-09T00:10:55.6907082Z   zero_add
lean-proof	Check direct three-cell proof source	2026-10-09T00:10:55.6936942Z 
lean-proof	Check direct three-cell proof source	2026-10-09T00:10:55.6937247Z Hint: Omit it from the simp argument list.
lean-proof	Check direct three-cell proof source	2026-10-09T00:10:55.6967259Z   [apply] simp only [sub_self, map_zero, Finsupp.zero_apply, mul_zero, hn]
lean-proof	Check direct three-cell proof source	2026-10-09T00:10:55.6987135Z 
lean-proof	Check direct three-cell proof source	2026-10-09T00:10:55.6997349Z Note: This linter can be disabled with `set_option linter.unusedSimpArgs false`
lean-proof	Check direct three-cell proof source	2026-10-09T00:10:58.2894201Z ✔ [3785/3795] Built GaussianPrincipalNondegeneracy (3.2s)
lean-proof	Check direct three-cell proof source	2026-10-09T00:10:58.4897147Z ⚠ [3786/3795] Built GaussianCenteredCovarianceBlock (3.4s)
lean-proof	Check direct three-cell proof source	2026-10-09T00:10:58.4899486Z warning: sources/GaussianCenteredCovarianceBlock.lean:12:0: automatically included section variable(s) unused in theorem `GaussianMeasureBridge.centered_covariance_ext`:
lean-proof	Check direct three-cell proof source	2026-10-09T00:10:58.4901170Z   [NeZero n]
lean-proof	Check direct three-cell proof source	2026-10-09T00:10:58.4902339Z consider restructuring your `variable` declarations so that the variables are not in scope or explicitly omit them:
lean-proof	Check direct three-cell proof source	2026-10-09T00:10:58.4903514Z   omit [NeZero n] in theorem ...
lean-proof	Check direct three-cell proof source	2026-10-09T00:10:58.4904309Z 
lean-proof	Check direct three-cell proof source	2026-10-09T00:10:58.4904905Z Note: This linter can be disabled with `set_option linter.unusedSectionVars false`
lean-proof	Check direct three-cell proof source	2026-10-09T00:10:58.4907752Z warning: sources/GaussianCenteredCovarianceBlock.lean:37:0: automatically included section variable(s) unused in theorem `GaussianMeasureBridge.centeredRowFamily_gram_centered`:
lean-proof	Check direct three-cell proof source	2026-10-09T00:10:58.4909943Z   [NeZero n]
lean-proof	Check direct three-cell proof source	2026-10-09T00:10:58.4910940Z consider restructuring your `variable` declarations so that the variables are not in scope or explicitly omit them:
lean-proof	Check direct three-cell proof source	2026-10-09T00:10:58.4912099Z   omit [NeZero n] in theorem ...
lean-proof	Check direct three-cell proof source	2026-10-09T00:10:58.4912598Z 
lean-proof	Check direct three-cell proof source	2026-10-09T00:10:58.4913177Z Note: This linter can be disabled with `set_option linter.unusedSectionVars false`
lean-proof	Check direct three-cell proof source	2026-10-09T00:10:58.4914928Z warning: sources/GaussianCenteredCovarianceBlock.lean:41:0: automatically included section variable(s) unused in theorem `GaussianMeasureBridge.centeredRowFamily_gram_principal`:
lean-proof	Check direct three-cell proof source	2026-10-09T00:10:58.4916635Z   [NeZero n]
lean-proof	Check direct three-cell proof source	2026-10-09T00:10:58.4917780Z consider restructuring your `variable` declarations so that the variables are not in scope or explicitly omit them:
lean-proof	Check direct three-cell proof source	2026-10-09T00:10:58.4918875Z   omit [NeZero n] in theorem ...
lean-proof	Check direct three-cell proof source	2026-10-09T00:10:58.4919296Z 
lean-proof	Check direct three-cell proof source	2026-10-09T00:10:58.4919832Z Note: This linter can be disabled with `set_option linter.unusedSectionVars false`
lean-proof	Check direct three-cell proof source	2026-10-09T00:10:58.4921734Z warning: sources/GaussianCenteredCovarianceBlock.lean:46:0: automatically included section variable(s) unused in theorem `GaussianMeasureBridge.centeredRowFamily_path_hasDerivAt`:
lean-proof	Check direct three-cell proof source	2026-10-09T00:10:58.4923529Z   [NeZero n]
lean-proof	Check direct three-cell proof source	2026-10-09T00:10:58.4924528Z consider restructuring your `variable` declarations so that the variables are not in scope or explicitly omit them:
lean-proof	Check direct three-cell proof source	2026-10-09T00:10:58.4925644Z   omit [NeZero n] in theorem ...
lean-proof	Check direct three-cell proof source	2026-10-09T00:10:58.4926122Z 
lean-proof	Check direct three-cell proof source	2026-10-09T00:10:58.4926962Z Note: This linter can be disabled with `set_option linter.unusedSectionVars false`
lean-proof	Check direct three-cell proof source	2026-10-09T00:10:59.4910194Z ✔ [3787/3795] Built GaussianSimplicialMassFlux (3.8s)
lean-proof	Check direct three-cell proof source	2026-10-09T00:10:59.6916218Z ⚠ [3788/3795] Built GaussianFluxEnergy (3.0s)
lean-proof	Check direct three-cell proof source	2026-10-09T00:10:59.6917328Z warning: sources/GaussianFluxEnergy.lean:17:0: automatically included section variable(s) unused in theorem `GaussianMeasureBridge.symmetric_flux_energy`:
lean-proof	Check direct three-cell proof source	2026-10-09T00:10:59.6918054Z   [NeZero k]
lean-proof	Check direct three-cell proof source	2026-10-09T00:10:59.6918522Z consider restructuring your `variable` declarations so that the variables are not in scope or explicitly omit them:
lean-proof	Check direct three-cell proof source	2026-10-09T00:10:59.6919076Z   omit [NeZero k] in theorem ...
lean-proof	Check direct three-cell proof source	2026-10-09T00:10:59.6919253Z 
lean-proof	Check direct three-cell proof source	2026-10-09T00:10:59.6919496Z Note: This linter can be disabled with `set_option linter.unusedSectionVars false`
lean-proof	Check direct three-cell proof source	2026-10-09T00:10:59.6920288Z warning: sources/GaussianFluxEnergy.lean:53:0: automatically included section variable(s) unused in theorem `GaussianMeasureBridge.actual_flux_cauchy`:
lean-proof	Check direct three-cell proof source	2026-10-09T00:10:59.6920916Z   [NeZero k]
lean-proof	Check direct three-cell proof source	2026-10-09T00:10:59.6921366Z consider restructuring your `variable` declarations so that the variables are not in scope or explicitly omit them:
lean-proof	Check direct three-cell proof source	2026-10-09T00:10:59.6921887Z   omit [NeZero k] in theorem ...
lean-proof	Check direct three-cell proof source	2026-10-09T00:10:59.6922057Z 
lean-proof	Check direct three-cell proof source	2026-10-09T00:10:59.6922273Z Note: This linter can be disabled with `set_option linter.unusedSectionVars false`
lean-proof	Check direct three-cell proof source	2026-10-09T00:11:01.6930097Z ✔ [3789/3795] Built GaussianGramIsometry (3.2s)
lean-proof	Check direct three-cell proof source	2026-10-09T00:11:01.9933385Z ✔ [3790/3795] Built GaussianParallelBoundary (2.5s)
lean-proof	Check direct three-cell proof source	2026-10-09T00:11:04.6961479Z ✔ [3791/3795] Built GaussianCellErosion (2.6s)
lean-proof	Check direct three-cell proof source	2026-10-09T00:11:04.9964891Z ✔ [3792/3795] Built GaussianRegularGramMoments (3.2s)
lean-proof	Check direct three-cell proof source	2026-10-09T00:11:07.7996209Z ✔ [3793/3795] Built GaussianIntrinsicInnerPerimeter (3.2s)
lean-proof	Check direct three-cell proof source	2026-10-09T00:11:10.7042484Z ⚠ [3794/3795] Built GaussianRegularFlux (2.8s)
lean-proof	Check direct three-cell proof source	2026-10-09T00:11:10.7043459Z warning: sources/GaussianRegularFlux.lean:71:10: This simp argument is unused:
lean-proof	Check direct three-cell proof source	2026-10-09T00:11:10.7044282Z   Fin.ext_iff
lean-proof	Check direct three-cell proof source	2026-10-09T00:11:10.7044488Z 
lean-proof	Check direct three-cell proof source	2026-10-09T00:11:10.7044667Z Hint: Omit it from the simp argument list.
lean-proof	Check direct three-cell proof source	2026-10-09T00:11:10.7045195Z   [apply] simp [Nat.mod_eq_of_lt (by omega : 1 < d + 2)]
lean-proof	Check direct three-cell proof source	2026-10-09T00:11:10.7045518Z 
lean-proof	Check direct three-cell proof source	2026-10-09T00:11:10.7045747Z Note: This linter can be disabled with `set_option linter.unusedSimpArgs false`
lean-proof	Check direct three-cell proof source	2026-10-09T00:11:10.7046610Z warning: sources/GaussianRegularFlux.lean:71:22: This simp argument is unused:
lean-proof	Check direct three-cell proof source	2026-10-09T00:11:10.7047400Z   Nat.mod_eq_of_lt (by omega : 1 < d + 2)
lean-proof	Check direct three-cell proof source	2026-10-09T00:11:10.7047594Z 
lean-proof	Check direct three-cell proof source	2026-10-09T00:11:10.7047899Z Hint: Omit it from the simp argument list.
lean-proof	Check direct three-cell proof source	2026-10-09T00:11:10.7048195Z   [apply] simp [Fin.ext_iff]
lean-proof	Check direct three-cell proof source	2026-10-09T00:11:10.7048365Z 
lean-proof	Check direct three-cell proof source	2026-10-09T00:11:10.7048585Z Note: This linter can be disabled with `set_option linter.unusedSimpArgs false`
lean-proof	Check direct three-cell proof source	2026-10-09T00:11:14.0080015Z ⚠ [3795/3795] Built GaussianRegularPerimeter (3.3s)
lean-proof	Check direct three-cell proof source	2026-10-09T00:11:14.0080823Z warning: sources/GaussianRegularPerimeter.lean:17:22: `if_neg` has been deprecated: Use `ite_eq_right` instead
lean-proof	Check direct three-cell proof source	2026-10-09T00:11:14.0081562Z warning: sources/GaussianRegularPerimeter.lean:22:5: Variable name `hz` is not explicitly referenced.
lean-proof	Check direct three-cell proof source	2026-10-09T00:11:14.0081959Z 
lean-proof	Check direct three-cell proof source	2026-10-09T00:11:14.0082393Z Hint: The binding can be removed (if unused) or named `_` (if used implicitly). Alternatively, prefix the name with `_` to silence this warning:
lean-proof	Check direct three-cell proof source	2026-10-09T00:11:14.0083019Z   [apply] _hz
lean-proof	Check direct three-cell proof source	2026-10-09T00:11:14.0083153Z 
lean-proof	Check direct three-cell proof source	2026-10-09T00:11:14.0083383Z Note: This linter can be disabled with `set_option linter.unusedVariables false`
lean-proof	Check direct three-cell proof source	2026-10-09T00:11:14.0167065Z Build completed successfully (3795 jobs).
lean-proof	Check direct three-cell proof source	2026-10-09T00:11:23.6476142Z 'GaussianMeasureBridge.triple_max_symmetrized' depends on axioms: [propext, Classical.choice, Quot.sound]
lean-proof	Check direct three-cell proof source	2026-10-09T00:11:23.6477737Z 'GaussianMeasureBridge.scoreMax_zero_three' depends on axioms: [propext, Classical.choice, Quot.sound]
lean-proof	Check direct three-cell proof source	2026-10-09T00:11:23.6479121Z 'GaussianMeasureBridge.scoreMax_three_symmetrized' depends on axioms: [propext, Classical.choice, Quot.sound]
lean-proof	Check direct three-cell proof source	2026-10-09T00:11:23.6480400Z 'GaussianMeasureBridge.expectedScore_three_neg' depends on axioms: [propext, Classical.choice, Quot.sound]
lean-proof	Check direct three-cell proof source	2026-10-09T00:11:23.6481689Z 'GaussianMeasureBridge.expectedScore_three_abs_edges' depends on axioms: [propext, Classical.choice, Quot.sound]
lean-proof	Check direct three-cell proof source	2026-10-09T00:11:23.6482917Z 'GaussianMeasureBridge.gaussian_abs_inner' depends on axioms: [propext, Classical.choice, Quot.sound]
lean-proof	Check direct three-cell proof source	2026-10-09T00:11:23.6484175Z 'GaussianMeasureBridge.expectedScore_three_edges' depends on axioms: [propext, Classical.choice, Quot.sound]
lean-proof	Check direct three-cell proof source	2026-10-09T00:11:23.6485428Z 'GaussianMeasureBridge.centered_three_squared_edges' depends on axioms: [propext, Classical.choice, Quot.sound]
lean-proof	Check direct three-cell proof source	2026-10-09T00:11:23.6486870Z 'GaussianMeasureBridge.centered_three_edge_sum_le_three' depends on axioms: [propext, Classical.choice, Quot.sound]
lean-proof	Check direct three-cell proof source	2026-10-09T00:11:23.6488159Z 'GaussianMeasureBridge.expectedScore_regular_three' depends on axioms: [propext, Classical.choice, Quot.sound]
lean-proof	Check direct three-cell proof source	2026-10-09T00:11:23.6489407Z 'GaussianMeasureBridge.exact_three_gaussian_model' depends on axioms: [propext, Classical.choice, Quot.sound]
lean-proof	Check direct three-cell proof source	2026-10-09T00:11:23.6490676Z 'GaussianMeasureBridge.covarianceValue_three_le_sharp' depends on axioms: [propext, Classical.choice, Quot.sound]
lean-proof	Check direct three-cell proof source	2026-10-09T00:11:23.6491951Z 'GaussianMeasureBridge.three_cell_sharp_first_moment' depends on axioms: [propext, Classical.choice, Quot.sound]
lean-proof	Scope notice	﻿2026-10-09T00:11:23.8519049Z ##[group]Run echo 'This workflow only verifies the owned three-label module.'
lean-proof	Scope notice	2026-10-09T00:11:23.8519934Z [36;1mecho 'This workflow only verifies the owned three-label module.'[0m
lean-proof	Scope notice	2026-10-09T00:11:23.8520680Z [36;1mecho 'It does not certify the general k>=4 Gaussian theorem.'[0m
lean-proof	Scope notice	2026-10-09T00:11:23.8596251Z shell: /usr/bin/bash -e {0}
lean-proof	Scope notice	2026-10-09T00:11:23.8596543Z ##[endgroup]
lean-proof	Scope notice	2026-10-09T00:11:23.8685051Z This workflow only verifies the owned three-label module.
lean-proof	Scope notice	2026-10-09T00:11:23.8685547Z It does not certify the general k>=4 Gaussian theorem.
lean-proof	Post Run actions/checkout@v4	﻿2026-10-09T00:11:23.8779815Z Post job cleanup.
lean-proof	Post Run actions/checkout@v4	2026-10-09T00:11:23.9678910Z [command]/usr/bin/git version
lean-proof	Post Run actions/checkout@v4	2026-10-09T00:11:23.9721423Z git version 2.55.0
lean-proof	Post Run actions/checkout@v4	2026-10-09T00:11:23.9758688Z Temporarily overriding HOME='/home/runner/work/_temp/60e1f020-2540-4e36-821d-d1faa6dde8e7' before making global git config changes
lean-proof	Post Run actions/checkout@v4	2026-10-09T00:11:23.9760017Z Adding repository directory to the temporary git global config as a safe directory
lean-proof	Post Run actions/checkout@v4	2026-10-09T00:11:23.9763931Z [command]/usr/bin/git config --global --add safe.directory /home/runner/work/math/math
lean-proof	Post Run actions/checkout@v4	2026-10-09T00:11:23.9804887Z [command]/usr/bin/git config --local --name-only --get-regexp core\.sshCommand
lean-proof	Post Run actions/checkout@v4	2026-10-09T00:11:23.9841854Z [command]/usr/bin/git submodule foreach --recursive sh -c "git config --local --name-only --get-regexp 'core\.sshCommand' && git config --local --unset-all 'core.sshCommand' || :"
lean-proof	Post Run actions/checkout@v4	2026-10-09T00:11:24.0148045Z [command]/usr/bin/git config --local --name-only --get-regexp http\.https\:\/\/github\.com\/\.extraheader
lean-proof	Post Run actions/checkout@v4	2026-10-09T00:11:24.0190195Z http.https://github.com/.extraheader
lean-proof	Post Run actions/checkout@v4	2026-10-09T00:11:24.0195290Z [command]/usr/bin/git config --local --unset-all http.https://github.com/.extraheader
lean-proof	Post Run actions/checkout@v4	2026-10-09T00:11:24.0236436Z [command]/usr/bin/git submodule foreach --recursive sh -c "git config --local --name-only --get-regexp 'http\.https\:\/\/github\.com\/\.extraheader' && git config --local --unset-all 'http.https://github.com/.extraheader' || :"
lean-proof	Post Run actions/checkout@v4	2026-10-09T00:11:24.0565615Z [command]/usr/bin/git config --local --name-only --get-regexp ^includeIf\.gitdir:
lean-proof	Post Run actions/checkout@v4	2026-10-09T00:11:24.0620928Z [command]/usr/bin/git submodule foreach --recursive git config --local --show-origin --name-only --get-regexp remote.origin.url
lean-proof	Complete job	﻿2026-10-09T00:11:24.1075132Z Cleaning up orphan processes
lean-proof	Complete job	2026-10-09T00:11:24.1434269Z ##[warning]Node.js 20 is deprecated. The following actions target Node.js 20 but are being forced to run on Node.js 24: actions/checkout@v4. For more information see: https://github.blog/changelog/2025-09-19-deprecation-of-node-20-on-github-actions-runners/
