declaration,kind,visibility,module,archive_path,line,source_sha256
ContinuumGeometric.activeIntegers,def,public,ContinuumGeometric.Activation,project/ContinuumGeometric/Activation.lean,11,b8c4a97d881cedf74e4382721e2568ac76896a7b30d0d0d36bad7fbfc2a6c274
ContinuumGeometric.mem_activeIntegers_iff,theorem,public,ContinuumGeometric.Activation,project/ContinuumGeometric/Activation.lean,14,b8c4a97d881cedf74e4382721e2568ac76896a7b30d0d0d36bad7fbfc2a6c274
ContinuumGeometric.activation_card_exact,theorem,public,ContinuumGeometric.Activation,project/ContinuumGeometric/Activation.lean,25,b8c4a97d881cedf74e4382721e2568ac76896a7b30d0d0d36bad7fbfc2a6c274
ContinuumGeometric.activation_card_lower,theorem,public,ContinuumGeometric.Activation,project/ContinuumGeometric/Activation.lean,36,b8c4a97d881cedf74e4382721e2568ac76896a7b30d0d0d36bad7fbfc2a6c274
ContinuumGeometric.activation_card_uniform,theorem,public,ContinuumGeometric.Activation,project/ContinuumGeometric/Activation.lean,44,b8c4a97d881cedf74e4382721e2568ac76896a7b30d0d0d36bad7fbfc2a6c274
ContinuumGeometric.activation_tail,theorem,public,ContinuumGeometric.Activation,project/ContinuumGeometric/Activation.lean,56,b8c4a97d881cedf74e4382721e2568ac76896a7b30d0d0d36bad7fbfc2a6c274
ContinuumGeometric.activeNaturals,def,public,ContinuumGeometric.Activation,project/ContinuumGeometric/Activation.lean,63,b8c4a97d881cedf74e4382721e2568ac76896a7b30d0d0d36bad7fbfc2a6c274
ContinuumGeometric.activeNaturals_card,theorem,public,ContinuumGeometric.Activation,project/ContinuumGeometric/Activation.lean,66,b8c4a97d881cedf74e4382721e2568ac76896a7b30d0d0d36bad7fbfc2a6c274
ContinuumGeometric.mem_activeNaturals_iff,theorem,public,ContinuumGeometric.Activation,project/ContinuumGeometric/Activation.lean,77,b8c4a97d881cedf74e4382721e2568ac76896a7b30d0d0d36bad7fbfc2a6c274
ContinuumGeometric.compact_power_activation,theorem,public,ContinuumGeometric.Activation,project/ContinuumGeometric/Activation.lean,94,b8c4a97d881cedf74e4382721e2568ac76896a7b30d0d0d36bad7fbfc2a6c274
ContinuumGeometric.cutSign_pos_mul,theorem,public,ContinuumGeometric.BoundedGrid,project/ContinuumGeometric/BoundedGrid.lean,12,b29c054a7f2b3bc4bded548ac104e45f61c93e9ea07278f5afb7dbf8443af2f2
ContinuumGeometric.bounded_floor_eq_of_boundary_signs,theorem,public,ContinuumGeometric.BoundedGrid,project/ContinuumGeometric/BoundedGrid.lean,23,b29c054a7f2b3bc4bded548ac104e45f61c93e9ea07278f5afb7dbf8443af2f2
ContinuumGeometric.periodicGridKey,def,public,ContinuumGeometric.BoundedGrid,project/ContinuumGeometric/BoundedGrid.lean,50,b29c054a7f2b3bc4bded548ac104e45f61c93e9ea07278f5afb7dbf8443af2f2
ContinuumGeometric.grid_boundary_sign_rescale,theorem,public,ContinuumGeometric.BoundedGrid,project/ContinuumGeometric/BoundedGrid.lean,53,b29c054a7f2b3bc4bded548ac104e45f61c93e9ea07278f5afb7dbf8443af2f2
ContinuumGeometric.bounded_periodicGridKey_eq,theorem,public,ContinuumGeometric.BoundedGrid,project/ContinuumGeometric/BoundedGrid.lean,61,b29c054a7f2b3bc4bded548ac104e45f61c93e9ea07278f5afb7dbf8443af2f2
ContinuumGeometric.actual_grid_key_eq_of_log_signs,theorem,public,ContinuumGeometric.BoundedGrid,project/ContinuumGeometric/BoundedGrid.lean,80,b29c054a7f2b3bc4bded548ac104e45f61c93e9ea07278f5afb7dbf8443af2f2
ContinuumGeometric.actual_grid_table_reads_uniform,theorem,public,ContinuumGeometric.BoundedGrid,project/ContinuumGeometric/BoundedGrid.lean,118,b29c054a7f2b3bc4bded548ac104e45f61c93e9ea07278f5afb7dbf8443af2f2
ContinuumGeometric.candidateStride,def,public,ContinuumGeometric.CandidateBounds,project/ContinuumGeometric/CandidateBounds.lean,15,856ce708fde8909f25c5ac5fcd0a17e5f071e937f94a518c40d19491337631c5
ContinuumGeometric.candidateStride_gap,theorem,public,ContinuumGeometric.CandidateBounds,project/ContinuumGeometric/CandidateBounds.lean,17,856ce708fde8909f25c5ac5fcd0a17e5f071e937f94a518c40d19491337631c5
ContinuumGeometric.candidateStride_gt_div,theorem,public,ContinuumGeometric.CandidateBounds,project/ContinuumGeometric/CandidateBounds.lean,26,856ce708fde8909f25c5ac5fcd0a17e5f071e937f94a518c40d19491337631c5
ContinuumGeometric.candidateLabelBudget,def,public,ContinuumGeometric.CandidateBounds,project/ContinuumGeometric/CandidateBounds.lean,31,856ce708fde8909f25c5ac5fcd0a17e5f071e937f94a518c40d19491337631c5
ContinuumGeometric.active_subsequence_label_lt_budget,theorem,public,ContinuumGeometric.CandidateBounds,project/ContinuumGeometric/CandidateBounds.lean,34,856ce708fde8909f25c5ac5fcd0a17e5f071e937f94a518c40d19491337631c5
ContinuumGeometric.active_original_index_tail,theorem,public,ContinuumGeometric.CandidateBounds,project/ContinuumGeometric/CandidateBounds.lean,52,856ce708fde8909f25c5ac5fcd0a17e5f071e937f94a518c40d19491337631c5
ContinuumGeometric.candidateOriginalIndices,def,public,ContinuumGeometric.CandidateBounds,project/ContinuumGeometric/CandidateBounds.lean,64,856ce708fde8909f25c5ac5fcd0a17e5f071e937f94a518c40d19491337631c5
ContinuumGeometric.mem_candidateOriginalIndices_iff,theorem,public,ContinuumGeometric.CandidateBounds,project/ContinuumGeometric/CandidateBounds.lean,68,856ce708fde8909f25c5ac5fcd0a17e5f071e937f94a518c40d19491337631c5
ContinuumGeometric.candidateOriginalIndices_card_le,theorem,public,ContinuumGeometric.CandidateBounds,project/ContinuumGeometric/CandidateBounds.lean,75,856ce708fde8909f25c5ac5fcd0a17e5f071e937f94a518c40d19491337631c5
ContinuumGeometric.active_original_index_mem_candidates,theorem,public,ContinuumGeometric.CandidateBounds,project/ContinuumGeometric/CandidateBounds.lean,80,856ce708fde8909f25c5ac5fcd0a17e5f071e937f94a518c40d19491337631c5
ContinuumGeometric.active_original_index_mem_candidates_nat,theorem,public,ContinuumGeometric.CandidateBounds,project/ContinuumGeometric/CandidateBounds.lean,90,856ce708fde8909f25c5ac5fcd0a17e5f071e937f94a518c40d19491337631c5
ContinuumGeometric.activation_card_upper,theorem,public,ContinuumGeometric.CandidateBounds,project/ContinuumGeometric/CandidateBounds.lean,102,856ce708fde8909f25c5ac5fcd0a17e5f071e937f94a518c40d19491337631c5
ContinuumGeometric.activeSubsequenceLabels,def,public,ContinuumGeometric.CandidateBounds,project/ContinuumGeometric/CandidateBounds.lean,111,856ce708fde8909f25c5ac5fcd0a17e5f071e937f94a518c40d19491337631c5
ContinuumGeometric.activeOriginalIndices,def,public,ContinuumGeometric.CandidateBounds,project/ContinuumGeometric/CandidateBounds.lean,115,856ce708fde8909f25c5ac5fcd0a17e5f071e937f94a518c40d19491337631c5
ContinuumGeometric.mem_activeSubsequenceLabels_iff,theorem,public,ContinuumGeometric.CandidateBounds,project/ContinuumGeometric/CandidateBounds.lean,119,856ce708fde8909f25c5ac5fcd0a17e5f071e937f94a518c40d19491337631c5
ContinuumGeometric.activeOriginalIndices_card,theorem,public,ContinuumGeometric.CandidateBounds,project/ContinuumGeometric/CandidateBounds.lean,132,856ce708fde8909f25c5ac5fcd0a17e5f071e937f94a518c40d19491337631c5
ContinuumGeometric.activeOriginalIndices_count_bounds,theorem,public,ContinuumGeometric.CandidateBounds,project/ContinuumGeometric/CandidateBounds.lean,137,856ce708fde8909f25c5ac5fcd0a17e5f071e937f94a518c40d19491337631c5
ContinuumGeometric.mem_activeOriginalIndices_iff,theorem,public,ContinuumGeometric.CandidateBounds,project/ContinuumGeometric/CandidateBounds.lean,170,856ce708fde8909f25c5ac5fcd0a17e5f071e937f94a518c40d19491337631c5
ContinuumGeometric.potentialOriginalPairs,def,public,ContinuumGeometric.CandidateBounds,project/ContinuumGeometric/CandidateBounds.lean,187,856ce708fde8909f25c5ac5fcd0a17e5f071e937f94a518c40d19491337631c5
ContinuumGeometric.mem_potentialOriginalPairs_iff,theorem,public,ContinuumGeometric.CandidateBounds,project/ContinuumGeometric/CandidateBounds.lean,195,856ce708fde8909f25c5ac5fcd0a17e5f071e937f94a518c40d19491337631c5
ContinuumGeometric.potentialOriginalPairs_card_le,theorem,public,ContinuumGeometric.CandidateBounds,project/ContinuumGeometric/CandidateBounds.lean,205,856ce708fde8909f25c5ac5fcd0a17e5f071e937f94a518c40d19491337631c5
ContinuumGeometric.active_pair_mem_potentialOriginalPairs,theorem,public,ContinuumGeometric.CandidateBounds,project/ContinuumGeometric/CandidateBounds.lean,215,856ce708fde8909f25c5ac5fcd0a17e5f071e937f94a518c40d19491337631c5
ContinuumGeometric.mem_potentialOriginalPairs_exact,theorem,public,ContinuumGeometric.CandidateBounds,project/ContinuumGeometric/CandidateBounds.lean,230,856ce708fde8909f25c5ac5fcd0a17e5f071e937f94a518c40d19491337631c5
ContinuumGeometric.candidatePairEnumeration,def,public,ContinuumGeometric.CandidateBounds,project/ContinuumGeometric/CandidateBounds.lean,251,856ce708fde8909f25c5ac5fcd0a17e5f071e937f94a518c40d19491337631c5
ContinuumGeometric.candidatePairEdge,def,public,ContinuumGeometric.CandidateBounds,project/ContinuumGeometric/CandidateBounds.lean,254,856ce708fde8909f25c5ac5fcd0a17e5f071e937f94a518c40d19491337631c5
ContinuumGeometric.candidatePairIndex,def,public,ContinuumGeometric.CandidateBounds,project/ContinuumGeometric/CandidateBounds.lean,257,856ce708fde8909f25c5ac5fcd0a17e5f071e937f94a518c40d19491337631c5
ContinuumGeometric.candidatePairEnumeration_complete,theorem,public,ContinuumGeometric.CandidateBounds,project/ContinuumGeometric/CandidateBounds.lean,260,856ce708fde8909f25c5ac5fcd0a17e5f071e937f94a518c40d19491337631c5
ContinuumGeometric.candidatePairEnumeration_injective,theorem,public,ContinuumGeometric.CandidateBounds,project/ContinuumGeometric/CandidateBounds.lean,267,856ce708fde8909f25c5ac5fcd0a17e5f071e937f94a518c40d19491337631c5
ContinuumGeometric.potentialOriginalPairs_entropy_bound,theorem,public,ContinuumGeometric.CandidateBounds,project/ContinuumGeometric/CandidateBounds.lean,279,856ce708fde8909f25c5ac5fcd0a17e5f071e937f94a518c40d19491337631c5
ContinuumGeometric.candidateTailStart,def,public,ContinuumGeometric.CandidateBounds,project/ContinuumGeometric/CandidateBounds.lean,309,856ce708fde8909f25c5ac5fcd0a17e5f071e937f94a518c40d19491337631c5
ContinuumGeometric.candidateTailStart_guards,theorem,public,ContinuumGeometric.CandidateBounds,project/ContinuumGeometric/CandidateBounds.lean,312,856ce708fde8909f25c5ac5fcd0a17e5f071e937f94a518c40d19491337631c5
ContinuumGeometric.candidateLabelBudget_le_nat,theorem,public,ContinuumGeometric.CandidateBounds,project/ContinuumGeometric/CandidateBounds.lean,323,856ce708fde8909f25c5ac5fcd0a17e5f071e937f94a518c40d19491337631c5
ContinuumGeometric.original_activation_endpoints_inactive,theorem,public,ContinuumGeometric.CandidateBounds,project/ContinuumGeometric/CandidateBounds.lean,341,856ce708fde8909f25c5ac5fcd0a17e5f071e937f94a518c40d19491337631c5
ContinuumGeometric.activeOriginalPairs,def,public,ContinuumGeometric.CandidateBounds,project/ContinuumGeometric/CandidateBounds.lean,351,856ce708fde8909f25c5ac5fcd0a17e5f071e937f94a518c40d19491337631c5
ContinuumGeometric.activeOriginalPairs_card,theorem,public,ContinuumGeometric.CandidateBounds,project/ContinuumGeometric/CandidateBounds.lean,358,856ce708fde8909f25c5ac5fcd0a17e5f071e937f94a518c40d19491337631c5
ContinuumGeometric.mem_activeOriginalPairs_iff,theorem,public,ContinuumGeometric.CandidateBounds,project/ContinuumGeometric/CandidateBounds.lean,375,856ce708fde8909f25c5ac5fcd0a17e5f071e937f94a518c40d19491337631c5
ContinuumGeometric.activeOriginalPairs_eq_potential_filter,theorem,public,ContinuumGeometric.CandidateBounds,project/ContinuumGeometric/CandidateBounds.lean,393,856ce708fde8909f25c5ac5fcd0a17e5f071e937f94a518c40d19491337631c5
ContinuumGeometric.activeOriginalPairs_count_bounds,theorem,public,ContinuumGeometric.CandidateBounds,project/ContinuumGeometric/CandidateBounds.lean,418,856ce708fde8909f25c5ac5fcd0a17e5f071e937f94a518c40d19491337631c5
ContinuumGeometric.potentialOriginalPairs_active_count,theorem,public,ContinuumGeometric.CandidateBounds,project/ContinuumGeometric/CandidateBounds.lean,444,856ce708fde8909f25c5ac5fcd0a17e5f071e937f94a518c40d19491337631c5
ContinuumGeometric.potentialOriginalPairs_active_count_nat,theorem,public,ContinuumGeometric.CandidateBounds,project/ContinuumGeometric/CandidateBounds.lean,462,856ce708fde8909f25c5ac5fcd0a17e5f071e937f94a518c40d19491337631c5
ContinuumGeometric.failureRelation,def,public,ContinuumGeometric.ClosedProjection,project/ContinuumGeometric/ClosedProjection.lean,21,252c293730712539cdbd3eb762d76d9af23f2bcfbcd63c782e6474ddb2f9e260
ContinuumGeometric.missedCenters,def,public,ContinuumGeometric.ClosedProjection,project/ContinuumGeometric/ClosedProjection.lean,25,252c293730712539cdbd3eb762d76d9af23f2bcfbcd63c782e6474ddb2f9e260
ContinuumGeometric.mem_failureRelation_iff,theorem,public,ContinuumGeometric.ClosedProjection,project/ContinuumGeometric/ClosedProjection.lean,30,252c293730712539cdbd3eb762d76d9af23f2bcfbcd63c782e6474ddb2f9e260
ContinuumGeometric.isClosed_failureRelation,theorem,public,ContinuumGeometric.ClosedProjection,project/ContinuumGeometric/ClosedProjection.lean,37,252c293730712539cdbd3eb762d76d9af23f2bcfbcd63c782e6474ddb2f9e260
ContinuumGeometric.mem_missedCenters_iff,theorem,public,ContinuumGeometric.ClosedProjection,project/ContinuumGeometric/ClosedProjection.lean,47,252c293730712539cdbd3eb762d76d9af23f2bcfbcd63c782e6474ddb2f9e260
ContinuumGeometric.not_mem_missedCenters_iff,theorem,public,ContinuumGeometric.ClosedProjection,project/ContinuumGeometric/ClosedProjection.lean,60,252c293730712539cdbd3eb762d76d9af23f2bcfbcd63c782e6474ddb2f9e260
ContinuumGeometric.isClosed_missedCenters,theorem,public,ContinuumGeometric.ClosedProjection,project/ContinuumGeometric/ClosedProjection.lean,69,252c293730712539cdbd3eb762d76d9af23f2bcfbcd63c782e6474ddb2f9e260
ContinuumGeometric.PowerParams,abbrev,public,ContinuumGeometric.ClosedProjection,project/ContinuumGeometric/ClosedProjection.lean,80,252c293730712539cdbd3eb762d76d9af23f2bcfbcd63c782e6474ddb2f9e260
ContinuumGeometric.powerPoint,def,public,ContinuumGeometric.ClosedProjection,project/ContinuumGeometric/ClosedProjection.lean,82,252c293730712539cdbd3eb762d76d9af23f2bcfbcd63c782e6474ddb2f9e260
ContinuumGeometric.continuous_powerPoint,theorem,public,ContinuumGeometric.ClosedProjection,project/ContinuumGeometric/ClosedProjection.lean,86,252c293730712539cdbd3eb762d76d9af23f2bcfbcd63c782e6474ddb2f9e260
ContinuumGeometric.powerActivation,def,public,ContinuumGeometric.ClosedProjection,project/ContinuumGeometric/ClosedProjection.lean,95,252c293730712539cdbd3eb762d76d9af23f2bcfbcd63c782e6474ddb2f9e260
ContinuumGeometric.isOpen_powerActivation,theorem,public,ContinuumGeometric.ClosedProjection,project/ContinuumGeometric/ClosedProjection.lean,98,252c293730712539cdbd3eb762d76d9af23f2bcfbcd63c782e6474ddb2f9e260
ContinuumGeometric.windowActivations,def,public,ContinuumGeometric.ClosedProjection,project/ContinuumGeometric/ClosedProjection.lean,104,252c293730712539cdbd3eb762d76d9af23f2bcfbcd63c782e6474ddb2f9e260
ContinuumGeometric.isOpen_windowActivations,theorem,public,ContinuumGeometric.ClosedProjection,project/ContinuumGeometric/ClosedProjection.lean,108,252c293730712539cdbd3eb762d76d9af23f2bcfbcd63c782e6474ddb2f9e260
ContinuumGeometric.powerMissedCenters,def,public,ContinuumGeometric.ClosedProjection,project/ContinuumGeometric/ClosedProjection.lean,113,252c293730712539cdbd3eb762d76d9af23f2bcfbcd63c782e6474ddb2f9e260
ContinuumGeometric.isClosed_powerMissedCenters,theorem,public,ContinuumGeometric.ClosedProjection,project/ContinuumGeometric/ClosedProjection.lean,120,252c293730712539cdbd3eb762d76d9af23f2bcfbcd63c782e6474ddb2f9e260
ContinuumGeometric.measurableSet_powerMissedCenters,theorem,public,ContinuumGeometric.ClosedProjection,project/ContinuumGeometric/ClosedProjection.lean,133,252c293730712539cdbd3eb762d76d9af23f2bcfbcd63c782e6474ddb2f9e260
ContinuumGeometric.power_tail_hits_open,theorem,public,ContinuumGeometric.ClosedProjection,project/ContinuumGeometric/ClosedProjection.lean,140,252c293730712539cdbd3eb762d76d9af23f2bcfbcd63c782e6474ddb2f9e260
ContinuumGeometric.power_repair_all_centers,theorem,public,ContinuumGeometric.ClosedProjection,project/ContinuumGeometric/ClosedProjection.lean,159,252c293730712539cdbd3eb762d76d9af23f2bcfbcd63c782e6474ddb2f9e260
ContinuumGeometric.buffered_power_closed_repair,theorem,public,ContinuumGeometric.ClosedRepair,project/ContinuumGeometric/ClosedRepair.lean,13,28420d29569aa72b3e626435bb5c875b14a47fd8de74c0a1ae491dd5f1722ffe
ContinuumGeometric.positive_dyadic_coefficient_cover,theorem,public,ContinuumGeometric.CoefficientCover,project/ContinuumGeometric/CoefficientCover.lean,12,8e9f8fd5e1f7107534ba602dcf09f7cf28d8dd7eea830b6cc699a14a65a7ba9c
ContinuumGeometric.signed_dyadic_coefficient_cover,theorem,public,ContinuumGeometric.CoefficientCover,project/ContinuumGeometric/CoefficientCover.lean,35,8e9f8fd5e1f7107534ba602dcf09f7cf28d8dd7eea830b6cc699a14a65a7ba9c
ContinuumGeometric.affine_geometric_compact_power_cover,theorem,public,ContinuumGeometric.CoefficientCover,project/ContinuumGeometric/CoefficientCover.lean,46,8e9f8fd5e1f7107534ba602dcf09f7cf28d8dd7eea830b6cc699a14a65a7ba9c
ContinuumGeometric.reflectedSet,def,public,ContinuumGeometric.CountableExhaustion,project/ContinuumGeometric/CountableExhaustion.lean,15,582331df019a37777f75bae17673b06dbf47c0613167c068d6d6f45b95a5e604
ContinuumGeometric.onePeriodic_reflectedSet,theorem,public,ContinuumGeometric.CountableExhaustion,project/ContinuumGeometric/CountableExhaustion.lean,17,582331df019a37777f75bae17673b06dbf47c0613167c068d6d6f45b95a5e604
ContinuumGeometric.unitDensity_reflectedSet,theorem,public,ContinuumGeometric.CountableExhaustion,project/ContinuumGeometric/CountableExhaustion.lean,25,582331df019a37777f75bae17673b06dbf47c0613167c068d6d6f45b95a5e604
ContinuumGeometric.CompactBlockerIndex,abbrev,public,ContinuumGeometric.CountableExhaustion,project/ContinuumGeometric/CountableExhaustion.lean,39,582331df019a37777f75bae17673b06dbf47c0613167c068d6d6f45b95a5e604
ContinuumGeometric.unitDensity_iUnion_le,theorem,public,ContinuumGeometric.CountableExhaustion,project/ContinuumGeometric/CountableExhaustion.lean,41,582331df019a37777f75bae17673b06dbf47c0613167c068d6d6f45b95a5e604
ContinuumGeometric.smallCompactBlockerSpec_open_exhaustion,theorem,public,ContinuumGeometric.CountableExhaustion,project/ContinuumGeometric/CountableExhaustion.lean,49,582331df019a37777f75bae17673b06dbf47c0613167c068d6d6f45b95a5e604
ContinuumGeometric.compact_complement_of_open_small,theorem,public,ContinuumGeometric.CountableExhaustion,project/ContinuumGeometric/CountableExhaustion.lean,99,582331df019a37777f75bae17673b06dbf47c0613167c068d6d6f45b95a5e604
ContinuumGeometric.mainTarget_of_smallCompactBlockerSpec,theorem,public,ContinuumGeometric.CountableExhaustion,project/ContinuumGeometric/CountableExhaustion.lean,123,582331df019a37777f75bae17673b06dbf47c0613167c068d6d6f45b95a5e604
ContinuumGeometric.scheduledWindow,def,public,ContinuumGeometric.EntropySchedule,project/ContinuumGeometric/EntropySchedule.lean,15,057888a76dd637de0a583ac5b54888ad17449699fdb154faac8e7a77e8ebb827
ContinuumGeometric.scheduledWindow_ge,theorem,public,ContinuumGeometric.EntropySchedule,project/ContinuumGeometric/EntropySchedule.lean,18,057888a76dd637de0a583ac5b54888ad17449699fdb154faac8e7a77e8ebb827
ContinuumGeometric.scheduledWindow_log_lower,theorem,public,ContinuumGeometric.EntropySchedule,project/ContinuumGeometric/EntropySchedule.lean,21,057888a76dd637de0a583ac5b54888ad17449699fdb154faac8e7a77e8ebb827
ContinuumGeometric.scheduledWindow_real_upper,theorem,public,ContinuumGeometric.EntropySchedule,project/ContinuumGeometric/EntropySchedule.lean,31,057888a76dd637de0a583ac5b54888ad17449699fdb154faac8e7a77e8ebb827
ContinuumGeometric.tendsto_shifted_log_div_id,theorem,public,ContinuumGeometric.EntropySchedule,project/ContinuumGeometric/EntropySchedule.lean,43,057888a76dd637de0a583ac5b54888ad17449699fdb154faac8e7a77e8ebb827
ContinuumGeometric.scheduledWindow_affine_span_eventually,theorem,public,ContinuumGeometric.EntropySchedule,project/ContinuumGeometric/EntropySchedule.lean,51,057888a76dd637de0a583ac5b54888ad17449699fdb154faac8e7a77e8ebb827
ContinuumGeometric.entropy_budget_of_log_lower,theorem,public,ContinuumGeometric.EntropySchedule,project/ContinuumGeometric/EntropySchedule.lean,82,057888a76dd637de0a583ac5b54888ad17449699fdb154faac8e7a77e8ebb827
ContinuumGeometric.exists_late_entropy_schedule,theorem,public,ContinuumGeometric.EntropySchedule,project/ContinuumGeometric/EntropySchedule.lean,100,057888a76dd637de0a583ac5b54888ad17449699fdb154faac8e7a77e8ebb827
ContinuumGeometric.bernoulliWeight,def,public,ContinuumGeometric.FiniteRoutingProbability,project/ContinuumGeometric/FiniteRoutingProbability.lean,17,06876bd7ded4848d5adc660f496e35609b73c8634f83e0c7db884e6edb5a257a
ContinuumGeometric.bitTableWeight,def,public,ContinuumGeometric.FiniteRoutingProbability,project/ContinuumGeometric/FiniteRoutingProbability.lean,20,06876bd7ded4848d5adc660f496e35609b73c8634f83e0c7db884e6edb5a257a
ContinuumGeometric.finiteRoutingWeight,def,public,ContinuumGeometric.FiniteRoutingProbability,project/ContinuumGeometric/FiniteRoutingProbability.lean,23,06876bd7ded4848d5adc660f496e35609b73c8634f83e0c7db884e6edb5a257a
ContinuumGeometric.tableProbability,def,public,ContinuumGeometric.FiniteRoutingProbability,project/ContinuumGeometric/FiniteRoutingProbability.lean,27,06876bd7ded4848d5adc660f496e35609b73c8634f83e0c7db884e6edb5a257a
ContinuumGeometric.bernoulliWeight_sum,theorem,public,ContinuumGeometric.FiniteRoutingProbability,project/ContinuumGeometric/FiniteRoutingProbability.lean,33,06876bd7ded4848d5adc660f496e35609b73c8634f83e0c7db884e6edb5a257a
ContinuumGeometric.bitTableWeight_sum,theorem,public,ContinuumGeometric.FiniteRoutingProbability,project/ContinuumGeometric/FiniteRoutingProbability.lean,36,06876bd7ded4848d5adc660f496e35609b73c8634f83e0c7db884e6edb5a257a
ContinuumGeometric.bernoulliWeight_nonneg,theorem,public,ContinuumGeometric.FiniteRoutingProbability,project/ContinuumGeometric/FiniteRoutingProbability.lean,43,06876bd7ded4848d5adc660f496e35609b73c8634f83e0c7db884e6edb5a257a
ContinuumGeometric.finiteRoutingWeight_nonneg,theorem,public,ContinuumGeometric.FiniteRoutingProbability,project/ContinuumGeometric/FiniteRoutingProbability.lean,47,06876bd7ded4848d5adc660f496e35609b73c8634f83e0c7db884e6edb5a257a
ContinuumGeometric.product_reads_by_coordinate,theorem,public,ContinuumGeometric.FiniteRoutingProbability,project/ContinuumGeometric/FiniteRoutingProbability.lean,56,06876bd7ded4848d5adc660f496e35609b73c8634f83e0c7db884e6edb5a257a
ContinuumGeometric.weighted_distinct_reads,theorem,public,ContinuumGeometric.FiniteRoutingProbability,project/ContinuumGeometric/FiniteRoutingProbability.lean,69,06876bd7ded4848d5adc660f496e35609b73c8634f83e0c7db884e6edb5a257a
ContinuumGeometric.routingTablesEquiv,def,public,ContinuumGeometric.FiniteRoutingProbability,project/ContinuumGeometric/FiniteRoutingProbability.lean,96,06876bd7ded4848d5adc660f496e35609b73c8634f83e0c7db884e6edb5a257a
ContinuumGeometric.finiteRoutingWeight_sum,theorem,public,ContinuumGeometric.FiniteRoutingProbability,project/ContinuumGeometric/FiniteRoutingProbability.lean,108,06876bd7ded4848d5adc660f496e35609b73c8634f83e0c7db884e6edb5a257a
ContinuumGeometric.tableProbability_eq_weight_sum,theorem,public,ContinuumGeometric.FiniteRoutingProbability,project/ContinuumGeometric/FiniteRoutingProbability.lean,116,06876bd7ded4848d5adc660f496e35609b73c8634f83e0c7db884e6edb5a257a
ContinuumGeometric.indicator_forall_eq_product,theorem,public,ContinuumGeometric.FiniteRoutingProbability,project/ContinuumGeometric/FiniteRoutingProbability.lean,127,06876bd7ded4848d5adc660f496e35609b73c8634f83e0c7db884e6edb5a257a
ContinuumGeometric.local_miss_indicator_product,theorem,public,ContinuumGeometric.FiniteRoutingProbability,project/ContinuumGeometric/FiniteRoutingProbability.lean,137,06876bd7ded4848d5adc660f496e35609b73c8634f83e0c7db884e6edb5a257a
ContinuumGeometric.terminal_average_local_miss,theorem,public,ContinuumGeometric.FiniteRoutingProbability,project/ContinuumGeometric/FiniteRoutingProbability.lean,156,06876bd7ded4848d5adc660f496e35609b73c8634f83e0c7db884e6edb5a257a
ContinuumGeometric.exposureLaw,def,public,ContinuumGeometric.FiniteRoutingProbability,project/ContinuumGeometric/FiniteRoutingProbability.lean,172,06876bd7ded4848d5adc660f496e35609b73c8634f83e0c7db884e6edb5a257a
ContinuumGeometric.exposureMass,def,public,ContinuumGeometric.FiniteRoutingProbability,project/ContinuumGeometric/FiniteRoutingProbability.lean,177,06876bd7ded4848d5adc660f496e35609b73c8634f83e0c7db884e6edb5a257a
ContinuumGeometric.exposureLaw_sum,theorem,public,ContinuumGeometric.FiniteRoutingProbability,project/ContinuumGeometric/FiniteRoutingProbability.lean,182,06876bd7ded4848d5adc660f496e35609b73c8634f83e0c7db884e6edb5a257a
ContinuumGeometric.center_atom_weight_factorization,theorem,public,ContinuumGeometric.FiniteRoutingProbability,project/ContinuumGeometric/FiniteRoutingProbability.lean,187,06876bd7ded4848d5adc660f496e35609b73c8634f83e0c7db884e6edb5a257a
ContinuumGeometric.center_atom_probability,theorem,public,ContinuumGeometric.FiniteRoutingProbability,project/ContinuumGeometric/FiniteRoutingProbability.lean,209,06876bd7ded4848d5adc660f496e35609b73c8634f83e0c7db884e6edb5a257a
ContinuumGeometric.joint_center_atom_all_miss,theorem,public,ContinuumGeometric.FiniteRoutingProbability,project/ContinuumGeometric/FiniteRoutingProbability.lean,231,06876bd7ded4848d5adc660f496e35609b73c8634f83e0c7db884e6edb5a257a
ContinuumGeometric.tableProbability_nonneg,theorem,public,ContinuumGeometric.FiniteRoutingProbability,project/ContinuumGeometric/FiniteRoutingProbability.lean,286,06876bd7ded4848d5adc660f496e35609b73c8634f83e0c7db884e6edb5a257a
ContinuumGeometric.tableProbability_mono,theorem,public,ContinuumGeometric.FiniteRoutingProbability,project/ContinuumGeometric/FiniteRoutingProbability.lean,295,06876bd7ded4848d5adc660f496e35609b73c8634f83e0c7db884e6edb5a257a
ContinuumGeometric.tableProbability_union_bound,theorem,public,ContinuumGeometric.FiniteRoutingProbability,project/ContinuumGeometric/FiniteRoutingProbability.lean,307,06876bd7ded4848d5adc660f496e35609b73c8634f83e0c7db884e6edb5a257a
ContinuumGeometric.routed_terminal_probability,theorem,public,ContinuumGeometric.FiniteRoutingProbability,project/ContinuumGeometric/FiniteRoutingProbability.lean,332,06876bd7ded4848d5adc660f496e35609b73c8634f83e0c7db884e6edb5a257a
ContinuumGeometric.tableProbability_eq_finiteOutcomeProbability,theorem,public,ContinuumGeometric.FiniteRoutingProbability,project/ContinuumGeometric/FiniteRoutingProbability.lean,368,06876bd7ded4848d5adc660f496e35609b73c8634f83e0c7db884e6edb5a257a
ContinuumGeometric.actual_center_atom_probability,theorem,public,ContinuumGeometric.FiniteRoutingProbability,project/ContinuumGeometric/FiniteRoutingProbability.lean,380,06876bd7ded4848d5adc660f496e35609b73c8634f83e0c7db884e6edb5a257a
ContinuumGeometric.actual_center_atom_iff_reads,theorem,public,ContinuumGeometric.FiniteRoutingProbability,project/ContinuumGeometric/FiniteRoutingProbability.lean,403,06876bd7ded4848d5adc660f496e35609b73c8634f83e0c7db884e6edb5a257a
ContinuumGeometric.actual_center_atoms_sum_one,theorem,public,ContinuumGeometric.FiniteRoutingProbability,project/ContinuumGeometric/FiniteRoutingProbability.lean,424,06876bd7ded4848d5adc660f496e35609b73c8634f83e0c7db884e6edb5a257a
ContinuumGeometric.actual_routedSet_probability,theorem,public,ContinuumGeometric.FiniteRoutingProbability,project/ContinuumGeometric/FiniteRoutingProbability.lean,437,06876bd7ded4848d5adc660f496e35609b73c8634f83e0c7db884e6edb5a257a
ContinuumGeometric.actual_routedSet_expected_density,theorem,public,ContinuumGeometric.FiniteRoutingProbability,project/ContinuumGeometric/FiniteRoutingProbability.lean,443,06876bd7ded4848d5adc660f496e35609b73c8634f83e0c7db884e6edb5a257a
ContinuumGeometric.local_grid_continuum_joint_union_bound,theorem,public,ContinuumGeometric.FiniteRoutingProbability,project/ContinuumGeometric/FiniteRoutingProbability.lean,456,06876bd7ded4848d5adc660f496e35609b73c8634f83e0c7db884e6edb5a257a
ContinuumGeometric.dyadic,def,public,ContinuumGeometric.GeometricParameters,project/ContinuumGeometric/GeometricParameters.lean,9,f76acf715504e7e564323485b8549d36378107ba7eeca1f90ec6c78f040a74dd
ContinuumGeometric.dyadic_power_eq,theorem,public,ContinuumGeometric.GeometricParameters,project/ContinuumGeometric/GeometricParameters.lean,12,f76acf715504e7e564323485b8549d36378107ba7eeca1f90ec6c78f040a74dd
ContinuumGeometric.geometric_parameter,theorem,public,ContinuumGeometric.GeometricParameters,project/ContinuumGeometric/GeometricParameters.lean,22,f76acf715504e7e564323485b8549d36378107ba7eeca1f90ec6c78f040a74dd
ContinuumGeometric.affine_geometric_tendsto,theorem,public,ContinuumGeometric.GeometricParameters,project/ContinuumGeometric/GeometricParameters.lean,30,f76acf715504e7e564323485b8549d36378107ba7eeca1f90ec6c78f040a74dd
ContinuumGeometric.every_tail_hits_open,theorem,public,ContinuumGeometric.GeometricParameters,project/ContinuumGeometric/GeometricParameters.lean,35,f76acf715504e7e564323485b8549d36378107ba7eeca1f90ec6c78f040a74dd
ContinuumGeometric.exists_compact_exponent_range,theorem,public,ContinuumGeometric.GeometryChain,project/ContinuumGeometric/GeometryChain.lean,5,cf06c5cb88521da5d6937560935a0093f6ec9510a3a872513cf1f4b02acc63f4
ContinuumGeometric.exists_spaced_sampling,theorem,public,ContinuumGeometric.GeometryChain,project/ContinuumGeometric/GeometryChain.lean,19,cf06c5cb88521da5d6937560935a0093f6ec9510a3a872513cf1f4b02acc63f4
ContinuumGeometric.sampled_output_gap,theorem,public,ContinuumGeometric.GeometryChain,project/ContinuumGeometric/GeometryChain.lean,28,cf06c5cb88521da5d6937560935a0093f6ec9510a3a872513cf1f4b02acc63f4
ContinuumGeometric.complete_geometric_activation_chain,theorem,public,ContinuumGeometric.GeometryChain,project/ContinuumGeometric/GeometryChain.lean,44,cf06c5cb88521da5d6937560935a0093f6ec9510a3a872513cf1f4b02acc63f4
ContinuumGeometric.gridCrossingCut,def,public,ContinuumGeometric.GridCutBridge,project/ContinuumGeometric/GridCutBridge.lean,13,c17484cd1a2daa8db21aec218f7f82d5472c93e71db1c8cf688b4a7de50a9f06
ContinuumGeometric.logPowerParams,def,public,ContinuumGeometric.GridCutBridge,project/ContinuumGeometric/GridCutBridge.lean,16,c17484cd1a2daa8db21aec218f7f82d5472c93e71db1c8cf688b4a7de50a9f06
ContinuumGeometric.power_grid_cut_sign,theorem,public,ContinuumGeometric.GridCutBridge,project/ContinuumGeometric/GridCutBridge.lean,20,c17484cd1a2daa8db21aec218f7f82d5472c93e71db1c8cf688b4a7de50a9f06
ContinuumGeometric.actual_grid_boundary_sign,theorem,public,ContinuumGeometric.GridCutBridge,project/ContinuumGeometric/GridCutBridge.lean,49,c17484cd1a2daa8db21aec218f7f82d5472c93e71db1c8cf688b4a7de50a9f06
ContinuumGeometric.lowerActivationCut,def,public,ContinuumGeometric.GridCutBridge,project/ContinuumGeometric/GridCutBridge.lean,63,c17484cd1a2daa8db21aec218f7f82d5472c93e71db1c8cf688b4a7de50a9f06
ContinuumGeometric.upperActivationCut,def,public,ContinuumGeometric.GridCutBridge,project/ContinuumGeometric/GridCutBridge.lean,66,c17484cd1a2daa8db21aec218f7f82d5472c93e71db1c8cf688b4a7de50a9f06
ContinuumGeometric.activation_cut_signs,theorem,public,ContinuumGeometric.GridCutBridge,project/ContinuumGeometric/GridCutBridge.lean,70,c17484cd1a2daa8db21aec218f7f82d5472c93e71db1c8cf688b4a7de50a9f06
ContinuumGeometric.logPowerParams_inRectangle,theorem,public,ContinuumGeometric.GridCutBridge,project/ContinuumGeometric/GridCutBridge.lean,80,c17484cd1a2daa8db21aec218f7f82d5472c93e71db1c8cf688b4a7de50a9f06
ContinuumGeometric.power_parameter_sign_representatives,theorem,public,ContinuumGeometric.GridCutBridge,project/ContinuumGeometric/GridCutBridge.lean,92,c17484cd1a2daa8db21aec218f7f82d5472c93e71db1c8cf688b4a7de50a9f06
ContinuumGeometric.signature_representatives_uniform_readout,theorem,public,ContinuumGeometric.GridCutBridge,project/ContinuumGeometric/GridCutBridge.lean,130,c17484cd1a2daa8db21aec218f7f82d5472c93e71db1c8cf688b4a7de50a9f06
ContinuumGeometric.CutSign,inductive,public,ContinuumGeometric.Interfaces,project/ContinuumGeometric/Interfaces.lean,12,6a9e6e586b5c38847b74aa2a1fccd392ef4badae32829370dc203257ff7f5c59
ContinuumGeometric.cutSign,def,public,ContinuumGeometric.Interfaces,project/ContinuumGeometric/Interfaces.lean,16,6a9e6e586b5c38847b74aa2a1fccd392ef4badae32829370dc203257ff7f5c59
ContinuumGeometric.AffineCut,abbrev,public,ContinuumGeometric.Interfaces,project/ContinuumGeometric/Interfaces.lean,19,6a9e6e586b5c38847b74aa2a1fccd392ef4badae32829370dc203257ff7f5c59
ContinuumGeometric.evalCut,def,public,ContinuumGeometric.Interfaces,project/ContinuumGeometric/Interfaces.lean,21,6a9e6e586b5c38847b74aa2a1fccd392ef4badae32829370dc203257ff7f5c59
ContinuumGeometric.inRectangle,def,public,ContinuumGeometric.Interfaces,project/ContinuumGeometric/Interfaces.lean,24,6a9e6e586b5c38847b74aa2a1fccd392ef4badae32829370dc203257ff7f5c59
ContinuumGeometric.ArrangementRepresentativeBound,def,public,ContinuumGeometric.Interfaces,project/ContinuumGeometric/Interfaces.lean,33,6a9e6e586b5c38847b74aa2a1fccd392ef4badae32829370dc203257ff7f5c59
ContinuumGeometric.realizedLinePatterns,def,public,ContinuumGeometric.LineSignBound,project/ContinuumGeometric/LineSignBound.lean,13,6723e0f31d9169e04a3b87eafef0e52991b375d52a15cdd2703f7803d19d774c
ContinuumGeometric.lineRoots,def,public,ContinuumGeometric.LineSignBound,project/ContinuumGeometric/LineSignBound.lean,18,6723e0f31d9169e04a3b87eafef0e52991b375d52a15cdd2703f7803d19d774c
ContinuumGeometric.rootCode,def,public,ContinuumGeometric.LineSignBound,project/ContinuumGeometric/LineSignBound.lean,22,6723e0f31d9169e04a3b87eafef0e52991b375d52a15cdd2703f7803d19d774c
ContinuumGeometric.rootCode_le,lemma,public,ContinuumGeometric.LineSignBound,project/ContinuumGeometric/LineSignBound.lean,26,6723e0f31d9169e04a3b87eafef0e52991b375d52a15cdd2703f7803d19d774c
ContinuumGeometric.rootCode_equal_parts,lemma,public,ContinuumGeometric.LineSignBound,project/ContinuumGeometric/LineSignBound.lean,42,6723e0f31d9169e04a3b87eafef0e52991b375d52a15cdd2703f7803d19d774c
ContinuumGeometric.rootCode_lt_iff,lemma,public,ContinuumGeometric.LineSignBound,project/ContinuumGeometric/LineSignBound.lean,50,6723e0f31d9169e04a3b87eafef0e52991b375d52a15cdd2703f7803d19d774c
ContinuumGeometric.rootCode_eq_iff,lemma,public,ContinuumGeometric.LineSignBound,project/ContinuumGeometric/LineSignBound.lean,72,6723e0f31d9169e04a3b87eafef0e52991b375d52a15cdd2703f7803d19d774c
ContinuumGeometric.rootCode_gt_iff,lemma,public,ContinuumGeometric.LineSignBound,project/ContinuumGeometric/LineSignBound.lean,91,6723e0f31d9169e04a3b87eafef0e52991b375d52a15cdd2703f7803d19d774c
ContinuumGeometric.cutSign_of_neg,lemma,public,ContinuumGeometric.LineSignBound,project/ContinuumGeometric/LineSignBound.lean,107,6723e0f31d9169e04a3b87eafef0e52991b375d52a15cdd2703f7803d19d774c
ContinuumGeometric.cutSign_of_zero,lemma,public,ContinuumGeometric.LineSignBound,project/ContinuumGeometric/LineSignBound.lean,110,6723e0f31d9169e04a3b87eafef0e52991b375d52a15cdd2703f7803d19d774c
ContinuumGeometric.cutSign_of_pos,lemma,public,ContinuumGeometric.LineSignBound,project/ContinuumGeometric/LineSignBound.lean,112,6723e0f31d9169e04a3b87eafef0e52991b375d52a15cdd2703f7803d19d774c
ContinuumGeometric.affine_sign_equal_of_rootCode,lemma,public,ContinuumGeometric.LineSignBound,project/ContinuumGeometric/LineSignBound.lean,115,6723e0f31d9169e04a3b87eafef0e52991b375d52a15cdd2703f7803d19d774c
ContinuumGeometric.line_signs_equal_of_rootCode,lemma,public,ContinuumGeometric.LineSignBound,project/ContinuumGeometric/LineSignBound.lean,144,6723e0f31d9169e04a3b87eafef0e52991b375d52a15cdd2703f7803d19d774c
ContinuumGeometric.rootSample,def,public,ContinuumGeometric.LineSignBound,project/ContinuumGeometric/LineSignBound.lean,155,6723e0f31d9169e04a3b87eafef0e52991b375d52a15cdd2703f7803d19d774c
ContinuumGeometric.rootSample_spec,lemma,public,ContinuumGeometric.LineSignBound,project/ContinuumGeometric/LineSignBound.lean,159,6723e0f31d9169e04a3b87eafef0e52991b375d52a15cdd2703f7803d19d774c
ContinuumGeometric.lineRoots_card_le,lemma,public,ContinuumGeometric.LineSignBound,project/ContinuumGeometric/LineSignBound.lean,164,6723e0f31d9169e04a3b87eafef0e52991b375d52a15cdd2703f7803d19d774c
ContinuumGeometric.realizedLinePatterns_card_le,theorem,public,ContinuumGeometric.LineSignBound,project/ContinuumGeometric/LineSignBound.lean,174,6723e0f31d9169e04a3b87eafef0e52991b375d52a15cdd2703f7803d19d774c
ContinuumGeometric.mem_realizedLinePatterns,lemma,public,ContinuumGeometric.LineSignBound,project/ContinuumGeometric/LineSignBound.lean,198,6723e0f31d9169e04a3b87eafef0e52991b375d52a15cdd2703f7803d19d774c
ContinuumGeometric.dyadic_shifted_offset,theorem,public,ContinuumGeometric.LocalSignatures,project/ContinuumGeometric/LocalSignatures.lean,10,9c9e72e5ed4e89c60f1c7fee15d4f0a7cb89de0632f0158e95b747dd635564ee
ContinuumGeometric.active_power_point_range,theorem,public,ContinuumGeometric.LocalSignatures,project/ContinuumGeometric/LocalSignatures.lean,25,9c9e72e5ed4e89c60f1c7fee15d4f0a7cb89de0632f0158e95b747dd635564ee
ContinuumGeometric.liftedBoundaryBatch,def,public,ContinuumGeometric.LocalSignatures,project/ContinuumGeometric/LocalSignatures.lean,54,9c9e72e5ed4e89c60f1c7fee15d4f0a7cb89de0632f0158e95b747dd635564ee
ContinuumGeometric.mem_liftedBoundaryBatch_iff,theorem,public,ContinuumGeometric.LocalSignatures,project/ContinuumGeometric/LocalSignatures.lean,57,9c9e72e5ed4e89c60f1c7fee15d4f0a7cb89de0632f0158e95b747dd635564ee
ContinuumGeometric.liftedBoundaryBatch_card_le,theorem,public,ContinuumGeometric.LocalSignatures,project/ContinuumGeometric/LocalSignatures.lean,74,9c9e72e5ed4e89c60f1c7fee15d4f0a7cb89de0632f0158e95b747dd635564ee
ContinuumGeometric.periodicGridKey_eq_of_local_signs,theorem,public,ContinuumGeometric.LocalSignatures,project/ContinuumGeometric/LocalSignatures.lean,94,9c9e72e5ed4e89c60f1c7fee15d4f0a7cb89de0632f0158e95b747dd635564ee
ContinuumGeometric.active_grid_key_eq_of_log_signs,theorem,public,ContinuumGeometric.LocalSignatures,project/ContinuumGeometric/LocalSignatures.lean,132,9c9e72e5ed4e89c60f1c7fee15d4f0a7cb89de0632f0158e95b747dd635564ee
ContinuumGeometric.power_parameter_finset_sign_representatives,theorem,public,ContinuumGeometric.LocalSignatures,project/ContinuumGeometric/LocalSignatures.lean,151,9c9e72e5ed4e89c60f1c7fee15d4f0a7cb89de0632f0158e95b747dd635564ee
ContinuumGeometric.localParameterCuts,def,public,ContinuumGeometric.LocalSignatures,project/ContinuumGeometric/LocalSignatures.lean,170,9c9e72e5ed4e89c60f1c7fee15d4f0a7cb89de0632f0158e95b747dd635564ee
ContinuumGeometric.localParameterCuts_card_le,theorem,public,ContinuumGeometric.LocalSignatures,project/ContinuumGeometric/LocalSignatures.lean,179,9c9e72e5ed4e89c60f1c7fee15d4f0a7cb89de0632f0158e95b747dd635564ee
ContinuumGeometric.localGridVector,def,public,ContinuumGeometric.LocalSignatures,project/ContinuumGeometric/LocalSignatures.lean,192,9c9e72e5ed4e89c60f1c7fee15d4f0a7cb89de0632f0158e95b747dd635564ee
ContinuumGeometric.actual_local_grid_representatives,theorem,public,ContinuumGeometric.LocalSignatures,project/ContinuumGeometric/LocalSignatures.lean,204,9c9e72e5ed4e89c60f1c7fee15d4f0a7cb89de0632f0158e95b747dd635564ee
ContinuumGeometric.localParameterCuts_card_le_window_budget,theorem,public,ContinuumGeometric.LocalSignatures,project/ContinuumGeometric/LocalSignatures.lean,243,9c9e72e5ed4e89c60f1c7fee15d4f0a7cb89de0632f0158e95b747dd635564ee
ContinuumGeometric.dyadic_boundary_batch_card_le,theorem,public,ContinuumGeometric.LocalSignatures,project/ContinuumGeometric/LocalSignatures.lean,261,9c9e72e5ed4e89c60f1c7fee15d4f0a7cb89de0632f0158e95b747dd635564ee
ContinuumGeometric.actual_local_grid_representatives_uniform,theorem,public,ContinuumGeometric.LocalSignatures,project/ContinuumGeometric/LocalSignatures.lean,282,9c9e72e5ed4e89c60f1c7fee15d4f0a7cb89de0632f0158e95b747dd635564ee
ContinuumGeometric.localParameterCuts_card_le_span,theorem,public,ContinuumGeometric.LocalSignatures,project/ContinuumGeometric/LocalSignatures.lean,298,9c9e72e5ed4e89c60f1c7fee15d4f0a7cb89de0632f0158e95b747dd635564ee
ContinuumGeometric.actual_local_representatives_entropy_bound,theorem,public,ContinuumGeometric.LocalSignatures,project/ContinuumGeometric/LocalSignatures.lean,316,9c9e72e5ed4e89c60f1c7fee15d4f0a7cb89de0632f0158e95b747dd635564ee
ContinuumGeometric.smallCompactBlockerSpec_proved,theorem,public,ContinuumGeometric.MainProof,project/ContinuumGeometric/MainProof.lean,13,bccd4b0c9e6450d957ef46f6cad5b27d4d8d514097ca7558f1f32f0459a1ddd9
ContinuumGeometric.geometric_main_target,theorem,public,ContinuumGeometric.MainProof,project/ContinuumGeometric/MainProof.lean,30,bccd4b0c9e6450d957ef46f6cad5b27d4d8d514097ca7558f1f32f0459a1ddd9
ContinuumGeometric.chooseRoutingChild_eq_nondefault_iff,theorem,public,ContinuumGeometric.NoDefaultProbability,project/ContinuumGeometric/NoDefaultProbability.lean,21,418d7470b47c82fe8db948921a00780d479b70e67cedae3e610b7a9d57ef397e
ContinuumGeometric.chooseRoutingChild_eq_default_iff_all_false,theorem,public,ContinuumGeometric.NoDefaultProbability,project/ContinuumGeometric/NoDefaultProbability.lean,43,418d7470b47c82fe8db948921a00780d479b70e67cedae3e610b7a9d57ef397e
ContinuumGeometric.NondefaultLeaf,abbrev,public,ContinuumGeometric.NoDefaultProbability,project/ContinuumGeometric/NoDefaultProbability.lean,62,418d7470b47c82fe8db948921a00780d479b70e67cedae3e610b7a9d57ef397e
ContinuumGeometric.embedNondefaultLeaf,def,public,ContinuumGeometric.NoDefaultProbability,project/ContinuumGeometric/NoDefaultProbability.lean,64,418d7470b47c82fe8db948921a00780d479b70e67cedae3e610b7a9d57ef397e
ContinuumGeometric.embedNondefaultLeaf_injective,theorem,public,ContinuumGeometric.NoDefaultProbability,project/ContinuumGeometric/NoDefaultProbability.lean,67,418d7470b47c82fe8db948921a00780d479b70e67cedae3e610b7a9d57ef397e
ContinuumGeometric.NondefaultPathRead,abbrev,public,ContinuumGeometric.NoDefaultProbability,project/ContinuumGeometric/NoDefaultProbability.lean,75,418d7470b47c82fe8db948921a00780d479b70e67cedae3e610b7a9d57ef397e
ContinuumGeometric.nondefaultPathNode,def,public,ContinuumGeometric.NoDefaultProbability,project/ContinuumGeometric/NoDefaultProbability.lean,78,418d7470b47c82fe8db948921a00780d479b70e67cedae3e610b7a9d57ef397e
ContinuumGeometric.nondefaultPathEdge,def,public,ContinuumGeometric.NoDefaultProbability,project/ContinuumGeometric/NoDefaultProbability.lean,83,418d7470b47c82fe8db948921a00780d479b70e67cedae3e610b7a9d57ef397e
ContinuumGeometric.nondefaultPathAddress,def,public,ContinuumGeometric.NoDefaultProbability,project/ContinuumGeometric/NoDefaultProbability.lean,88,418d7470b47c82fe8db948921a00780d479b70e67cedae3e610b7a9d57ef397e
ContinuumGeometric.nondefaultPathRequired,def,public,ContinuumGeometric.NoDefaultProbability,project/ContinuumGeometric/NoDefaultProbability.lean,92,418d7470b47c82fe8db948921a00780d479b70e67cedae3e610b7a9d57ef397e
ContinuumGeometric.nondefaultPathAddress_injective,theorem,public,ContinuumGeometric.NoDefaultProbability,project/ContinuumGeometric/NoDefaultProbability.lean,103,418d7470b47c82fe8db948921a00780d479b70e67cedae3e610b7a9d57ef397e
ContinuumGeometric.routeLeaf_eq_nondefault_iff_reads,theorem,public,ContinuumGeometric.NoDefaultProbability,project/ContinuumGeometric/NoDefaultProbability.lean,119,418d7470b47c82fe8db948921a00780d479b70e67cedae3e610b7a9d57ef397e
ContinuumGeometric.tableProbability_selectorEvent,theorem,public,ContinuumGeometric.NoDefaultProbability,project/ContinuumGeometric/NoDefaultProbability.lean,156,418d7470b47c82fe8db948921a00780d479b70e67cedae3e610b7a9d57ef397e
ContinuumGeometric.actual_nondefault_leaf_probability,theorem,public,ContinuumGeometric.NoDefaultProbability,project/ContinuumGeometric/NoDefaultProbability.lean,169,418d7470b47c82fe8db948921a00780d479b70e67cedae3e610b7a9d57ef397e
ContinuumGeometric.routeHasNoDefault_iff_nondefault_leaf,theorem,public,ContinuumGeometric.NoDefaultProbability,project/ContinuumGeometric/NoDefaultProbability.lean,210,418d7470b47c82fe8db948921a00780d479b70e67cedae3e610b7a9d57ef397e
ContinuumGeometric.noDefault_indicator_eq_leaf_sum,theorem,public,ContinuumGeometric.NoDefaultProbability,project/ContinuumGeometric/NoDefaultProbability.lean,232,418d7470b47c82fe8db948921a00780d479b70e67cedae3e610b7a9d57ef397e
ContinuumGeometric.half_geometric_child_sum,theorem,public,ContinuumGeometric.NoDefaultProbability,project/ContinuumGeometric/NoDefaultProbability.lean,246,418d7470b47c82fe8db948921a00780d479b70e67cedae3e610b7a9d57ef397e
ContinuumGeometric.actual_routeHasNoDefault_probability,theorem,public,ContinuumGeometric.NoDefaultProbability,project/ContinuumGeometric/NoDefaultProbability.lean,259,418d7470b47c82fe8db948921a00780d479b70e67cedae3e610b7a9d57ef397e
ContinuumGeometric.actual_routeHasNoDefault_probability_rpow,theorem,public,ContinuumGeometric.NoDefaultProbability,project/ContinuumGeometric/NoDefaultProbability.lean,289,418d7470b47c82fe8db948921a00780d479b70e67cedae3e610b7a9d57ef397e
ContinuumGeometric.onePeriodic_union,theorem,public,ContinuumGeometric.PeriodicRepair,project/ContinuumGeometric/PeriodicRepair.lean,16,fdfdb155956eeb6e089bdb274017caa103b60f6abc8be6e378a3ae829f6346f9
ContinuumGeometric.onePeriodic_thickening,theorem,public,ContinuumGeometric.PeriodicRepair,project/ContinuumGeometric/PeriodicRepair.lean,21,fdfdb155956eeb6e089bdb274017caa103b60f6abc8be6e378a3ae829f6346f9
ContinuumGeometric.unitDensity_le_one,theorem,public,ContinuumGeometric.PeriodicRepair,project/ContinuumGeometric/PeriodicRepair.lean,39,fdfdb155956eeb6e089bdb274017caa103b60f6abc8be6e378a3ae829f6346f9
ContinuumGeometric.unitDensity_union_le,theorem,public,ContinuumGeometric.PeriodicRepair,project/ContinuumGeometric/PeriodicRepair.lean,44,fdfdb155956eeb6e089bdb274017caa103b60f6abc8be6e378a3ae829f6346f9
ContinuumGeometric.integerPeriodization,def,public,ContinuumGeometric.PeriodicRepair,project/ContinuumGeometric/PeriodicRepair.lean,50,fdfdb155956eeb6e089bdb274017caa103b60f6abc8be6e378a3ae829f6346f9
ContinuumGeometric.onePeriodic_integerPeriodization,theorem,public,ContinuumGeometric.PeriodicRepair,project/ContinuumGeometric/PeriodicRepair.lean,53,fdfdb155956eeb6e089bdb274017caa103b60f6abc8be6e378a3ae829f6346f9
ContinuumGeometric.integer_strips_disjoint,theorem,public,ContinuumGeometric.PeriodicRepair,project/ContinuumGeometric/PeriodicRepair.lean,70,fdfdb155956eeb6e089bdb274017caa103b60f6abc8be6e378a3ae829f6346f9
ContinuumGeometric.integer_strips_cover,theorem,public,ContinuumGeometric.PeriodicRepair,project/ContinuumGeometric/PeriodicRepair.lean,80,fdfdb155956eeb6e089bdb274017caa103b60f6abc8be6e378a3ae829f6346f9
ContinuumGeometric.unitDensity_integerPeriodization_le,theorem,public,ContinuumGeometric.PeriodicRepair,project/ContinuumGeometric/PeriodicRepair.lean,88,fdfdb155956eeb6e089bdb274017caa103b60f6abc8be6e378a3ae829f6346f9
ContinuumGeometric.thickening_integerPeriodization_subset,theorem,public,ContinuumGeometric.PeriodicRepair,project/ContinuumGeometric/PeriodicRepair.lean,113,fdfdb155956eeb6e089bdb274017caa103b60f6abc8be6e378a3ae829f6346f9
ContinuumGeometric.integerPeriodization_inter_eq,theorem,public,ContinuumGeometric.PeriodicRepair,project/ContinuumGeometric/PeriodicRepair.lean,122,fdfdb155956eeb6e089bdb274017caa103b60f6abc8be6e378a3ae829f6346f9
ContinuumGeometric.finiteGridCore,def,public,ContinuumGeometric.PeriodicRepair,project/ContinuumGeometric/PeriodicRepair.lean,139,fdfdb155956eeb6e089bdb274017caa103b60f6abc8be6e378a3ae829f6346f9
ContinuumGeometric.mem_gridCell_iff,theorem,public,ContinuumGeometric.PeriodicRepair,project/ContinuumGeometric/PeriodicRepair.lean,142,fdfdb155956eeb6e089bdb274017caa103b60f6abc8be6e378a3ae829f6346f9
ContinuumGeometric.finiteGridCore_subset,theorem,public,ContinuumGeometric.PeriodicRepair,project/ContinuumGeometric/PeriodicRepair.lean,148,fdfdb155956eeb6e089bdb274017caa103b60f6abc8be6e378a3ae829f6346f9
ContinuumGeometric.floor_grid_add_int,theorem,public,ContinuumGeometric.PeriodicRepair,project/ContinuumGeometric/PeriodicRepair.lean,159,fdfdb155956eeb6e089bdb274017caa103b60f6abc8be6e378a3ae829f6346f9
ContinuumGeometric.periodicGridSet_eq_integerPeriodization,theorem,public,ContinuumGeometric.PeriodicRepair,project/ContinuumGeometric/PeriodicRepair.lean,168,fdfdb155956eeb6e089bdb274017caa103b60f6abc8be6e378a3ae829f6346f9
ContinuumGeometric.onePeriodic_periodicGridSet,theorem,public,ContinuumGeometric.PeriodicRepair,project/ContinuumGeometric/PeriodicRepair.lean,196,fdfdb155956eeb6e089bdb274017caa103b60f6abc8be6e378a3ae829f6346f9
ContinuumGeometric.measurableSet_periodicGridSet,theorem,public,ContinuumGeometric.PeriodicRepair,project/ContinuumGeometric/PeriodicRepair.lean,201,fdfdb155956eeb6e089bdb274017caa103b60f6abc8be6e378a3ae829f6346f9
ContinuumGeometric.volume_finiteGridCore,theorem,public,ContinuumGeometric.PeriodicRepair,project/ContinuumGeometric/PeriodicRepair.lean,209,fdfdb155956eeb6e089bdb274017caa103b60f6abc8be6e378a3ae829f6346f9
ContinuumGeometric.unitDensity_periodicGridSet,theorem,public,ContinuumGeometric.PeriodicRepair,project/ContinuumGeometric/PeriodicRepair.lean,227,fdfdb155956eeb6e089bdb274017caa103b60f6abc8be6e378a3ae829f6346f9
ContinuumGeometric.volume_thickening_Ico_le,theorem,public,ContinuumGeometric.PeriodicRepair,project/ContinuumGeometric/PeriodicRepair.lean,236,fdfdb155956eeb6e089bdb274017caa103b60f6abc8be6e378a3ae829f6346f9
ContinuumGeometric.unitDensity_periodicGridSet_thickening_le,theorem,public,ContinuumGeometric.PeriodicRepair,project/ContinuumGeometric/PeriodicRepair.lean,249,fdfdb155956eeb6e089bdb274017caa103b60f6abc8be6e378a3ae829f6346f9
ContinuumGeometric.unitDensity_periodicGridSet_double_buffer_le,theorem,public,ContinuumGeometric.PeriodicRepair,project/ContinuumGeometric/PeriodicRepair.lean,296,fdfdb155956eeb6e089bdb274017caa103b60f6abc8be6e378a3ae829f6346f9
ContinuumGeometric.unitDensity_grid_budget_double_buffer_lt,theorem,public,ContinuumGeometric.PeriodicRepair,project/ContinuumGeometric/PeriodicRepair.lean,305,fdfdb155956eeb6e089bdb274017caa103b60f6abc8be6e378a3ae829f6346f9
ContinuumGeometric.closed_onePeriodic_open_cover,theorem,public,ContinuumGeometric.PeriodicRepair,project/ContinuumGeometric/PeriodicRepair.lean,325,fdfdb155956eeb6e089bdb274017caa103b60f6abc8be6e378a3ae829f6346f9
ContinuumGeometric.onePeriodic_powerMissedCenters,theorem,public,ContinuumGeometric.PeriodicRepair,project/ContinuumGeometric/PeriodicRepair.lean,344,fdfdb155956eeb6e089bdb274017caa103b60f6abc8be6e378a3ae829f6346f9
ContinuumGeometric.periodic_power_outcome_repair,theorem,public,ContinuumGeometric.PeriodicRepair,project/ContinuumGeometric/PeriodicRepair.lean,362,fdfdb155956eeb6e089bdb274017caa103b60f6abc8be6e378a3ae829f6346f9
ContinuumGeometric.periodic_grid_outcome_repair,theorem,public,ContinuumGeometric.PeriodicRepair,project/ContinuumGeometric/PeriodicRepair.lean,393,fdfdb155956eeb6e089bdb274017caa103b60f6abc8be6e378a3ae829f6346f9
ContinuumGeometric.realizedPlanePatterns,def,public,ContinuumGeometric.Planar,project/ContinuumGeometric/Planar.lean,34,e32fdf89990a6ac7cb63896c8bb03a148060dcc9bafa00784d6e38d07c991168
ContinuumGeometric.blendPoint,def,public,ContinuumGeometric.Planar,project/ContinuumGeometric/Planar.lean,46,e32fdf89990a6ac7cb63896c8bb03a148060dcc9bafa00784d6e38d07c991168
ContinuumGeometric.eval_blend,theorem,public,ContinuumGeometric.Planar,project/ContinuumGeometric/Planar.lean,49,e32fdf89990a6ac7cb63896c8bb03a148060dcc9bafa00784d6e38d07c991168
ContinuumGeometric.cutSign_blend,theorem,public,ContinuumGeometric.Planar,project/ContinuumGeometric/Planar.lean,54,e32fdf89990a6ac7cb63896c8bb03a148060dcc9bafa00784d6e38d07c991168
ContinuumGeometric.exists_blend_zero,theorem,public,ContinuumGeometric.Planar,project/ContinuumGeometric/Planar.lean,79,e32fdf89990a6ac7cb63896c8bb03a148060dcc9bafa00784d6e38d07c991168
ContinuumGeometric.plane_zero_between,theorem,public,ContinuumGeometric.Planar,project/ContinuumGeometric/Planar.lean,88,e32fdf89990a6ac7cb63896c8bb03a148060dcc9bafa00784d6e38d07c991168
ContinuumGeometric.realizedPairs,def,public,ContinuumGeometric.Planar,project/ContinuumGeometric/Planar.lean,105,e32fdf89990a6ac7cb63896c8bb03a148060dcc9bafa00784d6e38d07c991168
ContinuumGeometric.oldPatterns_realizedPairs,theorem,public,ContinuumGeometric.Planar,project/ContinuumGeometric/Planar.lean,118,e32fdf89990a6ac7cb63896c8bb03a148060dcc9bafa00784d6e38d07c991168
ContinuumGeometric.realizedPairs_cross,theorem,public,ContinuumGeometric.Planar,project/ContinuumGeometric/Planar.lean,131,e32fdf89990a6ac7cb63896c8bb03a148060dcc9bafa00784d6e38d07c991168
ContinuumGeometric.splitPattern,def,public,ContinuumGeometric.Planar,project/ContinuumGeometric/Planar.lean,139,e32fdf89990a6ac7cb63896c8bb03a148060dcc9bafa00784d6e38d07c991168
ContinuumGeometric.splitPattern_injective,theorem,public,ContinuumGeometric.Planar,project/ContinuumGeometric/Planar.lean,142,e32fdf89990a6ac7cb63896c8bb03a148060dcc9bafa00784d6e38d07c991168
ContinuumGeometric.realizedPairs_split,theorem,public,ContinuumGeometric.Planar,project/ContinuumGeometric/Planar.lean,149,e32fdf89990a6ac7cb63896c8bb03a148060dcc9bafa00784d6e38d07c991168
ContinuumGeometric.card_realizedPairs_split,theorem,public,ContinuumGeometric.Planar,project/ContinuumGeometric/Planar.lean,168,e32fdf89990a6ac7cb63896c8bb03a148060dcc9bafa00784d6e38d07c991168
ContinuumGeometric.card_realizedPairs_constant,theorem,public,ContinuumGeometric.Planar,project/ContinuumGeometric/Planar.lean,174,e32fdf89990a6ac7cb63896c8bb03a148060dcc9bafa00784d6e38d07c991168
ContinuumGeometric.cutLineX,def,public,ContinuumGeometric.Planar,project/ContinuumGeometric/Planar.lean,188,e32fdf89990a6ac7cb63896c8bb03a148060dcc9bafa00784d6e38d07c991168
ContinuumGeometric.cutLineY,def,public,ContinuumGeometric.Planar,project/ContinuumGeometric/Planar.lean,191,e32fdf89990a6ac7cb63896c8bb03a148060dcc9bafa00784d6e38d07c991168
ContinuumGeometric.zero_parameter_x,theorem,public,ContinuumGeometric.Planar,project/ContinuumGeometric/Planar.lean,194,e32fdf89990a6ac7cb63896c8bb03a148060dcc9bafa00784d6e38d07c991168
ContinuumGeometric.zero_parameter_y,theorem,public,ContinuumGeometric.Planar,project/ContinuumGeometric/Planar.lean,202,e32fdf89990a6ac7cb63896c8bb03a148060dcc9bafa00784d6e38d07c991168
ContinuumGeometric.eval_cutLineX,theorem,public,ContinuumGeometric.Planar,project/ContinuumGeometric/Planar.lean,210,e32fdf89990a6ac7cb63896c8bb03a148060dcc9bafa00784d6e38d07c991168
ContinuumGeometric.eval_cutLineY,theorem,public,ContinuumGeometric.Planar,project/ContinuumGeometric/Planar.lean,216,e32fdf89990a6ac7cb63896c8bb03a148060dcc9bafa00784d6e38d07c991168
ContinuumGeometric.zeroPatterns_card_le,theorem,public,ContinuumGeometric.Planar,project/ContinuumGeometric/Planar.lean,223,e32fdf89990a6ac7cb63896c8bb03a148060dcc9bafa00784d6e38d07c991168
ContinuumGeometric.realizedPlanePatterns_card_le,theorem,public,ContinuumGeometric.Planar,project/ContinuumGeometric/Planar.lean,256,e32fdf89990a6ac7cb63896c8bb03a148060dcc9bafa00784d6e38d07c991168
ContinuumGeometric.arrangementRepresentativeBound,theorem,public,ContinuumGeometric.Planar,project/ContinuumGeometric/Planar.lean,288,e32fdf89990a6ac7cb63896c8bb03a148060dcc9bafa00784d6e38d07c991168
ContinuumGeometric.active_power_offset_lower,theorem,public,ContinuumGeometric.RoutingActiveGeometry,project/ContinuumGeometric/RoutingActiveGeometry.lean,11,a9a9f5d9f10659abac17ff25450a1f7795d4557911d18281c4f4b580d1713cd3
ContinuumGeometric.active_window_grid_scale,theorem,public,ContinuumGeometric.RoutingActiveGeometry,project/ContinuumGeometric/RoutingActiveGeometry.lean,23,a9a9f5d9f10659abac17ff25450a1f7795d4557911d18281c4f4b580d1713cd3
ContinuumGeometric.active_power_point_short,theorem,public,ContinuumGeometric.RoutingActiveGeometry,project/ContinuumGeometric/RoutingActiveGeometry.lean,37,a9a9f5d9f10659abac17ff25450a1f7795d4557911d18281c4f4b580d1713cd3
ContinuumGeometric.gridAddress_ne_of_scaled_small_gap,theorem,public,ContinuumGeometric.RoutingActiveGeometry,project/ContinuumGeometric/RoutingActiveGeometry.lean,50,a9a9f5d9f10659abac17ff25450a1f7795d4557911d18281c4f4b580d1713cd3
ContinuumGeometric.active_power_gridAddress_ne_center,theorem,public,ContinuumGeometric.RoutingActiveGeometry,project/ContinuumGeometric/RoutingActiveGeometry.lean,67,a9a9f5d9f10659abac17ff25450a1f7795d4557911d18281c4f4b580d1713cd3
ContinuumGeometric.power_point_offset_ratio_of_output_gap,theorem,public,ContinuumGeometric.RoutingActiveGeometry,project/ContinuumGeometric/RoutingActiveGeometry.lean,81,a9a9f5d9f10659abac17ff25450a1f7795d4557911d18281c4f4b580d1713cd3
ContinuumGeometric.active_power_point_gap_lower,theorem,public,ContinuumGeometric.RoutingActiveGeometry,project/ContinuumGeometric/RoutingActiveGeometry.lean,96,a9a9f5d9f10659abac17ff25450a1f7795d4557911d18281c4f4b580d1713cd3
ContinuumGeometric.active_power_gridAddress_ne_of_output_gap,theorem,public,ContinuumGeometric.RoutingActiveGeometry,project/ContinuumGeometric/RoutingActiveGeometry.lean,107,a9a9f5d9f10659abac17ff25450a1f7795d4557911d18281c4f4b580d1713cd3
ContinuumGeometric.subsequence_output_log_gap,theorem,public,ContinuumGeometric.RoutingActiveGeometry,project/ContinuumGeometric/RoutingActiveGeometry.lean,131,a9a9f5d9f10659abac17ff25450a1f7795d4557911d18281c4f4b580d1713cd3
ContinuumGeometric.active_subsequence_gridAddress_ne,theorem,public,ContinuumGeometric.RoutingActiveGeometry,project/ContinuumGeometric/RoutingActiveGeometry.lean,145,a9a9f5d9f10659abac17ff25450a1f7795d4557911d18281c4f4b580d1713cd3
ContinuumGeometric.gridAddress_ne_of_coarser_ne,theorem,public,ContinuumGeometric.RoutingActiveGeometry,project/ContinuumGeometric/RoutingActiveGeometry.lean,159,a9a9f5d9f10659abac17ff25450a1f7795d4557911d18281c4f4b580d1713cd3
ContinuumGeometric.active_power_finer_gridAddress_ne_center,theorem,public,ContinuumGeometric.RoutingActiveGeometry,project/ContinuumGeometric/RoutingActiveGeometry.lean,165,a9a9f5d9f10659abac17ff25450a1f7795d4557911d18281c4f4b580d1713cd3
ContinuumGeometric.active_subsequence_finer_gridAddress_ne,theorem,public,ContinuumGeometric.RoutingActiveGeometry,project/ContinuumGeometric/RoutingActiveGeometry.lean,173,a9a9f5d9f10659abac17ff25450a1f7795d4557911d18281c4f4b580d1713cd3
ContinuumGeometric.active_original_finer_gridAddress_ne,theorem,public,ContinuumGeometric.RoutingActiveGeometry,project/ContinuumGeometric/RoutingActiveGeometry.lean,186,a9a9f5d9f10659abac17ff25450a1f7795d4557911d18281c4f4b580d1713cd3
ContinuumGeometric.active_original_gridAddress_injective,theorem,public,ContinuumGeometric.RoutingActiveGeometry,project/ContinuumGeometric/RoutingActiveGeometry.lean,202,a9a9f5d9f10659abac17ff25450a1f7795d4557911d18281c4f4b580d1713cd3
ContinuumGeometric.active_power_preceding_gridAddress_eq,theorem,public,ContinuumGeometric.RoutingActiveGeometry,project/ContinuumGeometric/RoutingActiveGeometry.lean,218,a9a9f5d9f10659abac17ff25450a1f7795d4557911d18281c4f4b580d1713cd3
ContinuumGeometric.active_power_coarser_preceding_gridAddress_eq,theorem,public,ContinuumGeometric.RoutingActiveGeometry,project/ContinuumGeometric/RoutingActiveGeometry.lean,236,a9a9f5d9f10659abac17ff25450a1f7795d4557911d18281c4f4b580d1713cd3
ContinuumGeometric.globalRoutingEdgeEnumeration,def,public,ContinuumGeometric.RoutingAssembly,project/ContinuumGeometric/RoutingAssembly.lean,17,84a5ae3e18aa403208bb752e165ce612d8f25d5d887ceab0de005904179658c2
ContinuumGeometric.globalRoutingWindows,def,public,ContinuumGeometric.RoutingAssembly,project/ContinuumGeometric/RoutingAssembly.lean,21,84a5ae3e18aa403208bb752e165ce612d8f25d5d887ceab0de005904179658c2
ContinuumGeometric.globalRoutingTests,def,public,ContinuumGeometric.RoutingAssembly,project/ContinuumGeometric/RoutingAssembly.lean,26,84a5ae3e18aa403208bb752e165ce612d8f25d5d887ceab0de005904179658c2
ContinuumGeometric.globalRoutingTests_tail,theorem,public,ContinuumGeometric.RoutingAssembly,project/ContinuumGeometric/RoutingAssembly.lean,31,84a5ae3e18aa403208bb752e165ce612d8f25d5d887ceab0de005904179658c2
ContinuumGeometric.routingFinestEndpoint,def,public,ContinuumGeometric.RoutingAssembly,project/ContinuumGeometric/RoutingAssembly.lean,37,84a5ae3e18aa403208bb752e165ce612d8f25d5d887ceab0de005904179658c2
ContinuumGeometric.routingFinestGrid,def,public,ContinuumGeometric.RoutingAssembly,project/ContinuumGeometric/RoutingAssembly.lean,40,84a5ae3e18aa403208bb752e165ce612d8f25d5d887ceab0de005904179658c2
ContinuumGeometric.routingBufferRadius,def,public,ContinuumGeometric.RoutingAssembly,project/ContinuumGeometric/RoutingAssembly.lean,43,84a5ae3e18aa403208bb752e165ce612d8f25d5d887ceab0de005904179658c2
ContinuumGeometric.routingInnerBuffer,def,public,ContinuumGeometric.RoutingAssembly,project/ContinuumGeometric/RoutingAssembly.lean,46,84a5ae3e18aa403208bb752e165ce612d8f25d5d887ceab0de005904179658c2
ContinuumGeometric.routingOuterBuffer,def,public,ContinuumGeometric.RoutingAssembly,project/ContinuumGeometric/RoutingAssembly.lean,51,84a5ae3e18aa403208bb752e165ce612d8f25d5d887ceab0de005904179658c2
ContinuumGeometric.routingBufferRadius_pos,theorem,public,ContinuumGeometric.RoutingAssembly,project/ContinuumGeometric/RoutingAssembly.lean,56,84a5ae3e18aa403208bb752e165ce612d8f25d5d887ceab0de005904179658c2
ContinuumGeometric.routingOuterBuffer_density_le,theorem,public,ContinuumGeometric.RoutingAssembly,project/ContinuumGeometric/RoutingAssembly.lean,61,84a5ae3e18aa403208bb752e165ce612d8f25d5d887ceab0de005904179658c2
ContinuumGeometric.actual_routing_blocker_of_stable_estimate,theorem,public,ContinuumGeometric.RoutingAssembly,project/ContinuumGeometric/RoutingAssembly.lean,74,84a5ae3e18aa403208bb752e165ce612d8f25d5d887ceab0de005904179658c2
ContinuumGeometric.actual_routing_blocker_of_actual_stable_miss,theorem,public,ContinuumGeometric.RoutingAssembly,project/ContinuumGeometric/RoutingAssembly.lean,124,84a5ae3e18aa403208bb752e165ce612d8f25d5d887ceab0de005904179658c2
ContinuumGeometric.actual_default_vertex_exists,theorem,public,ContinuumGeometric.RoutingCenterAtoms,project/ContinuumGeometric/RoutingCenterAtoms.lean,17,9927a44d3085548342dc40dcf997acd6ac1bf8b31060fae64884aab88d8bf8ea
ContinuumGeometric.centerTableAssignment,def,public,ContinuumGeometric.RoutingCenterAtoms,project/ContinuumGeometric/RoutingCenterAtoms.lean,36,9927a44d3085548342dc40dcf997acd6ac1bf8b31060fae64884aab88d8bf8ea
ContinuumGeometric.centerTableAssignment_satisfies_atom,theorem,public,ContinuumGeometric.RoutingCenterAtoms,project/ContinuumGeometric/RoutingCenterAtoms.lean,39,9927a44d3085548342dc40dcf997acd6ac1bf8b31060fae64884aab88d8bf8ea
ContinuumGeometric.centerTableAssignment_default_vertex_exists,theorem,public,ContinuumGeometric.RoutingCenterAtoms,project/ContinuumGeometric/RoutingCenterAtoms.lean,47,9927a44d3085548342dc40dcf997acd6ac1bf8b31060fae64884aab88d8bf8ea
ContinuumGeometric.center_atom_default_vertex_exists,theorem,public,ContinuumGeometric.RoutingCenterAtoms,project/ContinuumGeometric/RoutingCenterAtoms.lean,61,9927a44d3085548342dc40dcf997acd6ac1bf8b31060fae64884aab88d8bf8ea
ContinuumGeometric.centerAssignmentReadout,def,public,ContinuumGeometric.RoutingCenterAtoms,project/ContinuumGeometric/RoutingCenterAtoms.lean,75,9927a44d3085548342dc40dcf997acd6ac1bf8b31060fae64884aab88d8bf8ea
ContinuumGeometric.actual_center_atom_iff_readout,theorem,public,ContinuumGeometric.RoutingCenterAtoms,project/ContinuumGeometric/RoutingCenterAtoms.lean,80,9927a44d3085548342dc40dcf997acd6ac1bf8b31060fae64884aab88d8bf8ea
ContinuumGeometric.tableProbability_congr,theorem,public,ContinuumGeometric.RoutingCenterAtoms,project/ContinuumGeometric/RoutingCenterAtoms.lean,91,9927a44d3085548342dc40dcf997acd6ac1bf8b31060fae64884aab88d8bf8ea
ContinuumGeometric.actual_center_atom_partition,theorem,public,ContinuumGeometric.RoutingCenterAtoms,project/ContinuumGeometric/RoutingCenterAtoms.lean,100,9927a44d3085548342dc40dcf997acd6ac1bf8b31060fae64884aab88d8bf8ea
ContinuumGeometric.exists_branching_decay,theorem,public,ContinuumGeometric.RoutingChoices,project/ContinuumGeometric/RoutingChoices.lean,13,58b4c0d243dadb17d16a6c5f4962d7409d40d0e149bded33522deb4bffc61054
ContinuumGeometric.exists_default_depth_budget,theorem,public,ContinuumGeometric.RoutingChoices,project/ContinuumGeometric/RoutingChoices.lean,31,58b4c0d243dadb17d16a6c5f4962d7409d40d0e149bded33522deb4bffc61054
ContinuumGeometric.half_selector_default_probability_eq,theorem,public,ContinuumGeometric.RoutingChoices,project/ContinuumGeometric/RoutingChoices.lean,45,58b4c0d243dadb17d16a6c5f4962d7409d40d0e149bded33522deb4bffc61054
ContinuumGeometric.dyadic_integer_gap_rpow,theorem,public,ContinuumGeometric.RoutingChoices,project/ContinuumGeometric/RoutingChoices.lean,53,58b4c0d243dadb17d16a6c5f4962d7409d40d0e149bded33522deb4bffc61054
ContinuumGeometric.stable_gap_cost_eq,theorem,public,ContinuumGeometric.RoutingChoices,project/ContinuumGeometric/RoutingChoices.lean,60,58b4c0d243dadb17d16a6c5f4962d7409d40d0e149bded33522deb4bffc61054
ContinuumGeometric.exists_stable_gap_budget,theorem,public,ContinuumGeometric.RoutingChoices,project/ContinuumGeometric/RoutingChoices.lean,67,58b4c0d243dadb17d16a6c5f4962d7409d40d0e149bded33522deb4bffc61054
ContinuumGeometric.fair_selector_terminal_miss_exp_bound,theorem,public,ContinuumGeometric.RoutingEntropy,project/ContinuumGeometric/RoutingEntropy.lean,12,bc2f1fc7f677269a94401275f4b15148014a7bd7dc1990683328cdb332c3ccdc
ContinuumGeometric.fair_selector_terminal_miss_window_bound,theorem,public,ContinuumGeometric.RoutingEntropy,project/ContinuumGeometric/RoutingEntropy.lean,22,bc2f1fc7f677269a94401275f4b15148014a7bd7dc1990683328cdb332c3ccdc
ContinuumGeometric.signature_entropy_exp_bound,theorem,public,ContinuumGeometric.RoutingEntropy,project/ContinuumGeometric/RoutingEntropy.lean,32,bc2f1fc7f677269a94401275f4b15148014a7bd7dc1990683328cdb332c3ccdc
ContinuumGeometric.signature_entropy_decay_bound,theorem,public,ContinuumGeometric.RoutingEntropy,project/ContinuumGeometric/RoutingEntropy.lean,52,bc2f1fc7f677269a94401275f4b15148014a7bd7dc1990683328cdb332c3ccdc
ContinuumGeometric.signature_entropy_position_bound,theorem,public,ContinuumGeometric.RoutingEntropy,project/ContinuumGeometric/RoutingEntropy.lean,67,bc2f1fc7f677269a94401275f4b15148014a7bd7dc1990683328cdb332c3ccdc
ContinuumGeometric.localRouteLeaf_eq_of_finest_key,theorem,public,ContinuumGeometric.RoutingFactorization,project/ContinuumGeometric/RoutingFactorization.lean,6,95a7ce5b46206828481161b38f28010351b27a0a23d38f73d4247cc87b73d91d
ContinuumGeometric.localTerminalAddress_eq_of_finest_key,theorem,public,ContinuumGeometric.RoutingFactorization,project/ContinuumGeometric/RoutingFactorization.lean,23,95a7ce5b46206828481161b38f28010351b27a0a23d38f73d4247cc87b73d91d
ContinuumGeometric.localOwnAddress_eq_of_finest_key,theorem,public,ContinuumGeometric.RoutingFactorization,project/ContinuumGeometric/RoutingFactorization.lean,36,95a7ce5b46206828481161b38f28010351b27a0a23d38f73d4247cc87b73d91d
ContinuumGeometric.actual_local_success_finest_key_iff,theorem,public,ContinuumGeometric.RoutingFactorization,project/ContinuumGeometric/RoutingFactorization.lean,52,95a7ce5b46206828481161b38f28010351b27a0a23d38f73d4247cc87b73d91d
ContinuumGeometric.actualLocalAllMiss,def,public,ContinuumGeometric.RoutingFactorization,project/ContinuumGeometric/RoutingFactorization.lean,65,95a7ce5b46206828481161b38f28010351b27a0a23d38f73d4247cc87b73d91d
ContinuumGeometric.actualLocalAllMiss_iff_of_localGridVector_eq,theorem,public,ContinuumGeometric.RoutingFactorization,project/ContinuumGeometric/RoutingFactorization.lean,79,95a7ce5b46206828481161b38f28010351b27a0a23d38f73d4247cc87b73d91d
ContinuumGeometric.actual_routing_local_representatives,theorem,public,ContinuumGeometric.RoutingFactorization,project/ContinuumGeometric/RoutingFactorization.lean,135,95a7ce5b46206828481161b38f28010351b27a0a23d38f73d4247cc87b73d91d
ContinuumGeometric.periodicGridKey_nonneg,theorem,public,ContinuumGeometric.RoutingGeometry,project/ContinuumGeometric/RoutingGeometry.lean,7,5b9b97cb42b5e50797d10acad6371acac3d3d1ffd3eb5a17aad0d52734e9612c
ContinuumGeometric.periodicGridKey_lt,theorem,public,ContinuumGeometric.RoutingGeometry,project/ContinuumGeometric/RoutingGeometry.lean,11,5b9b97cb42b5e50797d10acad6371acac3d3d1ffd3eb5a17aad0d52734e9612c
ContinuumGeometric.gridAddress,def,public,ContinuumGeometric.RoutingGeometry,project/ContinuumGeometric/RoutingGeometry.lean,15,5b9b97cb42b5e50797d10acad6371acac3d3d1ffd3eb5a17aad0d52734e9612c
ContinuumGeometric.gridAddress_eq_iff,theorem,public,ContinuumGeometric.RoutingGeometry,project/ContinuumGeometric/RoutingGeometry.lean,27,5b9b97cb42b5e50797d10acad6371acac3d3d1ffd3eb5a17aad0d52734e9612c
ContinuumGeometric.periodicGridKey_fract,theorem,public,ContinuumGeometric.RoutingGeometry,project/ContinuumGeometric/RoutingGeometry.lean,37,5b9b97cb42b5e50797d10acad6371acac3d3d1ffd3eb5a17aad0d52734e9612c
ContinuumGeometric.periodicGridKey_refinement,theorem,public,ContinuumGeometric.RoutingGeometry,project/ContinuumGeometric/RoutingGeometry.lean,56,5b9b97cb42b5e50797d10acad6371acac3d3d1ffd3eb5a17aad0d52734e9612c
ContinuumGeometric.dyadic_grid_key_refinement,theorem,public,ContinuumGeometric.RoutingGeometry,project/ContinuumGeometric/RoutingGeometry.lean,65,5b9b97cb42b5e50797d10acad6371acac3d3d1ffd3eb5a17aad0d52734e9612c
ContinuumGeometric.dyadic_grid_eq_of_finer_eq,theorem,public,ContinuumGeometric.RoutingGeometry,project/ContinuumGeometric/RoutingGeometry.lean,76,5b9b97cb42b5e50797d10acad6371acac3d3d1ffd3eb5a17aad0d52734e9612c
ContinuumGeometric.NoGridBoundary,def,public,ContinuumGeometric.RoutingGeometry,project/ContinuumGeometric/RoutingGeometry.lean,84,5b9b97cb42b5e50797d10acad6371acac3d3d1ffd3eb5a17aad0d52734e9612c
ContinuumGeometric.periodicGridKey_eq_of_no_boundary,theorem,public,ContinuumGeometric.RoutingGeometry,project/ContinuumGeometric/RoutingGeometry.lean,88,5b9b97cb42b5e50797d10acad6371acac3d3d1ffd3eb5a17aad0d52734e9612c
ContinuumGeometric.periodicGridKey_ne_of_scaled_gap,theorem,public,ContinuumGeometric.RoutingGeometry,project/ContinuumGeometric/RoutingGeometry.lean,109,5b9b97cb42b5e50797d10acad6371acac3d3d1ffd3eb5a17aad0d52734e9612c
ContinuumGeometric.selectorAddress,def,public,ContinuumGeometric.RoutingGeometry,project/ContinuumGeometric/RoutingGeometry.lean,134,5b9b97cb42b5e50797d10acad6371acac3d3d1ffd3eb5a17aad0d52734e9612c
ContinuumGeometric.terminalAddress,def,public,ContinuumGeometric.RoutingGeometry,project/ContinuumGeometric/RoutingGeometry.lean,138,5b9b97cb42b5e50797d10acad6371acac3d3d1ffd3eb5a17aad0d52734e9612c
ContinuumGeometric.actualCenterExposure,def,public,ContinuumGeometric.RoutingGeometry,project/ContinuumGeometric/RoutingGeometry.lean,143,5b9b97cb42b5e50797d10acad6371acac3d3d1ffd3eb5a17aad0d52734e9612c
ContinuumGeometric.centerExposure_reads,theorem,public,ContinuumGeometric.RoutingGeometry,project/ContinuumGeometric/RoutingGeometry.lean,148,5b9b97cb42b5e50797d10acad6371acac3d3d1ffd3eb5a17aad0d52734e9612c
ContinuumGeometric.own_selector_unexposed,theorem,public,ContinuumGeometric.RoutingGeometry,project/ContinuumGeometric/RoutingGeometry.lean,155,5b9b97cb42b5e50797d10acad6371acac3d3d1ffd3eb5a17aad0d52734e9612c
ContinuumGeometric.periodicGridKey_canonical_left,theorem,public,ContinuumGeometric.RoutingGlobalGrid,project/ContinuumGeometric/RoutingGlobalGrid.lean,12,e4bb0a2e08170e42494a2a6b85db4114952f275d7b461f9998c3d478e5b73284
ContinuumGeometric.actual_routing_readout_eq_of_finest_key,theorem,public,ContinuumGeometric.RoutingGlobalGrid,project/ContinuumGeometric/RoutingGlobalGrid.lean,19,e4bb0a2e08170e42494a2a6b85db4114952f275d7b461f9998c3d478e5b73284
ContinuumGeometric.routedCanonicalCells,def,public,ContinuumGeometric.RoutingGlobalGrid,project/ContinuumGeometric/RoutingGlobalGrid.lean,40,e4bb0a2e08170e42494a2a6b85db4114952f275d7b461f9998c3d478e5b73284
ContinuumGeometric.routedCanonicalCells_subset,theorem,public,ContinuumGeometric.RoutingGlobalGrid,project/ContinuumGeometric/RoutingGlobalGrid.lean,47,e4bb0a2e08170e42494a2a6b85db4114952f275d7b461f9998c3d478e5b73284
ContinuumGeometric.routedSet_eq_periodicGridSet,theorem,public,ContinuumGeometric.RoutingGlobalGrid,project/ContinuumGeometric/RoutingGlobalGrid.lean,55,e4bb0a2e08170e42494a2a6b85db4114952f275d7b461f9998c3d478e5b73284
ContinuumGeometric.measurableSet_actual_routedSet,theorem,public,ContinuumGeometric.RoutingGlobalGrid,project/ContinuumGeometric/RoutingGlobalGrid.lean,77,e4bb0a2e08170e42494a2a6b85db4114952f275d7b461f9998c3d478e5b73284
ContinuumGeometric.onePeriodic_actual_routedSet,theorem,public,ContinuumGeometric.RoutingGlobalGrid,project/ContinuumGeometric/RoutingGlobalGrid.lean,87,e4bb0a2e08170e42494a2a6b85db4114952f275d7b461f9998c3d478e5b73284
ContinuumGeometric.actual_routedSet_finite_grid,theorem,public,ContinuumGeometric.RoutingGlobalGrid,project/ContinuumGeometric/RoutingGlobalGrid.lean,98,e4bb0a2e08170e42494a2a6b85db4114952f275d7b461f9998c3d478e5b73284
ContinuumGeometric.measurableSet_actual_routedSet_of_template,theorem,public,ContinuumGeometric.RoutingGlobalGrid,project/ContinuumGeometric/RoutingGlobalGrid.lean,113,e4bb0a2e08170e42494a2a6b85db4114952f275d7b461f9998c3d478e5b73284
ContinuumGeometric.onePeriodic_actual_routedSet_of_template,theorem,public,ContinuumGeometric.RoutingGlobalGrid,project/ContinuumGeometric/RoutingGlobalGrid.lean,121,e4bb0a2e08170e42494a2a6b85db4114952f275d7b461f9998c3d478e5b73284
ContinuumGeometric.OnePeriodic,def,public,ContinuumGeometric.RoutingInterfaces,project/ContinuumGeometric/RoutingInterfaces.lean,14,cd223d89d946e641950fb6786a087d9772492ca7950b471c66799cbc7d633432
ContinuumGeometric.unitDensity,def,public,ContinuumGeometric.RoutingInterfaces,project/ContinuumGeometric/RoutingInterfaces.lean,17,cd223d89d946e641950fb6786a087d9772492ca7950b471c66799cbc7d633432
ContinuumGeometric.CompactPowerHits,def,public,ContinuumGeometric.RoutingInterfaces,project/ContinuumGeometric/RoutingInterfaces.lean,20,cd223d89d946e641950fb6786a087d9772492ca7950b471c66799cbc7d633432
ContinuumGeometric.SmallCompactBlockerSpec,def,public,ContinuumGeometric.RoutingInterfaces,project/ContinuumGeometric/RoutingInterfaces.lean,25,cd223d89d946e641950fb6786a087d9772492ca7950b471c66799cbc7d633432
ContinuumGeometric.FiniteRoutingTables,structure,public,ContinuumGeometric.RoutingInterfaces,project/ContinuumGeometric/RoutingInterfaces.lean,31,cd223d89d946e641950fb6786a087d9772492ca7950b471c66799cbc7d633432
ContinuumGeometric.centerExposureAtom,def,public,ContinuumGeometric.RoutingInterfaces,project/ContinuumGeometric/RoutingInterfaces.lean,35,cd223d89d946e641950fb6786a087d9772492ca7950b471c66799cbc7d633432
ContinuumGeometric.localRoutingSuccess,def,public,ContinuumGeometric.RoutingInterfaces,project/ContinuumGeometric/RoutingInterfaces.lean,38,cd223d89d946e641950fb6786a087d9772492ca7950b471c66799cbc7d633432
ContinuumGeometric.localRoutingAllMiss,def,public,ContinuumGeometric.RoutingInterfaces,project/ContinuumGeometric/RoutingInterfaces.lean,43,cd223d89d946e641950fb6786a087d9772492ca7950b471c66799cbc7d633432
ContinuumGeometric.LocalAddressSeparation,def,public,ContinuumGeometric.RoutingInterfaces,project/ContinuumGeometric/RoutingInterfaces.lean,51,cd223d89d946e641950fb6786a087d9772492ca7950b471c66799cbc7d633432
ContinuumGeometric.periodicGridSet,def,public,ContinuumGeometric.RoutingInterfaces,project/ContinuumGeometric/RoutingInterfaces.lean,57,cd223d89d946e641950fb6786a087d9772492ca7950b471c66799cbc7d633432
ContinuumGeometric.nodePrefixAt,def,public,ContinuumGeometric.RoutingLocalHit,project/ContinuumGeometric/RoutingLocalHit.lean,6,95ce74a8a559b229898b7477cf45a57eee3ed80a46fa3bf51e5ec452b5d9599d
ContinuumGeometric.followsNodePrefix,def,public,ContinuumGeometric.RoutingLocalHit,project/ContinuumGeometric/RoutingLocalHit.lean,9,95ce74a8a559b229898b7477cf45a57eee3ed80a46fa3bf51e5ec452b5d9599d
ContinuumGeometric.center_followsNodePrefix,theorem,public,ContinuumGeometric.RoutingLocalHit,project/ContinuumGeometric/RoutingLocalHit.lean,14,95ce74a8a559b229898b7477cf45a57eee3ed80a46fa3bf51e5ec452b5d9599d
ContinuumGeometric.ancestor_selector_precedes,theorem,public,ContinuumGeometric.RoutingLocalHit,project/ContinuumGeometric/RoutingLocalHit.lean,30,95ce74a8a559b229898b7477cf45a57eee3ed80a46fa3bf51e5ec452b5d9599d
ContinuumGeometric.EarlierAddressAgreement,def,public,ContinuumGeometric.RoutingLocalHit,project/ContinuumGeometric/RoutingLocalHit.lean,76,95ce74a8a559b229898b7477cf45a57eee3ed80a46fa3bf51e5ec452b5d9599d
ContinuumGeometric.point_followsNodePrefix_of_earlier_keys,theorem,public,ContinuumGeometric.RoutingLocalHit,project/ContinuumGeometric/RoutingLocalHit.lean,85,95ce74a8a559b229898b7477cf45a57eee3ed80a46fa3bf51e5ec452b5d9599d
ContinuumGeometric.routeLeaf_eq_localRouteLeaf_of_prefix_and_success,theorem,public,ContinuumGeometric.RoutingLocalHit,project/ContinuumGeometric/RoutingLocalHit.lean,104,95ce74a8a559b229898b7477cf45a57eee3ed80a46fa3bf51e5ec452b5d9599d
ContinuumGeometric.actual_local_success_mem_routedSet,theorem,public,ContinuumGeometric.RoutingLocalHit,project/ContinuumGeometric/RoutingLocalHit.lean,142,95ce74a8a559b229898b7477cf45a57eee3ed80a46fa3bf51e5ec452b5d9599d
ContinuumGeometric.activeLocalCandidates,def,public,ContinuumGeometric.RoutingLocalProbability,project/ContinuumGeometric/RoutingLocalProbability.lean,18,013659ca4c882b77a0487ce997dbd5bd34b4978c37e46fe3109a5cc00de7d46a
ContinuumGeometric.activeLocalIndex,def,public,ContinuumGeometric.RoutingLocalProbability,project/ContinuumGeometric/RoutingLocalProbability.lean,26,013659ca4c882b77a0487ce997dbd5bd34b4978c37e46fe3109a5cc00de7d46a
ContinuumGeometric.activeLocalIndex_injective,theorem,public,ContinuumGeometric.RoutingLocalProbability,project/ContinuumGeometric/RoutingLocalProbability.lean,32,013659ca4c882b77a0487ce997dbd5bd34b4978c37e46fe3109a5cc00de7d46a
ContinuumGeometric.activeLocalIndex_active,theorem,public,ContinuumGeometric.RoutingLocalProbability,project/ContinuumGeometric/RoutingLocalProbability.lean,40,013659ca4c882b77a0487ce997dbd5bd34b4978c37e46fe3109a5cc00de7d46a
ContinuumGeometric.actualLocalAllMiss_iff_active_tests,theorem,public,ContinuumGeometric.RoutingLocalProbability,project/ContinuumGeometric/RoutingLocalProbability.lean,54,013659ca4c882b77a0487ce997dbd5bd34b4978c37e46fe3109a5cc00de7d46a
ContinuumGeometric.actual_fixed_parameter_joint_miss,theorem,public,ContinuumGeometric.RoutingLocalProbability,project/ContinuumGeometric/RoutingLocalProbability.lean,81,013659ca4c882b77a0487ce997dbd5bd34b4978c37e46fe3109a5cc00de7d46a
ContinuumGeometric.actual_continuum_joint_miss_bound,theorem,public,ContinuumGeometric.RoutingLocalProbability,project/ContinuumGeometric/RoutingLocalProbability.lean,114,013659ca4c882b77a0487ce997dbd5bd34b4978c37e46fe3109a5cc00de7d46a
ContinuumGeometric.vertexWindowLength,def,public,ContinuumGeometric.RoutingLocalProbability,project/ContinuumGeometric/RoutingLocalProbability.lean,168,013659ca4c882b77a0487ce997dbd5bd34b4978c37e46fe3109a5cc00de7d46a
ContinuumGeometric.vertexWindowStart,def,public,ContinuumGeometric.RoutingLocalProbability,project/ContinuumGeometric/RoutingLocalProbability.lean,172,013659ca4c882b77a0487ce997dbd5bd34b4978c37e46fe3109a5cc00de7d46a
ContinuumGeometric.vertexPotentialPairs,def,public,ContinuumGeometric.RoutingLocalProbability,project/ContinuumGeometric/RoutingLocalProbability.lean,176,013659ca4c882b77a0487ce997dbd5bd34b4978c37e46fe3109a5cc00de7d46a
ContinuumGeometric.candidatePair_active_card,theorem,public,ContinuumGeometric.RoutingLocalProbability,project/ContinuumGeometric/RoutingLocalProbability.lean,184,013659ca4c882b77a0487ce997dbd5bd34b4978c37e46fe3109a5cc00de7d46a
ContinuumGeometric.vertex_candidate_multiples,theorem,public,ContinuumGeometric.RoutingLocalProbability,project/ContinuumGeometric/RoutingLocalProbability.lean,205,013659ca4c882b77a0487ce997dbd5bd34b4978c37e46fe3109a5cc00de7d46a
ContinuumGeometric.vertex_active_card,theorem,public,ContinuumGeometric.RoutingLocalProbability,project/ContinuumGeometric/RoutingLocalProbability.lean,214,013659ca4c882b77a0487ce997dbd5bd34b4978c37e46fe3109a5cc00de7d46a
ContinuumGeometric.scheduled_vertex_active_count,theorem,public,ContinuumGeometric.RoutingLocalProbability,project/ContinuumGeometric/RoutingLocalProbability.lean,229,013659ca4c882b77a0487ce997dbd5bd34b4978c37e46fe3109a5cc00de7d46a
ContinuumGeometric.scheduled_vertex_continuum_joint_miss_bound,theorem,public,ContinuumGeometric.RoutingLocalProbability,project/ContinuumGeometric/RoutingLocalProbability.lean,289,013659ca4c882b77a0487ce997dbd5bd34b4978c37e46fe3109a5cc00de7d46a
ContinuumGeometric.finiteOutcomeProbability,def,public,ContinuumGeometric.RoutingMeasure,project/ContinuumGeometric/RoutingMeasure.lean,24,6fa06cf3606d7f1af0040d1c1bc7823e0a39548971c7b100d98b701e5f869266
ContinuumGeometric.finiteOutcomeExpectation,def,public,ContinuumGeometric.RoutingMeasure,project/ContinuumGeometric/RoutingMeasure.lean,29,6fa06cf3606d7f1af0040d1c1bc7823e0a39548971c7b100d98b701e5f869266
ContinuumGeometric.expectedUnitDensity,def,public,ContinuumGeometric.RoutingMeasure,project/ContinuumGeometric/RoutingMeasure.lean,32,6fa06cf3606d7f1af0040d1c1bc7823e0a39548971c7b100d98b701e5f869266
ContinuumGeometric.finiteOutcomeProbability_nonneg,theorem,public,ContinuumGeometric.RoutingMeasure,project/ContinuumGeometric/RoutingMeasure.lean,35,6fa06cf3606d7f1af0040d1c1bc7823e0a39548971c7b100d98b701e5f869266
ContinuumGeometric.ofReal_finiteOutcomeProbability,theorem,public,ContinuumGeometric.RoutingMeasure,project/ContinuumGeometric/RoutingMeasure.lean,40,6fa06cf3606d7f1af0040d1c1bc7823e0a39548971c7b100d98b701e5f869266
ContinuumGeometric.unitDensity_eq_lintegral_indicator,theorem,public,ContinuumGeometric.RoutingMeasure,project/ContinuumGeometric/RoutingMeasure.lean,53,6fa06cf3606d7f1af0040d1c1bc7823e0a39548971c7b100d98b701e5f869266
ContinuumGeometric.expectedUnitDensity_eq_lintegral_probability,theorem,public,ContinuumGeometric.RoutingMeasure,project/ContinuumGeometric/RoutingMeasure.lean,59,6fa06cf3606d7f1af0040d1c1bc7823e0a39548971c7b100d98b701e5f869266
ContinuumGeometric.expectedUnitDensity_le_of_probability_le,theorem,public,ContinuumGeometric.RoutingMeasure,project/ContinuumGeometric/RoutingMeasure.lean,88,6fa06cf3606d7f1af0040d1c1bc7823e0a39548971c7b100d98b701e5f869266
ContinuumGeometric.expectedUnitDensity_eq_of_probability_eq,theorem,public,ContinuumGeometric.RoutingMeasure,project/ContinuumGeometric/RoutingMeasure.lean,103,6fa06cf3606d7f1af0040d1c1bc7823e0a39548971c7b100d98b701e5f869266
ContinuumGeometric.finiteOutcomeExpectation_add,theorem,public,ContinuumGeometric.RoutingMeasure,project/ContinuumGeometric/RoutingMeasure.lean,117,6fa06cf3606d7f1af0040d1c1bc7823e0a39548971c7b100d98b701e5f869266
ContinuumGeometric.finiteOutcomeProbability_le_one,theorem,public,ContinuumGeometric.RoutingMeasure,project/ContinuumGeometric/RoutingMeasure.lean,122,6fa06cf3606d7f1af0040d1c1bc7823e0a39548971c7b100d98b701e5f869266
ContinuumGeometric.expectedUnitDensity_le_stable_probability,theorem,public,ContinuumGeometric.RoutingMeasure,project/ContinuumGeometric/RoutingMeasure.lean,134,6fa06cf3606d7f1af0040d1c1bc7823e0a39548971c7b100d98b701e5f869266
ContinuumGeometric.finiteOutcomeExpectation_mono,theorem,public,ContinuumGeometric.RoutingMeasure,project/ContinuumGeometric/RoutingMeasure.lean,159,6fa06cf3606d7f1af0040d1c1bc7823e0a39548971c7b100d98b701e5f869266
ContinuumGeometric.finiteOutcomeExpectation_const,theorem,public,ContinuumGeometric.RoutingMeasure,project/ContinuumGeometric/RoutingMeasure.lean,167,6fa06cf3606d7f1af0040d1c1bc7823e0a39548971c7b100d98b701e5f869266
ContinuumGeometric.expectedUnitDensity_enlargement_le,theorem,public,ContinuumGeometric.RoutingMeasure,project/ContinuumGeometric/RoutingMeasure.lean,175,6fa06cf3606d7f1af0040d1c1bc7823e0a39548971c7b100d98b701e5f869266
ContinuumGeometric.finiteOutcome_nonempty,theorem,public,ContinuumGeometric.RoutingMeasure,project/ContinuumGeometric/RoutingMeasure.lean,188,6fa06cf3606d7f1af0040d1c1bc7823e0a39548971c7b100d98b701e5f869266
ContinuumGeometric.exists_outcome_le_expectation,theorem,public,ContinuumGeometric.RoutingMeasure,project/ContinuumGeometric/RoutingMeasure.lean,199,6fa06cf3606d7f1af0040d1c1bc7823e0a39548971c7b100d98b701e5f869266
ContinuumGeometric.exists_outcome_density_add_le,theorem,public,ContinuumGeometric.RoutingMeasure,project/ContinuumGeometric/RoutingMeasure.lean,219,6fa06cf3606d7f1af0040d1c1bc7823e0a39548971c7b100d98b701e5f869266
ContinuumGeometric.periodicGridKey_add_one_for_density,theorem,public,ContinuumGeometric.RoutingMeasure,project/ContinuumGeometric/RoutingMeasure.lean,239,6fa06cf3606d7f1af0040d1c1bc7823e0a39548971c7b100d98b701e5f869266
ContinuumGeometric.onePeriodic_periodicGridSet_for_density,theorem,public,ContinuumGeometric.RoutingMeasure,project/ContinuumGeometric/RoutingMeasure.lean,243,6fa06cf3606d7f1af0040d1c1bc7823e0a39548971c7b100d98b701e5f869266
ContinuumGeometric.measurable_periodicGridKey_for_density,theorem,public,ContinuumGeometric.RoutingMeasure,project/ContinuumGeometric/RoutingMeasure.lean,248,6fa06cf3606d7f1af0040d1c1bc7823e0a39548971c7b100d98b701e5f869266
ContinuumGeometric.measurableSet_periodicGridSet_for_density,theorem,public,ContinuumGeometric.RoutingMeasure,project/ContinuumGeometric/RoutingMeasure.lean,253,6fa06cf3606d7f1af0040d1c1bc7823e0a39548971c7b100d98b701e5f869266
ContinuumGeometric.expected_periodicGridSet_density_eq,theorem,public,ContinuumGeometric.RoutingMeasure,project/ContinuumGeometric/RoutingMeasure.lean,260,6fa06cf3606d7f1af0040d1c1bc7823e0a39548971c7b100d98b701e5f869266
ContinuumGeometric.periodicTerminalReadoutSet,def,public,ContinuumGeometric.RoutingMeasure,project/ContinuumGeometric/RoutingMeasure.lean,274,6fa06cf3606d7f1af0040d1c1bc7823e0a39548971c7b100d98b701e5f869266
ContinuumGeometric.onePeriodic_periodicTerminalReadoutSet,theorem,public,ContinuumGeometric.RoutingMeasure,project/ContinuumGeometric/RoutingMeasure.lean,278,6fa06cf3606d7f1af0040d1c1bc7823e0a39548971c7b100d98b701e5f869266
ContinuumGeometric.measurableSet_periodicTerminalReadoutSet,theorem,public,ContinuumGeometric.RoutingMeasure,project/ContinuumGeometric/RoutingMeasure.lean,284,6fa06cf3606d7f1af0040d1c1bc7823e0a39548971c7b100d98b701e5f869266
ContinuumGeometric.expected_periodicTerminalReadout_density_eq,theorem,public,ContinuumGeometric.RoutingMeasure,project/ContinuumGeometric/RoutingMeasure.lean,294,6fa06cf3606d7f1af0040d1c1bc7823e0a39548971c7b100d98b701e5f869266
ContinuumGeometric.expected_powerMissedCenters_eq_lintegral_probability,theorem,public,ContinuumGeometric.RoutingMeasure,project/ContinuumGeometric/RoutingMeasure.lean,317,6fa06cf3606d7f1af0040d1c1bc7823e0a39548971c7b100d98b701e5f869266
ContinuumGeometric.expected_powerMissedCenters_le_of_probability_le,theorem,public,ContinuumGeometric.RoutingMeasure,project/ContinuumGeometric/RoutingMeasure.lean,329,6fa06cf3606d7f1af0040d1c1bc7823e0a39548971c7b100d98b701e5f869266
ContinuumGeometric.exists_powerRouting_outcome_density_add_le,theorem,public,ContinuumGeometric.RoutingMeasure,project/ContinuumGeometric/RoutingMeasure.lean,343,6fa06cf3606d7f1af0040d1c1bc7823e0a39548971c7b100d98b701e5f869266
ContinuumGeometric.exists_powerRouting_outcome_density_add_le_of_stable,theorem,public,ContinuumGeometric.RoutingMeasure,project/ContinuumGeometric/RoutingMeasure.lean,360,6fa06cf3606d7f1af0040d1c1bc7823e0a39548971c7b100d98b701e5f869266
ContinuumGeometric.defaultChild,def,public,ContinuumGeometric.RoutingModel,project/ContinuumGeometric/RoutingModel.lean,5,1c1f7ac892fa7eb7d2b8cbc04c4c8bda7bdf66016c6975890d422919e3c91b6e
ContinuumGeometric.nondefaultChild,def,public,ContinuumGeometric.RoutingModel,project/ContinuumGeometric/RoutingModel.lean,7,1c1f7ac892fa7eb7d2b8cbc04c4c8bda7bdf66016c6975890d422919e3c91b6e
ContinuumGeometric.chooseRoutingChild,def,public,ContinuumGeometric.RoutingModel,project/ContinuumGeometric/RoutingModel.lean,11,1c1f7ac892fa7eb7d2b8cbc04c4c8bda7bdf66016c6975890d422919e3c91b6e
ContinuumGeometric.chooseRoutingChild_of_all_false,theorem,public,ContinuumGeometric.RoutingModel,project/ContinuumGeometric/RoutingModel.lean,15,1c1f7ac892fa7eb7d2b8cbc04c4c8bda7bdf66016c6975890d422919e3c91b6e
ContinuumGeometric.chooseRoutingChild_of_first_true,theorem,public,ContinuumGeometric.RoutingModel,project/ContinuumGeometric/RoutingModel.lean,24,1c1f7ac892fa7eb7d2b8cbc04c4c8bda7bdf66016c6975890d422919e3c91b6e
ContinuumGeometric.chooseRoutingChild_eq_of_reads_before_choice,theorem,public,ContinuumGeometric.RoutingModel,project/ContinuumGeometric/RoutingModel.lean,35,1c1f7ac892fa7eb7d2b8cbc04c4c8bda7bdf66016c6975890d422919e3c91b6e
ContinuumGeometric.nodeOfPrefix,def,public,ContinuumGeometric.RoutingModel,project/ContinuumGeometric/RoutingModel.lean,63,1c1f7ac892fa7eb7d2b8cbc04c4c8bda7bdf66016c6975890d422919e3c91b6e
ContinuumGeometric.nodeOfPrefix_ofFn,theorem,public,ContinuumGeometric.RoutingModel,project/ContinuumGeometric/RoutingModel.lean,69,1c1f7ac892fa7eb7d2b8cbc04c4c8bda7bdf66016c6975890d422919e3c91b6e
ContinuumGeometric.nodeSelectorBits,def,public,ContinuumGeometric.RoutingModel,project/ContinuumGeometric/RoutingModel.lean,79,1c1f7ac892fa7eb7d2b8cbc04c4c8bda7bdf66016c6975890d422919e3c91b6e
ContinuumGeometric.routeFromList,def,public,ContinuumGeometric.RoutingModel,project/ContinuumGeometric/RoutingModel.lean,85,1c1f7ac892fa7eb7d2b8cbc04c4c8bda7bdf66016c6975890d422919e3c91b6e
ContinuumGeometric.routeFromList_prefix,theorem,public,ContinuumGeometric.RoutingModel,project/ContinuumGeometric/RoutingModel.lean,94,1c1f7ac892fa7eb7d2b8cbc04c4c8bda7bdf66016c6975890d422919e3c91b6e
ContinuumGeometric.leafOfList,def,public,ContinuumGeometric.RoutingModel,project/ContinuumGeometric/RoutingModel.lean,104,1c1f7ac892fa7eb7d2b8cbc04c4c8bda7bdf66016c6975890d422919e3c91b6e
ContinuumGeometric.routeLeaf,def,public,ContinuumGeometric.RoutingModel,project/ContinuumGeometric/RoutingModel.lean,114,1c1f7ac892fa7eb7d2b8cbc04c4c8bda7bdf66016c6975890d422919e3c91b6e
ContinuumGeometric.routeLeafFrom,def,public,ContinuumGeometric.RoutingModel,project/ContinuumGeometric/RoutingModel.lean,118,1c1f7ac892fa7eb7d2b8cbc04c4c8bda7bdf66016c6975890d422919e3c91b6e
ContinuumGeometric.childPrefix,def,public,ContinuumGeometric.RoutingModel,project/ContinuumGeometric/RoutingModel.lean,123,1c1f7ac892fa7eb7d2b8cbc04c4c8bda7bdf66016c6975890d422919e3c91b6e
ContinuumGeometric.childPrefix_length,theorem,public,ContinuumGeometric.RoutingModel,project/ContinuumGeometric/RoutingModel.lean,126,1c1f7ac892fa7eb7d2b8cbc04c4c8bda7bdf66016c6975890d422919e3c91b6e
ContinuumGeometric.localRouteLeaf,def,public,ContinuumGeometric.RoutingModel,project/ContinuumGeometric/RoutingModel.lean,130,1c1f7ac892fa7eb7d2b8cbc04c4c8bda7bdf66016c6975890d422919e3c91b6e
ContinuumGeometric.localTerminalAddress,def,public,ContinuumGeometric.RoutingModel,project/ContinuumGeometric/RoutingModel.lean,134,1c1f7ac892fa7eb7d2b8cbc04c4c8bda7bdf66016c6975890d422919e3c91b6e
ContinuumGeometric.routedSet,def,public,ContinuumGeometric.RoutingModel,project/ContinuumGeometric/RoutingModel.lean,139,1c1f7ac892fa7eb7d2b8cbc04c4c8bda7bdf66016c6975890d422919e3c91b6e
ContinuumGeometric.routeHasNoDefault,def,public,ContinuumGeometric.RoutingModel,project/ContinuumGeometric/RoutingModel.lean,143,1c1f7ac892fa7eb7d2b8cbc04c4c8bda7bdf66016c6975890d422919e3c91b6e
ContinuumGeometric.localRouteLeaf_prefix,theorem,public,ContinuumGeometric.RoutingModel,project/ContinuumGeometric/RoutingModel.lean,147,1c1f7ac892fa7eb7d2b8cbc04c4c8bda7bdf66016c6975890d422919e3c91b6e
ContinuumGeometric.routeFromList_eq_of_selector_reads,theorem,public,ContinuumGeometric.RoutingModel,project/ContinuumGeometric/RoutingModel.lean,153,1c1f7ac892fa7eb7d2b8cbc04c4c8bda7bdf66016c6975890d422919e3c91b6e
ContinuumGeometric.routeLeaf_eq_of_selector_reads,theorem,public,ContinuumGeometric.RoutingModel,project/ContinuumGeometric/RoutingModel.lean,169,1c1f7ac892fa7eb7d2b8cbc04c4c8bda7bdf66016c6975890d422919e3c91b6e
ContinuumGeometric.center_atom_routeLeaf_eq,theorem,public,ContinuumGeometric.RoutingModel,project/ContinuumGeometric/RoutingModel.lean,177,1c1f7ac892fa7eb7d2b8cbc04c4c8bda7bdf66016c6975890d422919e3c91b6e
ContinuumGeometric.center_atom_noDefault_iff,theorem,public,ContinuumGeometric.RoutingModel,project/ContinuumGeometric/RoutingModel.lean,186,1c1f7ac892fa7eb7d2b8cbc04c4c8bda7bdf66016c6975890d422919e3c91b6e
ContinuumGeometric.routeFromList_eq_on_prefix,theorem,public,ContinuumGeometric.RoutingModel,project/ContinuumGeometric/RoutingModel.lean,195,1c1f7ac892fa7eb7d2b8cbc04c4c8bda7bdf66016c6975890d422919e3c91b6e
ContinuumGeometric.preorderPaths,def,public,ContinuumGeometric.RoutingPreorder,project/ContinuumGeometric/RoutingPreorder.lean,7,db74174c0ede0733c7354f6f3ef035a705a519d78b1172545b94a0526e7a4f7b
ContinuumGeometric.mem_preorderPaths_iff,theorem,public,ContinuumGeometric.RoutingPreorder,project/ContinuumGeometric/RoutingPreorder.lean,12,db74174c0ede0733c7354f6f3ef035a705a519d78b1172545b94a0526e7a4f7b
ContinuumGeometric.preorderEdgeCount,def,public,ContinuumGeometric.RoutingPreorder,project/ContinuumGeometric/RoutingPreorder.lean,39,db74174c0ede0733c7354f6f3ef035a705a519d78b1172545b94a0526e7a4f7b
ContinuumGeometric.preorderPaths_length,theorem,public,ContinuumGeometric.RoutingPreorder,project/ContinuumGeometric/RoutingPreorder.lean,43,db74174c0ede0733c7354f6f3ef035a705a519d78b1172545b94a0526e7a4f7b
ContinuumGeometric.RoutingTemplate.incomingStart,def,public,ContinuumGeometric.RoutingPreorder,project/ContinuumGeometric/RoutingPreorder.lean,54,db74174c0ede0733c7354f6f3ef035a705a519d78b1172545b94a0526e7a4f7b
ContinuumGeometric.RoutingTemplate.incomingStart_append,theorem,public,ContinuumGeometric.RoutingPreorder,project/ContinuumGeometric/RoutingPreorder.lean,61,db74174c0ede0733c7354f6f3ef035a705a519d78b1172545b94a0526e7a4f7b
ContinuumGeometric.RoutingTemplate.incomingStart_of_edge,theorem,public,ContinuumGeometric.RoutingPreorder,project/ContinuumGeometric/RoutingPreorder.lean,74,db74174c0ede0733c7354f6f3ef035a705a519d78b1172545b94a0526e7a4f7b
ContinuumGeometric.RoutingTemplate.incomingEnd_eq_start_add_length,theorem,public,ContinuumGeometric.RoutingPreorder,project/ContinuumGeometric/RoutingPreorder.lean,81,db74174c0ede0733c7354f6f3ef035a705a519d78b1172545b94a0526e7a4f7b
ContinuumGeometric.preorderLengths,def,public,ContinuumGeometric.RoutingPreorder,project/ContinuumGeometric/RoutingPreorder.lean,101,db74174c0ede0733c7354f6f3ef035a705a519d78b1172545b94a0526e7a4f7b
ContinuumGeometric.preorderWeight,def,public,ContinuumGeometric.RoutingPreorder,project/ContinuumGeometric/RoutingPreorder.lean,104,db74174c0ede0733c7354f6f3ef035a705a519d78b1172545b94a0526e7a4f7b
ContinuumGeometric.preorderSchedule,def,public,ContinuumGeometric.RoutingPreorder,project/ContinuumGeometric/RoutingPreorder.lean,108,db74174c0ede0733c7354f6f3ef035a705a519d78b1172545b94a0526e7a4f7b
ContinuumGeometric.preorderWeight_append,theorem,public,ContinuumGeometric.RoutingPreorder,project/ContinuumGeometric/RoutingPreorder.lean,113,db74174c0ede0733c7354f6f3ef035a705a519d78b1172545b94a0526e7a4f7b
ContinuumGeometric.preorderSchedule_append,theorem,public,ContinuumGeometric.RoutingPreorder,project/ContinuumGeometric/RoutingPreorder.lean,117,db74174c0ede0733c7354f6f3ef035a705a519d78b1172545b94a0526e7a4f7b
ContinuumGeometric.preorderSchedule_replicate,theorem,public,ContinuumGeometric.RoutingPreorder,project/ContinuumGeometric/RoutingPreorder.lean,128,db74174c0ede0733c7354f6f3ef035a705a519d78b1172545b94a0526e7a4f7b
ContinuumGeometric.preorderSchedule_mem_start_ge,theorem,public,ContinuumGeometric.RoutingPreorder,project/ContinuumGeometric/RoutingPreorder.lean,145,db74174c0ede0733c7354f6f3ef035a705a519d78b1172545b94a0526e7a4f7b
ContinuumGeometric.preorderSchedule_mem_end_ge_start,theorem,public,ContinuumGeometric.RoutingPreorder,project/ContinuumGeometric/RoutingPreorder.lean,155,db74174c0ede0733c7354f6f3ef035a705a519d78b1172545b94a0526e7a4f7b
ContinuumGeometric.preorderSchedule_chain,theorem,public,ContinuumGeometric.RoutingPreorder,project/ContinuumGeometric/RoutingPreorder.lean,166,db74174c0ede0733c7354f6f3ef035a705a519d78b1172545b94a0526e7a4f7b
ContinuumGeometric.preorderSchedule_pairwise_ends,theorem,public,ContinuumGeometric.RoutingPreorder,project/ContinuumGeometric/RoutingPreorder.lean,181,db74174c0ede0733c7354f6f3ef035a705a519d78b1172545b94a0526e7a4f7b
ContinuumGeometric.preorderPaths_succ_flatten,theorem,public,ContinuumGeometric.RoutingPreorder,project/ContinuumGeometric/RoutingPreorder.lean,197,db74174c0ede0733c7354f6f3ef035a705a519d78b1172545b94a0526e7a4f7b
ContinuumGeometric.preorderLengths_succ,theorem,public,ContinuumGeometric.RoutingPreorder,project/ContinuumGeometric/RoutingPreorder.lean,203,db74174c0ede0733c7354f6f3ef035a705a519d78b1172545b94a0526e7a4f7b
ContinuumGeometric.preorderLengths_positive,theorem,public,ContinuumGeometric.RoutingPreorder,project/ContinuumGeometric/RoutingPreorder.lean,219,db74174c0ede0733c7354f6f3ef035a705a519d78b1172545b94a0526e7a4f7b
ContinuumGeometric.preorderWeight_replicate,theorem,public,ContinuumGeometric.RoutingPreorder,project/ContinuumGeometric/RoutingPreorder.lean,225,db74174c0ede0733c7354f6f3ef035a705a519d78b1172545b94a0526e7a4f7b
ContinuumGeometric.preorderLengths_weight,theorem,public,ContinuumGeometric.RoutingPreorder,project/ContinuumGeometric/RoutingPreorder.lean,234,db74174c0ede0733c7354f6f3ef035a705a519d78b1172545b94a0526e7a4f7b
ContinuumGeometric.preorderActualWindows,def,public,ContinuumGeometric.RoutingPreorder,project/ContinuumGeometric/RoutingPreorder.lean,256,db74174c0ede0733c7354f6f3ef035a705a519d78b1172545b94a0526e7a4f7b
ContinuumGeometric.preorderActualWindows_eq_schedule,theorem,public,ContinuumGeometric.RoutingPreorder,project/ContinuumGeometric/RoutingPreorder.lean,261,db74174c0ede0733c7354f6f3ef035a705a519d78b1172545b94a0526e7a4f7b
ContinuumGeometric.preorderSchedule_last_endpoint,theorem,public,ContinuumGeometric.RoutingPreorder,project/ContinuumGeometric/RoutingPreorder.lean,303,db74174c0ede0733c7354f6f3ef035a705a519d78b1172545b94a0526e7a4f7b
ContinuumGeometric.preorderPaths_chain,theorem,public,ContinuumGeometric.RoutingPreorder,project/ContinuumGeometric/RoutingPreorder.lean,325,db74174c0ede0733c7354f6f3ef035a705a519d78b1172545b94a0526e7a4f7b
ContinuumGeometric.preorderPaths_pairwise_ends,theorem,public,ContinuumGeometric.RoutingPreorder,project/ContinuumGeometric/RoutingPreorder.lean,334,db74174c0ede0733c7354f6f3ef035a705a519d78b1172545b94a0526e7a4f7b
ContinuumGeometric.preorderPaths_nodup,theorem,public,ContinuumGeometric.RoutingPreorder,project/ContinuumGeometric/RoutingPreorder.lean,345,db74174c0ede0733c7354f6f3ef035a705a519d78b1172545b94a0526e7a4f7b
ContinuumGeometric.preorder_adjacent_gap,theorem,public,ContinuumGeometric.RoutingPreorder,project/ContinuumGeometric/RoutingPreorder.lean,351,db74174c0ede0733c7354f6f3ef035a705a519d78b1172545b94a0526e7a4f7b
ContinuumGeometric.preorder_adjacent_earlier_end_le,theorem,public,ContinuumGeometric.RoutingPreorder,project/ContinuumGeometric/RoutingPreorder.lean,362,db74174c0ede0733c7354f6f3ef035a705a519d78b1172545b94a0526e7a4f7b
ContinuumGeometric.preorder_last_endpoint,theorem,public,ContinuumGeometric.RoutingPreorder,project/ContinuumGeometric/RoutingPreorder.lean,376,db74174c0ede0733c7354f6f3ef035a705a519d78b1172545b94a0526e7a4f7b
ContinuumGeometric.routingEdge_mem_preorderPaths,theorem,public,ContinuumGeometric.RoutingPreorder,project/ContinuumGeometric/RoutingPreorder.lean,390,db74174c0ede0733c7354f6f3ef035a705a519d78b1172545b94a0526e7a4f7b
ContinuumGeometric.preorderSchedule_head_start,theorem,public,ContinuumGeometric.RoutingPreorder,project/ContinuumGeometric/RoutingPreorder.lean,398,db74174c0ede0733c7354f6f3ef035a705a519d78b1172545b94a0526e7a4f7b
ContinuumGeometric.preorder_first_start,theorem,public,ContinuumGeometric.RoutingPreorder,project/ContinuumGeometric/RoutingPreorder.lean,407,db74174c0ede0733c7354f6f3ef035a705a519d78b1172545b94a0526e7a4f7b
ContinuumGeometric.PreorderWindowIndex,abbrev,public,ContinuumGeometric.RoutingPreorder,project/ContinuumGeometric/RoutingPreorder.lean,417,db74174c0ede0733c7354f6f3ef035a705a519d78b1172545b94a0526e7a4f7b
ContinuumGeometric.preorderWindowPath,def,public,ContinuumGeometric.RoutingPreorder,project/ContinuumGeometric/RoutingPreorder.lean,419,db74174c0ede0733c7354f6f3ef035a705a519d78b1172545b94a0526e7a4f7b
ContinuumGeometric.preorderPredecessorPath,def,public,ContinuumGeometric.RoutingPreorder,project/ContinuumGeometric/RoutingPreorder.lean,422,db74174c0ede0733c7354f6f3ef035a705a519d78b1172545b94a0526e7a4f7b
ContinuumGeometric.preorderPredecessorEnd,def,public,ContinuumGeometric.RoutingPreorder,project/ContinuumGeometric/RoutingPreorder.lean,425,db74174c0ede0733c7354f6f3ef035a705a519d78b1172545b94a0526e7a4f7b
ContinuumGeometric.preorderWindowPath_complete,theorem,public,ContinuumGeometric.RoutingPreorder,project/ContinuumGeometric/RoutingPreorder.lean,429,db74174c0ede0733c7354f6f3ef035a705a519d78b1172545b94a0526e7a4f7b
ContinuumGeometric.preorder_index_predecessor_gap,theorem,public,ContinuumGeometric.RoutingPreorder,project/ContinuumGeometric/RoutingPreorder.lean,434,db74174c0ede0733c7354f6f3ef035a705a519d78b1172545b94a0526e7a4f7b
ContinuumGeometric.preorder_index_earlier_end_le,theorem,public,ContinuumGeometric.RoutingPreorder,project/ContinuumGeometric/RoutingPreorder.lean,444,db74174c0ede0733c7354f6f3ef035a705a519d78b1172545b94a0526e7a4f7b
ContinuumGeometric.preorderWindowIndex_card,theorem,public,ContinuumGeometric.RoutingPreorder,project/ContinuumGeometric/RoutingPreorder.lean,458,db74174c0ede0733c7354f6f3ef035a705a519d78b1172545b94a0526e7a4f7b
ContinuumGeometric.PreorderNoninitialIndex,abbrev,public,ContinuumGeometric.RoutingPreorder,project/ContinuumGeometric/RoutingPreorder.lean,462,db74174c0ede0733c7354f6f3ef035a705a519d78b1172545b94a0526e7a4f7b
ContinuumGeometric.preorderNoninitialIndex_card_le,theorem,public,ContinuumGeometric.RoutingPreorder,project/ContinuumGeometric/RoutingPreorder.lean,464,db74174c0ede0733c7354f6f3ef035a705a519d78b1172545b94a0526e7a4f7b
ContinuumGeometric.preorderSchedule_pairwise_gaps,theorem,public,ContinuumGeometric.RoutingPreorder,project/ContinuumGeometric/RoutingPreorder.lean,468,db74174c0ede0733c7354f6f3ef035a705a519d78b1172545b94a0526e7a4f7b
ContinuumGeometric.preorderSchedule_pairwise_starts,theorem,public,ContinuumGeometric.RoutingPreorder,project/ContinuumGeometric/RoutingPreorder.lean,482,db74174c0ede0733c7354f6f3ef035a705a519d78b1172545b94a0526e7a4f7b
ContinuumGeometric.preorderPaths_pairwise_gaps,theorem,public,ContinuumGeometric.RoutingPreorder,project/ContinuumGeometric/RoutingPreorder.lean,496,db74174c0ede0733c7354f6f3ef035a705a519d78b1172545b94a0526e7a4f7b
ContinuumGeometric.preorderPaths_pairwise_starts,theorem,public,ContinuumGeometric.RoutingPreorder,project/ContinuumGeometric/RoutingPreorder.lean,508,db74174c0ede0733c7354f6f3ef035a705a519d78b1172545b94a0526e7a4f7b
ContinuumGeometric.preorder_positions_lt_of_start_lt,theorem,public,ContinuumGeometric.RoutingPreorder,project/ContinuumGeometric/RoutingPreorder.lean,520,db74174c0ede0733c7354f6f3ef035a705a519d78b1172545b94a0526e7a4f7b
ContinuumGeometric.RoutingTemplate.preorderIncomingEnd_of_edge,theorem,public,ContinuumGeometric.RoutingPreorder,project/ContinuumGeometric/RoutingPreorder.lean,536,db74174c0ede0733c7354f6f3ef035a705a519d78b1172545b94a0526e7a4f7b
ContinuumGeometric.RoutingTemplate.incomingStart_ge,theorem,public,ContinuumGeometric.RoutingPreorder,project/ContinuumGeometric/RoutingPreorder.lean,546,db74174c0ede0733c7354f6f3ef035a705a519d78b1172545b94a0526e7a4f7b
ContinuumGeometric.RoutingTemplate.earlier_edgeEnd_add_gap_le,theorem,public,ContinuumGeometric.RoutingPreorder,project/ContinuumGeometric/RoutingPreorder.lean,562,db74174c0ede0733c7354f6f3ef035a705a519d78b1172545b94a0526e7a4f7b
ContinuumGeometric.RoutingTemplate.predecessorBoundary,def,public,ContinuumGeometric.RoutingPreorder,project/ContinuumGeometric/RoutingPreorder.lean,580,db74174c0ede0733c7354f6f3ef035a705a519d78b1172545b94a0526e7a4f7b
ContinuumGeometric.RoutingTemplate.predecessorBoundary_start,theorem,public,ContinuumGeometric.RoutingPreorder,project/ContinuumGeometric/RoutingPreorder.lean,583,db74174c0ede0733c7354f6f3ef035a705a519d78b1172545b94a0526e7a4f7b
ContinuumGeometric.RoutingTemplate.earlier_edgeEnd_le_predecessorBoundary,theorem,public,ContinuumGeometric.RoutingPreorder,project/ContinuumGeometric/RoutingPreorder.lean,591,db74174c0ede0733c7354f6f3ef035a705a519d78b1172545b94a0526e7a4f7b
ContinuumGeometric.prefix_take_eq,theorem,public,ContinuumGeometric.RoutingProbability,project/ContinuumGeometric/RoutingProbability.lean,8,281ce8b97d381ea20524d7147ac6f588eb13db8ad106de91bfd25afa789ffba3
ContinuumGeometric.prefix_append_get,theorem,public,ContinuumGeometric.RoutingProbability,project/ContinuumGeometric/RoutingProbability.lean,13,281ce8b97d381ea20524d7147ac6f588eb13db8ad106de91bfd25afa789ffba3
ContinuumGeometric.routeFromList_prefix_choices,theorem,public,ContinuumGeometric.RoutingProbability,project/ContinuumGeometric/RoutingProbability.lean,22,281ce8b97d381ea20524d7147ac6f588eb13db8ad106de91bfd25afa789ffba3
ContinuumGeometric.routeFromList_eq_of_prefix_choices,theorem,public,ContinuumGeometric.RoutingProbability,project/ContinuumGeometric/RoutingProbability.lean,57,281ce8b97d381ea20524d7147ac6f588eb13db8ad106de91bfd25afa789ffba3
ContinuumGeometric.routeLeaf_eq_iff_prefix_choices,theorem,public,ContinuumGeometric.RoutingProbability,project/ContinuumGeometric/RoutingProbability.lean,96,281ce8b97d381ea20524d7147ac6f588eb13db8ad106de91bfd25afa789ffba3
ContinuumGeometric.routeLeafFrom_eq_of_actual_prefix,theorem,public,ContinuumGeometric.RoutingProbability,project/ContinuumGeometric/RoutingProbability.lean,117,281ce8b97d381ea20524d7147ac6f588eb13db8ad106de91bfd25afa789ffba3
ContinuumGeometric.routeLeaf_prefix_of_prefix_choices,theorem,public,ContinuumGeometric.RoutingProbability,project/ContinuumGeometric/RoutingProbability.lean,133,281ce8b97d381ea20524d7147ac6f588eb13db8ad106de91bfd25afa789ffba3
ContinuumGeometric.routeLeaf_eq_routeLeafFrom_of_prefix_choices,theorem,public,ContinuumGeometric.RoutingProbability,project/ContinuumGeometric/RoutingProbability.lean,173,281ce8b97d381ea20524d7147ac6f588eb13db8ad106de91bfd25afa789ffba3
ContinuumGeometric.routingActivationRate,def,public,ContinuumGeometric.RoutingSchedule,project/ContinuumGeometric/RoutingSchedule.lean,12,8c9a6f21c3140622c0abf7b53c844d8d839204ae7d42a5878150a98657e19759
ContinuumGeometric.routingActivationRate_pos,theorem,public,ContinuumGeometric.RoutingSchedule,project/ContinuumGeometric/RoutingSchedule.lean,15,8c9a6f21c3140622c0abf7b53c844d8d839204ae7d42a5878150a98657e19759
ContinuumGeometric.RoutingSchedule,structure,public,ContinuumGeometric.RoutingSchedule,project/ContinuumGeometric/RoutingSchedule.lean,23,8c9a6f21c3140622c0abf7b53c844d8d839204ae7d42a5878150a98657e19759
ContinuumGeometric.exists_routing_schedule,theorem,public,ContinuumGeometric.RoutingSchedule,project/ContinuumGeometric/RoutingSchedule.lean,48,8c9a6f21c3140622c0abf7b53c844d8d839204ae7d42a5878150a98657e19759
ContinuumGeometric.routingSchedule_node_entropy_lt,theorem,public,ContinuumGeometric.RoutingSchedule,project/ContinuumGeometric/RoutingSchedule.lean,96,8c9a6f21c3140622c0abf7b53c844d8d839204ae7d42a5878150a98657e19759
ContinuumGeometric.localRouteLeaf_child,theorem,public,ContinuumGeometric.RoutingSeparation,project/ContinuumGeometric/RoutingSeparation.lean,6,ea959d3be4808529d4669bd6f1686762a8639784889461949c6307b58dda1c7e
ContinuumGeometric.localOwnAddresses,def,public,ContinuumGeometric.RoutingSeparation,project/ContinuumGeometric/RoutingSeparation.lean,13,ea959d3be4808529d4669bd6f1686762a8639784889461949c6307b58dda1c7e
ContinuumGeometric.localTerminalAddresses,def,public,ContinuumGeometric.RoutingSeparation,project/ContinuumGeometric/RoutingSeparation.lean,18,ea959d3be4808529d4669bd6f1686762a8639784889461949c6307b58dda1c7e
ContinuumGeometric.actual_local_address_separation,theorem,public,ContinuumGeometric.RoutingSeparation,project/ContinuumGeometric/RoutingSeparation.lean,27,ea959d3be4808529d4669bd6f1686762a8639784889461949c6307b58dda1c7e
ContinuumGeometric.active_subsequence_local_address_separation,theorem,public,ContinuumGeometric.RoutingSeparation,project/ContinuumGeometric/RoutingSeparation.lean,70,ea959d3be4808529d4669bd6f1686762a8639784889461949c6307b58dda1c7e
ContinuumGeometric.active_original_local_address_separation,theorem,public,ContinuumGeometric.RoutingSeparation,project/ContinuumGeometric/RoutingSeparation.lean,106,ea959d3be4808529d4669bd6f1686762a8639784889461949c6307b58dda1c7e
ContinuumGeometric.actualStableCenters,def,public,ContinuumGeometric.RoutingStableGeometry,project/ContinuumGeometric/RoutingStableGeometry.lean,8,72629533b740555ff29bea5f312e5343dbcb77a90c26cfaf59fe43fb21b25092
ContinuumGeometric.stableDyadicRadius_eq_rpow,theorem,public,ContinuumGeometric.RoutingStableGeometry,project/ContinuumGeometric/RoutingStableGeometry.lean,11,72629533b740555ff29bea5f312e5343dbcb77a90c26cfaf59fe43fb21b25092
ContinuumGeometric.measurableSet_actualStableCenters,theorem,public,ContinuumGeometric.RoutingStableGeometry,project/ContinuumGeometric/RoutingStableGeometry.lean,19,72629533b740555ff29bea5f312e5343dbcb77a90c26cfaf59fe43fb21b25092
ContinuumGeometric.onePeriodic_actualStableCenters,theorem,public,ContinuumGeometric.RoutingStableGeometry,project/ContinuumGeometric/RoutingStableGeometry.lean,23,72629533b740555ff29bea5f312e5343dbcb77a90c26cfaf59fe43fb21b25092
ContinuumGeometric.unitDensity_actualStable_compl_le,theorem,public,ContinuumGeometric.RoutingStableGeometry,project/ContinuumGeometric/RoutingStableGeometry.lean,28,72629533b740555ff29bea5f312e5343dbcb77a90c26cfaf59fe43fb21b25092
ContinuumGeometric.actual_stable_earlier_address_agreement,theorem,public,ContinuumGeometric.RoutingStableGeometry,project/ContinuumGeometric/RoutingStableGeometry.lean,36,72629533b740555ff29bea5f312e5343dbcb77a90c26cfaf59fe43fb21b25092
ContinuumGeometric.actual_stable_local_success_mem_routedSet,theorem,public,ContinuumGeometric.RoutingStableGeometry,project/ContinuumGeometric/RoutingStableGeometry.lean,59,72629533b740555ff29bea5f312e5343dbcb77a90c26cfaf59fe43fb21b25092
ContinuumGeometric.gridBoundaryBad,def,public,ContinuumGeometric.RoutingStableMeasure,project/ContinuumGeometric/RoutingStableMeasure.lean,14,317e3a6bb3ebe8d61ebd17e9bc5708ccbcef7447ffc57ff404c12e1279830a0f
ContinuumGeometric.gridBoundaryStable,def,public,ContinuumGeometric.RoutingStableMeasure,project/ContinuumGeometric/RoutingStableMeasure.lean,17,317e3a6bb3ebe8d61ebd17e9bc5708ccbcef7447ffc57ff404c12e1279830a0f
ContinuumGeometric.gridBoundaryCore,def,public,ContinuumGeometric.RoutingStableMeasure,project/ContinuumGeometric/RoutingStableMeasure.lean,20,317e3a6bb3ebe8d61ebd17e9bc5708ccbcef7447ffc57ff404c12e1279830a0f
ContinuumGeometric.mem_gridBoundaryBad_iff,theorem,public,ContinuumGeometric.RoutingStableMeasure,project/ContinuumGeometric/RoutingStableMeasure.lean,23,317e3a6bb3ebe8d61ebd17e9bc5708ccbcef7447ffc57ff404c12e1279830a0f
ContinuumGeometric.gridBoundaryBad_eq_iUnion,theorem,public,ContinuumGeometric.RoutingStableMeasure,project/ContinuumGeometric/RoutingStableMeasure.lean,30,317e3a6bb3ebe8d61ebd17e9bc5708ccbcef7447ffc57ff404c12e1279830a0f
ContinuumGeometric.gridBoundary_div_decomposition,theorem,public,ContinuumGeometric.RoutingStableMeasure,project/ContinuumGeometric/RoutingStableMeasure.lean,35,317e3a6bb3ebe8d61ebd17e9bc5708ccbcef7447ffc57ff404c12e1279830a0f
ContinuumGeometric.gridBoundaryBad_eq_integerPeriodization,theorem,public,ContinuumGeometric.RoutingStableMeasure,project/ContinuumGeometric/RoutingStableMeasure.lean,48,317e3a6bb3ebe8d61ebd17e9bc5708ccbcef7447ffc57ff404c12e1279830a0f
ContinuumGeometric.measurableSet_gridBoundaryBad,theorem,public,ContinuumGeometric.RoutingStableMeasure,project/ContinuumGeometric/RoutingStableMeasure.lean,72,317e3a6bb3ebe8d61ebd17e9bc5708ccbcef7447ffc57ff404c12e1279830a0f
ContinuumGeometric.onePeriodic_gridBoundaryBad,theorem,public,ContinuumGeometric.RoutingStableMeasure,project/ContinuumGeometric/RoutingStableMeasure.lean,77,317e3a6bb3ebe8d61ebd17e9bc5708ccbcef7447ffc57ff404c12e1279830a0f
ContinuumGeometric.gridBoundaryStable_eq_compl,theorem,public,ContinuumGeometric.RoutingStableMeasure,project/ContinuumGeometric/RoutingStableMeasure.lean,82,317e3a6bb3ebe8d61ebd17e9bc5708ccbcef7447ffc57ff404c12e1279830a0f
ContinuumGeometric.measurableSet_gridBoundaryStable,theorem,public,ContinuumGeometric.RoutingStableMeasure,project/ContinuumGeometric/RoutingStableMeasure.lean,87,317e3a6bb3ebe8d61ebd17e9bc5708ccbcef7447ffc57ff404c12e1279830a0f
ContinuumGeometric.onePeriodic_gridBoundaryStable,theorem,public,ContinuumGeometric.RoutingStableMeasure,project/ContinuumGeometric/RoutingStableMeasure.lean,92,317e3a6bb3ebe8d61ebd17e9bc5708ccbcef7447ffc57ff404c12e1279830a0f
ContinuumGeometric.unitDensity_gridBoundaryBad_le,theorem,public,ContinuumGeometric.RoutingStableMeasure,project/ContinuumGeometric/RoutingStableMeasure.lean,99,317e3a6bb3ebe8d61ebd17e9bc5708ccbcef7447ffc57ff404c12e1279830a0f
ContinuumGeometric.unitDensity_iUnion_gridBoundaryBad_le,theorem,public,ContinuumGeometric.RoutingStableMeasure,project/ContinuumGeometric/RoutingStableMeasure.lean,113,317e3a6bb3ebe8d61ebd17e9bc5708ccbcef7447ffc57ff404c12e1279830a0f
ContinuumGeometric.stableDyadicRadius,def,public,ContinuumGeometric.RoutingStableMeasure,project/ContinuumGeometric/RoutingStableMeasure.lean,126,317e3a6bb3ebe8d61ebd17e9bc5708ccbcef7447ffc57ff404c12e1279830a0f
ContinuumGeometric.dyadic_gridBoundary_cost,theorem,public,ContinuumGeometric.RoutingStableMeasure,project/ContinuumGeometric/RoutingStableMeasure.lean,130,317e3a6bb3ebe8d61ebd17e9bc5708ccbcef7447ffc57ff404c12e1279830a0f
ContinuumGeometric.unitDensity_dyadic_gridBoundaryBad_le,theorem,public,ContinuumGeometric.RoutingStableMeasure,project/ContinuumGeometric/RoutingStableMeasure.lean,139,317e3a6bb3ebe8d61ebd17e9bc5708ccbcef7447ffc57ff404c12e1279830a0f
ContinuumGeometric.routingStableCenters,def,public,ContinuumGeometric.RoutingStableMeasure,project/ContinuumGeometric/RoutingStableMeasure.lean,145,317e3a6bb3ebe8d61ebd17e9bc5708ccbcef7447ffc57ff404c12e1279830a0f
ContinuumGeometric.routingUnstableCenters,def,public,ContinuumGeometric.RoutingStableMeasure,project/ContinuumGeometric/RoutingStableMeasure.lean,148,317e3a6bb3ebe8d61ebd17e9bc5708ccbcef7447ffc57ff404c12e1279830a0f
ContinuumGeometric.routingStableCenters_eq_compl,theorem,public,ContinuumGeometric.RoutingStableMeasure,project/ContinuumGeometric/RoutingStableMeasure.lean,151,317e3a6bb3ebe8d61ebd17e9bc5708ccbcef7447ffc57ff404c12e1279830a0f
ContinuumGeometric.measurableSet_routingUnstableCenters,theorem,public,ContinuumGeometric.RoutingStableMeasure,project/ContinuumGeometric/RoutingStableMeasure.lean,157,317e3a6bb3ebe8d61ebd17e9bc5708ccbcef7447ffc57ff404c12e1279830a0f
ContinuumGeometric.onePeriodic_routingUnstableCenters,theorem,public,ContinuumGeometric.RoutingStableMeasure,project/ContinuumGeometric/RoutingStableMeasure.lean,161,317e3a6bb3ebe8d61ebd17e9bc5708ccbcef7447ffc57ff404c12e1279830a0f
ContinuumGeometric.measurableSet_routingStableCenters,theorem,public,ContinuumGeometric.RoutingStableMeasure,project/ContinuumGeometric/RoutingStableMeasure.lean,168,317e3a6bb3ebe8d61ebd17e9bc5708ccbcef7447ffc57ff404c12e1279830a0f
ContinuumGeometric.onePeriodic_routingStableCenters,theorem,public,ContinuumGeometric.RoutingStableMeasure,project/ContinuumGeometric/RoutingStableMeasure.lean,173,317e3a6bb3ebe8d61ebd17e9bc5708ccbcef7447ffc57ff404c12e1279830a0f
ContinuumGeometric.unitDensity_routingUnstableCenters_le,theorem,public,ContinuumGeometric.RoutingStableMeasure,project/ContinuumGeometric/RoutingStableMeasure.lean,181,317e3a6bb3ebe8d61ebd17e9bc5708ccbcef7447ffc57ff404c12e1279830a0f
ContinuumGeometric.unitDensity_routingStable_compl_le,theorem,public,ContinuumGeometric.RoutingStableMeasure,project/ContinuumGeometric/RoutingStableMeasure.lean,193,317e3a6bb3ebe8d61ebd17e9bc5708ccbcef7447ffc57ff404c12e1279830a0f
ContinuumGeometric.actual_missed_center_forces_vertex_miss,theorem,public,ContinuumGeometric.RoutingStableProbability,project/ContinuumGeometric/RoutingStableProbability.lean,15,4b88b8d3eaa582b3f5a458bd8e1f6be5fa027256f926bbd55fa04d98d3c0171d
ContinuumGeometric.actual_stable_bad_density_le,theorem,public,ContinuumGeometric.RoutingStableProbability,project/ContinuumGeometric/RoutingStableProbability.lean,59,4b88b8d3eaa582b3f5a458bd8e1f6be5fa027256f926bbd55fa04d98d3c0171d
ContinuumGeometric.tableProbability_two_event_cover,theorem,public,ContinuumGeometric.RoutingStableProbability,project/ContinuumGeometric/RoutingStableProbability.lean,67,4b88b8d3eaa582b3f5a458bd8e1f6be5fa027256f926bbd55fa04d98d3c0171d
ContinuumGeometric.tableProbability_false,theorem,public,ContinuumGeometric.RoutingStableProbability,project/ContinuumGeometric/RoutingStableProbability.lean,80,4b88b8d3eaa582b3f5a458bd8e1f6be5fa027256f926bbd55fa04d98d3c0171d
ContinuumGeometric.actual_stable_missed_center_probability_le,theorem,public,ContinuumGeometric.RoutingStableProbability,project/ContinuumGeometric/RoutingStableProbability.lean,88,4b88b8d3eaa582b3f5a458bd8e1f6be5fa027256f926bbd55fa04d98d3c0171d
ContinuumGeometric.InternalNode,abbrev,public,ContinuumGeometric.RoutingTemplate,project/ContinuumGeometric/RoutingTemplate.lean,11,8d6e31240dfb28375d6fad2e0ce55df1f2a0ad56e48f243df43b40ecc15f5251
ContinuumGeometric.RoutingEdge,abbrev,public,ContinuumGeometric.RoutingTemplate,project/ContinuumGeometric/RoutingTemplate.lean,12,8d6e31240dfb28375d6fad2e0ce55df1f2a0ad56e48f243df43b40ecc15f5251
ContinuumGeometric.SelectorEdge,abbrev,public,ContinuumGeometric.RoutingTemplate,project/ContinuumGeometric/RoutingTemplate.lean,13,8d6e31240dfb28375d6fad2e0ce55df1f2a0ad56e48f243df43b40ecc15f5251
ContinuumGeometric.RoutingLeaf,abbrev,public,ContinuumGeometric.RoutingTemplate,project/ContinuumGeometric/RoutingTemplate.lean,14,8d6e31240dfb28375d6fad2e0ce55df1f2a0ad56e48f243df43b40ecc15f5251
ContinuumGeometric.RoutingTemplate,structure,public,ContinuumGeometric.RoutingTemplate,project/ContinuumGeometric/RoutingTemplate.lean,16,8d6e31240dfb28375d6fad2e0ce55df1f2a0ad56e48f243df43b40ecc15f5251
ContinuumGeometric.RoutingTemplate.span,def,public,ContinuumGeometric.RoutingTemplate,project/ContinuumGeometric/RoutingTemplate.lean,24,8d6e31240dfb28375d6fad2e0ce55df1f2a0ad56e48f243df43b40ecc15f5251
ContinuumGeometric.RoutingTemplate.lengthAt,def,public,ContinuumGeometric.RoutingTemplate,project/ContinuumGeometric/RoutingTemplate.lean,28,8d6e31240dfb28375d6fad2e0ce55df1f2a0ad56e48f243df43b40ecc15f5251
ContinuumGeometric.RoutingTemplate.blockSpan,def,public,ContinuumGeometric.RoutingTemplate,project/ContinuumGeometric/RoutingTemplate.lean,32,8d6e31240dfb28375d6fad2e0ce55df1f2a0ad56e48f243df43b40ecc15f5251
ContinuumGeometric.RoutingTemplate.span_succ,theorem,public,ContinuumGeometric.RoutingTemplate,project/ContinuumGeometric/RoutingTemplate.lean,43,8d6e31240dfb28375d6fad2e0ce55df1f2a0ad56e48f243df43b40ecc15f5251
ContinuumGeometric.RoutingTemplate.blockSpan_succ_succ,theorem,public,ContinuumGeometric.RoutingTemplate,project/ContinuumGeometric/RoutingTemplate.lean,50,8d6e31240dfb28375d6fad2e0ce55df1f2a0ad56e48f243df43b40ecc15f5251
ContinuumGeometric.RoutingTemplate.blockSpan_le_twice_length,theorem,public,ContinuumGeometric.RoutingTemplate,project/ContinuumGeometric/RoutingTemplate.lean,56,8d6e31240dfb28375d6fad2e0ce55df1f2a0ad56e48f243df43b40ecc15f5251
ContinuumGeometric.RoutingTemplate.span_base_le,theorem,public,ContinuumGeometric.RoutingTemplate,project/ContinuumGeometric/RoutingTemplate.lean,61,8d6e31240dfb28375d6fad2e0ce55df1f2a0ad56e48f243df43b40ecc15f5251
ContinuumGeometric.RoutingTemplate.base_le_length,theorem,public,ContinuumGeometric.RoutingTemplate,project/ContinuumGeometric/RoutingTemplate.lean,69,8d6e31240dfb28375d6fad2e0ce55df1f2a0ad56e48f243df43b40ecc15f5251
ContinuumGeometric.RoutingTemplate.length_positive,theorem,public,ContinuumGeometric.RoutingTemplate,project/ContinuumGeometric/RoutingTemplate.lean,79,8d6e31240dfb28375d6fad2e0ce55df1f2a0ad56e48f243df43b40ecc15f5251
ContinuumGeometric.RoutingTemplate.subtreeStart,def,public,ContinuumGeometric.RoutingTemplate,project/ContinuumGeometric/RoutingTemplate.lean,83,8d6e31240dfb28375d6fad2e0ce55df1f2a0ad56e48f243df43b40ecc15f5251
ContinuumGeometric.RoutingTemplate.nodeStart,def,public,ContinuumGeometric.RoutingTemplate,project/ContinuumGeometric/RoutingTemplate.lean,89,8d6e31240dfb28375d6fad2e0ce55df1f2a0ad56e48f243df43b40ecc15f5251
ContinuumGeometric.RoutingTemplate.edgeStart,def,public,ContinuumGeometric.RoutingTemplate,project/ContinuumGeometric/RoutingTemplate.lean,92,8d6e31240dfb28375d6fad2e0ce55df1f2a0ad56e48f243df43b40ecc15f5251
ContinuumGeometric.RoutingTemplate.edgeLength,def,public,ContinuumGeometric.RoutingTemplate,project/ContinuumGeometric/RoutingTemplate.lean,95,8d6e31240dfb28375d6fad2e0ce55df1f2a0ad56e48f243df43b40ecc15f5251
ContinuumGeometric.RoutingTemplate.edgeEnd,def,public,ContinuumGeometric.RoutingTemplate,project/ContinuumGeometric/RoutingTemplate.lean,98,8d6e31240dfb28375d6fad2e0ce55df1f2a0ad56e48f243df43b40ecc15f5251
ContinuumGeometric.RoutingTemplate.edgeStar,def,public,ContinuumGeometric.RoutingTemplate,project/ContinuumGeometric/RoutingTemplate.lean,101,8d6e31240dfb28375d6fad2e0ce55df1f2a0ad56e48f243df43b40ecc15f5251
ContinuumGeometric.RoutingTemplate.selectorRoutingEdge,def,public,ContinuumGeometric.RoutingTemplate,project/ContinuumGeometric/RoutingTemplate.lean,104,8d6e31240dfb28375d6fad2e0ce55df1f2a0ad56e48f243df43b40ecc15f5251
ContinuumGeometric.RoutingTemplate.selectorEnd,def,public,ContinuumGeometric.RoutingTemplate,project/ContinuumGeometric/RoutingTemplate.lean,107,8d6e31240dfb28375d6fad2e0ce55df1f2a0ad56e48f243df43b40ecc15f5251
ContinuumGeometric.RoutingTemplate.leafIncomingEdge,def,public,ContinuumGeometric.RoutingTemplate,project/ContinuumGeometric/RoutingTemplate.lean,110,8d6e31240dfb28375d6fad2e0ce55df1f2a0ad56e48f243df43b40ecc15f5251
ContinuumGeometric.RoutingTemplate.incomingEnd,def,public,ContinuumGeometric.RoutingTemplate,project/ContinuumGeometric/RoutingTemplate.lean,115,8d6e31240dfb28375d6fad2e0ce55df1f2a0ad56e48f243df43b40ecc15f5251
ContinuumGeometric.RoutingTemplate.leafEnd,def,public,ContinuumGeometric.RoutingTemplate,project/ContinuumGeometric/RoutingTemplate.lean,122,8d6e31240dfb28375d6fad2e0ce55df1f2a0ad56e48f243df43b40ecc15f5251
ContinuumGeometric.RoutingTemplate.edge_span_bound,theorem,public,ContinuumGeometric.RoutingTemplate,project/ContinuumGeometric/RoutingTemplate.lean,126,8d6e31240dfb28375d6fad2e0ce55df1f2a0ad56e48f243df43b40ecc15f5251
ContinuumGeometric.RoutingTemplate.sibling_starts,theorem,public,ContinuumGeometric.RoutingTemplate,project/ContinuumGeometric/RoutingTemplate.lean,140,8d6e31240dfb28375d6fad2e0ce55df1f2a0ad56e48f243df43b40ecc15f5251
ContinuumGeometric.RoutingTemplate.lengthCoefficient,def,public,ContinuumGeometric.RoutingTemplate,project/ContinuumGeometric/RoutingTemplate.lean,154,8d6e31240dfb28375d6fad2e0ce55df1f2a0ad56e48f243df43b40ecc15f5251
ContinuumGeometric.RoutingTemplate.gapCoefficient,def,public,ContinuumGeometric.RoutingTemplate,project/ContinuumGeometric/RoutingTemplate.lean,158,8d6e31240dfb28375d6fad2e0ce55df1f2a0ad56e48f243df43b40ecc15f5251
ContinuumGeometric.RoutingTemplate.span_affine,theorem,public,ContinuumGeometric.RoutingTemplate,project/ContinuumGeometric/RoutingTemplate.lean,163,8d6e31240dfb28375d6fad2e0ce55df1f2a0ad56e48f243df43b40ecc15f5251
ContinuumGeometric.RoutingTemplate.total_span_affine,theorem,public,ContinuumGeometric.RoutingTemplate,project/ContinuumGeometric/RoutingTemplate.lean,173,8d6e31240dfb28375d6fad2e0ce55df1f2a0ad56e48f243df43b40ecc15f5251
ContinuumGeometric.SelectorAddress,abbrev,public,ContinuumGeometric.RoutingTemplate,project/ContinuumGeometric/RoutingTemplate.lean,181,8d6e31240dfb28375d6fad2e0ce55df1f2a0ad56e48f243df43b40ecc15f5251
ContinuumGeometric.TerminalAddress,abbrev,public,ContinuumGeometric.RoutingTemplate,project/ContinuumGeometric/RoutingTemplate.lean,184,8d6e31240dfb28375d6fad2e0ce55df1f2a0ad56e48f243df43b40ecc15f5251
ContinuumGeometric.RoutingTemplate.subtreeStart_ge,theorem,public,ContinuumGeometric.RoutingTreeBounds,project/ContinuumGeometric/RoutingTreeBounds.lean,6,bcbc8e5c378180bfeb521833482ec85f24aed5cb7173f00b6dd557dc24b90262
ContinuumGeometric.RoutingTemplate.subtreeStart_append,theorem,public,ContinuumGeometric.RoutingTreeBounds,project/ContinuumGeometric/RoutingTreeBounds.lean,14,bcbc8e5c378180bfeb521833482ec85f24aed5cb7173f00b6dd557dc24b90262
ContinuumGeometric.RoutingTemplate.incomingEnd_append,theorem,public,ContinuumGeometric.RoutingTreeBounds,project/ContinuumGeometric/RoutingTreeBounds.lean,25,bcbc8e5c378180bfeb521833482ec85f24aed5cb7173f00b6dd557dc24b90262
ContinuumGeometric.RoutingTemplate.blockSpan_positive,theorem,public,ContinuumGeometric.RoutingTreeBounds,project/ContinuumGeometric/RoutingTreeBounds.lean,38,bcbc8e5c378180bfeb521833482ec85f24aed5cb7173f00b6dd557dc24b90262
ContinuumGeometric.RoutingTemplate.length_le_blockSpan,theorem,public,ContinuumGeometric.RoutingTreeBounds,project/ContinuumGeometric/RoutingTreeBounds.lean,47,bcbc8e5c378180bfeb521833482ec85f24aed5cb7173f00b6dd557dc24b90262
ContinuumGeometric.RoutingTemplate.child_block_within_span,theorem,public,ContinuumGeometric.RoutingTreeBounds,project/ContinuumGeometric/RoutingTreeBounds.lean,52,bcbc8e5c378180bfeb521833482ec85f24aed5cb7173f00b6dd557dc24b90262
ContinuumGeometric.RoutingTemplate.incomingEnd_bounds,theorem,public,ContinuumGeometric.RoutingTreeBounds,project/ContinuumGeometric/RoutingTreeBounds.lean,63,bcbc8e5c378180bfeb521833482ec85f24aed5cb7173f00b6dd557dc24b90262
ContinuumGeometric.RoutingTemplate.incomingEnd_of_edge,theorem,public,ContinuumGeometric.RoutingTreeBounds,project/ContinuumGeometric/RoutingTreeBounds.lean,95,bcbc8e5c378180bfeb521833482ec85f24aed5cb7173f00b6dd557dc24b90262
ContinuumGeometric.RoutingTemplate.edgeEnd_within_total,theorem,public,ContinuumGeometric.RoutingTreeBounds,project/ContinuumGeometric/RoutingTreeBounds.lean,102,bcbc8e5c378180bfeb521833482ec85f24aed5cb7173f00b6dd557dc24b90262
ContinuumGeometric.RoutingTemplate.nodeStart_ge_origin,theorem,public,ContinuumGeometric.RoutingTreeBounds,project/ContinuumGeometric/RoutingTreeBounds.lean,111,bcbc8e5c378180bfeb521833482ec85f24aed5cb7173f00b6dd557dc24b90262
ContinuumGeometric.RoutingTemplate.edgeStart_ge_origin,theorem,public,ContinuumGeometric.RoutingTreeBounds,project/ContinuumGeometric/RoutingTreeBounds.lean,114,bcbc8e5c378180bfeb521833482ec85f24aed5cb7173f00b6dd557dc24b90262
ContinuumGeometric.RoutingTemplate.descendant_incomingEnd_bounds,theorem,public,ContinuumGeometric.RoutingTreeBounds,project/ContinuumGeometric/RoutingTreeBounds.lean,118,bcbc8e5c378180bfeb521833482ec85f24aed5cb7173f00b6dd557dc24b90262
ContinuumGeometric.localRouteLeaf_grid_bounds,theorem,public,ContinuumGeometric.RoutingTreeBounds,project/ContinuumGeometric/RoutingTreeBounds.lean,155,bcbc8e5c378180bfeb521833482ec85f24aed5cb7173f00b6dd557dc24b90262
ContinuumGeometric.descendant_selectorEnd_le_star,theorem,public,ContinuumGeometric.RoutingTreeBounds,project/ContinuumGeometric/RoutingTreeBounds.lean,171,bcbc8e5c378180bfeb521833482ec85f24aed5cb7173f00b6dd557dc24b90262
ContinuumGeometric.selectorEnd_global_bound,theorem,public,ContinuumGeometric.RoutingTreeBounds,project/ContinuumGeometric/RoutingTreeBounds.lean,197,bcbc8e5c378180bfeb521833482ec85f24aed5cb7173f00b6dd557dc24b90262
ContinuumGeometric.leafEnd_global_bound,theorem,public,ContinuumGeometric.RoutingTreeBounds,project/ContinuumGeometric/RoutingTreeBounds.lean,202,bcbc8e5c378180bfeb521833482ec85f24aed5cb7173f00b6dd557dc24b90262
ContinuumGeometric.leafEnd_eq_incoming_edge,theorem,public,ContinuumGeometric.RoutingTreeBounds,project/ContinuumGeometric/RoutingTreeBounds.lean,209,bcbc8e5c378180bfeb521833482ec85f24aed5cb7173f00b6dd557dc24b90262
ContinuumGeometric.compact_shifted_original_activation,theorem,public,ContinuumGeometric.ShiftedActivation,project/ContinuumGeometric/ShiftedActivation.lean,11,4523b9eb88e1ad1934658bc46e137b85bda10bcddf50be0f8423bd58199ba4c7
ContinuumGeometric.oldPatterns,def,public,ContinuumGeometric.SignFiberCount,project/ContinuumGeometric/SignFiberCount.lean,9,722ee810575bc17165c041b0e61bf5ff3076f7fab78f7af6466c5f7e8f8e97b3
ContinuumGeometric.zeroPatterns,def,public,ContinuumGeometric.SignFiberCount,project/ContinuumGeometric/SignFiberCount.lean,13,722ee810575bc17165c041b0e61bf5ff3076f7fab78f7af6466c5f7e8f8e97b3
ContinuumGeometric.fiber_card_le,theorem,private,ContinuumGeometric.SignFiberCount,project/ContinuumGeometric/SignFiberCount.lean,28,722ee810575bc17165c041b0e61bf5ff3076f7fab78f7af6466c5f7e8f8e97b3
ContinuumGeometric.card_le_oldPatterns_add_two_zeroPatterns,theorem,public,ContinuumGeometric.SignFiberCount,project/ContinuumGeometric/SignFiberCount.lean,74,722ee810575bc17165c041b0e61bf5ff3076f7fab78f7af6466c5f7e8f8e97b3
ContinuumGeometric.card_le_image_add_two_zero_image,theorem,public,ContinuumGeometric.SignFiberCount,project/ContinuumGeometric/SignFiberCount.lean,100,722ee810575bc17165c041b0e61bf5ff3076f7fab78f7af6466c5f7e8f8e97b3
ContinuumGeometric.card_le_of_old_and_zero_bounds,theorem,public,ContinuumGeometric.SignFiberCount,project/ContinuumGeometric/SignFiberCount.lean,109,722ee810575bc17165c041b0e61bf5ff3076f7fab78f7af6466c5f7e8f8e97b3
ContinuumGeometric.AvoidsGeometricTails,def,public,ContinuumGeometric.Target,project/ContinuumGeometric/Target.lean,13,5ac9c8a13941c709116fca8cc31a56ae9c1a5c85de9eabdd4d868d3a5358af55
ContinuumGeometric.MainTarget,def,public,ContinuumGeometric.Target,project/ContinuumGeometric/Target.lean,18,5ac9c8a13941c709116fca8cc31a56ae9c1a5c85de9eabdd4d868d3a5358af55
ContinuumGeometric.zero_error_buffer_budget,theorem,public,ContinuumGeometric.ZeroErrorBuffer,project/ContinuumGeometric/ZeroErrorBuffer.lean,11,c94be450574234868c56961afb1ebc43d0e88ae8377c64e79fb74ee87abd05f8
ContinuumGeometric.double_open_buffers,theorem,public,ContinuumGeometric.ZeroErrorBuffer,project/ContinuumGeometric/ZeroErrorBuffer.lean,21,c94be450574234868c56961afb1ebc43d0e88ae8377c64e79fb74ee87abd05f8
ContinuumGeometric.double_buffer_contains_perturbation,theorem,public,ContinuumGeometric.ZeroErrorBuffer,project/ContinuumGeometric/ZeroErrorBuffer.lean,29,c94be450574234868c56961afb1ebc43d0e88ae8377c64e79fb74ee87abd05f8
ContinuumRemainder.sequence_span_bounds,theorem,public,ContinuumRemainder.Counting,project/ContinuumRemainder/Counting.lean,13,b5fcc35d32cecd9318bad1cb4029bdf9572400aecd446998520386d1e290d83a
ContinuumRemainder.open_window_count_bounds,theorem,public,ContinuumRemainder.Counting,project/ContinuumRemainder/Counting.lean,28,b5fcc35d32cecd9318bad1cb4029bdf9572400aecd446998520386d1e290d83a
ContinuumRemainder.SampledLogConfiguration.output,def,public,ContinuumRemainder.Counting,project/ContinuumRemainder/Counting.lean,100,b5fcc35d32cecd9318bad1cb4029bdf9572400aecd446998520386d1e290d83a
ContinuumRemainder.SampledLogConfiguration.output_gap_bounds,theorem,public,ContinuumRemainder.Counting,project/ContinuumRemainder/Counting.lean,103,b5fcc35d32cecd9318bad1cb4029bdf9572400aecd446998520386d1e290d83a
ContinuumRemainder.SampledLogConfiguration.output_linear_lower,theorem,public,ContinuumRemainder.Counting,project/ContinuumRemainder/Counting.lean,118,b5fcc35d32cecd9318bad1cb4029bdf9572400aecd446998520386d1e290d83a
ContinuumRemainder.SampledLogConfiguration.output_strictMono,theorem,public,ContinuumRemainder.Counting,project/ContinuumRemainder/Counting.lean,129,b5fcc35d32cecd9318bad1cb4029bdf9572400aecd446998520386d1e290d83a
ContinuumRemainder.SampledLogConfiguration.output_tendsto,theorem,public,ContinuumRemainder.Counting,project/ContinuumRemainder/Counting.lean,137,b5fcc35d32cecd9318bad1cb4029bdf9572400aecd446998520386d1e290d83a
ContinuumRemainder.SampledLogConfiguration.active_label_lt_budget,theorem,public,ContinuumRemainder.Counting,project/ContinuumRemainder/Counting.lean,147,b5fcc35d32cecd9318bad1cb4029bdf9572400aecd446998520386d1e290d83a
ContinuumRemainder.SampledLogConfiguration.activeLabels,def,public,ContinuumRemainder.Counting,project/ContinuumRemainder/Counting.lean,159,b5fcc35d32cecd9318bad1cb4029bdf9572400aecd446998520386d1e290d83a
ContinuumRemainder.SampledLogConfiguration.mem_activeLabels_iff,theorem,public,ContinuumRemainder.Counting,project/ContinuumRemainder/Counting.lean,165,b5fcc35d32cecd9318bad1cb4029bdf9572400aecd446998520386d1e290d83a
ContinuumRemainder.SampledLogConfiguration.activeLabels_count_bounds,theorem,public,ContinuumRemainder.Counting,project/ContinuumRemainder/Counting.lean,174,b5fcc35d32cecd9318bad1cb4029bdf9572400aecd446998520386d1e290d83a
ContinuumRemainder.SampledLogConfiguration.a_eq_logInput,theorem,public,ContinuumRemainder.Counting,project/ContinuumRemainder/Counting.lean,199,b5fcc35d32cecd9318bad1cb4029bdf9572400aecd446998520386d1e290d83a
ContinuumRemainder.SampledLogConfiguration.mem_activeLabels_iff_logActivation,theorem,public,ContinuumRemainder.Counting,project/ContinuumRemainder/Counting.lean,202,b5fcc35d32cecd9318bad1cb4029bdf9572400aecd446998520386d1e290d83a
ContinuumRemainder.SampledLogConfiguration.output_gap_of_lt,theorem,public,ContinuumRemainder.Counting,project/ContinuumRemainder/Counting.lean,209,b5fcc35d32cecd9318bad1cb4029bdf9572400aecd446998520386d1e290d83a
ContinuumRemainder.SampledLogConfiguration.active_z_bounds,theorem,public,ContinuumRemainder.Counting,project/ContinuumRemainder/Counting.lean,220,b5fcc35d32cecd9318bad1cb4029bdf9572400aecd446998520386d1e290d83a
ContinuumRemainder.SampledLogConfiguration.potentialPairs,def,public,ContinuumRemainder.Counting,project/ContinuumRemainder/Counting.lean,235,b5fcc35d32cecd9318bad1cb4029bdf9572400aecd446998520386d1e290d83a
ContinuumRemainder.SampledLogConfiguration.mem_potentialPairs_iff,theorem,public,ContinuumRemainder.Counting,project/ContinuumRemainder/Counting.lean,243,b5fcc35d32cecd9318bad1cb4029bdf9572400aecd446998520386d1e290d83a
ContinuumRemainder.SampledLogConfiguration.potentialPairs_card_le,theorem,public,ContinuumRemainder.Counting,project/ContinuumRemainder/Counting.lean,252,b5fcc35d32cecd9318bad1cb4029bdf9572400aecd446998520386d1e290d83a
ContinuumRemainder.SampledLogConfiguration.mem_potentialPairs_exact,theorem,public,ContinuumRemainder.Counting,project/ContinuumRemainder/Counting.lean,258,b5fcc35d32cecd9318bad1cb4029bdf9572400aecd446998520386d1e290d83a
ContinuumRemainder.SampledLogConfiguration.activePairs,def,public,ContinuumRemainder.Counting,project/ContinuumRemainder/Counting.lean,271,b5fcc35d32cecd9318bad1cb4029bdf9572400aecd446998520386d1e290d83a
ContinuumRemainder.SampledLogConfiguration.activePairs_card,theorem,public,ContinuumRemainder.Counting,project/ContinuumRemainder/Counting.lean,278,b5fcc35d32cecd9318bad1cb4029bdf9572400aecd446998520386d1e290d83a
ContinuumRemainder.SampledLogConfiguration.mem_activePairs_iff,theorem,public,ContinuumRemainder.Counting,project/ContinuumRemainder/Counting.lean,294,b5fcc35d32cecd9318bad1cb4029bdf9572400aecd446998520386d1e290d83a
ContinuumRemainder.SampledLogConfiguration.activePairs_eq_potential_filter,theorem,public,ContinuumRemainder.Counting,project/ContinuumRemainder/Counting.lean,308,b5fcc35d32cecd9318bad1cb4029bdf9572400aecd446998520386d1e290d83a
ContinuumRemainder.SampledLogConfiguration.activePairs_count_bounds,theorem,public,ContinuumRemainder.Counting,project/ContinuumRemainder/Counting.lean,320,b5fcc35d32cecd9318bad1cb4029bdf9572400aecd446998520386d1e290d83a
ContinuumRemainder.SampledLogConfiguration.potentialPairs_active_count,theorem,public,ContinuumRemainder.Counting,project/ContinuumRemainder/Counting.lean,342,b5fcc35d32cecd9318bad1cb4029bdf9572400aecd446998520386d1e290d83a
ContinuumRemainder.positive_power_small,theorem,public,ContinuumRemainder.DistinctMisses,project/ContinuumRemainder/DistinctMisses.lean,13,008a7784505ca91390668a443eb931441f4b15139f709b401f2d732e04f0a090
ContinuumRemainder.powerRemainder_two_sided,theorem,public,ContinuumRemainder.DistinctMisses,project/ContinuumRemainder/DistinctMisses.lean,26,008a7784505ca91390668a443eb931441f4b15139f709b401f2d732e04f0a090
ContinuumRemainder.infinite_of_arbitrarily_close_ne,theorem,public,ContinuumRemainder.DistinctMisses,project/ContinuumRemainder/DistinctMisses.lean,60,008a7784505ca91390668a443eb931441f4b15139f709b401f2d732e04f0a090
ContinuumRemainder.infinite_tailValuesOutside_of_hits,theorem,public,ContinuumRemainder.DistinctMisses,project/ContinuumRemainder/DistinctMisses.lean,75,008a7784505ca91390668a443eb931441f4b15139f709b401f2d732e04f0a090
ContinuumRemainder.PositiveTail,abbrev,public,ContinuumRemainder.DistinctMisses,project/ContinuumRemainder/DistinctMisses.lean,101,008a7784505ca91390668a443eb931441f4b15139f709b401f2d732e04f0a090
ContinuumRemainder.totalTailExtension,def,public,ContinuumRemainder.DistinctMisses,project/ContinuumRemainder/DistinctMisses.lean,105,008a7784505ca91390668a443eb931441f4b15139f709b401f2d732e04f0a090
ContinuumRemainder.powerRemainderOn_totalTailExtension,theorem,public,ContinuumRemainder.DistinctMisses,project/ContinuumRemainder/DistinctMisses.lean,118,008a7784505ca91390668a443eb931441f4b15139f709b401f2d732e04f0a090
ContinuumRemainder.tailValuesOutside_totalTailExtension,theorem,public,ContinuumRemainder.DistinctMisses,project/ContinuumRemainder/DistinctMisses.lean,131,008a7784505ca91390668a443eb931441f4b15139f709b401f2d732e04f0a090
ContinuumRemainder.errorRadius,def,public,ContinuumRemainder.ErrorDomination,project/ContinuumRemainder/ErrorDomination.lean,11,13d0e8c3816a5c40aa1862490986ac05ff80b2f79d7e7c50b9fca095b01e1e94
ContinuumRemainder.errorRadius_pos,theorem,public,ContinuumRemainder.ErrorDomination,project/ContinuumRemainder/ErrorDomination.lean,15,13d0e8c3816a5c40aa1862490986ac05ff80b2f79d7e7c50b9fca095b01e1e94
ContinuumRemainder.active_log_lower,theorem,public,ContinuumRemainder.ErrorDomination,project/ContinuumRemainder/ErrorDomination.lean,21,13d0e8c3816a5c40aa1862490986ac05ff80b2f79d7e7c50b9fca095b01e1e94
ContinuumRemainder.active_power_error_lt_radius,theorem,public,ContinuumRemainder.ErrorDomination,project/ContinuumRemainder/ErrorDomination.lean,33,13d0e8c3816a5c40aa1862490986ac05ff80b2f79d7e7c50b9fca095b01e1e94
ContinuumRemainder.active_power_error_le_radius,theorem,public,ContinuumRemainder.ErrorDomination,project/ContinuumRemainder/ErrorDomination.lean,66,13d0e8c3816a5c40aa1862490986ac05ff80b2f79d7e7c50b9fca095b01e1e94
ContinuumRemainder.active_error_in_outer_buffer,theorem,public,ContinuumRemainder.ErrorDomination,project/ContinuumRemainder/ErrorDomination.lean,74,13d0e8c3816a5c40aa1862490986ac05ff80b2f79d7e7c50b9fca095b01e1e94
ContinuumRemainder.scheduledSpan,def,public,ContinuumRemainder.ErrorSchedule,project/ContinuumRemainder/ErrorSchedule.lean,16,e46f059b4c5a67613f39ea22de1677f31b3db90f623ec0b9a51a4c4872a67224
ContinuumRemainder.scheduledSpan_real_upper,theorem,public,ContinuumRemainder.ErrorSchedule,project/ContinuumRemainder/ErrorSchedule.lean,20,e46f059b4c5a67613f39ea22de1677f31b3db90f623ec0b9a51a4c4872a67224
ContinuumRemainder.scheduledSpan_isBigO_log,theorem,public,ContinuumRemainder.ErrorSchedule,project/ContinuumRemainder/ErrorSchedule.lean,35,e46f059b4c5a67613f39ea22de1677f31b3db90f623ec0b9a51a4c4872a67224
ContinuumRemainder.scheduledSpan_div_tendsto_zero,theorem,public,ContinuumRemainder.ErrorSchedule,project/ContinuumRemainder/ErrorSchedule.lean,69,e46f059b4c5a67613f39ea22de1677f31b3db90f623ec0b9a51a4c4872a67224
ContinuumRemainder.actual_buffer_cost_eq,theorem,public,ContinuumRemainder.ErrorSchedule,project/ContinuumRemainder/ErrorSchedule.lean,90,e46f059b4c5a67613f39ea22de1677f31b3db90f623ec0b9a51a4c4872a67224
ContinuumRemainder.sublinear_buffer_cost_tendsto_zero,theorem,public,ContinuumRemainder.ErrorSchedule,project/ContinuumRemainder/ErrorSchedule.lean,114,e46f059b4c5a67613f39ea22de1677f31b3db90f623ec0b9a51a4c4872a67224
ContinuumRemainder.scheduled_buffer_cost_tendsto_zero,theorem,public,ContinuumRemainder.ErrorSchedule,project/ContinuumRemainder/ErrorSchedule.lean,138,e46f059b4c5a67613f39ea22de1677f31b3db90f623ec0b9a51a4c4872a67224
ContinuumRemainder.exists_late_robust_schedule,theorem,public,ContinuumRemainder.ErrorSchedule,project/ContinuumRemainder/ErrorSchedule.lean,147,e46f059b4c5a67613f39ea22de1677f31b3db90f623ec0b9a51a4c4872a67224
ContinuumRemainder.RobustBlockerIndex,abbrev,public,ContinuumRemainder.Exhaustion,project/ContinuumRemainder/Exhaustion.lean,16,a3cc0bba82583bef5f9a79532cbd342fbbec554d8b5d841973df4377d3971f9c
ContinuumRemainder.exists_dyadic_tail,theorem,public,ContinuumRemainder.Exhaustion,project/ContinuumRemainder/Exhaustion.lean,21,a3cc0bba82583bef5f9a79532cbd342fbbec554d8b5d841973df4377d3971f9c
ContinuumRemainder.robustCompactBlockerSpec_open_exhaustion,theorem,public,ContinuumRemainder.Exhaustion,project/ContinuumRemainder/Exhaustion.lean,31,a3cc0bba82583bef5f9a79532cbd342fbbec554d8b5d841973df4377d3971f9c
ContinuumRemainder.robustCompactBlockerSpec_proved,theorem,public,ContinuumRemainder.FinalProof,project/ContinuumRemainder/FinalProof.lean,11,f54bc7886852aaf0a36a537556bbe92d193eb49944863f36f87bcd05c122f912
ContinuumRemainder.continuum_power_target,theorem,public,ContinuumRemainder.FinalProof,project/ContinuumRemainder/FinalProof.lean,37,f54bc7886852aaf0a36a537556bbe92d193eb49944863f36f87bcd05c122f912
ContinuumRemainder.compact_power_avoidance,theorem,public,ContinuumRemainder.FinalProof,project/ContinuumRemainder/FinalProof.lean,40,f54bc7886852aaf0a36a537556bbe92d193eb49944863f36f87bcd05c122f912
ContinuumRemainder.logInput,def,public,ContinuumRemainder.LogGeometry,project/ContinuumRemainder/LogGeometry.lean,8,6aa56bac33c49b78789a3df4ef67abbcd7b2cb31aa712e1214644814e4f4b376
ContinuumRemainder.logActivation,def,public,ContinuumRemainder.LogGeometry,project/ContinuumRemainder/LogGeometry.lean,10,6aa56bac33c49b78789a3df4ef67abbcd7b2cb31aa712e1214644814e4f4b376
ContinuumRemainder.logPoint,def,public,ContinuumRemainder.LogGeometry,project/ContinuumRemainder/LogGeometry.lean,13,6aa56bac33c49b78789a3df4ef67abbcd7b2cb31aa712e1214644814e4f4b376
ContinuumRemainder.logInput_pos,theorem,public,ContinuumRemainder.LogGeometry,project/ContinuumRemainder/LogGeometry.lean,17,6aa56bac33c49b78789a3df4ef67abbcd7b2cb31aa712e1214644814e4f4b376
ContinuumRemainder.continuous_logPoint,theorem,public,ContinuumRemainder.LogGeometry,project/ContinuumRemainder/LogGeometry.lean,20,6aa56bac33c49b78789a3df4ef67abbcd7b2cb31aa712e1214644814e4f4b376
ContinuumRemainder.isOpen_logActivation,theorem,public,ContinuumRemainder.LogGeometry,project/ContinuumRemainder/LogGeometry.lean,24,6aa56bac33c49b78789a3df4ef67abbcd7b2cb31aa712e1214644814e4f4b376
ContinuumRemainder.log_offset,theorem,public,ContinuumRemainder.LogGeometry,project/ContinuumRemainder/LogGeometry.lean,30,6aa56bac33c49b78789a3df4ef67abbcd7b2cb31aa712e1214644814e4f4b376
ContinuumRemainder.log_point_range,theorem,public,ContinuumRemainder.LogGeometry,project/ContinuumRemainder/LogGeometry.lean,39,6aa56bac33c49b78789a3df4ef67abbcd7b2cb31aa712e1214644814e4f4b376
ContinuumRemainder.log_offset_lower,theorem,public,ContinuumRemainder.LogGeometry,project/ContinuumRemainder/LogGeometry.lean,58,6aa56bac33c49b78789a3df4ef67abbcd7b2cb31aa712e1214644814e4f4b376
ContinuumRemainder.log_point_short,theorem,public,ContinuumRemainder.LogGeometry,project/ContinuumRemainder/LogGeometry.lean,67,6aa56bac33c49b78789a3df4ef67abbcd7b2cb31aa712e1214644814e4f4b376
ContinuumRemainder.log_gridAddress_ne_center,theorem,public,ContinuumRemainder.LogGeometry,project/ContinuumRemainder/LogGeometry.lean,78,6aa56bac33c49b78789a3df4ef67abbcd7b2cb31aa712e1214644814e4f4b376
ContinuumRemainder.log_offset_ratio,theorem,public,ContinuumRemainder.LogGeometry,project/ContinuumRemainder/LogGeometry.lean,90,6aa56bac33c49b78789a3df4ef67abbcd7b2cb31aa712e1214644814e4f4b376
ContinuumRemainder.log_gridAddress_ne_of_output_gap,theorem,public,ContinuumRemainder.LogGeometry,project/ContinuumRemainder/LogGeometry.lean,102,6aa56bac33c49b78789a3df4ef67abbcd7b2cb31aa712e1214644814e4f4b376
ContinuumRemainder.log_preceding_gridAddress_eq,theorem,public,ContinuumRemainder.LogGeometry,project/ContinuumRemainder/LogGeometry.lean,124,6aa56bac33c49b78789a3df4ef67abbcd7b2cb31aa712e1214644814e4f4b376
ContinuumRemainder.log_stable_earlier_address_agreement,theorem,public,ContinuumRemainder.LogGeometry,project/ContinuumRemainder/LogGeometry.lean,136,6aa56bac33c49b78789a3df4ef67abbcd7b2cb31aa712e1214644814e4f4b376
ContinuumRemainder.log_stable_local_success_mem_routedSet,theorem,public,ContinuumRemainder.LogGeometry,project/ContinuumRemainder/LogGeometry.lean,152,6aa56bac33c49b78789a3df4ef67abbcd7b2cb31aa712e1214644814e4f4b376
ContinuumRemainder.logLocalAllMiss,def,public,ContinuumRemainder.LogRouting,project/ContinuumRemainder/LogRouting.lean,10,c01bba8fcf66f362ea6e7a92f5626a7cf0bf1721d207ef28ef8474ab0bd1fd61
ContinuumRemainder.logLocalAllMiss_iff_of_logGridVector_eq,theorem,public,ContinuumRemainder.LogRouting,project/ContinuumRemainder/LogRouting.lean,24,c01bba8fcf66f362ea6e7a92f5626a7cf0bf1721d207ef28ef8474ab0bd1fd61
ContinuumRemainder.log_routing_local_representatives,theorem,public,ContinuumRemainder.LogRouting,project/ContinuumRemainder/LogRouting.lean,80,c01bba8fcf66f362ea6e7a92f5626a7cf0bf1721d207ef28ef8474ab0bd1fd61
ContinuumRemainder.log_local_address_separation,theorem,public,ContinuumRemainder.LogRouting,project/ContinuumRemainder/LogRouting.lean,108,c01bba8fcf66f362ea6e7a92f5626a7cf0bf1721d207ef28ef8474ab0bd1fd61
ContinuumRemainder.logActiveLocalCandidates,def,public,ContinuumRemainder.LogRoutingProbability,project/ContinuumRemainder/LogRoutingProbability.lean,10,c0e01a1d735c0d8c454ae89d015c16f7e5816f2bd6830f6fb0b04dbf61cf5579
ContinuumRemainder.logActiveLocalIndex,def,public,ContinuumRemainder.LogRoutingProbability,project/ContinuumRemainder/LogRoutingProbability.lean,18,c0e01a1d735c0d8c454ae89d015c16f7e5816f2bd6830f6fb0b04dbf61cf5579
ContinuumRemainder.logActiveLocalIndex_injective,theorem,public,ContinuumRemainder.LogRoutingProbability,project/ContinuumRemainder/LogRoutingProbability.lean,24,c0e01a1d735c0d8c454ae89d015c16f7e5816f2bd6830f6fb0b04dbf61cf5579
ContinuumRemainder.logActiveLocalIndex_active,theorem,public,ContinuumRemainder.LogRoutingProbability,project/ContinuumRemainder/LogRoutingProbability.lean,32,c0e01a1d735c0d8c454ae89d015c16f7e5816f2bd6830f6fb0b04dbf61cf5579
ContinuumRemainder.logLocalAllMiss_iff_active_tests,theorem,public,ContinuumRemainder.LogRoutingProbability,project/ContinuumRemainder/LogRoutingProbability.lean,46,c0e01a1d735c0d8c454ae89d015c16f7e5816f2bd6830f6fb0b04dbf61cf5579
ContinuumRemainder.log_fixed_parameter_joint_miss,theorem,public,ContinuumRemainder.LogRoutingProbability,project/ContinuumRemainder/LogRoutingProbability.lean,73,c0e01a1d735c0d8c454ae89d015c16f7e5816f2bd6830f6fb0b04dbf61cf5579
ContinuumRemainder.log_continuum_joint_miss_bound,theorem,public,ContinuumRemainder.LogRoutingProbability,project/ContinuumRemainder/LogRoutingProbability.lean,108,c0e01a1d735c0d8c454ae89d015c16f7e5816f2bd6830f6fb0b04dbf61cf5579
ContinuumRemainder.logLowerActivationCut,def,public,ContinuumRemainder.LogSignatures,project/ContinuumRemainder/LogSignatures.lean,7,c745a4da97850910825cbb9e8c6b465c2069db2dca46fd6d5f16efe566e11b66
ContinuumRemainder.logUpperActivationCut,def,public,ContinuumRemainder.LogSignatures,project/ContinuumRemainder/LogSignatures.lean,9,c745a4da97850910825cbb9e8c6b465c2069db2dca46fd6d5f16efe566e11b66
ContinuumRemainder.log_activation_cut_signs,theorem,public,ContinuumRemainder.LogSignatures,project/ContinuumRemainder/LogSignatures.lean,12,c745a4da97850910825cbb9e8c6b465c2069db2dca46fd6d5f16efe566e11b66
ContinuumRemainder.log_grid_boundary_sign,theorem,public,ContinuumRemainder.LogSignatures,project/ContinuumRemainder/LogSignatures.lean,22,c745a4da97850910825cbb9e8c6b465c2069db2dca46fd6d5f16efe566e11b66
ContinuumRemainder.log_grid_key_eq_of_log_signs,theorem,public,ContinuumRemainder.LogSignatures,project/ContinuumRemainder/LogSignatures.lean,32,c745a4da97850910825cbb9e8c6b465c2069db2dca46fd6d5f16efe566e11b66
ContinuumRemainder.logParameterCuts,def,public,ContinuumRemainder.LogSignatures,project/ContinuumRemainder/LogSignatures.lean,53,c745a4da97850910825cbb9e8c6b465c2069db2dca46fd6d5f16efe566e11b66
ContinuumRemainder.logParameterCuts_card_le,theorem,public,ContinuumRemainder.LogSignatures,project/ContinuumRemainder/LogSignatures.lean,62,c745a4da97850910825cbb9e8c6b465c2069db2dca46fd6d5f16efe566e11b66
ContinuumRemainder.logGridVector,def,public,ContinuumRemainder.LogSignatures,project/ContinuumRemainder/LogSignatures.lean,75,c745a4da97850910825cbb9e8c6b465c2069db2dca46fd6d5f16efe566e11b66
ContinuumRemainder.log_local_grid_representatives,theorem,public,ContinuumRemainder.LogSignatures,project/ContinuumRemainder/LogSignatures.lean,87,c745a4da97850910825cbb9e8c6b465c2069db2dca46fd6d5f16efe566e11b66
ContinuumRemainder.logParameterCuts_card_le_window_budget,theorem,public,ContinuumRemainder.LogSignatures,project/ContinuumRemainder/LogSignatures.lean,126,c745a4da97850910825cbb9e8c6b465c2069db2dca46fd6d5f16efe566e11b66
ContinuumRemainder.log_local_grid_representatives_uniform,theorem,public,ContinuumRemainder.LogSignatures,project/ContinuumRemainder/LogSignatures.lean,144,c745a4da97850910825cbb9e8c6b465c2069db2dca46fd6d5f16efe566e11b66
ContinuumRemainder.logParameterCuts_card_le_span,theorem,public,ContinuumRemainder.LogSignatures,project/ContinuumRemainder/LogSignatures.lean,160,c745a4da97850910825cbb9e8c6b465c2069db2dca46fd6d5f16efe566e11b66
ContinuumRemainder.log_representatives_entropy_bound,theorem,public,ContinuumRemainder.LogSignatures,project/ContinuumRemainder/LogSignatures.lean,178,c745a4da97850910825cbb9e8c6b465c2069db2dca46fd6d5f16efe566e11b66
ContinuumRemainder.onePeriodic_sampledMissedCenters,theorem,public,ContinuumRemainder.RobustAssembly,project/ContinuumRemainder/RobustAssembly.lean,16,d933faf8d71dd662eda3f9470cfdd6c119dff57a5dbc9e31dbe2c166071cf0dd
ContinuumRemainder.periodic_sampled_robust_outcome_repair,theorem,public,ContinuumRemainder.RobustAssembly,project/ContinuumRemainder/RobustAssembly.lean,38,d933faf8d71dd662eda3f9470cfdd6c119dff57a5dbc9e31dbe2c166071cf0dd
ContinuumRemainder.sampledRoutingInnerBuffer,def,public,ContinuumRemainder.RobustAssembly,project/ContinuumRemainder/RobustAssembly.lean,85,d933faf8d71dd662eda3f9470cfdd6c119dff57a5dbc9e31dbe2c166071cf0dd
ContinuumRemainder.sampledRoutingOuterBuffer,def,public,ContinuumRemainder.RobustAssembly,project/ContinuumRemainder/RobustAssembly.lean,90,d933faf8d71dd662eda3f9470cfdd6c119dff57a5dbc9e31dbe2c166071cf0dd
ContinuumRemainder.sampledRoutingOuterBuffer_density_le,theorem,public,ContinuumRemainder.RobustAssembly,project/ContinuumRemainder/RobustAssembly.lean,96,d933faf8d71dd662eda3f9470cfdd6c119dff57a5dbc9e31dbe2c166071cf0dd
ContinuumRemainder.actual_sampled_routing_blocker_of_stable_miss,theorem,public,ContinuumRemainder.RobustAssembly,project/ContinuumRemainder/RobustAssembly.lean,111,d933faf8d71dd662eda3f9470cfdd6c119dff57a5dbc9e31dbe2c166071cf0dd
ContinuumRemainder.power_controlled_error_tendsto,theorem,public,ContinuumRemainder.RobustRepair,project/ContinuumRemainder/RobustRepair.lean,16,845d6c2555972928b9d2c3aa5022a4c8d7775923bd48923b6437e9d6f70e4cc0
ContinuumRemainder.perturbed_power_tendsto,theorem,public,ContinuumRemainder.RobustRepair,project/ContinuumRemainder/RobustRepair.lean,26,845d6c2555972928b9d2c3aa5022a4c8d7775923bd48923b6437e9d6f70e4cc0
ContinuumRemainder.perturbed_power_tail_hits_open,theorem,public,ContinuumRemainder.RobustRepair,project/ContinuumRemainder/RobustRepair.lean,34,845d6c2555972928b9d2c3aa5022a4c8d7775923bd48923b6437e9d6f70e4cc0
ContinuumRemainder.sampledActivation,def,public,ContinuumRemainder.RobustRepair,project/ContinuumRemainder/RobustRepair.lean,45,845d6c2555972928b9d2c3aa5022a4c8d7775923bd48923b6437e9d6f70e4cc0
ContinuumRemainder.isOpen_sampledActivation,theorem,public,ContinuumRemainder.RobustRepair,project/ContinuumRemainder/RobustRepair.lean,49,845d6c2555972928b9d2c3aa5022a4c8d7775923bd48923b6437e9d6f70e4cc0
ContinuumRemainder.sampledWindowActivations,def,public,ContinuumRemainder.RobustRepair,project/ContinuumRemainder/RobustRepair.lean,55,845d6c2555972928b9d2c3aa5022a4c8d7775923bd48923b6437e9d6f70e4cc0
ContinuumRemainder.isOpen_sampledWindowActivations,theorem,public,ContinuumRemainder.RobustRepair,project/ContinuumRemainder/RobustRepair.lean,59,845d6c2555972928b9d2c3aa5022a4c8d7775923bd48923b6437e9d6f70e4cc0
ContinuumRemainder.sampledMissedCenters,def,public,ContinuumRemainder.RobustRepair,project/ContinuumRemainder/RobustRepair.lean,64,845d6c2555972928b9d2c3aa5022a4c8d7775923bd48923b6437e9d6f70e4cc0
ContinuumRemainder.isClosed_sampledMissedCenters,theorem,public,ContinuumRemainder.RobustRepair,project/ContinuumRemainder/RobustRepair.lean,72,845d6c2555972928b9d2c3aa5022a4c8d7775923bd48923b6437e9d6f70e4cc0
ContinuumRemainder.sampled_robust_repair_all_centers,theorem,public,ContinuumRemainder.RobustRepair,project/ContinuumRemainder/RobustRepair.lean,90,845d6c2555972928b9d2c3aa5022a4c8d7775923bd48923b6437e9d6f70e4cc0
ContinuumRemainder.sampleVertexPairs,def,public,ContinuumRemainder.SampleLocalProbability,project/ContinuumRemainder/SampleLocalProbability.lean,10,1915e9daf2766ed8a966284ce25a1129f316427507f1888e869bea23c7c8afae
ContinuumRemainder.sampleVertexPairs_card_le,theorem,public,ContinuumRemainder.SampleLocalProbability,project/ContinuumRemainder/SampleLocalProbability.lean,17,1915e9daf2766ed8a966284ce25a1129f316427507f1888e869bea23c7c8afae
ContinuumRemainder.sample_vertex_output_separation,theorem,public,ContinuumRemainder.SampleLocalProbability,project/ContinuumRemainder/SampleLocalProbability.lean,24,1915e9daf2766ed8a966284ce25a1129f316427507f1888e869bea23c7c8afae
ContinuumRemainder.sample_vertex_active_count,theorem,public,ContinuumRemainder.SampleLocalProbability,project/ContinuumRemainder/SampleLocalProbability.lean,45,1915e9daf2766ed8a966284ce25a1129f316427507f1888e869bea23c7c8afae
ContinuumRemainder.sample_vertex_continuum_joint_miss_bound,theorem,public,ContinuumRemainder.SampleLocalProbability,project/ContinuumRemainder/SampleLocalProbability.lean,92,1915e9daf2766ed8a966284ce25a1129f316427507f1888e869bea23c7c8afae
ContinuumRemainder.sampleActivationRate,def,public,ContinuumRemainder.SampleSchedule,project/ContinuumRemainder/SampleSchedule.lean,13,0ccdc4138f2bc29ea85d3d6d378be4c5d431d619af7027a7302a10f82ea25cd7
ContinuumRemainder.sampleActivationRate_pos,theorem,public,ContinuumRemainder.SampleSchedule,project/ContinuumRemainder/SampleSchedule.lean,17,0ccdc4138f2bc29ea85d3d6d378be4c5d431d619af7027a7302a10f82ea25cd7
ContinuumRemainder.SampleRoutingSchedule,structure,public,ContinuumRemainder.SampleSchedule,project/ContinuumRemainder/SampleSchedule.lean,25,0ccdc4138f2bc29ea85d3d6d378be4c5d431d619af7027a7302a10f82ea25cd7
ContinuumRemainder.exists_sample_routing_schedule_late,theorem,public,ContinuumRemainder.SampleSchedule,project/ContinuumRemainder/SampleSchedule.lean,59,0ccdc4138f2bc29ea85d3d6d378be4c5d431d619af7027a7302a10f82ea25cd7
ContinuumRemainder.exists_sample_routing_schedule,theorem,public,ContinuumRemainder.SampleSchedule,project/ContinuumRemainder/SampleSchedule.lean,128,0ccdc4138f2bc29ea85d3d6d378be4c5d431d619af7027a7302a10f82ea25cd7
ContinuumRemainder.sampleSchedule_node_entropy_lt,theorem,public,ContinuumRemainder.SampleSchedule,project/ContinuumRemainder/SampleSchedule.lean,135,0ccdc4138f2bc29ea85d3d6d378be4c5d431d619af7027a7302a10f82ea25cd7
ContinuumRemainder.sampledGlobalRoutingTests,def,public,ContinuumRemainder.SampleStableProbability,project/ContinuumRemainder/SampleStableProbability.lean,20,c3a1191e6808824cc50095132153f3abd5658d49349acabde8108f01008ff882
ContinuumRemainder.sampled_missed_center_forces_vertex_miss,theorem,public,ContinuumRemainder.SampleStableProbability,project/ContinuumRemainder/SampleStableProbability.lean,27,c3a1191e6808824cc50095132153f3abd5658d49349acabde8108f01008ff882
ContinuumRemainder.sampled_scheduled_vertex_continuum_joint_miss_bound,theorem,public,ContinuumRemainder.SampleStableProbability,project/ContinuumRemainder/SampleStableProbability.lean,76,c3a1191e6808824cc50095132153f3abd5658d49349acabde8108f01008ff882
ContinuumRemainder.sampled_stable_bad_density_le,theorem,public,ContinuumRemainder.SampleStableProbability,project/ContinuumRemainder/SampleStableProbability.lean,108,c3a1191e6808824cc50095132153f3abd5658d49349acabde8108f01008ff882
ContinuumRemainder.sampled_stable_missed_center_probability_le,theorem,public,ContinuumRemainder.SampleStableProbability,project/ContinuumRemainder/SampleStableProbability.lean,120,c3a1191e6808824cc50095132153f3abd5658d49349acabde8108f01008ff882
ContinuumRemainder.SampledLogConfiguration,structure,public,ContinuumRemainder.Sampling,project/ContinuumRemainder/Sampling.lean,13,f2c37c5966a32fef6cd6c658ab309a2638fbaf5f58e96a98b600c60685ba7e62
ContinuumRemainder.SampledLogConfiguration.a_eq_rpow,theorem,public,ContinuumRemainder.Sampling,project/ContinuumRemainder/Sampling.lean,29,f2c37c5966a32fef6cd6c658ab309a2638fbaf5f58e96a98b600c60685ba7e62
ContinuumRemainder.SampledLogConfiguration.power_eq_rpow,theorem,public,ContinuumRemainder.Sampling,project/ContinuumRemainder/Sampling.lean,35,f2c37c5966a32fef6cd6c658ab309a2638fbaf5f58e96a98b600c60685ba7e62
ContinuumRemainder.SampledLogConfiguration.a_tendsto,theorem,public,ContinuumRemainder.Sampling,project/ContinuumRemainder/Sampling.lean,42,f2c37c5966a32fef6cd6c658ab309a2638fbaf5f58e96a98b600c60685ba7e62
ContinuumRemainder.SampledLogConfiguration.z_strictMono,theorem,public,ContinuumRemainder.Sampling,project/ContinuumRemainder/Sampling.lean,50,f2c37c5966a32fef6cd6c658ab309a2638fbaf5f58e96a98b600c60685ba7e62
ContinuumRemainder.SampledLogConfiguration.a_strictAnti,theorem,public,ContinuumRemainder.Sampling,project/ContinuumRemainder/Sampling.lean,57,f2c37c5966a32fef6cd6c658ab309a2638fbaf5f58e96a98b600c60685ba7e62
ContinuumRemainder.dyadic_eq_rpow_neg,theorem,public,ContinuumRemainder.Sampling,project/ContinuumRemainder/Sampling.lean,66,f2c37c5966a32fef6cd6c658ab309a2638fbaf5f58e96a98b600c60685ba7e62
ContinuumRemainder.logarithm_bin_bounds,theorem,public,ContinuumRemainder.Sampling,project/ContinuumRemainder/Sampling.lean,72,f2c37c5966a32fef6cd6c658ab309a2638fbaf5f58e96a98b600c60685ba7e62
ContinuumRemainder.LogSyndetic.exists_spaced_bins,theorem,public,ContinuumRemainder.Sampling,project/ContinuumRemainder/Sampling.lean,84,f2c37c5966a32fef6cd6c658ab309a2638fbaf5f58e96a98b600c60685ba7e62
ContinuumRemainder.LogSyndetic.exists_sampledLogConfiguration,theorem,public,ContinuumRemainder.Sampling,project/ContinuumRemainder/Sampling.lean,121,f2c37c5966a32fef6cd6c658ab309a2638fbaf5f58e96a98b600c60685ba7e62
ContinuumRemainder.OccupiedBin,def,public,ContinuumRemainder.Specification,project/ContinuumRemainder/Specification.lean,14,0a98b8858428b1cd7c34263358c67a769121d049ae964008bd91abcd1382102e
ContinuumRemainder.LogSyndetic,def,public,ContinuumRemainder.Specification,project/ContinuumRemainder/Specification.lean,18,0a98b8858428b1cd7c34263358c67a769121d049ae964008bd91abcd1382102e
ContinuumRemainder.PowerRemainderOn,def,public,ContinuumRemainder.Specification,project/ContinuumRemainder/Specification.lean,22,0a98b8858428b1cd7c34263358c67a769121d049ae964008bd91abcd1382102e
ContinuumRemainder.TailValuesOutside,def,public,ContinuumRemainder.Specification,project/ContinuumRemainder/Specification.lean,26,0a98b8858428b1cd7c34263358c67a769121d049ae964008bd91abcd1382102e
ContinuumRemainder.AvoidsPowerRemainderTails,def,public,ContinuumRemainder.Specification,project/ContinuumRemainder/Specification.lean,29,0a98b8858428b1cd7c34263358c67a769121d049ae964008bd91abcd1382102e
ContinuumRemainder.ContinuumPowerTarget,def,public,ContinuumRemainder.Specification,project/ContinuumRemainder/Specification.lean,35,0a98b8858428b1cd7c34263358c67a769121d049ae964008bd91abcd1382102e
ContinuumRemainder.RobustCompactHits,def,public,ContinuumRemainder.Specification,project/ContinuumRemainder/Specification.lean,44,0a98b8858428b1cd7c34263358c67a769121d049ae964008bd91abcd1382102e
ContinuumRemainder.RobustCompactBlockerSpec,def,public,ContinuumRemainder.Specification,project/ContinuumRemainder/Specification.lean,53,0a98b8858428b1cd7c34263358c67a769121d049ae964008bd91abcd1382102e
ContinuumRemainder.onePeriodic_mem_add_int,theorem,public,ContinuumRemainder.TopologyConclusion,project/ContinuumRemainder/TopologyConclusion.lean,13,3990f7aa3df3aa0ccdea31582c41d601e08045344aba0a16f304dc1cc718e3b9
ContinuumRemainder.measure_periodic_interval_split,theorem,public,ContinuumRemainder.TopologyConclusion,project/ContinuumRemainder/TopologyConclusion.lean,19,3990f7aa3df3aa0ccdea31582c41d601e08045344aba0a16f304dc1cc718e3b9
ContinuumRemainder.volume_onePeriodic_inter_Icc,theorem,public,ContinuumRemainder.TopologyConclusion,project/ContinuumRemainder/TopologyConclusion.lean,41,3990f7aa3df3aa0ccdea31582c41d601e08045344aba0a16f304dc1cc718e3b9
ContinuumRemainder.interior_compl_eq_empty_of_affine_hits,theorem,public,ContinuumRemainder.TopologyConclusion,project/ContinuumRemainder/TopologyConclusion.lean,76,3990f7aa3df3aa0ccdea31582c41d601e08045344aba0a16f304dc1cc718e3b9
ContinuumRemainder.affine_powerRemainderOn,theorem,public,ContinuumRemainder.TopologyConclusion,project/ContinuumRemainder/TopologyConclusion.lean,88,3990f7aa3df3aa0ccdea31582c41d601e08045344aba0a16f304dc1cc718e3b9
ContinuumRemainder.continuumPowerTarget_of_robustCompactBlockerSpec,theorem,public,ContinuumRemainder.TopologyConclusion,project/ContinuumRemainder/TopologyConclusion.lean,98,3990f7aa3df3aa0ccdea31582c41d601e08045344aba0a16f304dc1cc718e3b9
ContinuumRemainder.compact_power_avoidance_of_robustCompactBlockerSpec,theorem,public,ContinuumRemainder.TopologyConclusion,project/ContinuumRemainder/TopologyConclusion.lean,133,3990f7aa3df3aa0ccdea31582c41d601e08045344aba0a16f304dc1cc718e3b9
