Entry005.IntrinsicLinearImageReuse.isometry_volume_image.{u_1, u_2} {E : Type u_1} {F : Type u_2}
  [NormedAddCommGroup.{u_1} E] [InnerProductSpace.{0, u_1} ℝ E] [FiniteDimensional.{0, u_1} ℝ E]
  [MeasurableSpace.{u_1} E] [BorelSpace.{u_1} E] [NormedAddCommGroup.{u_2} F] [InnerProductSpace.{0, u_2} ℝ F]
  [FiniteDimensional.{0, u_2} ℝ F] [MeasurableSpace.{u_2} F] [BorelSpace.{u_2} F]
  (e : LinearIsometryEquiv.{0, 0, u_1, u_2} (RingHom.id.{0} ℝ) E F) (S : Set.{u_1} E) :
  Eq.{1} (MeasureTheory.volume.{u_2} (Set.image.{u_1, u_2} (⇑e) S)) (MeasureTheory.volume.{u_1} S)
'Entry005.IntrinsicLinearImageReuse.isometry_volume_image' depends on axioms: [propext,
 Classical.choice.{u},
 Quot.sound.{u}]
Entry005.IntrinsicLinearImageReuse.orthonormal_linear_image_volume.{u_1, u_2} {E : Type u_1} {F : Type u_2}
  [NormedAddCommGroup.{u_1} E] [InnerProductSpace.{0, u_1} ℝ E] [FiniteDimensional.{0, u_1} ℝ E]
  [MeasurableSpace.{u_1} E] [BorelSpace.{u_1} E] [NormedAddCommGroup.{u_2} F] [InnerProductSpace.{0, u_2} ℝ F]
  [FiniteDimensional.{0, u_2} ℝ F] [MeasurableSpace.{u_2} F] [BorelSpace.{u_2} F] {d : ℕ}
  (bE : OrthonormalBasis.{0, 0, u_1} (Fin d) ℝ E) (bF : OrthonormalBasis.{0, 0, u_2} (Fin d) ℝ F)
  (f : LinearMap.{0, 0, u_1, u_2} (RingHom.id.{0} ℝ) E F) (S : Set.{u_1} E) :
  Eq.{1} (MeasureTheory.volume.{u_2} (Set.image.{u_1, u_2} (⇑f) S))
    (HMul.hMul.{0, 0, 0}
      (ENNReal.ofReal
        (abs.{0} ((Module.Basis.det.{0, u_2, 0} (OrthonormalBasis.toBasis.{0, 0, u_2} bF)) fun i => f (bE i))))
      (MeasureTheory.volume.{u_1} S))
'Entry005.IntrinsicLinearImageReuse.orthonormal_linear_image_volume' depends on axioms: [propext,
 Classical.choice.{u},
 Quot.sound.{u}]
Entry005.IntrinsicLinearImageReuse.translation_volume_image.{u_1} {E : Type u_1} [NormedAddCommGroup.{u_1} E]
  [InnerProductSpace.{0, u_1} ℝ E] [FiniteDimensional.{0, u_1} ℝ E] [MeasurableSpace.{u_1} E] [BorelSpace.{u_1} E]
  (a : E) (S : Set.{u_1} E) :
  Eq.{1} (MeasureTheory.volume.{u_1} (Set.image.{u_1, u_1} (fun x => HAdd.hAdd.{u_1, u_1, u_1} a x) S))
    (MeasureTheory.volume.{u_1} S)
'Entry005.IntrinsicLinearImageReuse.translation_volume_image' depends on axioms: [propext,
 Classical.choice.{u},
 Quot.sound.{u}]
Entry005.J_pos {d : ℕ} (hd : LE.le.{0} 1 d) : LT.lt.{0} 0 (Entry005.J d)
'Entry005.J_pos' depends on axioms: [propext, Classical.choice.{u}, Quot.sound.{u}]
Entry005.L_pos {d : ℕ} (hd : LE.le.{0} 2 d) : LT.lt.{0} 0 (Entry005.L d)
'Entry005.L_pos' depends on axioms: [propext, Classical.choice.{u}, Quot.sound.{u}]
Entry005.M_pos {d : ℕ} (hd : LE.le.{0} 1 d) : LT.lt.{0} 0 (Entry005.M d)
'Entry005.M_pos' depends on axioms: [propext, Classical.choice.{u}, Quot.sound.{u}]
Entry005.PyramidIidMomentReuse.iid_anchor_volume_integrable {d : ℕ} (ν : MeasureTheory.Measure.{0} (Fin d → ℝ))
  [MeasureTheory.IsProbabilityMeasure.{0} ν] (hX : ∀ (i : Fin d), MeasureTheory.Integrable.{0, 0} (fun x => x i) ν) :
  MeasureTheory.Integrable.{0, 0} (fun w => abs.{0} (Matrix.det.{0, 0} (Entry005.anchorMatrix w)))
    (Entry005.iidLaw.{0} ν (HAdd.hAdd.{0, 0, 0} d 1))
'Entry005.PyramidIidMomentReuse.iid_anchor_volume_integrable' depends on axioms: [propext,
 Classical.choice.{u},
 Quot.sound.{u}]
Entry005.PyramidIidMomentReuse.iid_anchor_volume_integral_eq {d : ℕ} (ν : MeasureTheory.Measure.{0} (Fin d → ℝ))
  [MeasureTheory.IsProbabilityMeasure.{0} ν] :
  Eq.{1}
    (∫ (w : Fin (HAdd.hAdd.{0, 0, 0} d 1) → Fin d → ℝ),
      abs.{0} (Matrix.det.{0, 0} (Entry005.anchorMatrix w)) ∂Entry005.iidLaw.{0} ν (HAdd.hAdd.{0, 0, 0} d 1))
    (∫ (z : Prod.{0, 0} (Fin d → Fin d → ℝ) (Fin d → ℝ)),
      abs.{0} (Entry005.liftedDeterminant z.1 z.2) ∂MeasureTheory.Measure.prod.{0, 0} (Entry005.iidLaw.{0} ν d) ν)
'Entry005.PyramidIidMomentReuse.iid_anchor_volume_integral_eq' depends on axioms: [propext,
 Classical.choice.{u},
 Quot.sound.{u}]
Entry005.PyramidIidMomentReuse.measurable_iid_anchor_volume {d : ℕ} :
  Measurable.{0, 0} fun w => abs.{0} (Matrix.det.{0, 0} (Entry005.anchorMatrix w))
'Entry005.PyramidIidMomentReuse.measurable_iid_anchor_volume' depends on axioms: [propext,
 Classical.choice.{u},
 Quot.sound.{u}]
Entry005.Q_pos {d : ℕ} (hd : LE.le.{0} 1 d) : LT.lt.{0} 0 (Entry005.Q d)
'Entry005.Q_pos' depends on axioms: [propext, Classical.choice.{u}, Quot.sound.{u}]
Entry005.R0_pos {d : ℕ} (hd : LE.le.{0} 1 d) : LT.lt.{0} 0 (Entry005.R0 d)
'Entry005.R0_pos' depends on axioms: [propext, Classical.choice.{u}, Quot.sound.{u}]
Entry005.aSharp_mul_eSharp_root_le_half {d : ℕ} (hd : LE.le.{0} 2 d) :
  LE.le.{0}
    (HMul.hMul.{0, 0, 0} (Entry005.aSharp d)
      (HPow.hPow.{0, 0, 0} (Entry005.eSharp d) (HDiv.hDiv.{0, 0, 0} 1 ↑(HSub.hSub.{0, 0, 0} d 1))))
    (1 / 2)
'Entry005.aSharp_mul_eSharp_root_le_half' depends on axioms: [propext, Classical.choice.{u}, Quot.sound.{u}]
Entry005.aSharp_pos {d : ℕ} (hd : LE.le.{0} 2 d) : LT.lt.{0} 0 (Entry005.aSharp d)
'Entry005.aSharp_pos' depends on axioms: [propext, Classical.choice.{u}, Quot.sound.{u}]
Entry005.actual_body_brightness_law_affine_first_moment_pos {d : ℕ} [Nontrivial.{0} (Entry005.Space d)]
  (K : Set.{0} (Entry005.Space d)) (hc : IsCompact.{0} K) (hb : Metric.closedBall.{0} 0 1 ⊆ K)
  (ν : MeasureTheory.Measure.{0} (Fin d → ℝ)) [MeasureTheory.IsProbabilityMeasure.{0} ν]
  (hball : ∀ᵐ (x : Fin d → ℝ) ∂ν, LE.le.{0} (norm.{0} (WithLp.toLp.{0} 2 x)) 1)
  (hcenter : ∀ (i : Fin d), Eq.{1} (∫ (x : Fin d → ℝ), x i ∂ν) 0)
  (hbrightness :
    ∀ (u : Entry005.Space d),
      Eq.{1} (norm.{0} u) 1 →
        Eq.{1} (Entry005.negativeIntegral.{0} ν fun x => dotProduct.{0, 0} (fun j => WithLp.ofLp.{0} u j) x)
          (HDiv.hDiv.{0, 0, 0} (Entry005.projectionVolumeSet.{0} K u)
            (HMul.hMul.{0, 0, 0} (↑(Module.finrank.{0, 0} ℝ (Entry005.Space d)))
              (MeasureTheory.volume.{0} K).toReal))) :
  LT.lt.{0} 0
    (∫ (w : Fin (HAdd.hAdd.{0, 0, 0} d 1) → Fin d → ℝ),
      abs.{0} (Matrix.det.{0, 0} (Entry005.anchorMatrix w)) ∂Entry005.iidLaw.{0} ν (HAdd.hAdd.{0, 0, 0} d 1))
'Entry005.actual_body_brightness_law_affine_first_moment_pos' depends on axioms: [propext,
 Classical.choice.{u},
 Quot.sound.{u}]
Entry005.actual_body_compact_cone_law_exists {d : ℕ} [Nontrivial.{0} (Entry005.Space d)]
  (K : Set.{0} (Entry005.Space d)) (hc : IsCompact.{0} K) (hconv : Convex.{0, 0} ℝ K)
  (hb : Metric.closedBall.{0} 0 1 ⊆ K) :
  ∃ μ φ,
    StrictMono.{0, 0} φ ∧
      Filter.Tendsto.{0, 0}
          (fun k => Entry005.compactBallLaw (Entry005.halfspaceApproximationProbability K hc hconv hb (φ k)))
          Filter.atTop.{0} (nhds.{0} μ) ∧
        Filter.Tendsto.{0, 0} (fun k => Entry005.halfspaceApproximationProbability K hc hconv hb (φ k)) Filter.atTop.{0}
            (nhds.{0} (Entry005.compactBallRawLaw μ)) ∧
          (∀ᵐ (x : Fin d → ℝ) ∂↑(Entry005.compactBallRawLaw μ), LE.le.{0} (norm.{0} (WithLp.toLp.{0} 2 x)) 1) ∧
            (∀ (i : Fin d), Eq.{1} (∫ (x : Fin d → ℝ), x i ∂↑(Entry005.compactBallRawLaw μ)) 0) ∧
              ∀ (u : Entry005.Space d),
                Eq.{1} (norm.{0} u) 1 →
                  Eq.{1}
                    (Entry005.negativeIntegral.{0} ↑(Entry005.compactBallRawLaw μ) fun x =>
                      dotProduct.{0, 0} (fun j => WithLp.ofLp.{0} u j) x)
                    (HDiv.hDiv.{0, 0, 0} (Entry005.projectionVolumeSet.{0} K u)
                      (HMul.hMul.{0, 0, 0} (↑(Module.finrank.{0, 0} ℝ (Entry005.Space d)))
                        (MeasureTheory.volume.{0} K).toReal))
'Entry005.actual_body_compact_cone_law_exists' depends on axioms: [propext, Classical.choice.{u}, Quot.sound.{u}]
Entry005.actual_body_compact_cone_law_exists_with_polar_boundary {d : ℕ} [Nontrivial.{0} (Entry005.Space d)]
  (K : Set.{0} (Entry005.Space d)) (hc : IsCompact.{0} K) (hconv : Convex.{0, 0} ℝ K)
  (hb : Metric.closedBall.{0} 0 1 ⊆ K) :
  ∃ μ φ,
    StrictMono.{0, 0} φ ∧
      Filter.Tendsto.{0, 0}
          (fun k => Entry005.compactBallLaw (Entry005.halfspaceApproximationProbability K hc hconv hb (φ k)))
          Filter.atTop.{0} (nhds.{0} μ) ∧
        Filter.Tendsto.{0, 0} (fun k => Entry005.halfspaceApproximationProbability K hc hconv hb (φ k)) Filter.atTop.{0}
            (nhds.{0} (Entry005.compactBallRawLaw μ)) ∧
          (∀ᵐ (x : Fin d → ℝ) ∂↑(Entry005.compactBallRawLaw μ), LE.le.{0} (norm.{0} (WithLp.toLp.{0} 2 x)) 1) ∧
            (∀ (i : Fin d), Eq.{1} (∫ (x : Fin d → ℝ), x i ∂↑(Entry005.compactBallRawLaw μ)) 0) ∧
              (∀ (u : Entry005.Space d),
                  Eq.{1} (norm.{0} u) 1 →
                    Eq.{1}
                      (Entry005.negativeIntegral.{0} ↑(Entry005.compactBallRawLaw μ) fun x =>
                        dotProduct.{0, 0} (fun j => WithLp.ofLp.{0} u j) x)
                      (HDiv.hDiv.{0, 0, 0} (Entry005.projectionVolumeSet.{0} K u)
                        (HMul.hMul.{0, 0, 0} (↑(Module.finrank.{0, 0} ℝ (Entry005.Space d)))
                          (MeasureTheory.volume.{0} K).toReal))) ∧
                (∀ᵐ (x : Fin d → ℝ) ∂↑(Entry005.compactBallRawLaw μ),
                    Membership.mem.{0, 0} (Entry005.actualPolarBoundaryRaw K) x) ∧
                  MeasureTheory.Measure.support.{0} ↑(Entry005.compactBallRawLaw μ) ⊆
                      Entry005.actualPolarBoundaryRaw K ∧
                    Eq.{1}
                      (∫ (base : Fin d → Fin d → ℝ),
                        abs.{0}
                          (Entry005.horizontalDeterminant
                            base) ∂Entry005.iidLaw.{0} (↑(Entry005.compactBallRawLaw μ)) d)
                      (HMul.hMul.{0, 0, 0}
                        (HDiv.hDiv.{0, 0, 0} (↑d.factorial)
                          (HPow.hPow.{0, 0, 0} (HMul.hMul.{0, 0, 0} (↑d) (MeasureTheory.volume.{0} K).toReal) d))
                        (MeasureTheory.volume.{0} (Entry005.projectionBodySet.{0} K)).toReal)
'Entry005.actual_body_compact_cone_law_exists_with_polar_boundary' depends on axioms: [propext,
 Classical.choice.{u},
 Quot.sound.{u}]
Entry005.actual_body_compact_limit_ae_polar_boundary {d : ℕ} [Nontrivial.{0} (Entry005.Space d)]
  (K : Set.{0} (Entry005.Space d)) (hc : IsCompact.{0} K) (hconv : Convex.{0, 0} ℝ K)
  (hb : Metric.closedBall.{0} 0 1 ⊆ K) (μ : MeasureTheory.ProbabilityMeasure.{0} (Entry005.CompactConeBall d))
  (φ : ℕ → ℕ)
  (hlim :
    Filter.Tendsto.{0, 0}
      (fun k => Entry005.compactBallLaw (Entry005.halfspaceApproximationProbability K hc hconv hb (φ k)))
      Filter.atTop.{0} (nhds.{0} μ)) :
  ∀ᵐ (z : Entry005.CompactConeBall d) ∂↑μ, Membership.mem.{0, 0} (Entry005.actualPolarBoundaryCompact K) z
'Entry005.actual_body_compact_limit_ae_polar_boundary' depends on axioms: [propext,
 Classical.choice.{u},
 Quot.sound.{u}]
Entry005.actual_body_compact_limit_compact_support_polar_boundary {d : ℕ} [Nontrivial.{0} (Entry005.Space d)]
  (K : Set.{0} (Entry005.Space d)) (hc : IsCompact.{0} K) (hconv : Convex.{0, 0} ℝ K)
  (hb : Metric.closedBall.{0} 0 1 ⊆ K) (μ : MeasureTheory.ProbabilityMeasure.{0} (Entry005.CompactConeBall d))
  (φ : ℕ → ℕ)
  (hlim :
    Filter.Tendsto.{0, 0}
      (fun k => Entry005.compactBallLaw (Entry005.halfspaceApproximationProbability K hc hconv hb (φ k)))
      Filter.atTop.{0} (nhds.{0} μ)) :
  MeasureTheory.Measure.support.{0} ↑μ ⊆ Entry005.actualPolarBoundaryCompact K
'Entry005.actual_body_compact_limit_compact_support_polar_boundary' depends on axioms: [propext,
 Classical.choice.{u},
 Quot.sound.{u}]
Entry005.actual_body_compact_limit_raw_ae_polar_boundary {d : ℕ} [Nontrivial.{0} (Entry005.Space d)]
  (K : Set.{0} (Entry005.Space d)) (hc : IsCompact.{0} K) (hconv : Convex.{0, 0} ℝ K)
  (hb : Metric.closedBall.{0} 0 1 ⊆ K) (μ : MeasureTheory.ProbabilityMeasure.{0} (Entry005.CompactConeBall d))
  (φ : ℕ → ℕ)
  (hlim :
    Filter.Tendsto.{0, 0}
      (fun k => Entry005.compactBallLaw (Entry005.halfspaceApproximationProbability K hc hconv hb (φ k)))
      Filter.atTop.{0} (nhds.{0} μ)) :
  ∀ᵐ (x : Fin d → ℝ) ∂↑(Entry005.compactBallRawLaw μ), Membership.mem.{0, 0} (Entry005.actualPolarBoundaryRaw K) x
'Entry005.actual_body_compact_limit_raw_ae_polar_boundary' depends on axioms: [propext,
 Classical.choice.{u},
 Quot.sound.{u}]
Entry005.actual_body_compact_limit_support_polar_boundary {d : ℕ} [Nontrivial.{0} (Entry005.Space d)]
  (K : Set.{0} (Entry005.Space d)) (hc : IsCompact.{0} K) (hconv : Convex.{0, 0} ℝ K)
  (hb : Metric.closedBall.{0} 0 1 ⊆ K) (μ : MeasureTheory.ProbabilityMeasure.{0} (Entry005.CompactConeBall d))
  (φ : ℕ → ℕ)
  (hlim :
    Filter.Tendsto.{0, 0}
      (fun k => Entry005.compactBallLaw (Entry005.halfspaceApproximationProbability K hc hconv hb (φ k)))
      Filter.atTop.{0} (nhds.{0} μ)) :
  MeasureTheory.Measure.support.{0} ↑(Entry005.compactBallRawLaw μ) ⊆ Entry005.actualPolarBoundaryRaw K
'Entry005.actual_body_compact_limit_support_polar_boundary' depends on axioms: [propext,
 Classical.choice.{u},
 Quot.sound.{u}]
Entry005.actual_body_cone_first_moment_assignment {d : ℕ} [Nontrivial.{0} (Entry005.Space d)]
  (K : Set.{0} (Entry005.Space d)) (hc : IsCompact.{0} K) (hconv : Convex.{0, 0} ℝ K)
  (hb : Metric.closedBall.{0} 0 1 ⊆ K) :
  ∃ ν,
    (∀ᵐ (x : Fin d → ℝ) ∂↑ν, LE.le.{0} (norm.{0} (WithLp.toLp.{0} 2 x)) 1) ∧
      (∀ (i : Fin d), Eq.{1} (∫ (x : Fin d → ℝ), x i ∂↑ν) 0) ∧
        (∀ (u : Entry005.Space d),
            Eq.{1} (norm.{0} u) 1 →
              Eq.{1} (Entry005.negativeIntegral.{0} ↑ν fun x => dotProduct.{0, 0} (fun j => WithLp.ofLp.{0} u j) x)
                (HDiv.hDiv.{0, 0, 0} (Entry005.projectionVolumeSet.{0} K u)
                  (HMul.hMul.{0, 0, 0} (↑(Module.finrank.{0, 0} ℝ (Entry005.Space d)))
                    (MeasureTheory.volume.{0} K).toReal))) ∧
          ∃ w,
            ∃ (_ : Ne.{1} (Matrix.det.{0, 0} (Entry005.anchorMatrix w)) 0),
              (∀ (i : Fin (HAdd.hAdd.{0, 0, 0} d 1)),
                  Membership.mem.{0, 0} (MeasureTheory.Measure.support.{0} ↑ν) (w i) ∧
                    LE.le.{0} (norm.{0} (WithLp.toLp.{0} 2 (w i))) 1) ∧
                (AffineIndependent.{0, 0, 0, 0} ℝ fun i => WithLp.toLp.{0} 2 (w i)) ∧
                  (Measurable.{0, 0} fun x => Entry005.largestCoordinate (Entry005.anchorCoordinates w x)) ∧
                    MeasureTheory.Integrable.{0, 0}
                        (fun x =>
                          norm.{0}
                            (HSub.hSub.{0, 0, 0} (WithLp.toLp.{0} 2 x)
                              (WithLp.toLp.{0} 2 (w (Entry005.largestCoordinate (Entry005.anchorCoordinates w x))))))
                        ↑ν ∧
                      LE.le.{0}
                        (∫ (x : Fin d → ℝ),
                          norm.{0}
                            (HSub.hSub.{0, 0, 0} (WithLp.toLp.{0} 2 x)
                              (WithLp.toLp.{0} 2
                                (w (Entry005.largestCoordinate (Entry005.anchorCoordinates w x))))) ∂↑ν)
                        (HDiv.hDiv.{0, 0, 0}
                          (HMul.hMul.{0, 0, 0}
                            (HMul.hMul.{0, 0, 0} (HAdd.hAdd.{0, 0, 0} (↑d) 1) (HAdd.hAdd.{0, 0, 0} (↑d) 2))
                            (Entry005.determinantLawDefect.{0, 0} (Entry005.iidLaw.{0} (↑ν) d) (↑ν) id.{1} id.{1}))
                          (∫ (v : Fin (HAdd.hAdd.{0, 0, 0} d 1) → Fin d → ℝ),
                            abs.{0}
                              (Matrix.det.{0, 0}
                                (Entry005.anchorMatrix v)) ∂Entry005.iidLaw.{0} (↑ν) (HAdd.hAdd.{0, 0, 0} d 1)))
'Entry005.actual_body_cone_first_moment_assignment' depends on axioms: [propext, Classical.choice.{u}, Quot.sound.{u}]
Entry005.actual_body_cone_law_with_horizontal_first_moment {d : ℕ} [Nontrivial.{0} (Entry005.Space d)]
  (K : Set.{0} (Entry005.Space d)) (hc : IsCompact.{0} K) (hconv : Convex.{0, 0} ℝ K)
  (hb : Metric.closedBall.{0} 0 1 ⊆ K) :
  ∃ ν,
    (∀ᵐ (x : Fin d → ℝ) ∂↑ν, LE.le.{0} (norm.{0} (WithLp.toLp.{0} 2 x)) 1) ∧
      (∀ (i : Fin d), Eq.{1} (∫ (x : Fin d → ℝ), x i ∂↑ν) 0) ∧
        (∀ (u : Entry005.Space d),
            Eq.{1} (norm.{0} u) 1 →
              Eq.{1} (Entry005.negativeIntegral.{0} ↑ν fun x => dotProduct.{0, 0} (fun j => WithLp.ofLp.{0} u j) x)
                (HDiv.hDiv.{0, 0, 0} (Entry005.projectionVolumeSet.{0} K u)
                  (HMul.hMul.{0, 0, 0} (↑(Module.finrank.{0, 0} ℝ (Entry005.Space d)))
                    (MeasureTheory.volume.{0} K).toReal))) ∧
          Eq.{1}
            (∫ (base : Fin d → Fin d → ℝ), abs.{0} (Entry005.horizontalDeterminant base) ∂Entry005.iidLaw.{0} (↑ν) d)
            (HMul.hMul.{0, 0, 0}
              (HDiv.hDiv.{0, 0, 0} (↑d.factorial)
                (HPow.hPow.{0, 0, 0} (HMul.hMul.{0, 0, 0} (↑d) (MeasureTheory.volume.{0} K).toReal) d))
              (MeasureTheory.volume.{0} (Entry005.projectionBodySet.{0} K)).toReal)
'Entry005.actual_body_cone_law_with_horizontal_first_moment' depends on axioms: [propext,
 Classical.choice.{u},
 Quot.sound.{u}]
Entry005.actual_body_cone_law_with_pyramid_defect {d : ℕ} [Nontrivial.{0} (Entry005.Space d)]
  (K : Set.{0} (Entry005.Space d)) (hc : IsCompact.{0} K) (hconv : Convex.{0, 0} ℝ K)
  (hb : Metric.closedBall.{0} 0 1 ⊆ K) :
  ∃ ν,
    (∀ᵐ (x : Fin d → ℝ) ∂↑ν, LE.le.{0} (norm.{0} (WithLp.toLp.{0} 2 x)) 1) ∧
      (∀ (i : Fin d), Eq.{1} (∫ (x : Fin d → ℝ), x i ∂↑ν) 0) ∧
        (∀ (u : Entry005.Space d),
            Eq.{1} (norm.{0} u) 1 →
              Eq.{1} (Entry005.negativeIntegral.{0} ↑ν fun x => dotProduct.{0, 0} (fun j => WithLp.ofLp.{0} u j) x)
                (HDiv.hDiv.{0, 0, 0} (Entry005.projectionVolumeSet.{0} K u)
                  (HMul.hMul.{0, 0, 0} (↑(Module.finrank.{0, 0} ℝ (Entry005.Space d)))
                    (MeasureTheory.volume.{0} K).toReal))) ∧
          Eq.{1} (∫ (w : Fin d → Fin d → ℝ), abs.{0} (Entry005.horizontalDeterminant w) ∂Entry005.iidLaw.{0} (↑ν) d)
              (HMul.hMul.{0, 0, 0}
                (HDiv.hDiv.{0, 0, 0} (↑d.factorial)
                  (HPow.hPow.{0, 0, 0} (HMul.hMul.{0, 0, 0} (↑d) (MeasureTheory.volume.{0} K).toReal) d))
                (MeasureTheory.volume.{0} (Entry005.projectionBodySet.{0} K)).toReal) ∧
            LT.lt.{0} 0
                (∫ (w : Fin d → Fin d → ℝ), abs.{0} (Entry005.horizontalDeterminant w) ∂Entry005.iidLaw.{0} (↑ν) d) ∧
              Eq.{1} (Entry005.entryA.{0} K)
                  (HDiv.hDiv.{0, 0, 0}
                    (∫ (w : Fin (HAdd.hAdd.{0, 0, 0} d 1) → Fin d → ℝ),
                      abs.{0}
                        (Entry005.liftedDeterminant (fun j => w j.succ)
                          (w 0)) ∂Entry005.iidLaw.{0} (↑ν) (HAdd.hAdd.{0, 0, 0} d 1))
                    (HMul.hMul.{0, 0, 0} (HAdd.hAdd.{0, 0, 0} (↑d) 1)
                      (∫ (w : Fin d → Fin d → ℝ),
                        abs.{0} (Entry005.horizontalDeterminant w) ∂Entry005.iidLaw.{0} (↑ν) d))) ∧
                Eq.{1} (Entry005.determinantLawDefect.{0, 0} (Entry005.iidLaw.{0} (↑ν) d) (↑ν) id.{1} id.{1})
                    (HMul.hMul.{0, 0, 0}
                      (HMul.hMul.{0, 0, 0} (HAdd.hAdd.{0, 0, 0} (↑d) 1)
                        (∫ (w : Fin d → Fin d → ℝ),
                          abs.{0} (Entry005.horizontalDeterminant w) ∂Entry005.iidLaw.{0} (↑ν) d))
                      (Entry005.entryDefect.{0} K)) ∧
                  Eq.{1}
                    (HDiv.hDiv.{0, 0, 0}
                      (Entry005.determinantLawDefect.{0, 0} (Entry005.iidLaw.{0} (↑ν) d) (↑ν) id.{1} id.{1})
                      (∫ (w : Fin (HAdd.hAdd.{0, 0, 0} d 1) → Fin d → ℝ),
                        abs.{0}
                          (Entry005.liftedDeterminant (fun j => w j.succ)
                            (w 0)) ∂Entry005.iidLaw.{0} (↑ν) (HAdd.hAdd.{0, 0, 0} d 1)))
                    (HDiv.hDiv.{0, 0, 0} (HMul.hMul.{0, 0, 0} (HAdd.hAdd.{0, 0, 0} (↑d) 1) (Entry005.entryDefect.{0} K))
                      (HAdd.hAdd.{0, 0, 0} 1
                        (HMul.hMul.{0, 0, 0} (HAdd.hAdd.{0, 0, 0} (↑d) 1) (Entry005.entryDefect.{0} K))))
'Entry005.actual_body_cone_law_with_pyramid_defect' depends on axioms: [propext, Classical.choice.{u}, Quot.sound.{u}]
Entry005.actual_body_cone_law_with_pyramid_first_moment {d : ℕ} [Nontrivial.{0} (Entry005.Space d)]
  (K : Set.{0} (Entry005.Space d)) (hc : IsCompact.{0} K) (hconv : Convex.{0, 0} ℝ K)
  (hb : Metric.closedBall.{0} 0 1 ⊆ K) :
  ∃ ν,
    (∀ᵐ (x : Fin d → ℝ) ∂↑ν, LE.le.{0} (norm.{0} (WithLp.toLp.{0} 2 x)) 1) ∧
      (∀ (i : Fin d), Eq.{1} (∫ (x : Fin d → ℝ), x i ∂↑ν) 0) ∧
        (∀ (u : Entry005.Space d),
            Eq.{1} (norm.{0} u) 1 →
              Eq.{1} (Entry005.negativeIntegral.{0} ↑ν fun x => dotProduct.{0, 0} (fun j => WithLp.ofLp.{0} u j) x)
                (HDiv.hDiv.{0, 0, 0} (Entry005.projectionVolumeSet.{0} K u)
                  (HMul.hMul.{0, 0, 0} (↑(Module.finrank.{0, 0} ℝ (Entry005.Space d)))
                    (MeasureTheory.volume.{0} K).toReal))) ∧
          Eq.{1} (∫ (w : Fin d → Fin d → ℝ), abs.{0} (Entry005.horizontalDeterminant w) ∂Entry005.iidLaw.{0} (↑ν) d)
              (HMul.hMul.{0, 0, 0}
                (HDiv.hDiv.{0, 0, 0} (↑d.factorial)
                  (HPow.hPow.{0, 0, 0} (HMul.hMul.{0, 0, 0} (↑d) (MeasureTheory.volume.{0} K).toReal) d))
                (MeasureTheory.volume.{0} (Entry005.projectionBodySet.{0} K)).toReal) ∧
            LT.lt.{0} 0
                (∫ (w : Fin d → Fin d → ℝ), abs.{0} (Entry005.horizontalDeterminant w) ∂Entry005.iidLaw.{0} (↑ν) d) ∧
              Eq.{1} (Entry005.entryA.{0} K)
                (HDiv.hDiv.{0, 0, 0}
                  (∫ (w : Fin (HAdd.hAdd.{0, 0, 0} d 1) → Fin d → ℝ),
                    abs.{0}
                      (Entry005.liftedDeterminant (fun j => w j.succ)
                        (w 0)) ∂Entry005.iidLaw.{0} (↑ν) (HAdd.hAdd.{0, 0, 0} d 1))
                  (HMul.hMul.{0, 0, 0} (HAdd.hAdd.{0, 0, 0} (↑d) 1)
                    (∫ (w : Fin d → Fin d → ℝ),
                      abs.{0} (Entry005.horizontalDeterminant w) ∂Entry005.iidLaw.{0} (↑ν) d)))
'Entry005.actual_body_cone_law_with_pyramid_first_moment' depends on axioms: [propext,
 Classical.choice.{u},
 Quot.sound.{u}]
Entry005.actual_body_entryA_of_compact_limit {d : ℕ} [Nontrivial.{0} (Entry005.Space d)]
  (K : Set.{0} (Entry005.Space d)) (hc : IsCompact.{0} K) (hconv : Convex.{0, 0} ℝ K)
  (hb : Metric.closedBall.{0} 0 1 ⊆ K) (μ : MeasureTheory.ProbabilityMeasure.{0} (Entry005.CompactConeBall d))
  (φ : ℕ → ℕ) (hφ : StrictMono.{0, 0} φ)
  (hlim :
    Filter.Tendsto.{0, 0}
      (fun k => Entry005.compactBallLaw (Entry005.halfspaceApproximationProbability K hc hconv hb (φ k)))
      Filter.atTop.{0} (nhds.{0} μ)) :
  Eq.{1} (Entry005.entryA.{0} K)
    (HDiv.hDiv.{0, 0, 0}
      (∫ (w : Fin (HAdd.hAdd.{0, 0, 0} d 1) → Fin d → ℝ),
        abs.{0}
          (Entry005.liftedDeterminant (fun j => w j.succ)
            (w 0)) ∂Entry005.iidLaw.{0} (↑(Entry005.compactBallRawLaw μ)) (HAdd.hAdd.{0, 0, 0} d 1))
      (HMul.hMul.{0, 0, 0} (HAdd.hAdd.{0, 0, 0} (↑d) 1)
        (∫ (w : Fin d → Fin d → ℝ),
          abs.{0} (Entry005.horizontalDeterminant w) ∂Entry005.iidLaw.{0} (↑(Entry005.compactBallRawLaw μ)) d)))
'Entry005.actual_body_entryA_of_compact_limit' depends on axioms: [propext, Classical.choice.{u}, Quot.sound.{u}]
Entry005.actual_body_entryDefect_nonnegative {d : ℕ} [Nontrivial.{0} (Entry005.Space d)]
  (K : Set.{0} (Entry005.Space d)) (hc : IsCompact.{0} K) (hconv : Convex.{0, 0} ℝ K)
  (hb : Metric.closedBall.{0} 0 1 ⊆ K) : LE.le.{0} 0 (Entry005.entryDefect.{0} K)
'Entry005.actual_body_entryDefect_nonnegative' depends on axioms: [propext, Classical.choice.{u}, Quot.sound.{u}]
Entry005.actual_body_geometric_first_moment_assignment {d : ℕ} [Nontrivial.{0} (Entry005.Space d)]
  (K : Set.{0} (Entry005.Space d)) (hc : IsCompact.{0} K) (hconv : Convex.{0, 0} ℝ K)
  (hb : Metric.closedBall.{0} 0 1 ⊆ K) :
  ∃ ν,
    (∀ᵐ (x : Fin d → ℝ) ∂↑ν, LE.le.{0} (norm.{0} (WithLp.toLp.{0} 2 x)) 1) ∧
      (∀ (i : Fin d), Eq.{1} (∫ (x : Fin d → ℝ), x i ∂↑ν) 0) ∧
        (∀ (u : Entry005.Space d),
            Eq.{1} (norm.{0} u) 1 →
              Eq.{1} (Entry005.negativeIntegral.{0} ↑ν fun x => dotProduct.{0, 0} (fun j => WithLp.ofLp.{0} u j) x)
                (HDiv.hDiv.{0, 0, 0} (Entry005.projectionVolumeSet.{0} K u)
                  (HMul.hMul.{0, 0, 0} (↑(Module.finrank.{0, 0} ℝ (Entry005.Space d)))
                    (MeasureTheory.volume.{0} K).toReal))) ∧
          Eq.{1} (∫ (w : Fin d → Fin d → ℝ), abs.{0} (Entry005.horizontalDeterminant w) ∂Entry005.iidLaw.{0} (↑ν) d)
              (HMul.hMul.{0, 0, 0}
                (HDiv.hDiv.{0, 0, 0} (↑d.factorial)
                  (HPow.hPow.{0, 0, 0} (HMul.hMul.{0, 0, 0} (↑d) (MeasureTheory.volume.{0} K).toReal) d))
                (MeasureTheory.volume.{0} (Entry005.projectionBodySet.{0} K)).toReal) ∧
            LT.lt.{0} 0
                (∫ (w : Fin d → Fin d → ℝ), abs.{0} (Entry005.horizontalDeterminant w) ∂Entry005.iidLaw.{0} (↑ν) d) ∧
              Eq.{1} (Entry005.entryA.{0} K)
                  (HDiv.hDiv.{0, 0, 0}
                    (∫ (w : Fin (HAdd.hAdd.{0, 0, 0} d 1) → Fin d → ℝ),
                      abs.{0}
                        (Entry005.liftedDeterminant (fun j => w j.succ)
                          (w 0)) ∂Entry005.iidLaw.{0} (↑ν) (HAdd.hAdd.{0, 0, 0} d 1))
                    (HMul.hMul.{0, 0, 0} (HAdd.hAdd.{0, 0, 0} (↑d) 1)
                      (∫ (w : Fin d → Fin d → ℝ),
                        abs.{0} (Entry005.horizontalDeterminant w) ∂Entry005.iidLaw.{0} (↑ν) d))) ∧
                Eq.{1} (Entry005.determinantLawDefect.{0, 0} (Entry005.iidLaw.{0} (↑ν) d) (↑ν) id.{1} id.{1})
                    (HMul.hMul.{0, 0, 0}
                      (HMul.hMul.{0, 0, 0} (HAdd.hAdd.{0, 0, 0} (↑d) 1)
                        (∫ (w : Fin d → Fin d → ℝ),
                          abs.{0} (Entry005.horizontalDeterminant w) ∂Entry005.iidLaw.{0} (↑ν) d))
                      (Entry005.entryDefect.{0} K)) ∧
                  ∃ w,
                    ∃ (_ : Ne.{1} (Matrix.det.{0, 0} (Entry005.anchorMatrix w)) 0),
                      (∀ (i : Fin (HAdd.hAdd.{0, 0, 0} d 1)),
                          Membership.mem.{0, 0} (MeasureTheory.Measure.support.{0} ↑ν) (w i) ∧
                            LE.le.{0} (norm.{0} (WithLp.toLp.{0} 2 (w i))) 1) ∧
                        (AffineIndependent.{0, 0, 0, 0} ℝ fun i => WithLp.toLp.{0} 2 (w i)) ∧
                          (Measurable.{0, 0} fun x => Entry005.largestCoordinate (Entry005.anchorCoordinates w x)) ∧
                            MeasureTheory.Integrable.{0, 0}
                                (fun x =>
                                  norm.{0}
                                    (HSub.hSub.{0, 0, 0} (WithLp.toLp.{0} 2 x)
                                      (WithLp.toLp.{0} 2
                                        (w (Entry005.largestCoordinate (Entry005.anchorCoordinates w x))))))
                                ↑ν ∧
                              LE.le.{0}
                                (∫ (x : Fin d → ℝ),
                                  norm.{0}
                                    (HSub.hSub.{0, 0, 0} (WithLp.toLp.{0} 2 x)
                                      (WithLp.toLp.{0} 2
                                        (w (Entry005.largestCoordinate (Entry005.anchorCoordinates w x))))) ∂↑ν)
                                (HMul.hMul.{0, 0, 0}
                                  (HMul.hMul.{0, 0, 0} (HAdd.hAdd.{0, 0, 0} (↑d) 1) (HAdd.hAdd.{0, 0, 0} (↑d) 2))
                                  (HDiv.hDiv.{0, 0, 0}
                                    (HMul.hMul.{0, 0, 0} (HAdd.hAdd.{0, 0, 0} (↑d) 1) (Entry005.entryDefect.{0} K))
                                    (HAdd.hAdd.{0, 0, 0} 1
                                      (HMul.hMul.{0, 0, 0} (HAdd.hAdd.{0, 0, 0} (↑d) 1) (Entry005.entryDefect.{0} K)))))
'Entry005.actual_body_geometric_first_moment_assignment' depends on axioms: [propext,
 Classical.choice.{u},
 Quot.sound.{u}]
Entry005.actual_body_horizontal_first_moment_of_compact_limit {d : ℕ} [Nontrivial.{0} (Entry005.Space d)]
  (K : Set.{0} (Entry005.Space d)) (hc : IsCompact.{0} K) (hconv : Convex.{0, 0} ℝ K)
  (hb : Metric.closedBall.{0} 0 1 ⊆ K) (μ : MeasureTheory.ProbabilityMeasure.{0} (Entry005.CompactConeBall d))
  (φ : ℕ → ℕ) (hφ : StrictMono.{0, 0} φ)
  (hlim :
    Filter.Tendsto.{0, 0}
      (fun k => Entry005.compactBallLaw (Entry005.halfspaceApproximationProbability K hc hconv hb (φ k)))
      Filter.atTop.{0} (nhds.{0} μ)) :
  Eq.{1}
    (∫ (base : Fin d → Fin d → ℝ),
      abs.{0} (Entry005.horizontalDeterminant base) ∂Entry005.iidLaw.{0} (↑(Entry005.compactBallRawLaw μ)) d)
    (HMul.hMul.{0, 0, 0}
      (HDiv.hDiv.{0, 0, 0} (↑d.factorial)
        (HPow.hPow.{0, 0, 0} (HMul.hMul.{0, 0, 0} (↑d) (MeasureTheory.volume.{0} K).toReal) d))
      (MeasureTheory.volume.{0} (Entry005.projectionBodySet.{0} K)).toReal)
'Entry005.actual_body_horizontal_first_moment_of_compact_limit' depends on axioms: [propext,
 Classical.choice.{u},
 Quot.sound.{u}]
Entry005.actual_body_horizontal_moment_pos_of_compact_limit {d : ℕ} [Nontrivial.{0} (Entry005.Space d)]
  (K : Set.{0} (Entry005.Space d)) (hc : IsCompact.{0} K) (hconv : Convex.{0, 0} ℝ K)
  (hb : Metric.closedBall.{0} 0 1 ⊆ K) (μ : MeasureTheory.ProbabilityMeasure.{0} (Entry005.CompactConeBall d))
  (φ : ℕ → ℕ) (hφ : StrictMono.{0, 0} φ)
  (hlim :
    Filter.Tendsto.{0, 0}
      (fun k => Entry005.compactBallLaw (Entry005.halfspaceApproximationProbability K hc hconv hb (φ k)))
      Filter.atTop.{0} (nhds.{0} μ)) :
  LT.lt.{0} 0
    (∫ (w : Fin d → Fin d → ℝ),
      abs.{0} (Entry005.horizontalDeterminant w) ∂Entry005.iidLaw.{0} (↑(Entry005.compactBallRawLaw μ)) d)
'Entry005.actual_body_horizontal_moment_pos_of_compact_limit' depends on axioms: [propext,
 Classical.choice.{u},
 Quot.sound.{u}]
Entry005.actual_body_joint_polar_horizontal_assignment {d : ℕ} [Nontrivial.{0} (Entry005.Space d)]
  (K : Set.{0} (Entry005.Space d)) (hc : IsCompact.{0} K) (hconv : Convex.{0, 0} ℝ K)
  (hb : Metric.closedBall.{0} 0 1 ⊆ K) :
  ∃ μ φ,
    StrictMono.{0, 0} φ ∧
      Filter.Tendsto.{0, 0}
          (fun k => Entry005.compactBallLaw (Entry005.halfspaceApproximationProbability K hc hconv hb (φ k)))
          Filter.atTop.{0} (nhds.{0} μ) ∧
        Filter.Tendsto.{0, 0} (fun k => Entry005.halfspaceApproximationProbability K hc hconv hb (φ k)) Filter.atTop.{0}
            (nhds.{0} (Entry005.compactBallRawLaw μ)) ∧
          (∀ᵐ (x : Fin d → ℝ) ∂↑(Entry005.compactBallRawLaw μ), LE.le.{0} (norm.{0} (WithLp.toLp.{0} 2 x)) 1) ∧
            (∀ (i : Fin d), Eq.{1} (∫ (x : Fin d → ℝ), x i ∂↑(Entry005.compactBallRawLaw μ)) 0) ∧
              (∀ (u : Entry005.Space d),
                  Eq.{1} (norm.{0} u) 1 →
                    Eq.{1}
                      (Entry005.negativeIntegral.{0} ↑(Entry005.compactBallRawLaw μ) fun x =>
                        dotProduct.{0, 0} (fun j => WithLp.ofLp.{0} u j) x)
                      (HDiv.hDiv.{0, 0, 0} (Entry005.projectionVolumeSet.{0} K u)
                        (HMul.hMul.{0, 0, 0} (↑(Module.finrank.{0, 0} ℝ (Entry005.Space d)))
                          (MeasureTheory.volume.{0} K).toReal))) ∧
                (∀ᵐ (x : Fin d → ℝ) ∂↑(Entry005.compactBallRawLaw μ),
                    Membership.mem.{0, 0} (Entry005.actualPolarBoundaryRaw K) x) ∧
                  MeasureTheory.Measure.support.{0} ↑(Entry005.compactBallRawLaw μ) ⊆
                      Entry005.actualPolarBoundaryRaw K ∧
                    Eq.{1}
                        (∫ (base : Fin d → Fin d → ℝ),
                          abs.{0}
                            (Entry005.horizontalDeterminant
                              base) ∂Entry005.iidLaw.{0} (↑(Entry005.compactBallRawLaw μ)) d)
                        (HMul.hMul.{0, 0, 0}
                          (HDiv.hDiv.{0, 0, 0} (↑d.factorial)
                            (HPow.hPow.{0, 0, 0} (HMul.hMul.{0, 0, 0} (↑d) (MeasureTheory.volume.{0} K).toReal) d))
                          (MeasureTheory.volume.{0} (Entry005.projectionBodySet.{0} K)).toReal) ∧
                      LT.lt.{0} 0
                          (∫ (v : Fin (HAdd.hAdd.{0, 0, 0} d 1) → Fin d → ℝ),
                            abs.{0}
                              (Matrix.det.{0, 0}
                                (Entry005.anchorMatrix
                                  v)) ∂Entry005.iidLaw.{0} (↑(Entry005.compactBallRawLaw μ))
                              (HAdd.hAdd.{0, 0, 0} d 1)) ∧
                        ∃ w,
                          ∃ (_ : Ne.{1} (Matrix.det.{0, 0} (Entry005.anchorMatrix w)) 0),
                            (∀ (i : Fin (HAdd.hAdd.{0, 0, 0} d 1)),
                                Membership.mem.{0, 0}
                                    (MeasureTheory.Measure.support.{0} ↑(Entry005.compactBallRawLaw μ)) (w i) ∧
                                  LE.le.{0} (norm.{0} (WithLp.toLp.{0} 2 (w i))) 1) ∧
                              (AffineIndependent.{0, 0, 0, 0} ℝ fun i => WithLp.toLp.{0} 2 (w i)) ∧
                                (Measurable.{0, 0} fun x =>
                                    Entry005.largestCoordinate (Entry005.anchorCoordinates w x)) ∧
                                  MeasureTheory.Integrable.{0, 0}
                                      (fun x =>
                                        norm.{0}
                                          (HSub.hSub.{0, 0, 0} (WithLp.toLp.{0} 2 x)
                                            (WithLp.toLp.{0} 2
                                              (w (Entry005.largestCoordinate (Entry005.anchorCoordinates w x))))))
                                      ↑(Entry005.compactBallRawLaw μ) ∧
                                    LE.le.{0}
                                      (∫ (x : Fin d → ℝ),
                                        norm.{0}
                                          (HSub.hSub.{0, 0, 0} (WithLp.toLp.{0} 2 x)
                                            (WithLp.toLp.{0} 2
                                              (w
                                                (Entry005.largestCoordinate
                                                  (Entry005.anchorCoordinates w x))))) ∂↑(Entry005.compactBallRawLaw μ))
                                      (HDiv.hDiv.{0, 0, 0}
                                        (HMul.hMul.{0, 0, 0}
                                          (HMul.hMul.{0, 0, 0} (HAdd.hAdd.{0, 0, 0} (↑d) 1)
                                            (HAdd.hAdd.{0, 0, 0} (↑d) 2))
                                          (Entry005.determinantLawDefect.{0, 0}
                                            (Entry005.iidLaw.{0} (↑(Entry005.compactBallRawLaw μ)) d)
                                            (↑(Entry005.compactBallRawLaw μ)) id.{1} id.{1}))
                                        (∫ (v : Fin (HAdd.hAdd.{0, 0, 0} d 1) → Fin d → ℝ),
                                          abs.{0}
                                            (Matrix.det.{0, 0}
                                              (Entry005.anchorMatrix
                                                v)) ∂Entry005.iidLaw.{0} (↑(Entry005.compactBallRawLaw μ))
                                            (HAdd.hAdd.{0, 0, 0} d 1)))
'Entry005.actual_body_joint_polar_horizontal_assignment' depends on axioms: [propext,
 Classical.choice.{u},
 Quot.sound.{u}]
Entry005.actual_body_joint_polar_pyramid_assignment {d : ℕ} [Nontrivial.{0} (Entry005.Space d)]
  (K : Set.{0} (Entry005.Space d)) (hc : IsCompact.{0} K) (hconv : Convex.{0, 0} ℝ K)
  (hb : Metric.closedBall.{0} 0 1 ⊆ K) :
  ∃ μ φ,
    StrictMono.{0, 0} φ ∧
      Filter.Tendsto.{0, 0}
          (fun k => Entry005.compactBallLaw (Entry005.halfspaceApproximationProbability K hc hconv hb (φ k)))
          Filter.atTop.{0} (nhds.{0} μ) ∧
        Filter.Tendsto.{0, 0} (fun k => Entry005.halfspaceApproximationProbability K hc hconv hb (φ k)) Filter.atTop.{0}
            (nhds.{0} (Entry005.compactBallRawLaw μ)) ∧
          (∀ᵐ (x : Fin d → ℝ) ∂↑(Entry005.compactBallRawLaw μ), LE.le.{0} (norm.{0} (WithLp.toLp.{0} 2 x)) 1) ∧
            (∀ (i : Fin d), Eq.{1} (∫ (x : Fin d → ℝ), x i ∂↑(Entry005.compactBallRawLaw μ)) 0) ∧
              (∀ (u : Entry005.Space d),
                  Eq.{1} (norm.{0} u) 1 →
                    Eq.{1}
                      (Entry005.negativeIntegral.{0} ↑(Entry005.compactBallRawLaw μ) fun x =>
                        dotProduct.{0, 0} (fun j => WithLp.ofLp.{0} u j) x)
                      (HDiv.hDiv.{0, 0, 0} (Entry005.projectionVolumeSet.{0} K u)
                        (HMul.hMul.{0, 0, 0} (↑(Module.finrank.{0, 0} ℝ (Entry005.Space d)))
                          (MeasureTheory.volume.{0} K).toReal))) ∧
                (∀ᵐ (x : Fin d → ℝ) ∂↑(Entry005.compactBallRawLaw μ),
                    Membership.mem.{0, 0} (Entry005.actualPolarBoundaryRaw K) x) ∧
                  MeasureTheory.Measure.support.{0} ↑(Entry005.compactBallRawLaw μ) ⊆
                      Entry005.actualPolarBoundaryRaw K ∧
                    Eq.{1}
                        (∫ (w : Fin d → Fin d → ℝ),
                          abs.{0}
                            (Entry005.horizontalDeterminant w) ∂Entry005.iidLaw.{0} (↑(Entry005.compactBallRawLaw μ)) d)
                        (HMul.hMul.{0, 0, 0}
                          (HDiv.hDiv.{0, 0, 0} (↑d.factorial)
                            (HPow.hPow.{0, 0, 0} (HMul.hMul.{0, 0, 0} (↑d) (MeasureTheory.volume.{0} K).toReal) d))
                          (MeasureTheory.volume.{0} (Entry005.projectionBodySet.{0} K)).toReal) ∧
                      LT.lt.{0} 0
                          (∫ (w : Fin d → Fin d → ℝ),
                            abs.{0}
                              (Entry005.horizontalDeterminant
                                w) ∂Entry005.iidLaw.{0} (↑(Entry005.compactBallRawLaw μ)) d) ∧
                        Eq.{1} (Entry005.entryA.{0} K)
                            (HDiv.hDiv.{0, 0, 0}
                              (∫ (w : Fin (HAdd.hAdd.{0, 0, 0} d 1) → Fin d → ℝ),
                                abs.{0}
                                  (Entry005.liftedDeterminant (fun j => w j.succ)
                                    (w
                                      0)) ∂Entry005.iidLaw.{0} (↑(Entry005.compactBallRawLaw μ))
                                  (HAdd.hAdd.{0, 0, 0} d 1))
                              (HMul.hMul.{0, 0, 0} (HAdd.hAdd.{0, 0, 0} (↑d) 1)
                                (∫ (w : Fin d → Fin d → ℝ),
                                  abs.{0}
                                    (Entry005.horizontalDeterminant
                                      w) ∂Entry005.iidLaw.{0} (↑(Entry005.compactBallRawLaw μ)) d))) ∧
                          Eq.{1}
                              (Entry005.determinantLawDefect.{0, 0}
                                (Entry005.iidLaw.{0} (↑(Entry005.compactBallRawLaw μ)) d)
                                (↑(Entry005.compactBallRawLaw μ)) id.{1} id.{1})
                              (HMul.hMul.{0, 0, 0}
                                (HMul.hMul.{0, 0, 0} (HAdd.hAdd.{0, 0, 0} (↑d) 1)
                                  (∫ (w : Fin d → Fin d → ℝ),
                                    abs.{0}
                                      (Entry005.horizontalDeterminant
                                        w) ∂Entry005.iidLaw.{0} (↑(Entry005.compactBallRawLaw μ)) d))
                                (Entry005.entryDefect.{0} K)) ∧
                            LT.lt.{0} 0
                                (∫ (v : Fin (HAdd.hAdd.{0, 0, 0} d 1) → Fin d → ℝ),
                                  abs.{0}
                                    (Entry005.liftedDeterminant (fun j => v j.succ)
                                      (v
                                        0)) ∂Entry005.iidLaw.{0} (↑(Entry005.compactBallRawLaw μ))
                                    (HAdd.hAdd.{0, 0, 0} d 1)) ∧
                              ∃ w,
                                ∃ (_ : Ne.{1} (Matrix.det.{0, 0} (Entry005.anchorMatrix w)) 0),
                                  (∀ (i : Fin (HAdd.hAdd.{0, 0, 0} d 1)),
                                      Membership.mem.{0, 0}
                                          (MeasureTheory.Measure.support.{0} ↑(Entry005.compactBallRawLaw μ)) (w i) ∧
                                        LE.le.{0} (norm.{0} (WithLp.toLp.{0} 2 (w i))) 1) ∧
                                    (AffineIndependent.{0, 0, 0, 0} ℝ fun i => WithLp.toLp.{0} 2 (w i)) ∧
                                      (Measurable.{0, 0} fun x =>
                                          Entry005.largestCoordinate (Entry005.anchorCoordinates w x)) ∧
                                        MeasureTheory.Integrable.{0, 0}
                                            (fun x =>
                                              norm.{0}
                                                (HSub.hSub.{0, 0, 0} (WithLp.toLp.{0} 2 x)
                                                  (WithLp.toLp.{0} 2
                                                    (w (Entry005.largestCoordinate (Entry005.anchorCoordinates w x))))))
                                            ↑(Entry005.compactBallRawLaw μ) ∧
                                          LE.le.{0}
                                            (∫ (x : Fin d → ℝ),
                                              norm.{0}
                                                (HSub.hSub.{0, 0, 0} (WithLp.toLp.{0} 2 x)
                                                  (WithLp.toLp.{0} 2
                                                    (w
                                                      (Entry005.largestCoordinate
                                                        (Entry005.anchorCoordinates w
                                                          x))))) ∂↑(Entry005.compactBallRawLaw μ))
                                            (HMul.hMul.{0, 0, 0}
                                              (HMul.hMul.{0, 0, 0} (HAdd.hAdd.{0, 0, 0} (↑d) 1)
                                                (HAdd.hAdd.{0, 0, 0} (↑d) 2))
                                              (HDiv.hDiv.{0, 0, 0}
                                                (HMul.hMul.{0, 0, 0} (HAdd.hAdd.{0, 0, 0} (↑d) 1)
                                                  (Entry005.entryDefect.{0} K))
                                                (HAdd.hAdd.{0, 0, 0} 1
                                                  (HMul.hMul.{0, 0, 0} (HAdd.hAdd.{0, 0, 0} (↑d) 1)
                                                    (Entry005.entryDefect.{0} K)))))
'Entry005.actual_body_joint_polar_pyramid_assignment' depends on axioms: [propext, Classical.choice.{u}, Quot.sound.{u}]
Entry005.actual_body_lifted_first_moment_of_compact_limit {d : ℕ} [Nontrivial.{0} (Entry005.Space d)]
  (K : Set.{0} (Entry005.Space d)) (hc : IsCompact.{0} K) (hconv : Convex.{0, 0} ℝ K)
  (hb : Metric.closedBall.{0} 0 1 ⊆ K) (μ : MeasureTheory.ProbabilityMeasure.{0} (Entry005.CompactConeBall d))
  (φ : ℕ → ℕ) (hφ : StrictMono.{0, 0} φ)
  (hlim :
    Filter.Tendsto.{0, 0}
      (fun k => Entry005.compactBallLaw (Entry005.halfspaceApproximationProbability K hc hconv hb (φ k)))
      Filter.atTop.{0} (nhds.{0} μ)) :
  Eq.{1}
    (∫ (w : Fin (HAdd.hAdd.{0, 0, 0} d 1) → Fin d → ℝ),
      abs.{0}
        (Entry005.liftedDeterminant (fun j => w j.succ)
          (w 0)) ∂Entry005.iidLaw.{0} (↑(Entry005.compactBallRawLaw μ)) (HAdd.hAdd.{0, 0, 0} d 1))
    (HMul.hMul.{0, 0, 0}
      (HMul.hMul.{0, 0, 0} (HAdd.hAdd.{0, 0, 0} (↑d) 1)
        (∫ (w : Fin d → Fin d → ℝ),
          abs.{0} (Entry005.horizontalDeterminant w) ∂Entry005.iidLaw.{0} (↑(Entry005.compactBallRawLaw μ)) d))
      (Entry005.entryA.{0} K))
'Entry005.actual_body_lifted_first_moment_of_compact_limit' depends on axioms: [propext,
 Classical.choice.{u},
 Quot.sound.{u}]
Entry005.actual_determinant_assignment_cost {d : ℕ} (w : Fin (HAdd.hAdd.{0, 0, 0} d 1) → Fin d → ℝ)
  (hdet : Ne.{1} (Matrix.det.{0, 0} (Entry005.anchorMatrix w)) 0) (x : Fin d → ℝ) :
  LE.le.{0}
    (HMul.hMul.{0, 0, 0} (abs.{0} (Matrix.det.{0, 0} (Entry005.anchorMatrix w)))
      (Entry005.assignmentCost (Entry005.anchorCoordinates w x)))
    (Entry005.determinantAssignmentWitness w x)
'Entry005.actual_determinant_assignment_cost' depends on axioms: [propext, Classical.choice.{u}, Quot.sound.{u}]
Entry005.actual_polar_boundary_compact_isClosed {d : ℕ} (K : Set.{0} (Entry005.Space d)) (hc : IsCompact.{0} K)
  (hne : Set.Nonempty.{0} K) : IsClosed.{0} (Entry005.actualPolarBoundaryCompact K)
'Entry005.actual_polar_boundary_compact_isClosed' depends on axioms: [propext, Classical.choice.{u}, Quot.sound.{u}]
Entry005.actual_polar_boundary_raw_isClosed {d : ℕ} (K : Set.{0} (Entry005.Space d)) (hc : IsCompact.{0} K)
  (hne : Set.Nonempty.{0} K) : IsClosed.{0} (Entry005.actualPolarBoundaryRaw K)
'Entry005.actual_polar_boundary_raw_isClosed' depends on axioms: [propext, Classical.choice.{u}, Quot.sound.{u}]
Entry005.actual_projection_body_compact_general.{u_1} {E : Type u_1} [NormedAddCommGroup.{u_1} E]
  [InnerProductSpace.{0, u_1} ℝ E] [FiniteDimensional.{0, u_1} ℝ E] [MeasurableSpace.{u_1} E] [BorelSpace.{u_1} E]
  (K : Set.{u_1} E) : IsCompact.{u_1} (Entry005.projectionBodySet.{u_1} K)
'Entry005.actual_projection_body_compact_general' depends on axioms: [propext, Classical.choice.{u}, Quot.sound.{u}]
Entry005.actual_projection_body_compact_via_official {d : ℕ} (K : Set.{0} (Entry005.Space d)) :
  IsCompact.{0} (Entry005.projectionBodySet.{0} K)
'Entry005.actual_projection_body_compact_via_official' depends on axioms: [propext,
 Classical.choice.{u},
 Quot.sound.{u}]
Entry005.affine_hyperplane_projection_volume.{u_1} {E : Type u_1} [NormedAddCommGroup.{u_1} E]
  [InnerProductSpace.{0, u_1} ℝ E] [FiniteDimensional.{0, u_1} ℝ E] [MeasurableSpace.{u_1} E] [BorelSpace.{u_1} E]
  (n u : E) (hn : Eq.{1} (norm.{u_1} n) 1) (hu : Eq.{1} (norm.{u_1} u) 1) (h : ℝ)
  (S : Set.{u_1} ↥(Submodule.orthogonal.{0, u_1} (Submodule.span.{0, u_1} ℝ (singleton.{u_1, u_1} n)))) :
  Eq.{1}
    (MeasureTheory.volume.{u_1}
      (Set.image.{u_1, u_1}
        (⇑(Submodule.orthogonalProjectionOnto.{0, u_1}
            (Submodule.orthogonal.{0, u_1} (Submodule.span.{0, u_1} ℝ (singleton.{u_1, u_1} u)))))
        (Set.image.{u_1, u_1} (fun z => HAdd.hAdd.{u_1, u_1, u_1} (HSMul.hSMul.{0, u_1, u_1} h n) ↑z) S)))
    (HMul.hMul.{0, 0, 0} (ENNReal.ofReal (abs.{0} (inner.{0, u_1} ℝ u n))) (MeasureTheory.volume.{u_1} S))
'Entry005.affine_hyperplane_projection_volume' depends on axioms: [propext, Classical.choice.{u}, Quot.sound.{u}]
Entry005.affine_hyperplane_projection_volume_zero.{u_1} {E : Type u_1} [NormedAddCommGroup.{u_1} E]
  [InnerProductSpace.{0, u_1} ℝ E] [FiniteDimensional.{0, u_1} ℝ E] [MeasurableSpace.{u_1} E] [BorelSpace.{u_1} E]
  (n u : E) (hn : Eq.{1} (norm.{u_1} n) 1) (hu : Eq.{1} (norm.{u_1} u) 1) (h : ℝ)
  (S : Set.{u_1} ↥(Submodule.orthogonal.{0, u_1} (Submodule.span.{0, u_1} ℝ (singleton.{u_1, u_1} n))))
  (horth : Eq.{1} (inner.{0, u_1} ℝ u n) 0) :
  Eq.{1}
    (MeasureTheory.volume.{u_1}
      (Set.image.{u_1, u_1}
        (⇑(Submodule.orthogonalProjectionOnto.{0, u_1}
            (Submodule.orthogonal.{0, u_1} (Submodule.span.{0, u_1} ℝ (singleton.{u_1, u_1} u)))))
        (Set.image.{u_1, u_1} (fun z => HAdd.hAdd.{u_1, u_1, u_1} (HSMul.hSMul.{0, u_1, u_1} h n) ↑z) S)))
    0
'Entry005.affine_hyperplane_projection_volume_zero' depends on axioms: [propext, Classical.choice.{u}, Quot.sound.{u}]
Entry005.affine_scalar_homothety_value {d : ℕ} (f : AffineMap.{0, 0, 0, 0, 0} ℝ (Entry005.Space d) ℝ)
  (c x : Entry005.Space d) (r : ℝ) :
  Eq.{1} (f (HAdd.hAdd.{0, 0, 0} c (HSMul.hSMul.{0, 0, 0} r (HSub.hSub.{0, 0, 0} x c))))
    (HAdd.hAdd.{0, 0, 0} (f c) (HMul.hMul.{0, 0, 0} r (HSub.hSub.{0, 0, 0} (f x) (f c))))
'Entry005.affine_scalar_homothety_value' depends on axioms: [propext, Classical.choice.{u}, Quot.sound.{u}]
Entry005.alternating_cons_projection_congr.{u_1} {E : Type u_1} [NormedAddCommGroup.{u_1} E]
  [InnerProductSpace.{0, u_1} ℝ E] {d : ℕ} (e : Module.Basis.{0, 0, u_1} (Fin (HAdd.hAdd.{0, 0, 0} d 1)) ℝ E)
  (f : AlternatingMap.{0, u_1, 0, 0} ℝ E ℝ (Fin (HAdd.hAdd.{0, 0, 0} d 1))) (v : E) (w : Fin d → E) :
  Eq.{1} (f (Fin.cons.{u_1 + 1} v w))
    (f
      (Fin.cons.{u_1 + 1} v fun i =>
        ↑((Submodule.orthogonalProjectionOnto.{0, u_1}
              (Submodule.orthogonal.{0, u_1} (Submodule.span.{0, u_1} ℝ (singleton.{u_1, u_1} v))))
            (w i))))
'Entry005.alternating_cons_projection_congr' depends on axioms: [propext, Classical.choice.{u}, Quot.sound.{u}]
Entry005.alternating_injection_sum_cons.{u_1} {E : Type u_1} [AddCommGroup.{u_1} E] [Module.{0, u_1} ℝ E] (d m : ℕ)
  (f : AlternatingMap.{0, u_1, 0, 0} ℝ E ℝ (Fin (HAdd.hAdd.{0, 0, 0} d 1))) (v : E) (g : Fin m → E) :
  Eq.{1} (∑ σ, abs.{0} (f fun i => Fin.cons.{u_1 + 1} v g (σ i)))
    (HAdd.hAdd.{0, 0, 0} (∑ σ, abs.{0} (f fun i => g (σ i)))
      (HMul.hMul.{0, 0, 0} (HAdd.hAdd.{0, 0, 0} (↑d) 1) (∑ τ, abs.{0} (f (Fin.cons.{u_1 + 1} v fun i => g (τ i))))))
'Entry005.alternating_injection_sum_cons' depends on axioms: [propext, Classical.choice.{u}, Quot.sound.{u}]
Entry005.anchor_coordinates_reconstruct {d : ℕ} (w : Fin (HAdd.hAdd.{0, 0, 0} d 1) → Fin d → ℝ)
  (hdet : Ne.{1} (Matrix.det.{0, 0} (Entry005.anchorMatrix w)) 0) (x : Fin d → ℝ) :
  Eq.{1} (∑ i, HSMul.hSMul.{0, 0, 0} (Entry005.anchorCoordinates w x i) (w i)) x
'Entry005.anchor_coordinates_reconstruct' depends on axioms: [propext, Classical.choice.{u}, Quot.sound.{u}]
Entry005.anchor_coordinates_sum {d : ℕ} (w : Fin (HAdd.hAdd.{0, 0, 0} d 1) → Fin d → ℝ)
  (hdet : Ne.{1} (Matrix.det.{0, 0} (Entry005.anchorMatrix w)) 0) (x : Fin d → ℝ) :
  Eq.{1} (∑ i, Entry005.anchorCoordinates w x i) 1
'Entry005.anchor_coordinates_sum' depends on axioms: [propext, Classical.choice.{u}, Quot.sound.{u}]
Entry005.anchor_matrix_entry {d : ℕ} (w : Fin (HAdd.hAdd.{0, 0, 0} d 1) → Fin d → ℝ)
  (i j : Fin (HAdd.hAdd.{0, 0, 0} d 1)) : Eq.{1} (Entry005.anchorMatrix w i j) (Fin.cases.{1} 1 (w j) i)
'Entry005.anchor_matrix_entry' depends on axioms: [propext, Classical.choice.{u}, Quot.sound.{u}]
Entry005.anchor_matrix_mul_coordinates {d : ℕ} (w : Fin (HAdd.hAdd.{0, 0, 0} d 1) → Fin d → ℝ)
  (hdet : Ne.{1} (Matrix.det.{0, 0} (Entry005.anchorMatrix w)) 0) (x : Fin d → ℝ) :
  Eq.{1} (Matrix.mulVec.{0, 0, 0} (Entry005.anchorMatrix w) (Entry005.anchorCoordinates w x))
    (Entry005.liftedCoordinates.{0} id.{1} x)
'Entry005.anchor_matrix_mul_coordinates' depends on axioms: [propext, Classical.choice.{u}, Quot.sound.{u}]
Entry005.assignment_cost_integrable.{u_1} {n : ℕ} {α : Type u_1} [MeasurableSpace.{u_1} α]
  (μ : MeasureTheory.Measure.{u_1} α) [MeasureTheory.IsFiniteMeasure.{u_1} μ]
  (a : α → Fin (HAdd.hAdd.{0, 0, 0} n 1) → ℝ)
  (ha : ∀ (i : Fin (HAdd.hAdd.{0, 0, 0} n 1)), MeasureTheory.Integrable.{0, u_1} (fun x => a x i) μ) :
  MeasureTheory.Integrable.{0, u_1} (fun x => Entry005.assignmentCost (a x)) μ
'Entry005.assignment_cost_integrable' depends on axioms: [propext, Classical.choice.{u}, Quot.sound.{u}]
Entry005.assignment_cost_nonneg {n : ℕ} (a : Fin (HAdd.hAdd.{0, 0, 0} n 1) → ℝ) :
  LE.le.{0} 0 (Entry005.assignmentCost a)
'Entry005.assignment_cost_nonneg' depends on axioms: [propext, Classical.choice.{u}, Quot.sound.{u}]
Entry005.augmentedVertices_abs_det_le_of_mem_convexHull.{u_1} {d : ℕ} {ι : Type u_1} (v : ι → Entry005.Space d)
  (z : Fin (HAdd.hAdd.{0, 0, 0} d 1) → Entry005.Space d) (M : ℝ)
  (hvertex :
    ∀ (b : Fin (HAdd.hAdd.{0, 0, 0} d 1) → ι),
      LE.le.{0} (abs.{0} (Matrix.det.{0, 0} (Entry005.augmentedVertices (Function.comp.{1, u_1 + 1, 1} v b)))) M)
  (hz :
    ∀ (j : Fin (HAdd.hAdd.{0, 0, 0} d 1)),
      Membership.mem.{0, 0} ((convexHull.{0, 0} ℝ) (Set.range.{0, u_1 + 1} v)) (z j)) :
  LE.le.{0} (abs.{0} (Matrix.det.{0, 0} (Entry005.augmentedVertices z))) M
'Entry005.augmentedVertices_abs_det_le_of_mem_convexHull' depends on axioms: [propext,
 Classical.choice.{u},
 Quot.sound.{u}]
Entry005.augmentedVertices_update {d : ℕ} (z : Fin (HAdd.hAdd.{0, 0, 0} d 1) → Entry005.Space d)
  (j : Fin (HAdd.hAdd.{0, 0, 0} d 1)) (x : Entry005.Space d) :
  Eq.{1} (Entry005.augmentedVertices (Function.update.{1, 1} z j x))
    (Matrix.updateCol.{0, 0, 0} (Entry005.augmentedVertices z) j fun i =>
      Fin.cases.{1} 1 (fun k => WithLp.ofLp.{0} x k) i)
'Entry005.augmentedVertices_update' depends on axioms: [propext, Classical.choice.{u}, Quot.sound.{u}]
Entry005.augmentedVertices_update_affine_det {d : ℕ} (z : Fin (HAdd.hAdd.{0, 0, 0} d 1) → Entry005.Space d)
  (j : Fin (HAdd.hAdd.{0, 0, 0} d 1)) (x y : Entry005.Space d) (a b : ℝ) (hab : Eq.{1} (HAdd.hAdd.{0, 0, 0} a b) 1) :
  Eq.{1}
    (Matrix.det.{0, 0}
      (Entry005.augmentedVertices
        (Function.update.{1, 1} z j (HAdd.hAdd.{0, 0, 0} (HSMul.hSMul.{0, 0, 0} a x) (HSMul.hSMul.{0, 0, 0} b y)))))
    (HAdd.hAdd.{0, 0, 0}
      (HMul.hMul.{0, 0, 0} a (Matrix.det.{0, 0} (Entry005.augmentedVertices (Function.update.{1, 1} z j x))))
      (HMul.hMul.{0, 0, 0} b (Matrix.det.{0, 0} (Entry005.augmentedVertices (Function.update.{1, 1} z j y)))))
'Entry005.augmentedVertices_update_affine_det' depends on axioms: [propext, Classical.choice.{u}, Quot.sound.{u}]
Entry005.b_pos {d : ℕ} (hd : LE.le.{0} 1 d) : LT.lt.{0} 0 (Entry005.b d)
'Entry005.b_pos' depends on axioms: [propext, Classical.choice.{u}, Quot.sound.{u}]
Entry005.bodies_eq_of_zero_projection_deficit.{u_1} {E : Type u_1} [NormedAddCommGroup.{u_1} E]
  [InnerProductSpace.{0, u_1} ℝ E] [FiniteDimensional.{0, u_1} ℝ E] [MeasurableSpace.{u_1} E] [BorelSpace.{u_1} E]
  (hd : LE.le.{0} 2 (Module.finrank.{0, u_1} ℝ E)) (K P : ConvexBody.{u_1} E) (R : ℝ) (hR : LE.le.{0} 0 R)
  (hball : Metric.closedBall.{u_1} 0 1 ⊆ ↑K) (hKP : LE.le.{u_1} K P) (hKR : ↑K ⊆ Metric.closedBall.{u_1} 0 R)
  (hdef :
    ∀ (u : E),
      Eq.{1} (norm.{u_1} u) 1 →
        LE.le.{0}
          (HSub.hSub.{0, 0, 0}
            (Entry005.projectedVolume.{u_1}
                (Submodule.orthogonal.{0, u_1} (Submodule.span.{0, u_1} ℝ (singleton.{u_1, u_1} u))) P).toReal
            (Entry005.projectedVolume.{u_1}
                (Submodule.orthogonal.{0, u_1} (Submodule.span.{0, u_1} ℝ (singleton.{u_1, u_1} u))) K).toReal)
          0) :
  Eq.{u_1 + 1} K P
'Entry005.bodies_eq_of_zero_projection_deficit' depends on axioms: [propext, Classical.choice.{u}, Quot.sound.{u}]
Entry005.body_outer_ball_from_hausdorff.{u_1} {E : Type u_1} [NormedAddCommGroup.{u_1} E]
  [InnerProductSpace.{0, u_1} ℝ E] (K P : ConvexBody.{u_1} E) (R : ℝ) (hKR : ↑K ⊆ Metric.closedBall.{u_1} 0 R) :
  ↑P ⊆ Metric.closedBall.{u_1} 0 (HAdd.hAdd.{0, 0, 0} R (Metric.hausdorffDist.{u_1} ↑K ↑P))
'Entry005.body_outer_ball_from_hausdorff' depends on axioms: [propext, Classical.choice.{u}, Quot.sound.{u}]
Entry005.bounded_body_brightness_upper {d : ℕ} [Nontrivial.{0} (Entry005.Space d)] (K : Set.{0} (Entry005.Space d))
  (R : ℝ) (hR : LE.le.{0} 0 R) (hbound : K ⊆ Metric.closedBall.{0} 0 R) (u : Entry005.Space d)
  (hu : Eq.{1} (norm.{0} u) 1) :
  LE.le.{0} (Entry005.projectionVolumeSet.{0} K u)
    (HMul.hMul.{0, 0, 0} (HPow.hPow.{0, 0, 0} R (HSub.hSub.{0, 0, 0} d 1)) (Entry005.unitProjectionBallVolume d))
'Entry005.bounded_body_brightness_upper' depends on axioms: [propext, Classical.choice.{u}, Quot.sound.{u}]
Entry005.bounded_projection_body_compact {d : ℕ} [Nontrivial.{0} (Entry005.Space d)] (K : Set.{0} (Entry005.Space d))
  (R : ℝ) (hR : LE.le.{0} 0 R) (hbound : K ⊆ Metric.closedBall.{0} 0 R) :
  IsCompact.{0} (Entry005.projectionBodySet.{0} K)
'Entry005.bounded_projection_body_compact' depends on axioms: [propext, Classical.choice.{u}, Quot.sound.{u}]
Entry005.bounded_projection_body_subset_ball {d : ℕ} [Nontrivial.{0} (Entry005.Space d)]
  (K : Set.{0} (Entry005.Space d)) (R : ℝ) (hR : LE.le.{0} 0 R) (hbound : K ⊆ Metric.closedBall.{0} 0 R) :
  Entry005.projectionBodySet.{0} K ⊆
    Metric.closedBall.{0} 0
      (HMul.hMul.{0, 0, 0} (HPow.hPow.{0, 0, 0} R (HSub.hSub.{0, 0, 0} d 1)) (Entry005.unitProjectionBallVolume d))
'Entry005.bounded_projection_body_subset_ball' depends on axioms: [propext, Classical.choice.{u}, Quot.sound.{u}]
Entry005.cancellation_defect_nonneg.{u_1} {α : Type u_1} [MeasurableSpace.{u_1} α] {μ : MeasureTheory.Measure.{u_1} α}
  {f : α → ℝ} (hf : MeasureTheory.Integrable.{0, u_1} f μ) : LE.le.{0} 0 (Entry005.cancellationDefect.{u_1} μ f)
'Entry005.cancellation_defect_nonneg' depends on axioms: [propext, Classical.choice.{u}, Quot.sound.{u}]
Entry005.cap_ball.{u_1} {E : Type u_1} [NormedAddCommGroup.{u_1} E] [InnerProductSpace.{0, u_1} ℝ E] (K P : Set.{u_1} E)
  (n q k : E) (M s : ℝ) (hP : Convex.{0, u_1} ℝ P) (hball : Metric.closedBall.{u_1} 0 1 ⊆ P)
  (hq : Membership.mem.{u_1, u_1} P q) (hn : Eq.{1} (norm.{u_1} n) 1) (hM : LE.le.{0} 0 M)
  (hqM : LE.le.{0} (norm.{u_1} q) M) (hs : LT.lt.{0} 0 s) (hsM : LE.le.{0} s M)
  (hgap : Eq.{1} (HSub.hSub.{0, 0, 0} (inner.{0, u_1} ℝ n q) (inner.{0, u_1} ℝ n k)) s)
  (hsep : ∀ (x : E), Membership.mem.{u_1, u_1} K x → LE.le.{0} (inner.{0, u_1} ℝ n x) (inner.{0, u_1} ℝ n k)) :
  have τ := HDiv.hDiv.{0, 0, 0} s (HMul.hMul.{0, 0, 0} 2 (HAdd.hAdd.{0, 0, 0} M 1));
  Metric.closedBall.{u_1} (HSMul.hSMul.{0, u_1, u_1} (HSub.hSub.{0, 0, 0} 1 τ) q) τ ⊆ P ∧
    Disjoint.{u_1} K (Metric.closedBall.{u_1} (HSMul.hSMul.{0, u_1, u_1} (HSub.hSub.{0, 0, 0} 1 τ) q) τ)
'Entry005.cap_ball' depends on axioms: [propext, Classical.choice.{u}, Quot.sound.{u}]
Entry005.cap_measure_gain.{u_1} {E : Type u_1} [NormedAddCommGroup.{u_1} E] [InnerProductSpace.{0, u_1} ℝ E]
  [MeasurableSpace.{u_1} E] [BorelSpace.{u_1} E] [FiniteDimensional.{0, u_1} ℝ E] (μ : MeasureTheory.Measure.{u_1} E)
  [MeasureTheory.Measure.IsAddHaarMeasure.{u_1} μ] (K P : Set.{u_1} E) (n q k : E) (M s : ℝ) (hKP : K ⊆ P)
  (hP : Convex.{0, u_1} ℝ P) (hball : Metric.closedBall.{u_1} 0 1 ⊆ P) (hq : Membership.mem.{u_1, u_1} P q)
  (hn : Eq.{1} (norm.{u_1} n) 1) (hM : LE.le.{0} 0 M) (hqM : LE.le.{0} (norm.{u_1} q) M) (hs : LT.lt.{0} 0 s)
  (hsM : LE.le.{0} s M) (hgap : Eq.{1} (HSub.hSub.{0, 0, 0} (inner.{0, u_1} ℝ n q) (inner.{0, u_1} ℝ n k)) s)
  (hsep : ∀ (x : E), Membership.mem.{u_1, u_1} K x → LE.le.{0} (inner.{0, u_1} ℝ n x) (inner.{0, u_1} ℝ n k)) :
  LE.le.{0}
    (HAdd.hAdd.{0, 0, 0} (μ K)
      (HMul.hMul.{0, 0, 0}
        (ENNReal.ofReal
          (HPow.hPow.{0, 0, 0} (HDiv.hDiv.{0, 0, 0} s (HMul.hMul.{0, 0, 0} 2 (HAdd.hAdd.{0, 0, 0} M 1)))
            (Module.finrank.{0, u_1} ℝ E)))
        (μ (Metric.closedBall.{u_1} 0 1))))
    (μ P)
'Entry005.cap_measure_gain' depends on axioms: [propext, Classical.choice.{u}, Quot.sound.{u}]
Entry005.centeredDilation_affine_map {d : ℕ} (S : Affine.Simplex.{0, 0, 0} ℝ (Entry005.Space d) d)
  (f : AffineEquiv.{0, 0, 0, 0, 0} ℝ (Entry005.Space d) (Entry005.Space d)) (t : ℝ) :
  Eq.{1} (Entry005.centeredDilation (Entry005.affineSimplex f S) t)
    (Set.image.{0, 0} (⇑f) (Entry005.centeredDilation S t))
'Entry005.centeredDilation_affine_map' depends on axioms: [propext, Classical.choice.{u}, Quot.sound.{u}]
Entry005.centered_determinant_cancellation.{u_1} {α : Type u_1} [MeasurableSpace.{u_1} α]
  {μ : MeasureTheory.Measure.{u_1} α} {d : ℕ} (base : Fin d → Fin d → ℝ) [MeasureTheory.IsProbabilityMeasure.{u_1} μ]
  {X : α → Fin d → ℝ} (hX : ∀ (i : Fin d), MeasureTheory.Integrable.{0, u_1} (fun x => X x i) μ)
  (hcenter : ∀ (i : Fin d), Eq.{1} (∫ (x : α), X x i ∂μ) 0) :
  Eq.{1}
    (HSub.hSub.{0, 0, 0} (∫ (x : α), abs.{0} (Entry005.liftedDeterminant base (X x)) ∂μ)
      (abs.{0} (Entry005.horizontalDeterminant base)))
    (HMul.hMul.{0, 0, 0} 2
      (min.{0} (Entry005.positiveIntegral.{u_1} μ fun x => Entry005.liftedDeterminant base (X x))
        (Entry005.negativeIntegral.{u_1} μ fun x => Entry005.liftedDeterminant base (X x))))
'Entry005.centered_determinant_cancellation' depends on axioms: [propext, Classical.choice.{u}, Quot.sound.{u}]
Entry005.centered_determinant_family_budget.{u_1, u_2} {α : Type u_1} {β : Type u_2} [MeasurableSpace.{u_1} α]
  [MeasurableSpace.{u_2} β] {μ : MeasureTheory.Measure.{u_1} α} {σ : MeasureTheory.Measure.{u_2} β}
  [MeasureTheory.IsProbabilityMeasure.{u_1} μ] {d : ℕ} [MeasureTheory.SFinite.{u_2} σ] {base : β → Fin d → Fin d → ℝ}
  {X : α → Fin d → ℝ} (hX : ∀ (i : Fin d), MeasureTheory.Integrable.{0, u_1} (fun x => X x i) μ)
  (hcenter : ∀ (i : Fin d), Eq.{1} (∫ (x : α), X x i ∂μ) 0)
  (hmF : Measurable.{max u_1 u_2, 0} fun z => Entry005.liftedDeterminant (base z.1) (X z.2))
  (hF :
    MeasureTheory.Integrable.{0, max u_1 u_2} (fun z => Entry005.liftedDeterminant (base z.1) (X z.2))
      (MeasureTheory.Measure.prod.{u_2, u_1} σ μ)) :
  LE.le.{0} 0 (Entry005.determinantLawDefect.{u_1, u_2} σ μ base X) ∧
    Eq.{1} (Entry005.determinantLawDefect.{u_1, u_2} σ μ base X)
        (HMul.hMul.{0, 0, 0} 2
          (∫ (b : β),
            min.{0} (Entry005.positiveIntegral.{u_1} μ fun x => Entry005.liftedDeterminant (base b) (X x))
              (Entry005.negativeIntegral.{u_1} μ fun x => Entry005.liftedDeterminant (base b) (X x)) ∂σ)) ∧
      LE.le.{0}
        (∫ (b : β),
          ∫ (z : Prod.{u_1, u_1} α α),
            Entry005.oppositeWitness (Entry005.liftedDeterminant (base b) (X z.1))
              (Entry005.liftedDeterminant (base b) (X z.2)) ∂MeasureTheory.Measure.prod.{u_1, u_1} μ μ ∂σ)
        (Entry005.determinantLawDefect.{u_1, u_2} σ μ base X)
'Entry005.centered_determinant_family_budget' depends on axioms: [propext, Classical.choice.{u}, Quot.sound.{u}]
Entry005.centered_determinant_witness_le.{u_1} {α : Type u_1} [MeasurableSpace.{u_1} α]
  {μ : MeasureTheory.Measure.{u_1} α} {d : ℕ} (base : Fin d → Fin d → ℝ) [MeasureTheory.IsProbabilityMeasure.{u_1} μ]
  {X : α → Fin d → ℝ} (hX : ∀ (i : Fin d), MeasureTheory.Integrable.{0, u_1} (fun x => X x i) μ)
  (hcenter : ∀ (i : Fin d), Eq.{1} (∫ (x : α), X x i ∂μ) 0) :
  LE.le.{0}
    (∫ (z : Prod.{u_1, u_1} α α),
      Entry005.oppositeWitness (Entry005.liftedDeterminant base (X z.1))
        (Entry005.liftedDeterminant base (X z.2)) ∂MeasureTheory.Measure.prod.{u_1, u_1} μ μ)
    (HSub.hSub.{0, 0, 0} (∫ (x : α), abs.{0} (Entry005.liftedDeterminant base (X x)) ∂μ)
      (abs.{0} (Entry005.horizontalDeterminant base)))
'Entry005.centered_determinant_witness_le' depends on axioms: [propext, Classical.choice.{u}, Quot.sound.{u}]
Entry005.centered_dot_integral.{u_1} {α : Type u_1} [MeasurableSpace.{u_1} α] {ν : MeasureTheory.Measure.{u_1} α}
  {d : ℕ} (X : α → Fin d → ℝ) (u : Fin d → ℝ) (hX : ∀ (i : Fin d), MeasureTheory.Integrable.{0, u_1} (fun x => X x i) ν)
  (hcenter : ∀ (i : Fin d), Eq.{1} (∫ (x : α), X x i ∂ν) 0) : Eq.{1} (∫ (x : α), dotProduct.{0, 0} u (X x) ∂ν) 0
'Entry005.centered_dot_integral' depends on axioms: [propext, Classical.choice.{u}, Quot.sound.{u}]
Entry005.centered_iid_lifted_moment_ge_horizontal {d : ℕ} (ν : MeasureTheory.Measure.{0} (Fin d → ℝ))
  [MeasureTheory.IsProbabilityMeasure.{0} ν] (hX : ∀ (i : Fin d), MeasureTheory.Integrable.{0, 0} (fun x => x i) ν)
  (hcenter : ∀ (i : Fin d), Eq.{1} (∫ (x : Fin d → ℝ), x i ∂ν) 0) :
  LE.le.{0} (∫ (w : Fin d → Fin d → ℝ), abs.{0} (Entry005.horizontalDeterminant w) ∂Entry005.iidLaw.{0} ν d)
    (∫ (w : Fin (HAdd.hAdd.{0, 0, 0} d 1) → Fin d → ℝ),
      abs.{0} (Entry005.liftedDeterminant (fun j => w j.succ) (w 0)) ∂Entry005.iidLaw.{0} ν (HAdd.hAdd.{0, 0, 0} d 1))
'Entry005.centered_iid_lifted_moment_ge_horizontal' depends on axioms: [propext, Classical.choice.{u}, Quot.sound.{u}]
Entry005.centered_lifted_determinant_second_moment.{u_1} {α : Type u_1} [MeasurableSpace.{u_1} α]
  {ν : MeasureTheory.Measure.{u_1} α} [MeasureTheory.IsProbabilityMeasure.{u_1} ν] {d : ℕ} (X : α → Fin d → ℝ)
  (hX : ∀ (i : Fin d), MeasureTheory.Integrable.{0, u_1} (fun x => X x i) ν)
  (hcenter : ∀ (i : Fin d), Eq.{1} (∫ (x : α), X x i ∂ν) 0)
  (hpair : ∀ (i j : Fin d), MeasureTheory.Integrable.{0, u_1} (fun x => HMul.hMul.{0, 0, 0} (X x i) (X x j)) ν) :
  Eq.{1}
    (∫ (w : Fin (HAdd.hAdd.{0, 0, 0} d 1) → α),
      HPow.hPow.{0, 0, 0} (abs.{0} (Entry005.liftedDeterminant (fun i => X (w i.succ)) (X (w 0))))
        2 ∂Entry005.iidLaw.{u_1} ν (HAdd.hAdd.{0, 0, 0} d 1))
    (HMul.hMul.{0, 0, 0} (↑(HAdd.hAdd.{0, 0, 0} d 1).factorial)
      (Matrix.det.{0, 0} (Entry005.secondMomentMatrix.{u_1} ν X)))
'Entry005.centered_lifted_determinant_second_moment' depends on axioms: [propext, Classical.choice.{u}, Quot.sound.{u}]
Entry005.centered_lifted_moment_det.{u_1} {α : Type u_1} [MeasurableSpace.{u_1} α] {ν : MeasureTheory.Measure.{u_1} α}
  [MeasureTheory.IsProbabilityMeasure.{u_1} ν] {d : ℕ} (X : α → Fin d → ℝ)
  (hcenter : ∀ (i : Fin d), Eq.{1} (∫ (x : α), X x i ∂ν) 0) :
  Eq.{1} (Matrix.det.{0, 0} (Entry005.secondMomentMatrix.{u_1} ν (Entry005.liftedCoordinates.{u_1} X)))
    (Matrix.det.{0, 0} (Entry005.secondMomentMatrix.{u_1} ν X))
'Entry005.centered_lifted_moment_det' depends on axioms: [propext, Classical.choice.{u}, Quot.sound.{u}]
Entry005.closed_vertical_band_measure.{u_1} {α : Type u_1} [MeasurableSpace.{u_1} α] (μ : MeasureTheory.Measure.{u_1} α)
  (s : Set.{u_1} α) (f g : α → ℝ) (hs : MeasurableSet.{u_1} s) (hf : Measurable.{u_1, 0} f)
  (hg : Measurable.{u_1, 0} g) :
  Eq.{1} ((MeasureTheory.Measure.prod.{u_1, 0} μ MeasureTheory.volume.{0}) (Entry005.closedVerticalBand.{u_1} s f g))
    (∫⁻ (x : α) in s, ENNReal.ofReal (HSub.hSub.{0, 0, 0} (g x) (f x)) ∂μ)
'Entry005.closed_vertical_band_measure' depends on axioms: [propext, Classical.choice.{u}, Quot.sound.{u}]
Entry005.closest_support.{u_1} {E : Type u_1} [NormedAddCommGroup.{u_1} E] [InnerProductSpace.{0, u_1} ℝ E]
  (K : Set.{u_1} E) (hK : Convex.{0, u_1} ℝ K) (hc : IsComplete.{u_1} K) (hne : Set.Nonempty.{u_1} K) (q : E)
  (hq : q ∉ K) :
  ∃ k,
    Membership.mem.{u_1, u_1} K k ∧
      ∃ n,
        LT.lt.{0} 0 (norm.{u_1} (HSub.hSub.{u_1, u_1, u_1} q k)) ∧
          Eq.{1} (norm.{u_1} n) 1 ∧
            Eq.{1} (HSub.hSub.{0, 0, 0} (inner.{0, u_1} ℝ n q) (inner.{0, u_1} ℝ n k))
                (norm.{u_1} (HSub.hSub.{u_1, u_1, u_1} q k)) ∧
              (∀ (x : E), Membership.mem.{u_1, u_1} K x → LE.le.{0} (inner.{0, u_1} ℝ n x) (inner.{0, u_1} ℝ n k)) ∧
                ∀ (x : E),
                  Membership.mem.{u_1, u_1} K x →
                    LE.le.{0} (norm.{u_1} (HSub.hSub.{u_1, u_1, u_1} q k)) (norm.{u_1} (HSub.hSub.{u_1, u_1, u_1} q x))
'Entry005.closest_support' depends on axioms: [propext, Classical.choice.{u}, Quot.sound.{u}]
Entry005.compactBallLaw_coordinate_integral_tendsto {d : ℕ} (ν : ℕ → MeasureTheory.ProbabilityMeasure.{0} (Fin d → ℝ))
  (hball : ∀ (k : ℕ), ∀ᵐ (x : Fin d → ℝ) ∂↑(ν k), LE.le.{0} (norm.{0} (WithLp.toLp.{0} 2 x)) 1)
  (μ : MeasureTheory.ProbabilityMeasure.{0} (Entry005.CompactConeBall d)) (φ : ℕ → ℕ)
  (hlim : Filter.Tendsto.{0, 0} (fun k => Entry005.compactBallLaw (ν (φ k))) Filter.atTop.{0} (nhds.{0} μ))
  (i : Fin d) :
  Filter.Tendsto.{0, 0} (fun k => ∫ (x : Fin d → ℝ), x i ∂↑(ν (φ k))) Filter.atTop.{0}
    (nhds.{0} (∫ (x : Fin d → ℝ), x i ∂↑(Entry005.compactBallRawLaw μ)))
'Entry005.compactBallLaw_coordinate_integral_tendsto' depends on axioms: [propext, Classical.choice.{u}, Quot.sound.{u}]
Entry005.compactBallLaw_exists_subsequence {d : ℕ} (ν : ℕ → MeasureTheory.ProbabilityMeasure.{0} (Fin d → ℝ))
  (hball : ∀ (k : ℕ), ∀ᵐ (x : Fin d → ℝ) ∂↑(ν k), LE.le.{0} (norm.{0} (WithLp.toLp.{0} 2 x)) 1) :
  ∃ μ φ,
    StrictMono.{0, 0} φ ∧
      Filter.Tendsto.{0, 0} (fun k => Entry005.compactBallLaw (ν (φ k))) Filter.atTop.{0} (nhds.{0} μ) ∧
        Filter.Tendsto.{0, 0} (fun k => ν (φ k)) Filter.atTop.{0} (nhds.{0} (Entry005.compactBallRawLaw μ)) ∧
          ∀ (f : (Fin d → ℝ) → ℝ),
            Continuous.{0, 0} f →
              Filter.Tendsto.{0, 0} (fun k => ∫ (x : Fin d → ℝ), f x ∂↑(ν (φ k))) Filter.atTop.{0}
                (nhds.{0} (∫ (x : Fin d → ℝ), f x ∂↑(Entry005.compactBallRawLaw μ)))
'Entry005.compactBallLaw_exists_subsequence' depends on axioms: [propext, Classical.choice.{u}, Quot.sound.{u}]
Entry005.compactBallLaw_integral_raw {d : ℕ} (ν : MeasureTheory.ProbabilityMeasure.{0} (Fin d → ℝ))
  (hball : ∀ᵐ (x : Fin d → ℝ) ∂↑ν, LE.le.{0} (norm.{0} (WithLp.toLp.{0} 2 x)) 1) (f : (Fin d → ℝ) → ℝ)
  (hf : Continuous.{0, 0} f) :
  Eq.{1} (∫ (z : Entry005.CompactConeBall d), f (Entry005.compactBallRaw z) ∂↑(Entry005.compactBallLaw ν))
    (∫ (x : Fin d → ℝ), f x ∂↑ν)
'Entry005.compactBallLaw_integral_raw' depends on axioms: [propext, Classical.choice.{u}, Quot.sound.{u}]
Entry005.compactBallLaw_integral_tendsto {d : ℕ} (ν : ℕ → MeasureTheory.ProbabilityMeasure.{0} (Fin d → ℝ))
  (hball : ∀ (k : ℕ), ∀ᵐ (x : Fin d → ℝ) ∂↑(ν k), LE.le.{0} (norm.{0} (WithLp.toLp.{0} 2 x)) 1)
  (μ : MeasureTheory.ProbabilityMeasure.{0} (Entry005.CompactConeBall d)) (φ : ℕ → ℕ)
  (hlim : Filter.Tendsto.{0, 0} (fun k => Entry005.compactBallLaw (ν (φ k))) Filter.atTop.{0} (nhds.{0} μ))
  (f : (Fin d → ℝ) → ℝ) (hf : Continuous.{0, 0} f) :
  Filter.Tendsto.{0, 0} (fun k => ∫ (x : Fin d → ℝ), f x ∂↑(ν (φ k))) Filter.atTop.{0}
    (nhds.{0} (∫ (z : Entry005.CompactConeBall d), f (Entry005.compactBallRaw z) ∂↑μ))
'Entry005.compactBallLaw_integral_tendsto' depends on axioms: [propext, Classical.choice.{u}, Quot.sound.{u}]
Entry005.compactBallLaw_negative_direction_integral_tendsto {d : ℕ}
  (ν : ℕ → MeasureTheory.ProbabilityMeasure.{0} (Fin d → ℝ))
  (hball : ∀ (k : ℕ), ∀ᵐ (x : Fin d → ℝ) ∂↑(ν k), LE.le.{0} (norm.{0} (WithLp.toLp.{0} 2 x)) 1)
  (μ : MeasureTheory.ProbabilityMeasure.{0} (Entry005.CompactConeBall d)) (φ : ℕ → ℕ)
  (hlim : Filter.Tendsto.{0, 0} (fun k => Entry005.compactBallLaw (ν (φ k))) Filter.atTop.{0} (nhds.{0} μ))
  (u : Fin d → ℝ) :
  Filter.Tendsto.{0, 0} (fun k => Entry005.negativeIntegral.{0} ↑(ν (φ k)) fun x => dotProduct.{0, 0} u x)
    Filter.atTop.{0}
    (nhds.{0} (Entry005.negativeIntegral.{0} ↑(Entry005.compactBallRawLaw μ) fun x => dotProduct.{0, 0} u x))
'Entry005.compactBallLaw_negative_direction_integral_tendsto' depends on axioms: [propext,
 Classical.choice.{u},
 Quot.sound.{u}]
Entry005.compactBallLaw_raw_integral_tendsto {d : ℕ} (ν : ℕ → MeasureTheory.ProbabilityMeasure.{0} (Fin d → ℝ))
  (hball : ∀ (k : ℕ), ∀ᵐ (x : Fin d → ℝ) ∂↑(ν k), LE.le.{0} (norm.{0} (WithLp.toLp.{0} 2 x)) 1)
  (μ : MeasureTheory.ProbabilityMeasure.{0} (Entry005.CompactConeBall d)) (φ : ℕ → ℕ)
  (hlim : Filter.Tendsto.{0, 0} (fun k => Entry005.compactBallLaw (ν (φ k))) Filter.atTop.{0} (nhds.{0} μ))
  (f : (Fin d → ℝ) → ℝ) (hf : Continuous.{0, 0} f) :
  Filter.Tendsto.{0, 0} (fun k => ∫ (x : Fin d → ℝ), f x ∂↑(ν (φ k))) Filter.atTop.{0}
    (nhds.{0} (∫ (x : Fin d → ℝ), f x ∂↑(Entry005.compactBallRawLaw μ)))
'Entry005.compactBallLaw_raw_integral_tendsto' depends on axioms: [propext, Classical.choice.{u}, Quot.sound.{u}]
Entry005.compactBallLaw_raw_probability_pushforward {d : ℕ} (ν : MeasureTheory.ProbabilityMeasure.{0} (Fin d → ℝ))
  (hball : ∀ᵐ (x : Fin d → ℝ) ∂↑ν, LE.le.{0} (norm.{0} (WithLp.toLp.{0} 2 x)) 1) :
  Eq.{1} (MeasureTheory.ProbabilityMeasure.map.{0, 0} (Entry005.compactBallLaw ν) Entry005.compactBallRaw) ν
'Entry005.compactBallLaw_raw_probability_pushforward' depends on axioms: [propext, Classical.choice.{u}, Quot.sound.{u}]
Entry005.compactBallLaw_raw_pushforward {d : ℕ} (ν : MeasureTheory.ProbabilityMeasure.{0} (Fin d → ℝ))
  (hball : ∀ᵐ (x : Fin d → ℝ) ∂↑ν, LE.le.{0} (norm.{0} (WithLp.toLp.{0} 2 x)) 1) :
  Eq.{1} (MeasureTheory.Measure.map.{0, 0} Entry005.compactBallRaw ↑(Entry005.compactBallLaw ν)) ↑ν
'Entry005.compactBallLaw_raw_pushforward' depends on axioms: [propext, Classical.choice.{u}, Quot.sound.{u}]
Entry005.compactBallLaw_raw_tendsto {d : ℕ} (ν : ℕ → MeasureTheory.ProbabilityMeasure.{0} (Fin d → ℝ))
  (hball : ∀ (k : ℕ), ∀ᵐ (x : Fin d → ℝ) ∂↑(ν k), LE.le.{0} (norm.{0} (WithLp.toLp.{0} 2 x)) 1)
  (μ : MeasureTheory.ProbabilityMeasure.{0} (Entry005.CompactConeBall d)) (φ : ℕ → ℕ)
  (hlim : Filter.Tendsto.{0, 0} (fun k => Entry005.compactBallLaw (ν (φ k))) Filter.atTop.{0} (nhds.{0} μ)) :
  Filter.Tendsto.{0, 0} (fun k => ν (φ k)) Filter.atTop.{0} (nhds.{0} (Entry005.compactBallRawLaw μ))
'Entry005.compactBallLaw_raw_tendsto' depends on axioms: [propext, Classical.choice.{u}, Quot.sound.{u}]
Entry005.compactBallRawLaw_ae_unit_ball {d : ℕ}
  (μ : MeasureTheory.ProbabilityMeasure.{0} (Entry005.CompactConeBall d)) :
  ∀ᵐ (x : Fin d → ℝ) ∂↑(Entry005.compactBallRawLaw μ), LE.le.{0} (norm.{0} (WithLp.toLp.{0} 2 x)) 1
'Entry005.compactBallRawLaw_ae_unit_ball' depends on axioms: [propext, Classical.choice.{u}, Quot.sound.{u}]
Entry005.compactBallRawLaw_integral {d : ℕ} (μ : MeasureTheory.ProbabilityMeasure.{0} (Entry005.CompactConeBall d))
  (f : (Fin d → ℝ) → ℝ) (hf : Continuous.{0, 0} f) :
  Eq.{1} (∫ (x : Fin d → ℝ), f x ∂↑(Entry005.compactBallRawLaw μ))
    (∫ (z : Entry005.CompactConeBall d), f (Entry005.compactBallRaw z) ∂↑μ)
'Entry005.compactBallRawLaw_integral' depends on axioms: [propext, Classical.choice.{u}, Quot.sound.{u}]
Entry005.compactBallRaw_retraction_of_norm_le {d : ℕ} (x : Fin d → ℝ)
  (hx : LE.le.{0} (norm.{0} (WithLp.toLp.{0} 2 x)) 1) : Eq.{1} (Entry005.compactBallRaw (Entry005.rawToCompactBall x)) x
'Entry005.compactBallRaw_retraction_of_norm_le' depends on axioms: [propext, Classical.choice.{u}, Quot.sound.{u}]
Entry005.compact_body_normalization_pos_of_unit_ball.{u_1} {E : Type u_1} [NormedAddCommGroup.{u_1} E]
  [InnerProductSpace.{0, u_1} ℝ E] [FiniteDimensional.{0, u_1} ℝ E] [MeasurableSpace.{u_1} E] [BorelSpace.{u_1} E]
  [Nontrivial.{u_1} E] (K : Set.{u_1} E) (hc : IsCompact.{u_1} K) (hb : Metric.closedBall.{u_1} 0 1 ⊆ K) :
  LT.lt.{0} 0 (HMul.hMul.{0, 0, 0} (↑(Module.finrank.{0, u_1} ℝ E)) (MeasureTheory.volume.{u_1} K).toReal)
'Entry005.compact_body_normalization_pos_of_unit_ball' depends on axioms: [propext,
 Classical.choice.{u},
 Quot.sound.{u}]
Entry005.compact_body_volume_pos_of_unit_ball.{u_1} {E : Type u_1} [NormedAddCommGroup.{u_1} E]
  [InnerProductSpace.{0, u_1} ℝ E] [FiniteDimensional.{0, u_1} ℝ E] [MeasurableSpace.{u_1} E] [BorelSpace.{u_1} E]
  (K : Set.{u_1} E) (hc : IsCompact.{u_1} K) (hb : Metric.closedBall.{u_1} 0 1 ⊆ K) :
  LT.lt.{0} 0 (MeasureTheory.volume.{u_1} K).toReal
'Entry005.compact_body_volume_pos_of_unit_ball' depends on axioms: [propext, Classical.choice.{u}, Quot.sound.{u}]
Entry005.compact_convex_eq_support_halfspaces.{u_1} {E : Type u_1} [NormedAddCommGroup.{u_1} E]
  [InnerProductSpace.{0, u_1} ℝ E] (K : Set.{u_1} E) (hc : IsCompact.{u_1} K) (hne : Set.Nonempty.{u_1} K)
  (hconv : Convex.{0, u_1} ℝ K) :
  Eq.{u_1 + 1} K
    (Set.ofPred.{u_1} fun x =>
      ∀ (u : E), Eq.{1} (norm.{u_1} u) 1 → LE.le.{0} (inner.{0, u_1} ℝ u x) (Entry005.compactSupportHeight.{u_1} K u))
'Entry005.compact_convex_eq_support_halfspaces' depends on axioms: [propext, Classical.choice.{u}, Quot.sound.{u}]
Entry005.compact_convex_extrusion_fiber_volume.{u_1} {E : Type u_1} [NormedAddCommGroup.{u_1} E]
  [NormedSpace.{0, u_1} ℝ E] {K : Set.{u_1} (Prod.{u_1, 0} E ℝ)} (hK : IsCompact.{u_1} K) (hc : Convex.{0, u_1} ℝ K)
  (τ : ℝ) (hτ : LE.le.{0} 0 τ) (x : E) :
  Eq.{1} (MeasureTheory.volume.{0} (Set.preimage.{0, u_1} (Prod.mk.{u_1, 0} x) (Entry005.verticalExtrusion.{u_1} K τ)))
    (HAdd.hAdd.{0, 0, 0} (MeasureTheory.volume.{0} (Set.preimage.{0, u_1} (Prod.mk.{u_1, 0} x) K))
      (Set.indicator.{u_1, 0} (Set.image.{u_1, u_1} Prod.fst.{u_1, 0} K) (fun x => ENNReal.ofReal τ) x))
'Entry005.compact_convex_extrusion_fiber_volume' depends on axioms: [propext, Classical.choice.{u}, Quot.sound.{u}]
Entry005.compact_convex_extrusion_volume.{u_1} {E : Type u_1} [NormedAddCommGroup.{u_1} E]
  [InnerProductSpace.{0, u_1} ℝ E] [FiniteDimensional.{0, u_1} ℝ E] [MeasurableSpace.{u_1} E] [BorelSpace.{u_1} E]
  {K : Set.{u_1} E} (hK : IsCompact.{u_1} K) (hc : Convex.{0, u_1} ℝ K) (v : E) (τ : ℝ) (hτ : LE.le.{0} 0 τ) :
  Eq.{1} (MeasureTheory.volume.{u_1} (Entry005.segmentExtrusion.{u_1} K v τ))
    (HAdd.hAdd.{0, 0, 0} (MeasureTheory.volume.{u_1} K)
      (HMul.hMul.{0, 0, 0} (ENNReal.ofReal (HMul.hMul.{0, 0, 0} τ (norm.{u_1} v)))
        (MeasureTheory.volume.{u_1}
          (Set.image.{u_1, u_1}
            (⇑(Submodule.orthogonalProjectionOnto.{0, u_1}
                (Submodule.orthogonal.{0, u_1} (Submodule.span.{0, u_1} ℝ (singleton.{u_1, u_1} v)))))
            K))))
'Entry005.compact_convex_extrusion_volume' depends on axioms: [propext, Classical.choice.{u}, Quot.sound.{u}]
Entry005.compact_convex_unit_extrusion_volume.{u_1} {E : Type u_1} [NormedAddCommGroup.{u_1} E]
  [InnerProductSpace.{0, u_1} ℝ E] [FiniteDimensional.{0, u_1} ℝ E] [MeasurableSpace.{u_1} E] [BorelSpace.{u_1} E]
  {K : Set.{u_1} E} (hK : IsCompact.{u_1} K) (hc : Convex.{0, u_1} ℝ K) (u : E) (hu : Eq.{1} (norm.{u_1} u) 1) (τ : ℝ)
  (hτ : LE.le.{0} 0 τ) :
  Eq.{1} (MeasureTheory.volume.{u_1} (Entry005.segmentExtrusion.{u_1} K u τ))
    (HAdd.hAdd.{0, 0, 0} (MeasureTheory.volume.{u_1} K)
      (HMul.hMul.{0, 0, 0} (ENNReal.ofReal τ)
        (MeasureTheory.volume.{u_1}
          (Set.image.{u_1, u_1}
            (⇑(Submodule.orthogonalProjectionOnto.{0, u_1}
                (Submodule.orthogonal.{0, u_1} (Submodule.span.{0, u_1} ℝ (singleton.{u_1, u_1} u)))))
            K))))
'Entry005.compact_convex_unit_extrusion_volume' depends on axioms: [propext, Classical.choice.{u}, Quot.sound.{u}]
Entry005.compact_convex_vertical_extrusion_volume.{u_1} {E : Type u_1} [NormedAddCommGroup.{u_1} E]
  [NormedSpace.{0, u_1} ℝ E] [MeasurableSpace.{u_1} E] [BorelSpace.{u_1} E] (μ : MeasureTheory.Measure.{u_1} E)
  {K : Set.{u_1} (Prod.{u_1, 0} E ℝ)} (hK : IsCompact.{u_1} K) (hc : Convex.{0, u_1} ℝ K) (τ : ℝ) (hτ : LE.le.{0} 0 τ) :
  Eq.{1} ((MeasureTheory.Measure.prod.{u_1, 0} μ MeasureTheory.volume.{0}) (Entry005.verticalExtrusion.{u_1} K τ))
    (HAdd.hAdd.{0, 0, 0} ((MeasureTheory.Measure.prod.{u_1, 0} μ MeasureTheory.volume.{0}) K)
      (HMul.hMul.{0, 0, 0} (ENNReal.ofReal τ) (μ (Set.image.{u_1, u_1} Prod.fst.{u_1, 0} K))))
'Entry005.compact_convex_vertical_extrusion_volume' depends on axioms: [propext, Classical.choice.{u}, Quot.sound.{u}]
Entry005.compact_convex_vertical_fiber.{u_1} {E : Type u_1} [NormedAddCommGroup.{u_1} E] [NormedSpace.{0, u_1} ℝ E]
  {K : Set.{u_1} (Prod.{u_1, 0} E ℝ)} (hK : IsCompact.{u_1} K) (hc : Convex.{0, u_1} ℝ K) {x : E}
  (hx : Membership.mem.{u_1, u_1} (Set.image.{u_1, u_1} Prod.fst.{u_1, 0} K) x) :
  ∃ a b, LE.le.{0} a b ∧ Eq.{1} (Set.preimage.{0, u_1} (Prod.mk.{u_1, 0} x) K) (Set.Icc.{0} a b)
'Entry005.compact_convex_vertical_fiber' depends on axioms: [propext, Classical.choice.{u}, Quot.sound.{u}]
Entry005.compact_normalized_projection_ratio_pos {d : ℕ} [Nontrivial.{0} (Entry005.Space d)]
  (K : Set.{0} (Entry005.Space d)) (hc : IsCompact.{0} K) (hb : Metric.closedBall.{0} 0 1 ⊆ K) :
  LT.lt.{0} 0 (Entry005.projectionRatio.{0} K)
'Entry005.compact_normalized_projection_ratio_pos' depends on axioms: [propext, Classical.choice.{u}, Quot.sound.{u}]
Entry005.compact_probability_subsequence_integrals.{u_1} {X : Type u_1} [TopologicalSpace.{u_1} X]
  [TopologicalSpace.MetrizableSpace.{u_1} X] [SecondCountableTopology.{u_1} X] [MeasurableSpace.{u_1} X]
  [BorelSpace.{u_1} X] [CompactSpace.{u_1} X] (μ : ℕ → MeasureTheory.ProbabilityMeasure.{u_1} X) :
  ∃ ν φ,
    StrictMono.{0, 0} φ ∧
      Filter.Tendsto.{0, u_1} (Function.comp.{1, 1, u_1 + 1} μ φ) Filter.atTop.{0} (nhds.{u_1} ν) ∧
        ∀ (f : BoundedContinuousFunction.{u_1, 0} X ℝ),
          Filter.Tendsto.{0, 0} (fun n => ∫ (x : X), f x ∂↑(μ (φ n))) Filter.atTop.{0} (nhds.{0} (∫ (x : X), f x ∂↑ν))
'Entry005.compact_probability_subsequence_integrals' depends on axioms: [propext, Classical.choice.{u}, Quot.sound.{u}]
Entry005.compact_probability_tendsto_subseq.{u_1} {X : Type u_1} [TopologicalSpace.{u_1} X]
  [TopologicalSpace.MetrizableSpace.{u_1} X] [SecondCountableTopology.{u_1} X] [MeasurableSpace.{u_1} X]
  [BorelSpace.{u_1} X] [CompactSpace.{u_1} X] (μ : ℕ → MeasureTheory.ProbabilityMeasure.{u_1} X) :
  ∃ ν φ,
    StrictMono.{0, 0} φ ∧ Filter.Tendsto.{0, u_1} (Function.comp.{1, 1, u_1 + 1} μ φ) Filter.atTop.{0} (nhds.{u_1} ν)
'Entry005.compact_probability_tendsto_subseq' depends on axioms: [propext, Classical.choice.{u}, Quot.sound.{u}]
Entry005.compact_projection_body_dilation_sandwich.{u_1} {E : Type u_1} [NormedAddCommGroup.{u_1} E]
  [InnerProductSpace.{0, u_1} ℝ E] [FiniteDimensional.{0, u_1} ℝ E] [MeasurableSpace.{u_1} E] [BorelSpace.{u_1} E]
  (K P : Set.{u_1} E) (hK : IsCompact.{u_1} K) (hP : IsCompact.{u_1} P) (a : ℝ) (ha : LT.lt.{0} 0 a) (hKP : K ⊆ P)
  (hPK : P ⊆ HSMul.hSMul.{0, u_1, u_1} a K) :
  Entry005.projectionBodySet.{u_1} K ⊆ Entry005.projectionBodySet.{u_1} P ∧
    Entry005.projectionBodySet.{u_1} P ⊆
      HSMul.hSMul.{0, u_1, u_1} (HPow.hPow.{0, 0, 0} a (HSub.hSub.{0, 0, 0} (Module.finrank.{0, u_1} ℝ E) 1))
        (Entry005.projectionBodySet.{u_1} K)
'Entry005.compact_projection_body_dilation_sandwich' depends on axioms: [propext, Classical.choice.{u}, Quot.sound.{u}]
Entry005.compact_projection_body_of_compact_body {d : ℕ} [Nontrivial.{0} (Entry005.Space d)]
  (K : Set.{0} (Entry005.Space d)) (hc : IsCompact.{0} K) : IsCompact.{0} (Entry005.projectionBodySet.{0} K)
'Entry005.compact_projection_body_of_compact_body' depends on axioms: [propext, Classical.choice.{u}, Quot.sound.{u}]
Entry005.compact_projection_body_of_dilation_sandwich.{u_1} {E : Type u_1} [NormedAddCommGroup.{u_1} E]
  [InnerProductSpace.{0, u_1} ℝ E] [FiniteDimensional.{0, u_1} ℝ E] [MeasurableSpace.{u_1} E] [BorelSpace.{u_1} E]
  (K P : Set.{u_1} E) (hK : IsCompact.{u_1} K) (hP : IsCompact.{u_1} P)
  (hBK : IsCompact.{u_1} (Entry005.projectionBodySet.{u_1} K)) (a : ℝ) (ha : LT.lt.{0} 0 a) (hKP : K ⊆ P)
  (hPK : P ⊆ HSMul.hSMul.{0, u_1, u_1} a K) : IsCompact.{u_1} (Entry005.projectionBodySet.{u_1} P)
'Entry005.compact_projection_body_of_dilation_sandwich' depends on axioms: [propext,
 Classical.choice.{u},
 Quot.sound.{u}]
Entry005.compact_projection_body_volume_dilation_sandwich.{u_1} {E : Type u_1} [NormedAddCommGroup.{u_1} E]
  [InnerProductSpace.{0, u_1} ℝ E] [FiniteDimensional.{0, u_1} ℝ E] [MeasurableSpace.{u_1} E] [BorelSpace.{u_1} E]
  (K P : Set.{u_1} E) (hK : IsCompact.{u_1} K) (hP : IsCompact.{u_1} P)
  (hBK : IsCompact.{u_1} (Entry005.projectionBodySet.{u_1} K)) (a : ℝ) (ha : LT.lt.{0} 0 a) (hKP : K ⊆ P)
  (hPK : P ⊆ HSMul.hSMul.{0, u_1, u_1} a K) :
  LE.le.{0} (MeasureTheory.volume.{u_1} (Entry005.projectionBodySet.{u_1} K)).toReal
      (MeasureTheory.volume.{u_1} (Entry005.projectionBodySet.{u_1} P)).toReal ∧
    LE.le.{0} (MeasureTheory.volume.{u_1} (Entry005.projectionBodySet.{u_1} P)).toReal
      (HMul.hMul.{0, 0, 0}
        (HPow.hPow.{0, 0, 0} (HPow.hPow.{0, 0, 0} a (HSub.hSub.{0, 0, 0} (Module.finrank.{0, u_1} ℝ E) 1))
          (Module.finrank.{0, u_1} ℝ E))
        (MeasureTheory.volume.{u_1} (Entry005.projectionBodySet.{u_1} K)).toReal)
'Entry005.compact_projection_body_volume_dilation_sandwich' depends on axioms: [propext,
 Classical.choice.{u},
 Quot.sound.{u}]
Entry005.compact_projection_volume_dilation_sandwich.{u_1} {E : Type u_1} [NormedAddCommGroup.{u_1} E]
  [InnerProductSpace.{0, u_1} ℝ E] [FiniteDimensional.{0, u_1} ℝ E] [MeasurableSpace.{u_1} E] [BorelSpace.{u_1} E]
  (K P : Set.{u_1} E) (hK : IsCompact.{u_1} K) (hP : IsCompact.{u_1} P) (a : ℝ) (ha : LE.le.{0} 0 a) (hKP : K ⊆ P)
  (hPK : P ⊆ HSMul.hSMul.{0, u_1, u_1} a K) (u : E) (hu : Eq.{1} (norm.{u_1} u) 1) :
  LE.le.{0} (Entry005.projectionVolumeSet.{u_1} K u) (Entry005.projectionVolumeSet.{u_1} P u) ∧
    LE.le.{0} (Entry005.projectionVolumeSet.{u_1} P u)
      (HMul.hMul.{0, 0, 0} (HPow.hPow.{0, 0, 0} a (HSub.hSub.{0, 0, 0} (Module.finrank.{0, u_1} ℝ E) 1))
        (Entry005.projectionVolumeSet.{u_1} K u))
'Entry005.compact_projection_volume_dilation_sandwich' depends on axioms: [propext,
 Classical.choice.{u},
 Quot.sound.{u}]
Entry005.compact_real_volume_dilation_sandwich.{u_1} {E : Type u_1} [NormedAddCommGroup.{u_1} E]
  [InnerProductSpace.{0, u_1} ℝ E] [FiniteDimensional.{0, u_1} ℝ E] [MeasurableSpace.{u_1} E] [BorelSpace.{u_1} E]
  (K P : Set.{u_1} E) (hK : IsCompact.{u_1} K) (hP : IsCompact.{u_1} P) (a : ℝ) (ha : LE.le.{0} 0 a) (hKP : K ⊆ P)
  (hPK : P ⊆ HSMul.hSMul.{0, u_1, u_1} a K) :
  LE.le.{0} (MeasureTheory.volume.{u_1} K).toReal (MeasureTheory.volume.{u_1} P).toReal ∧
    LE.le.{0} (MeasureTheory.volume.{u_1} P).toReal
      (HMul.hMul.{0, 0, 0} (HPow.hPow.{0, 0, 0} a (Module.finrank.{0, u_1} ℝ E)) (MeasureTheory.volume.{u_1} K).toReal)
'Entry005.compact_real_volume_dilation_sandwich' depends on axioms: [propext, Classical.choice.{u}, Quot.sound.{u}]
Entry005.compact_real_volume_mono.{u_1} {E : Type u_1} [NormedAddCommGroup.{u_1} E] [InnerProductSpace.{0, u_1} ℝ E]
  [FiniteDimensional.{0, u_1} ℝ E] [MeasurableSpace.{u_1} E] [BorelSpace.{u_1} E] (K L : Set.{u_1} E)
  (hL : IsCompact.{u_1} L) (hKL : K ⊆ L) :
  LE.le.{0} (MeasureTheory.volume.{u_1} K).toReal (MeasureTheory.volume.{u_1} L).toReal
'Entry005.compact_real_volume_mono' depends on axioms: [propext, Classical.choice.{u}, Quot.sound.{u}]
Entry005.compact_segment_extrusion.{u_1} {E : Type u_1} [NormedAddCommGroup.{u_1} E] [InnerProductSpace.{0, u_1} ℝ E]
  {K : Set.{u_1} E} (hK : IsCompact.{u_1} K) (u : E) (τ : ℝ) : IsCompact.{u_1} (Entry005.segmentExtrusion.{u_1} K u τ)
'Entry005.compact_segment_extrusion' depends on axioms: [propext, Classical.choice.{u}, Quot.sound.{u}]
Entry005.compact_support_height_attained.{u_1} {E : Type u_1} [NormedAddCommGroup.{u_1} E]
  [InnerProductSpace.{0, u_1} ℝ E] (K : Set.{u_1} E) (hc : IsCompact.{u_1} K) (hne : Set.Nonempty.{u_1} K) (u : E) :
  ∃ q, Membership.mem.{u_1, u_1} K q ∧ Eq.{1} (inner.{0, u_1} ℝ u q) (Entry005.compactSupportHeight.{u_1} K u)
'Entry005.compact_support_height_attained' depends on axioms: [propext, Classical.choice.{u}, Quot.sound.{u}]
Entry005.compact_support_height_bound.{u_1} {E : Type u_1} [NormedAddCommGroup.{u_1} E] [InnerProductSpace.{0, u_1} ℝ E]
  (K : Set.{u_1} E) (hc : IsCompact.{u_1} K) (_hne : Set.Nonempty.{u_1} K) (u x : E)
  (hx : Membership.mem.{u_1, u_1} K x) : LE.le.{0} (inner.{0, u_1} ℝ u x) (Entry005.compactSupportHeight.{u_1} K u)
'Entry005.compact_support_height_bound' depends on axioms: [propext, Classical.choice.{u}, Quot.sound.{u}]
Entry005.compact_support_height_direction_nonnegative_smul.{u_1} {E : Type u_1} [NormedAddCommGroup.{u_1} E]
  [InnerProductSpace.{0, u_1} ℝ E] (K : Set.{u_1} E) (hc : IsCompact.{u_1} K) (hne : Set.Nonempty.{u_1} K) (a : ℝ)
  (ha : LE.le.{0} 0 a) (u : E) :
  Eq.{1} (Entry005.compactSupportHeight.{u_1} K (HSMul.hSMul.{0, u_1, u_1} a u))
    (HMul.hMul.{0, 0, 0} a (Entry005.compactSupportHeight.{u_1} K u))
'Entry005.compact_support_height_direction_nonnegative_smul' depends on axioms: [propext,
 Classical.choice.{u},
 Quot.sound.{u}]
Entry005.compact_support_height_lipschitz.{u_1} {E : Type u_1} [NormedAddCommGroup.{u_1} E]
  [InnerProductSpace.{0, u_1} ℝ E] (K : Set.{u_1} E) (hc : IsCompact.{u_1} K) (hne : Set.Nonempty.{u_1} K) (R : ℝ)
  (hR : ∀ (x : E), Membership.mem.{u_1, u_1} K x → LE.le.{0} (norm.{u_1} x) R) (u v : E) :
  LE.le.{0} (Entry005.compactSupportHeight.{u_1} K u)
    (HAdd.hAdd.{0, 0, 0} (Entry005.compactSupportHeight.{u_1} K v)
      (HMul.hMul.{0, 0, 0} (norm.{u_1} (HSub.hSub.{u_1, u_1, u_1} u v)) R))
'Entry005.compact_support_height_lipschitz' depends on axioms: [propext, Classical.choice.{u}, Quot.sound.{u}]
Entry005.compact_support_height_nonnegative_smul.{u_1} {E : Type u_1} [NormedAddCommGroup.{u_1} E]
  [InnerProductSpace.{0, u_1} ℝ E] (K : Set.{u_1} E) (hc : IsCompact.{u_1} K) (hne : Set.Nonempty.{u_1} K) (a : ℝ)
  (ha : LE.le.{0} 0 a) (u : E) :
  Eq.{1} (Entry005.compactSupportHeight.{u_1} (HSMul.hSMul.{0, u_1, u_1} a K) u)
    (HMul.hMul.{0, 0, 0} a (Entry005.compactSupportHeight.{u_1} K u))
'Entry005.compact_support_height_nonnegative_smul' depends on axioms: [propext, Classical.choice.{u}, Quot.sound.{u}]
Entry005.compact_support_height_radius.{u_1} {E : Type u_1} [NormedAddCommGroup.{u_1} E]
  [InnerProductSpace.{0, u_1} ℝ E] (K : Set.{u_1} E) (hc : IsCompact.{u_1} K) (hne : Set.Nonempty.{u_1} K) (R : ℝ)
  (hR : ∀ (x : E), Membership.mem.{u_1, u_1} K x → LE.le.{0} (norm.{u_1} x) R) (u : E) :
  LE.le.{0} (Entry005.compactSupportHeight.{u_1} K u) (HMul.hMul.{0, 0, 0} (norm.{u_1} u) R)
'Entry005.compact_support_height_radius' depends on axioms: [propext, Classical.choice.{u}, Quot.sound.{u}]
Entry005.compact_support_height_unit_ball.{u_1} {E : Type u_1} [NormedAddCommGroup.{u_1} E]
  [InnerProductSpace.{0, u_1} ℝ E] (K : Set.{u_1} E) (hc : IsCompact.{u_1} K) (hne : Set.Nonempty.{u_1} K)
  (hb : Metric.closedBall.{u_1} 0 1 ⊆ K) (u : E) (hu : Eq.{1} (norm.{u_1} u) 1) :
  LE.le.{0} 1 (Entry005.compactSupportHeight.{u_1} K u)
'Entry005.compact_support_height_unit_ball' depends on axioms: [propext, Classical.choice.{u}, Quot.sound.{u}]
Entry005.compact_vertical_extrusion.{u_1} {E : Type u_1} [NormedAddCommGroup.{u_1} E]
  {K : Set.{u_1} (Prod.{u_1, 0} E ℝ)} (hK : IsCompact.{u_1} K) (τ : ℝ) :
  IsCompact.{u_1} (Entry005.verticalExtrusion.{u_1} K τ)
'Entry005.compact_vertical_extrusion' depends on axioms: [propext, Classical.choice.{u}, Quot.sound.{u}]
Entry005.compact_vertical_fiber.{u_1} {E : Type u_1} [NormedAddCommGroup.{u_1} E] {K : Set.{u_1} (Prod.{u_1, 0} E ℝ)}
  (hK : IsCompact.{u_1} K) (x : E) : IsCompact.{0} (Set.preimage.{0, u_1} (Prod.mk.{u_1, 0} x) K)
'Entry005.compact_vertical_fiber' depends on axioms: [propext, Classical.choice.{u}, Quot.sound.{u}]
Entry005.continuous_compactBallRaw {d : ℕ} : Continuous.{0, 0} Entry005.compactBallRaw
'Entry005.continuous_compactBallRaw' depends on axioms: [propext, Classical.choice.{u}, Quot.sound.{u}]
Entry005.continuous_compact_support_height.{u_1} {E : Type u_1} [NormedAddCommGroup.{u_1} E]
  [InnerProductSpace.{0, u_1} ℝ E] (K : Set.{u_1} E) (hc : IsCompact.{u_1} K) (hne : Set.Nonempty.{u_1} K) :
  Continuous.{u_1, 0} (Entry005.compactSupportHeight.{u_1} K)
'Entry005.continuous_compact_support_height' depends on axioms: [propext, Classical.choice.{u}, Quot.sound.{u}]
Entry005.continuous_fin_cons.{u_1} {Ω : Type u_1} [TopologicalSpace.{u_1} Ω] (n : ℕ) :
  Continuous.{u_1, u_1} fun p => Fin.cons.{u_1 + 1} p.1 p.2
'Entry005.continuous_fin_cons' depends on axioms: [propext, Classical.choice.{u}, Quot.sound.{u}]
Entry005.continuous_horizontal_iid_first_moment.{u_1} {Ω : Type u_1} [TopologicalSpace.{u_1} Ω] {d : ℕ}
  [MeasurableSpace.{u_1} Ω] [BorelSpace.{u_1} Ω] [SecondCountableTopology.{u_1} Ω]
  [TopologicalSpace.PseudoMetrizableSpace.{u_1} Ω] [CompactSpace.{u_1} Ω] (x : ContinuousMap.{u_1, 0} Ω (Fin d → ℝ)) :
  Continuous.{u_1, 0} fun ν =>
    ∫ (w : Fin d → Ω), abs.{0} (Entry005.horizontalDeterminant fun j => x (w j)) ∂Entry005.iidLaw.{u_1} (↑ν) d
'Entry005.continuous_horizontal_iid_first_moment' depends on axioms: [propext, Classical.choice.{u}, Quot.sound.{u}]
Entry005.continuous_horizontal_mapped_iid_first_moment.{u_1} {Ω : Type u_1} [TopologicalSpace.{u_1} Ω] {d : ℕ}
  [MeasurableSpace.{u_1} Ω] [BorelSpace.{u_1} Ω] [SecondCountableTopology.{u_1} Ω]
  [TopologicalSpace.PseudoMetrizableSpace.{u_1} Ω] [CompactSpace.{u_1} Ω] (x : ContinuousMap.{u_1, 0} Ω (Fin d → ℝ)) :
  Continuous.{u_1, 0} fun ν =>
    ∫ (w : Fin d → Fin d → ℝ),
      abs.{0}
        (Entry005.horizontalDeterminant
          w) ∂Entry005.iidLaw.{0} (↑(MeasureTheory.ProbabilityMeasure.map.{u_1, 0} ν ⇑x)) d
'Entry005.continuous_horizontal_mapped_iid_first_moment' depends on axioms: [propext,
 Classical.choice.{u},
 Quot.sound.{u}]
Entry005.continuous_iidProbabilityMeasure.{u_1} {Ω : Type u_1} [TopologicalSpace.{u_1} Ω] [MeasurableSpace.{u_1} Ω]
  [BorelSpace.{u_1} Ω] [SecondCountableTopology.{u_1} Ω] [TopologicalSpace.PseudoMetrizableSpace.{u_1} Ω] (n : ℕ) :
  Continuous.{u_1, u_1} fun ν => Entry005.iidProbabilityMeasure.{u_1} ν n
'Entry005.continuous_iidProbabilityMeasure' depends on axioms: [propext, Classical.choice.{u}, Quot.sound.{u}]
Entry005.continuous_iid_anchor_determinant {d : ℕ} :
  Continuous.{0, 0} fun w => Matrix.det.{0, 0} (Entry005.anchorMatrix w)
'Entry005.continuous_iid_anchor_determinant' depends on axioms: [propext, Classical.choice.{u}, Quot.sound.{u}]
Entry005.continuous_iid_anchor_volume {d : ℕ} :
  Continuous.{0, 0} fun w => abs.{0} (Matrix.det.{0, 0} (Entry005.anchorMatrix w))
'Entry005.continuous_iid_anchor_volume' depends on axioms: [propext, Classical.choice.{u}, Quot.sound.{u}]
Entry005.continuous_iid_integral.{u_1} {Ω : Type u_1} [TopologicalSpace.{u_1} Ω] [MeasurableSpace.{u_1} Ω]
  [BorelSpace.{u_1} Ω] [SecondCountableTopology.{u_1} Ω] [TopologicalSpace.PseudoMetrizableSpace.{u_1} Ω]
  [CompactSpace.{u_1} Ω] (n : ℕ) (f : ContinuousMap.{u_1, 0} (Fin n → Ω) ℝ) :
  Continuous.{u_1, 0} fun ν => ∫ (w : Fin n → Ω), f w ∂Entry005.iidLaw.{u_1} (↑ν) n
'Entry005.continuous_iid_integral' depends on axioms: [propext, Classical.choice.{u}, Quot.sound.{u}]
Entry005.continuous_lifted_iid_first_moment.{u_1} {Ω : Type u_1} [TopologicalSpace.{u_1} Ω] {d : ℕ}
  [MeasurableSpace.{u_1} Ω] [BorelSpace.{u_1} Ω] [SecondCountableTopology.{u_1} Ω]
  [TopologicalSpace.PseudoMetrizableSpace.{u_1} Ω] [CompactSpace.{u_1} Ω] (x : ContinuousMap.{u_1, 0} Ω (Fin d → ℝ)) :
  Continuous.{u_1, 0} fun ν =>
    ∫ (w : Fin (HAdd.hAdd.{0, 0, 0} d 1) → Ω),
      abs.{0}
        (Entry005.liftedDeterminant (fun j => x (w j.succ))
          (x (w 0))) ∂Entry005.iidLaw.{u_1} (↑ν) (HAdd.hAdd.{0, 0, 0} d 1)
'Entry005.continuous_lifted_iid_first_moment' depends on axioms: [propext, Classical.choice.{u}, Quot.sound.{u}]
Entry005.continuous_lifted_mapped_iid_first_moment.{u_1} {Ω : Type u_1} [TopologicalSpace.{u_1} Ω] {d : ℕ}
  [MeasurableSpace.{u_1} Ω] [BorelSpace.{u_1} Ω] [SecondCountableTopology.{u_1} Ω]
  [TopologicalSpace.PseudoMetrizableSpace.{u_1} Ω] [CompactSpace.{u_1} Ω] (x : ContinuousMap.{u_1, 0} Ω (Fin d → ℝ)) :
  Continuous.{u_1, 0} fun ν =>
    ∫ (w : Fin (HAdd.hAdd.{0, 0, 0} d 1) → Fin d → ℝ),
      abs.{0}
        (Entry005.liftedDeterminant (fun j => w j.succ)
          (w 0)) ∂Entry005.iidLaw.{0} (↑(MeasureTheory.ProbabilityMeasure.map.{u_1, 0} ν ⇑x)) (HAdd.hAdd.{0, 0, 0} d 1)
'Entry005.continuous_lifted_mapped_iid_first_moment' depends on axioms: [propext, Classical.choice.{u}, Quot.sound.{u}]
Entry005.contractFirst_apply.{u_1} {E : Type u_1} [NormedAddCommGroup.{u_1} E] [InnerProductSpace.{0, u_1} ℝ E] {d : ℕ}
  (f : AlternatingMap.{0, u_1, 0, 0} ℝ E ℝ (Fin (HAdd.hAdd.{0, 0, 0} d 1))) (v : E) (w : Fin d → E) :
  Eq.{1} ((Entry005.contractFirst.{u_1} f v) w) (f (Fin.cons.{u_1 + 1} v w))
'Entry005.contractFirst_apply' depends on axioms: [propext, Classical.choice.{u}, Quot.sound.{u}]
Entry005.convex_augmentedVertices_abs_det_sublevel {d : ℕ} (z : Fin (HAdd.hAdd.{0, 0, 0} d 1) → Entry005.Space d)
  (j : Fin (HAdd.hAdd.{0, 0, 0} d 1)) (M : ℝ) :
  Convex.{0, 0} ℝ
    (Set.ofPred.{0} fun x =>
      LE.le.{0} (abs.{0} (Matrix.det.{0, 0} (Entry005.augmentedVertices (Function.update.{1, 1} z j x)))) M)
'Entry005.convex_augmentedVertices_abs_det_sublevel' depends on axioms: [propext, Classical.choice.{u}, Quot.sound.{u}]
Entry005.convex_nonnegative_dilation_mono.{u_1} {E : Type u_1} [NormedAddCommGroup.{u_1} E]
  [InnerProductSpace.{0, u_1} ℝ E] (K : Set.{u_1} E) (hconv : Convex.{0, u_1} ℝ K) (h0 : Membership.mem.{u_1, u_1} K 0)
  (a b : ℝ) (ha : LE.le.{0} 0 a) (hab : LE.le.{0} a b) (hb : LT.lt.{0} 0 b) :
  HSMul.hSMul.{0, u_1, u_1} a K ⊆ HSMul.hSMul.{0, u_1, u_1} b K
'Entry005.convex_nonnegative_dilation_mono' depends on axioms: [propext, Classical.choice.{u}, Quot.sound.{u}]
Entry005.coordinate_maximizers_nonempty {n : ℕ} (a : Fin (HAdd.hAdd.{0, 0, 0} n 1) → ℝ) :
  Finset.Nonempty.{0} (Entry005.coordinateMaximizers a)
'Entry005.coordinate_maximizers_nonempty' depends on axioms: [propext, Classical.choice.{u}, Quot.sound.{u}]
Entry005.covariance_determinant_lower.{u_1} {α : Type u_1} [MeasurableSpace.{u_1} α] {ν : MeasureTheory.Measure.{u_1} α}
  [MeasureTheory.IsProbabilityMeasure.{u_1} ν] {d : ℕ} (X : α → Fin d → ℝ)
  (hX : ∀ (i : Fin d), MeasureTheory.Integrable.{0, u_1} (fun x => X x i) ν)
  (hcenter : ∀ (i : Fin d), Eq.{1} (∫ (x : α), X x i ∂ν) 0)
  (hpair : ∀ (i j : Fin d), MeasureTheory.Integrable.{0, u_1} (fun x => HMul.hMul.{0, 0, 0} (X x i) (X x j)) ν) {b : ℝ}
  (hb : LE.le.{0} 0 b)
  (hround :
    ∀ (u : EuclideanSpace.{0, 0} ℝ (Fin d)),
      Eq.{1} (norm.{0} u) 1 →
        LE.le.{0} (HMul.hMul.{0, 0, 0} 2 b)
          (Entry005.negativeIntegral.{u_1} ν fun x => dotProduct.{0, 0} (WithLp.ofLp.{0} u) (X x))) :
  LE.le.{0} (HPow.hPow.{0, 0, 0} (HMul.hMul.{0, 0, 0} 16 (HPow.hPow.{0, 0, 0} b 2)) d)
    (Matrix.det.{0, 0} (Entry005.secondMomentMatrix.{u_1} ν X))
'Entry005.covariance_determinant_lower' depends on axioms: [propext, Classical.choice.{u}, Quot.sound.{u}]
Entry005.covariance_direction_lower.{u_1} {α : Type u_1} [MeasurableSpace.{u_1} α] {ν : MeasureTheory.Measure.{u_1} α}
  [MeasureTheory.IsProbabilityMeasure.{u_1} ν] {d : ℕ} (X : α → Fin d → ℝ) (u : Fin d → ℝ)
  (hX : ∀ (i : Fin d), MeasureTheory.Integrable.{0, u_1} (fun x => X x i) ν)
  (hcenter : ∀ (i : Fin d), Eq.{1} (∫ (x : α), X x i ∂ν) 0)
  (hpair : ∀ (i j : Fin d), MeasureTheory.Integrable.{0, u_1} (fun x => HMul.hMul.{0, 0, 0} (X x i) (X x j)) ν) {b : ℝ}
  (hb : LE.le.{0} 0 b)
  (hround :
    LE.le.{0} (HMul.hMul.{0, 0, 0} 2 b) (Entry005.negativeIntegral.{u_1} ν fun x => dotProduct.{0, 0} u (X x))) :
  LE.le.{0} (HMul.hMul.{0, 0, 0} 16 (HPow.hPow.{0, 0, 0} b 2))
    (dotProduct.{0, 0} u (Matrix.mulVec.{0, 0, 0} (Entry005.secondMomentMatrix.{u_1} ν X) u))
'Entry005.covariance_direction_lower' depends on axioms: [propext, Classical.choice.{u}, Quot.sound.{u}]
Entry005.det_adjoint_general.{u_1} {E : Type u_1} [NormedAddCommGroup.{u_1} E] [InnerProductSpace.{0, u_1} ℝ E]
  [FiniteDimensional.{0, u_1} ℝ E] (A : LinearMap.{0, 0, u_1, u_1} (RingHom.id.{0} ℝ) E E) :
  Eq.{1} (LinearMap.det.{u_1, 0} (LinearMap.adjoint.{0, u_1, u_1} A)) (LinearMap.det.{u_1, 0} A)
'Entry005.det_adjoint_general' depends on axioms: [propext, Classical.choice.{u}, Quot.sound.{u}]
Entry005.det_projectionBody_transform_general.{u_1} {E : Type u_1} [NormedAddCommGroup.{u_1} E]
  [InnerProductSpace.{0, u_1} ℝ E] [FiniteDimensional.{0, u_1} ℝ E] (hd : LE.le.{0} 1 (Module.finrank.{0, u_1} ℝ E))
  (L : LinearEquiv.{0, 0, u_1, u_1} (RingHom.id.{0} ℝ) E E) :
  Eq.{1}
    (abs.{0}
      (LinearMap.det.{u_1, 0}
        (HSMul.hSMul.{0, u_1, u_1} (abs.{0} (LinearMap.det.{u_1, 0} ↑L))
          (LinearMap.adjoint.{0, u_1, u_1} ↑(LinearEquiv.symm.{0, 0, u_1, u_1} L)))))
    (HPow.hPow.{0, 0, 0} (abs.{0} (LinearMap.det.{u_1, 0} ↑L)) (HSub.hSub.{0, 0, 0} (Module.finrank.{0, u_1} ℝ E) 1))
'Entry005.det_projectionBody_transform_general' depends on axioms: [propext, Classical.choice.{u}, Quot.sound.{u}]
Entry005.determinantLawDefect_iid_eq {d : ℕ} (ν : MeasureTheory.Measure.{0} (Fin d → ℝ))
  [MeasureTheory.IsProbabilityMeasure.{0} ν] :
  Eq.{1} (Entry005.determinantLawDefect.{0, 0} (Entry005.iidLaw.{0} ν d) ν id.{1} id.{1})
    (HSub.hSub.{0, 0, 0}
      (∫ (w : Fin (HAdd.hAdd.{0, 0, 0} d 1) → Fin d → ℝ),
        abs.{0} (Entry005.liftedDeterminant (fun j => w j.succ) (w 0)) ∂Entry005.iidLaw.{0} ν (HAdd.hAdd.{0, 0, 0} d 1))
      (∫ (w : Fin d → Fin d → ℝ), abs.{0} (Entry005.horizontalDeterminant w) ∂Entry005.iidLaw.{0} ν d))
'Entry005.determinantLawDefect_iid_eq' depends on axioms: [propext, Classical.choice.{u}, Quot.sound.{u}]
Entry005.determinant_assignment_witness_eq_paper_sum {d : ℕ} (w : Fin (HAdd.hAdd.{0, 0, 0} d 1) → Fin d → ℝ)
  (x : Fin d → ℝ) :
  Eq.{1} (Entry005.determinantAssignmentWitness w x)
    (∑ i,
      have z := (Entry005.iidWitnessTransport.{0} d (Entry005.paperWitnessPermutation d i)) (Prod.mk.{0, 0} w x);
      Entry005.oppositeWitness (Entry005.liftedDeterminant z.1 z.2.1) (Entry005.liftedDeterminant z.1 z.2.2))
'Entry005.determinant_assignment_witness_eq_paper_sum' depends on axioms: [propext,
 Classical.choice.{u},
 Quot.sound.{u}]
Entry005.determinant_assignment_witness_integrable {d : ℕ} (ν : MeasureTheory.Measure.{0} (Fin d → ℝ))
  [MeasureTheory.IsProbabilityMeasure.{0} ν] (hX : ∀ (i : Fin d), MeasureTheory.Integrable.{0, 0} (fun x => x i) ν)
  (w : Fin (HAdd.hAdd.{0, 0, 0} d 1) → Fin d → ℝ) (hdet : Ne.{1} (Matrix.det.{0, 0} (Entry005.anchorMatrix w)) 0) :
  MeasureTheory.Integrable.{0, 0} (Entry005.determinantAssignmentWitness w) ν
'Entry005.determinant_assignment_witness_integrable' depends on axioms: [propext, Classical.choice.{u}, Quot.sound.{u}]
Entry005.determinant_moment_integral_expansion.{u_1} {α : Type u_1} [MeasurableSpace.{u_1} α]
  {ν : MeasureTheory.Measure.{u_1} α} [MeasureTheory.IsProbabilityMeasure.{u_1} ν] {n : ℕ} (X : α → Fin n → ℝ)
  (hpair : ∀ (i j : Fin n), MeasureTheory.Integrable.{0, u_1} (fun x => HMul.hMul.{0, 0, 0} (X x i) (X x j)) ν) :
  Eq.{1}
    (∫ (w : Fin n → α),
      HPow.hPow.{0, 0, 0} (Matrix.det.{0, 0} (Entry005.sampledMatrix.{u_1} X w)) 2 ∂Entry005.iidLaw.{u_1} ν n)
    (∑ p,
      ∑ q,
        HMul.hMul.{0, 0, 0} (HMul.hMul.{0, 0, 0} ↑↑(Equiv.Perm.sign.{0} p) ↑↑(Equiv.Perm.sign.{0} q))
          (∏ i, Entry005.secondMomentMatrix.{u_1} ν X (p i) (q i)))
'Entry005.determinant_moment_integral_expansion' depends on axioms: [propext, Classical.choice.{u}, Quot.sound.{u}]
Entry005.determinant_permutation_second_moment {n : ℕ} (A : Matrix.{0, 0, 0} (Fin n) (Fin n) ℝ) :
  Eq.{1}
    (∑ p,
      ∑ q,
        HMul.hMul.{0, 0, 0} (HMul.hMul.{0, 0, 0} ↑↑(Equiv.Perm.sign.{0} p) ↑↑(Equiv.Perm.sign.{0} q))
          (∏ i, A (p i) (q i)))
    (HMul.hMul.{0, 0, 0} (↑n.factorial) (Matrix.det.{0, 0} A))
'Entry005.determinant_permutation_second_moment' depends on axioms: [propext, Classical.choice.{u}, Quot.sound.{u}]
Entry005.determinant_square_expansion.{u_1} {α : Type u_1} {n : ℕ} (X : α → Fin n → ℝ) (w : Fin n → α) :
  Eq.{1} (HPow.hPow.{0, 0, 0} (Matrix.det.{0, 0} (Entry005.sampledMatrix.{u_1} X w)) 2)
    (∑ p,
      ∑ q,
        HMul.hMul.{0, 0, 0} (HMul.hMul.{0, 0, 0} ↑↑(Equiv.Perm.sign.{0} p) ↑↑(Equiv.Perm.sign.{0} q))
          (∏ i, HMul.hMul.{0, 0, 0} (X (w i) (p i)) (X (w i) (q i))))
'Entry005.determinant_square_expansion' depends on axioms: [propext, Classical.choice.{u}, Quot.sound.{u}]
Entry005.dot_square_expansion {n : ℕ} (u x : Fin n → ℝ) :
  Eq.{1} (HPow.hPow.{0, 0, 0} (dotProduct.{0, 0} u x) 2)
    (∑ i, ∑ j, HMul.hMul.{0, 0, 0} (HMul.hMul.{0, 0, 0} (u i) (u j)) (HMul.hMul.{0, 0, 0} (x i) (x j)))
'Entry005.dot_square_expansion' depends on axioms: [propext, Classical.choice.{u}, Quot.sound.{u}]
Entry005.dot_square_integrable.{u_1} {α : Type u_1} [MeasurableSpace.{u_1} α] {ν : MeasureTheory.Measure.{u_1} α}
  {n : ℕ} (X : α → Fin n → ℝ) (u : Fin n → ℝ)
  (hpair : ∀ (i j : Fin n), MeasureTheory.Integrable.{0, u_1} (fun x => HMul.hMul.{0, 0, 0} (X x i) (X x j)) ν) :
  MeasureTheory.Integrable.{0, u_1} (fun x => HPow.hPow.{0, 0, 0} (dotProduct.{0, 0} u (X x)) 2) ν
'Entry005.dot_square_integrable' depends on axioms: [propext, Classical.choice.{u}, Quot.sound.{u}]
Entry005.eSharp_pos {d : ℕ} (hd : LE.le.{0} 2 d) : LT.lt.{0} 0 (Entry005.eSharp d)
'Entry005.eSharp_pos' depends on axioms: [propext, Classical.choice.{u}, Quot.sound.{u}]
Entry005.entryA_affineBody {d : ℕ} (hd : LE.le.{0} 1 d)
  (f : AffineEquiv.{0, 0, 0, 0, 0} ℝ (Entry005.Space d) (Entry005.Space d)) (K : ConvexBody.{0} (Entry005.Space d)) :
  Eq.{1} (Entry005.entryA.{0} ↑(Entry005.affineBody f K)) (Entry005.entryA.{0} ↑K)
'Entry005.entryA_affineBody' depends on axioms: [propext, Classical.choice.{u}, Quot.sound.{u}]
Entry005.entryA_affine_image.{u_1} {E : Type u_1} [NormedAddCommGroup.{u_1} E] [InnerProductSpace.{0, u_1} ℝ E]
  [FiniteDimensional.{0, u_1} ℝ E] [MeasurableSpace.{u_1} E] [BorelSpace.{u_1} E]
  (hd : LE.le.{0} 1 (Module.finrank.{0, u_1} ℝ E)) (f : AffineEquiv.{0, u_1, u_1, u_1, u_1} ℝ E E) (K : Set.{u_1} E) :
  Eq.{1} (Entry005.entryA.{u_1} (Set.image.{u_1, u_1} (⇑f) K)) (Entry005.entryA.{u_1} K)
'Entry005.entryA_affine_image' depends on axioms: [propext, Classical.choice.{u}, Quot.sound.{u}]
Entry005.entryDefect_affineBody {d : ℕ} (hd : LE.le.{0} 1 d)
  (f : AffineEquiv.{0, 0, 0, 0, 0} ℝ (Entry005.Space d) (Entry005.Space d)) (K : ConvexBody.{0} (Entry005.Space d)) :
  Eq.{1} (Entry005.entryDefect.{0} ↑(Entry005.affineBody f K)) (Entry005.entryDefect.{0} ↑K)
'Entry005.entryDefect_affineBody' depends on axioms: [propext, Classical.choice.{u}, Quot.sound.{u}]
Entry005.entryDefect_affine_image.{u_1} {E : Type u_1} [NormedAddCommGroup.{u_1} E] [InnerProductSpace.{0, u_1} ℝ E]
  [FiniteDimensional.{0, u_1} ℝ E] [MeasurableSpace.{u_1} E] [BorelSpace.{u_1} E]
  (hd : LE.le.{0} 1 (Module.finrank.{0, u_1} ℝ E)) (f : AffineEquiv.{0, u_1, u_1, u_1, u_1} ℝ E E) (K : Set.{u_1} E) :
  Eq.{1} (Entry005.entryDefect.{u_1} (Set.image.{u_1, u_1} (⇑f) K)) (Entry005.entryDefect.{u_1} K)
'Entry005.entryDefect_affine_image' depends on axioms: [propext, Classical.choice.{u}, Quot.sound.{u}]
Entry005.entryDefect_iid_defect_ratio {d : ℕ} (K : Set.{0} (Entry005.Space d))
  (ν : MeasureTheory.Measure.{0} (Fin d → ℝ)) [MeasureTheory.IsProbabilityMeasure.{0} ν]
  (hX : ∀ (i : Fin d), MeasureTheory.Integrable.{0, 0} (fun x => x i) ν)
  (hcenter : ∀ (i : Fin d), Eq.{1} (∫ (x : Fin d → ℝ), x i ∂ν) 0)
  (hA : LT.lt.{0} 0 (∫ (w : Fin d → Fin d → ℝ), abs.{0} (Entry005.horizontalDeterminant w) ∂Entry005.iidLaw.{0} ν d))
  (hentry :
    Eq.{1} (Entry005.entryA.{0} K)
      (HDiv.hDiv.{0, 0, 0}
        (∫ (w : Fin (HAdd.hAdd.{0, 0, 0} d 1) → Fin d → ℝ),
          abs.{0}
            (Entry005.liftedDeterminant (fun j => w j.succ) (w 0)) ∂Entry005.iidLaw.{0} ν (HAdd.hAdd.{0, 0, 0} d 1))
        (HMul.hMul.{0, 0, 0} (HAdd.hAdd.{0, 0, 0} (↑d) 1)
          (∫ (w : Fin d → Fin d → ℝ), abs.{0} (Entry005.horizontalDeterminant w) ∂Entry005.iidLaw.{0} ν d)))) :
  Eq.{1}
    (HDiv.hDiv.{0, 0, 0} (Entry005.determinantLawDefect.{0, 0} (Entry005.iidLaw.{0} ν d) ν id.{1} id.{1})
      (∫ (w : Fin (HAdd.hAdd.{0, 0, 0} d 1) → Fin d → ℝ),
        abs.{0}
          (Entry005.liftedDeterminant (fun j => w j.succ) (w 0)) ∂Entry005.iidLaw.{0} ν (HAdd.hAdd.{0, 0, 0} d 1)))
    (HDiv.hDiv.{0, 0, 0} (HMul.hMul.{0, 0, 0} (HAdd.hAdd.{0, 0, 0} (↑d) 1) (Entry005.entryDefect.{0} K))
      (HAdd.hAdd.{0, 0, 0} 1 (HMul.hMul.{0, 0, 0} (HAdd.hAdd.{0, 0, 0} (↑d) 1) (Entry005.entryDefect.{0} K))))
'Entry005.entryDefect_iid_defect_ratio' depends on axioms: [propext, Classical.choice.{u}, Quot.sound.{u}]
Entry005.entryDefect_iid_moment_identity {d : ℕ} (K : Set.{0} (Entry005.Space d))
  (ν : MeasureTheory.Measure.{0} (Fin d → ℝ)) [MeasureTheory.IsProbabilityMeasure.{0} ν]
  (hA : LT.lt.{0} 0 (∫ (w : Fin d → Fin d → ℝ), abs.{0} (Entry005.horizontalDeterminant w) ∂Entry005.iidLaw.{0} ν d))
  (hentry :
    Eq.{1} (Entry005.entryA.{0} K)
      (HDiv.hDiv.{0, 0, 0}
        (∫ (w : Fin (HAdd.hAdd.{0, 0, 0} d 1) → Fin d → ℝ),
          abs.{0}
            (Entry005.liftedDeterminant (fun j => w j.succ) (w 0)) ∂Entry005.iidLaw.{0} ν (HAdd.hAdd.{0, 0, 0} d 1))
        (HMul.hMul.{0, 0, 0} (HAdd.hAdd.{0, 0, 0} (↑d) 1)
          (∫ (w : Fin d → Fin d → ℝ), abs.{0} (Entry005.horizontalDeterminant w) ∂Entry005.iidLaw.{0} ν d)))) :
  Eq.{1} (Entry005.determinantLawDefect.{0, 0} (Entry005.iidLaw.{0} ν d) ν id.{1} id.{1})
    (HMul.hMul.{0, 0, 0}
      (HMul.hMul.{0, 0, 0} (HAdd.hAdd.{0, 0, 0} (↑d) 1)
        (∫ (w : Fin d → Fin d → ℝ), abs.{0} (Entry005.horizontalDeterminant w) ∂Entry005.iidLaw.{0} ν d))
      (Entry005.entryDefect.{0} K))
'Entry005.entryDefect_iid_moment_identity' depends on axioms: [propext, Classical.choice.{u}, Quot.sound.{u}]
Entry005.entryDefect_iid_nonnegative {d : ℕ} (K : Set.{0} (Entry005.Space d))
  (ν : MeasureTheory.Measure.{0} (Fin d → ℝ)) [MeasureTheory.IsProbabilityMeasure.{0} ν]
  (hX : ∀ (i : Fin d), MeasureTheory.Integrable.{0, 0} (fun x => x i) ν)
  (hcenter : ∀ (i : Fin d), Eq.{1} (∫ (x : Fin d → ℝ), x i ∂ν) 0)
  (hA : LT.lt.{0} 0 (∫ (w : Fin d → Fin d → ℝ), abs.{0} (Entry005.horizontalDeterminant w) ∂Entry005.iidLaw.{0} ν d))
  (hentry :
    Eq.{1} (Entry005.entryA.{0} K)
      (HDiv.hDiv.{0, 0, 0}
        (∫ (w : Fin (HAdd.hAdd.{0, 0, 0} d 1) → Fin d → ℝ),
          abs.{0}
            (Entry005.liftedDeterminant (fun j => w j.succ) (w 0)) ∂Entry005.iidLaw.{0} ν (HAdd.hAdd.{0, 0, 0} d 1))
        (HMul.hMul.{0, 0, 0} (HAdd.hAdd.{0, 0, 0} (↑d) 1)
          (∫ (w : Fin d → Fin d → ℝ), abs.{0} (Entry005.horizontalDeterminant w) ∂Entry005.iidLaw.{0} ν d)))) :
  LE.le.{0} 0 (Entry005.entryDefect.{0} K)
'Entry005.entryDefect_iid_nonnegative' depends on axioms: [propext, Classical.choice.{u}, Quot.sound.{u}]
Entry005.euclidean_matrix_hadamard {n : ℕ} (A : Matrix.{0, 0, 0} (Fin n) (Fin n) ℝ) :
  LE.le.{0} (abs.{0} (Matrix.det.{0, 0} A)) (∏ j, norm.{0} (WithLp.toLp.{0} 2 fun i => A i j))
'Entry005.euclidean_matrix_hadamard' depends on axioms: [propext, Classical.choice.{u}, Quot.sound.{u}]
Entry005.euclidean_one_coordinates_apply (x : EuclideanSpace.{0, 0} ℝ (Fin 1)) :
  Eq.{1} (Entry005.euclideanOneCoordinates x) (WithLp.ofLp.{0} x 0)
'Entry005.euclidean_one_coordinates_apply' depends on axioms: [propext, Classical.choice.{u}, Quot.sound.{u}]
Entry005.euclidean_unit_ball_cube (m : ℕ) (hm : LE.le.{0} 1 m) :
  LE.le.{0} (ENNReal.ofReal (HPow.hPow.{0, 0, 0} (HDiv.hDiv.{0, 0, 0} 2 ↑m) m))
    (MeasureTheory.volume.{0} (Metric.closedBall.{0} 0 1))
'Entry005.euclidean_unit_ball_cube' depends on axioms: [propext, Classical.choice.{u}, Quot.sound.{u}]
Entry005.euclidean_unit_ball_sqrt_cube (m : ℕ) (hm : LE.le.{0} 1 m) :
  LE.le.{0} (ENNReal.ofReal (HPow.hPow.{0, 0, 0} (HDiv.hDiv.{0, 0, 0} 2 √↑m) m))
    (MeasureTheory.volume.{0} (Metric.closedBall.{0} 0 1))
'Entry005.euclidean_unit_ball_sqrt_cube' depends on axioms: [propext, Classical.choice.{u}, Quot.sound.{u}]
Entry005.excess_affine_image {d : ℕ} (S : Affine.Simplex.{0, 0, 0} ℝ (Entry005.Space d) d)
  (f : AffineEquiv.{0, 0, 0, 0, 0} ℝ (Entry005.Space d) (Entry005.Space d)) (A : Set.{0} (Entry005.Space d)) :
  Eq.{1} (Entry005.excess (Set.image.{0, 0} (⇑f) A) (Entry005.affineSimplex f S)) (Entry005.excess A S)
'Entry005.excess_affine_image' depends on axioms: [propext, Classical.choice.{u}, Quot.sound.{u}]
Entry005.excess_eq_zero_of_zero_projection_deficit {d : ℕ} (hd : LE.le.{0} 2 d) (K : ConvexBody.{0} (Entry005.Space d))
  (P S : Affine.Simplex.{0, 0, 0} ℝ (Entry005.Space d) d) (R : ℝ) (hmax : Entry005.maximumInscribed K S)
  (hKP : ↑K ⊆ Entry005.simplexSet P) (hc : Eq.{1} (Affine.Simplex.centroid.{0, 0, 0} S) 0)
  (hb : Metric.closedBall.{0} 0 1 ⊆ Entry005.simplexSet S) (hR : LE.le.{0} 0 R) (hKR : ↑K ⊆ Metric.closedBall.{0} 0 R)
  (hdef :
    ∀ (u : Entry005.Space d),
      Eq.{1} (norm.{0} u) 1 →
        LE.le.{0}
          (HSub.hSub.{0, 0, 0}
            (Entry005.projectedVolume.{0} (Submodule.orthogonal.{0, 0} (Submodule.span.{0, 0} ℝ (singleton.{0, 0} u)))
                (Entry005.simplexBody P)).toReal
            (Entry005.projectedVolume.{0} (Submodule.orthogonal.{0, 0} (Submodule.span.{0, 0} ℝ (singleton.{0, 0} u)))
                K).toReal)
          0) :
  Eq.{1} (Entry005.excess (↑K) S) 0 ∧ Eq.{1} (↑K) (Entry005.simplexSet P)
'Entry005.excess_eq_zero_of_zero_projection_deficit' depends on axioms: [propext, Classical.choice.{u}, Quot.sound.{u}]
Entry005.excess_le_outer_radius_sub_one {d : ℕ} (A : Set.{0} (Entry005.Space d))
  (S : Affine.Simplex.{0, 0, 0} ℝ (Entry005.Space d) d) (R : ℝ) (hR : LE.le.{0} 1 R)
  (hc : Eq.{1} (Affine.Simplex.centroid.{0, 0, 0} S) 0) (hb : Metric.closedBall.{0} 0 1 ⊆ Entry005.simplexSet S)
  (hA : A ⊆ Metric.closedBall.{0} 0 R) : LE.le.{0} (Entry005.excess A S) (HSub.hSub.{0, 0, 0} R 1)
'Entry005.excess_le_outer_radius_sub_one' depends on axioms: [propext, Classical.choice.{u}, Quot.sound.{u}]
Entry005.excess_nonnegative_of_maximum {d : ℕ} (hd : LE.le.{0} 1 d) (K : ConvexBody.{0} (Entry005.Space d))
  (S : Affine.Simplex.{0, 0, 0} ℝ (Entry005.Space d) d) (hmax : Entry005.maximumInscribed K S) :
  LE.le.{0} 0 (Entry005.excess (↑K) S)
'Entry005.excess_nonnegative_of_maximum' depends on axioms: [propext, Classical.choice.{u}, Quot.sound.{u}]
Entry005.excess_of_hausdorff_at_centroid {d : ℕ} (hd : LE.le.{0} 1 d) (K : ConvexBody.{0} (Entry005.Space d))
  (P S : Affine.Simplex.{0, 0, 0} ℝ (Entry005.Space d) d) (M s : ℝ) (hmax : Entry005.maximumInscribed K S)
  (hKP : ↑K ⊆ Entry005.simplexSet P)
  (hbound :
    ∀ (i : Fin (HAdd.hAdd.{0, 0, 0} d 1)),
      LE.le.{0}
        (norm.{0} (HSub.hSub.{0, 0, 0} (Affine.Simplex.points.{0, 0, 0} P i) (Affine.Simplex.centroid.{0, 0, 0} S))) M)
  (hball : Metric.closedBall.{0} (Affine.Simplex.centroid.{0, 0, 0} S) 1 ⊆ Entry005.simplexSet S) (hs0 : LE.le.{0} 0 s)
  (hds : LE.le.{0} (HMul.hMul.{0, 0, 0} (↑d) s) (1 / 8))
  (hhaus : LE.le.{0} (Metric.hausdorffDist.{0} (↑K) (Entry005.simplexSet P)) s) :
  LE.le.{0} (Entry005.excess (↑K) S) (HMul.hMul.{0, 0, 0} (HMul.hMul.{0, 0, 0} (HMul.hMul.{0, 0, 0} 2 M) ↑d) s)
'Entry005.excess_of_hausdorff_at_centroid' depends on axioms: [propext, Classical.choice.{u}, Quot.sound.{u}]
Entry005.excess_of_inner_radius_projection_deficit {d : ℕ} (hd : LE.le.{0} 2 d) (K : ConvexBody.{0} (Entry005.Space d))
  (P S : Affine.Simplex.{0, 0, 0} ℝ (Entry005.Space d) d) (R η : ℝ) (hmax : Entry005.maximumInscribed K S)
  (hKP : ↑K ⊆ Entry005.simplexSet P) (hc : Eq.{1} (Affine.Simplex.centroid.{0, 0, 0} S) 0)
  (hb : Metric.closedBall.{0} 0 1 ⊆ Entry005.simplexSet S) (hR : LE.le.{0} 0 R) (hKR : ↑K ⊆ Metric.closedBall.{0} 0 R)
  (hη : LE.le.{0} 0 η) (hgate : LE.le.{0} (HMul.hMul.{0, 0, 0} (↑d) (Entry005.innerProjectionRadius d R η)) (1 / 8))
  (hdef :
    ∀ (u : Entry005.Space d),
      Eq.{1} (norm.{0} u) 1 →
        LE.le.{0}
          (HSub.hSub.{0, 0, 0}
            (Entry005.projectedVolume.{0} (Submodule.orthogonal.{0, 0} (Submodule.span.{0, 0} ℝ (singleton.{0, 0} u)))
                (Entry005.simplexBody P)).toReal
            (Entry005.projectedVolume.{0} (Submodule.orthogonal.{0, 0} (Submodule.span.{0, 0} ℝ (singleton.{0, 0} u)))
                K).toReal)
          η) :
  LE.le.{0} (Entry005.excess (↑K) S)
    (HMul.hMul.{0, 0, 0} (HMul.hMul.{0, 0, 0} (HMul.hMul.{0, 0, 0} 2 (HAdd.hAdd.{0, 0, 0} R 1)) ↑d)
      (Entry005.innerProjectionRadius d R η))
'Entry005.excess_of_inner_radius_projection_deficit' depends on axioms: [propext, Classical.choice.{u}, Quot.sound.{u}]
Entry005.excess_of_projection_deficit_after_affine {d : ℕ} (hd : LE.le.{0} 2 d)
  (f : AffineEquiv.{0, 0, 0, 0, 0} ℝ (Entry005.Space d) (Entry005.Space d)) (K : ConvexBody.{0} (Entry005.Space d))
  (P S : Affine.Simplex.{0, 0, 0} ℝ (Entry005.Space d) d) (M η : ℝ) (hmax : Entry005.maximumInscribed K S)
  (hKP : ↑K ⊆ Entry005.simplexSet P)
  (hcentroid : Eq.{1} (Affine.Simplex.centroid.{0, 0, 0} (Entry005.affineSimplex f S)) 0)
  (hball : Metric.closedBall.{0} 0 1 ⊆ Entry005.simplexSet (Entry005.affineSimplex f S))
  (hbound :
    ∀ (i : Fin (HAdd.hAdd.{0, 0, 0} d 1)),
      LE.le.{0} (norm.{0} (Affine.Simplex.points.{0, 0, 0} (Entry005.affineSimplex f P) i)) M)
  (hη : LE.le.{0} 0 η) (hgate : LE.le.{0} (HMul.hMul.{0, 0, 0} (↑d) (Entry005.projectionHausdorffBound d M η)) (1 / 8))
  (hdef :
    ∀ (u : Entry005.Space d),
      Eq.{1} (norm.{0} u) 1 →
        LE.le.{0}
          (HSub.hSub.{0, 0, 0}
            (Entry005.projectedVolume.{0} (Submodule.orthogonal.{0, 0} (Submodule.span.{0, 0} ℝ (singleton.{0, 0} u)))
                (Entry005.simplexBody (Entry005.affineSimplex f P))).toReal
            (Entry005.projectedVolume.{0} (Submodule.orthogonal.{0, 0} (Submodule.span.{0, 0} ℝ (singleton.{0, 0} u)))
                (Entry005.affineBody f K)).toReal)
          η) :
  LE.le.{0} (Entry005.excess (↑K) S)
    (HMul.hMul.{0, 0, 0} (HMul.hMul.{0, 0, 0} (HMul.hMul.{0, 0, 0} 2 M) ↑d) (Entry005.projectionHausdorffBound d M η))
'Entry005.excess_of_projection_deficit_after_affine' depends on axioms: [propext, Classical.choice.{u}, Quot.sound.{u}]
Entry005.exists_affineIndependent_anchor_tuple_of_affineSpan_top {d : ℕ} (s : Set.{0} (Fin d → ℝ))
  (hspan : Eq.{1} (affineSpan.{0, 0, 0} ℝ s) Top.top.{0}) :
  ∃ w, (∀ (i : Fin (HAdd.hAdd.{0, 0, 0} d 1)), Membership.mem.{0, 0} s (w i)) ∧ AffineIndependent.{0, 0, 0, 0} ℝ w
'Entry005.exists_affineIndependent_anchor_tuple_of_affineSpan_top' depends on axioms: [propext,
 Classical.choice.{u},
 Quot.sound.{u}]
Entry005.exists_centered_unit_normalization {d : ℕ} (S : Affine.Simplex.{0, 0, 0} ℝ (Entry005.Space d) d) :
  ∃ f,
    Eq.{1} (Affine.Simplex.centroid.{0, 0, 0} (Entry005.affineSimplex f S)) 0 ∧
      Metric.closedBall.{0} 0 1 ⊆ Entry005.simplexSet (Entry005.affineSimplex f S)
'Entry005.exists_centered_unit_normalization' depends on axioms: [propext, Classical.choice.{u}, Quot.sound.{u}]
Entry005.exists_conditioned_low_witness.{u_1} {α : Type u_1} [MeasurableSpace.{u_1} α]
  {μ : MeasureTheory.Measure.{u_1} α} [MeasureTheory.IsFiniteMeasure.{u_1} μ] {H : α → ℝ}
  (hH : MeasureTheory.Integrable.{0, u_1} H μ) (hH0 : ∀ (x : α), LE.le.{0} 0 (H x)) {s : Set.{u_1} α} {q B : ℝ}
  (hq : LT.lt.{0} 0 q) (hs : LE.le.{0} q (μ s).toReal) (hmean : LE.le.{0} (∫ (x : α), H x ∂μ) B) :
  ∃ x, Membership.mem.{u_1, u_1} s x ∧ LE.le.{0} (H x) (HDiv.hDiv.{0, 0, 0} B q)
'Entry005.exists_conditioned_low_witness' depends on axioms: [propext, Classical.choice.{u}, Quot.sound.{u}]
Entry005.exists_conditioned_low_witness_ae_good.{u_1} {α : Type u_1} [MeasurableSpace.{u_1} α]
  {μ : MeasureTheory.Measure.{u_1} α} [MeasureTheory.IsFiniteMeasure.{u_1} μ] {H : α → ℝ}
  (hH : MeasureTheory.Integrable.{0, u_1} H μ) (hH0 : ∀ (x : α), LE.le.{0} 0 (H x)) {s : Set.{u_1} α} {G : α → Prop}
  (hG : ∀ᵐ (x : α) ∂μ, G x) {q B : ℝ} (hq : LT.lt.{0} 0 q) (hs : LE.le.{0} q (μ s).toReal)
  (hmean : LE.le.{0} (∫ (x : α), H x ∂μ) B) :
  ∃ x, Membership.mem.{u_1, u_1} s x ∧ G x ∧ LE.le.{0} (H x) (HDiv.hDiv.{0, 0, 0} B q)
'Entry005.exists_conditioned_low_witness_ae_good' depends on axioms: [propext, Classical.choice.{u}, Quot.sound.{u}]
Entry005.exists_determinant_witness_anchor.{u_1, u_2, u_3, u_4} {α : Type u_1} {β : Type u_2} {γ : Type u_3}
  {ι : Type u_4} [MeasurableSpace.{u_1} α] [MeasurableSpace.{u_2} β] [MeasurableSpace.{u_3} γ] [Fintype.{u_4} ι]
  {μ : MeasureTheory.Measure.{u_1} α} {σ : MeasureTheory.Measure.{u_2} β} {ρ : MeasureTheory.Measure.{u_3} γ}
  [MeasureTheory.IsProbabilityMeasure.{u_1} μ] [MeasureTheory.IsProbabilityMeasure.{u_2} σ]
  [MeasureTheory.IsProbabilityMeasure.{u_3} ρ] {d : ℕ} {base : β → Fin d → Fin d → ℝ} {X : α → Fin d → ℝ}
  (hX : ∀ (i : Fin d), MeasureTheory.Integrable.{0, u_1} (fun x => X x i) μ)
  (hcenter : ∀ (i : Fin d), Eq.{1} (∫ (x : α), X x i ∂μ) 0)
  (hmF : Measurable.{max u_1 u_2, 0} fun z => Entry005.liftedDeterminant (base z.1) (X z.2))
  (hF :
    MeasureTheory.Integrable.{0, max u_1 u_2} (fun z => Entry005.liftedDeterminant (base z.1) (X z.2))
      (MeasureTheory.Measure.prod.{u_2, u_1} σ μ))
  (T : ι → MeasurableEquiv.{max u_1 u_3, max u_1 u_2} (Prod.{u_3, u_1} γ α) (Prod.{u_2, u_1} β (Prod.{u_1, u_1} α α)))
  (hT :
    ∀ (i : ι),
      MeasureTheory.MeasurePreserving.{max u_1 u_3, max u_1 u_2} (⇑(T i)) (MeasureTheory.Measure.prod.{u_3, u_1} ρ μ)
        (MeasureTheory.Measure.prod.{u_2, u_1} σ (MeasureTheory.Measure.prod.{u_1, u_1} μ μ)))
  {V : γ → ℝ} (hV : Measurable.{u_3, 0} V) {v C : ℝ} (hv : LT.lt.{0} 0 v) (hC : LT.lt.{0} 0 C)
  (hV0 : ∀ᵐ (w : γ) ∂ρ, LE.le.{0} 0 (V w)) (hVC : ∀ᵐ (w : γ) ∂ρ, LE.le.{0} (V w) C)
  (hmoment : LE.le.{0} (HMul.hMul.{0, 0, 0} 2 (HPow.hPow.{0, 0, 0} v 2)) (∫ (w : γ), HPow.hPow.{0, 0, 0} (V w) 2 ∂ρ)) :
  ∃ w,
    LE.le.{0} v (V w) ∧
      LE.le.{0}
        (Entry005.transportedWitnessSum.{u_1, u_2, u_3, u_4} μ (fun b x => Entry005.liftedDeterminant (base b) (X x)) T
          w)
        (HDiv.hDiv.{0, 0, 0}
          (HMul.hMul.{0, 0, 0}
            (HMul.hMul.{0, 0, 0} (↑(Fintype.card.{u_4} ι)) (Entry005.determinantLawDefect.{u_1, u_2} σ μ base X))
            (HPow.hPow.{0, 0, 0} C 2))
          (HPow.hPow.{0, 0, 0} v 2))
'Entry005.exists_determinant_witness_anchor' depends on axioms: [propext, Classical.choice.{u}, Quot.sound.{u}]
Entry005.exists_determinant_witness_anchor_ae_good.{u_1, u_2, u_3, u_4} {α : Type u_1} {β : Type u_2} {γ : Type u_3}
  {ι : Type u_4} [MeasurableSpace.{u_1} α] [MeasurableSpace.{u_2} β] [MeasurableSpace.{u_3} γ] [Fintype.{u_4} ι]
  {μ : MeasureTheory.Measure.{u_1} α} {σ : MeasureTheory.Measure.{u_2} β} {ρ : MeasureTheory.Measure.{u_3} γ}
  [MeasureTheory.IsProbabilityMeasure.{u_1} μ] [MeasureTheory.IsProbabilityMeasure.{u_2} σ]
  [MeasureTheory.IsProbabilityMeasure.{u_3} ρ] {d : ℕ} {base : β → Fin d → Fin d → ℝ} {X : α → Fin d → ℝ}
  (hX : ∀ (i : Fin d), MeasureTheory.Integrable.{0, u_1} (fun x => X x i) μ)
  (hcenter : ∀ (i : Fin d), Eq.{1} (∫ (x : α), X x i ∂μ) 0)
  (hmF : Measurable.{max u_1 u_2, 0} fun z => Entry005.liftedDeterminant (base z.1) (X z.2))
  (hF :
    MeasureTheory.Integrable.{0, max u_1 u_2} (fun z => Entry005.liftedDeterminant (base z.1) (X z.2))
      (MeasureTheory.Measure.prod.{u_2, u_1} σ μ))
  (T : ι → MeasurableEquiv.{max u_1 u_3, max u_1 u_2} (Prod.{u_3, u_1} γ α) (Prod.{u_2, u_1} β (Prod.{u_1, u_1} α α)))
  (hT :
    ∀ (i : ι),
      MeasureTheory.MeasurePreserving.{max u_1 u_3, max u_1 u_2} (⇑(T i)) (MeasureTheory.Measure.prod.{u_3, u_1} ρ μ)
        (MeasureTheory.Measure.prod.{u_2, u_1} σ (MeasureTheory.Measure.prod.{u_1, u_1} μ μ)))
  {V : γ → ℝ} (hV : Measurable.{u_3, 0} V) {v C : ℝ} (hv : LT.lt.{0} 0 v) (hC : LT.lt.{0} 0 C)
  (hV0 : ∀ᵐ (w : γ) ∂ρ, LE.le.{0} 0 (V w)) (hVC : ∀ᵐ (w : γ) ∂ρ, LE.le.{0} (V w) C)
  (hmoment : LE.le.{0} (HMul.hMul.{0, 0, 0} 2 (HPow.hPow.{0, 0, 0} v 2)) (∫ (w : γ), HPow.hPow.{0, 0, 0} (V w) 2 ∂ρ))
  {G : γ → Prop} (hG : ∀ᵐ (w : γ) ∂ρ, G w) :
  ∃ w,
    G w ∧
      LE.le.{0} v (V w) ∧
        LE.le.{0}
          (Entry005.transportedWitnessSum.{u_1, u_2, u_3, u_4} μ (fun b x => Entry005.liftedDeterminant (base b) (X x))
            T w)
          (HDiv.hDiv.{0, 0, 0}
            (HMul.hMul.{0, 0, 0}
              (HMul.hMul.{0, 0, 0} (↑(Fintype.card.{u_4} ι)) (Entry005.determinantLawDefect.{u_1, u_2} σ μ base X))
              (HPow.hPow.{0, 0, 0} C 2))
            (HPow.hPow.{0, 0, 0} v 2))
'Entry005.exists_determinant_witness_anchor_ae_good' depends on axioms: [propext, Classical.choice.{u}, Quot.sound.{u}]
Entry005.exists_finite_support_halfspace_approximation.{u_1} {E : Type u_1} [NormedAddCommGroup.{u_1} E]
  [InnerProductSpace.{0, u_1} ℝ E] [FiniteDimensional.{0, u_1} ℝ E] (K : Set.{u_1} E) (hc : IsCompact.{u_1} K)
  (hconv : Convex.{0, u_1} ℝ K) (hb : Metric.closedBall.{u_1} 0 1 ⊆ K) (δ : ℝ) (hδ : LT.lt.{0} 0 δ) :
  ∃ s,
    (∀ (u : ↥s), Eq.{1} (norm.{u_1} ↑u) 1 ∧ LT.lt.{0} 0 (Entry005.compactSupportHeight.{u_1} K ↑u)) ∧
      (Function.Injective.{u_1 + 1, u_1 + 1} fun u => ↑u) ∧
        IsCompact.{u_1}
            (Entry005.finiteHalfspaceSet.{u_1, u_1} (fun u => ↑u) fun u => Entry005.compactSupportHeight.{u_1} K ↑u) ∧
          (K ⊆ Entry005.finiteHalfspaceSet.{u_1, u_1} (fun u => ↑u) fun u => Entry005.compactSupportHeight.{u_1} K ↑u) ∧
            (Entry005.finiteHalfspaceSet.{u_1, u_1} (fun u => ↑u) fun u => Entry005.compactSupportHeight.{u_1} K ↑u) ⊆
              HSMul.hSMul.{0, u_1, u_1} (HAdd.hAdd.{0, 0, 0} 1 δ) K
'Entry005.exists_finite_support_halfspace_approximation' depends on axioms: [propext,
 Classical.choice.{u},
 Quot.sound.{u}]
Entry005.exists_nonsingular_support_anchor_tuple_of_affineSpan_top {d : ℕ} (ν : MeasureTheory.Measure.{0} (Fin d → ℝ))
  (hspan : Eq.{1} (affineSpan.{0, 0, 0} ℝ (MeasureTheory.Measure.support.{0} ν)) Top.top.{0}) :
  ∃ w,
    (∀ (i : Fin (HAdd.hAdd.{0, 0, 0} d 1)), Membership.mem.{0, 0} (MeasureTheory.Measure.support.{0} ν) (w i)) ∧
      Ne.{1} (Matrix.det.{0, 0} (Entry005.anchorMatrix w)) 0
'Entry005.exists_nonsingular_support_anchor_tuple_of_affineSpan_top' depends on axioms: [propext,
 Classical.choice.{u},
 Quot.sound.{u}]
Entry005.exists_perpendicular_unit.{u_1} {E : Type u_1} [NormedAddCommGroup.{u_1} E] [InnerProductSpace.{0, u_1} ℝ E]
  [FiniteDimensional.{0, u_1} ℝ E] (hd : LE.le.{0} 2 (Module.finrank.{0, u_1} ℝ E)) (n : E)
  (hn : Eq.{1} (norm.{u_1} n) 1) : ∃ u, Eq.{1} (norm.{u_1} u) 1 ∧ Eq.{1} (inner.{0, u_1} ℝ u n) 0
'Entry005.exists_perpendicular_unit' depends on axioms: [propext, Classical.choice.{u}, Quot.sound.{u}]
Entry005.exists_projection_cap.{u_1} {E : Type u_1} [NormedAddCommGroup.{u_1} E] [InnerProductSpace.{0, u_1} ℝ E]
  [FiniteDimensional.{0, u_1} ℝ E] [MeasurableSpace.{u_1} E] [BorelSpace.{u_1} E]
  (hd : LE.le.{0} 2 (Module.finrank.{0, u_1} ℝ E)) (K P : ConvexBody.{u_1} E) (M : ℝ) (hM : LE.le.{0} 0 M)
  (hball : Metric.closedBall.{u_1} 0 1 ⊆ ↑K) (hKP : LE.le.{u_1} K P) (hPM : ↑P ⊆ Metric.closedBall.{u_1} 0 M) (q : E)
  (hq : Membership.mem.{u_1, u_1} P q) (hqK : q ∉ K) :
  ∃ k,
    Membership.mem.{u_1, u_1} K k ∧
      ∃ u,
        Eq.{1} (norm.{u_1} u) 1 ∧
          (∀ (x : E),
              Membership.mem.{u_1, u_1} K x →
                LE.le.{0} (norm.{u_1} (HSub.hSub.{u_1, u_1, u_1} q k)) (norm.{u_1} (HSub.hSub.{u_1, u_1, u_1} q x))) ∧
            LE.le.{0}
              (HAdd.hAdd.{0, 0, 0}
                (Entry005.projectedVolume.{u_1}
                  (Submodule.orthogonal.{0, u_1} (Submodule.span.{0, u_1} ℝ (singleton.{u_1, u_1} u))) K)
                (ENNReal.ofReal
                  (HPow.hPow.{0, 0, 0}
                    (HDiv.hDiv.{0, 0, 0} (norm.{u_1} (HSub.hSub.{u_1, u_1, u_1} q k))
                      (HMul.hMul.{0, 0, 0} (↑(HSub.hSub.{0, 0, 0} (Module.finrank.{0, u_1} ℝ E) 1))
                        (HAdd.hAdd.{0, 0, 0} M 1)))
                    (HSub.hSub.{0, 0, 0} (Module.finrank.{0, u_1} ℝ E) 1))))
              (Entry005.projectedVolume.{u_1}
                (Submodule.orthogonal.{0, u_1} (Submodule.span.{0, u_1} ℝ (singleton.{u_1, u_1} u))) P)
'Entry005.exists_projection_cap' depends on axioms: [propext, Classical.choice.{u}, Quot.sound.{u}]
Entry005.exists_projection_sqrt_cap.{u_1} {E : Type u_1} [NormedAddCommGroup.{u_1} E] [InnerProductSpace.{0, u_1} ℝ E]
  [FiniteDimensional.{0, u_1} ℝ E] [MeasurableSpace.{u_1} E] [BorelSpace.{u_1} E]
  (hd : LE.le.{0} 2 (Module.finrank.{0, u_1} ℝ E)) (K P : ConvexBody.{u_1} E) (M : ℝ) (hM : LE.le.{0} 0 M)
  (hball : Metric.closedBall.{u_1} 0 1 ⊆ ↑K) (hKP : LE.le.{u_1} K P) (hPM : ↑P ⊆ Metric.closedBall.{u_1} 0 M) (q : E)
  (hq : Membership.mem.{u_1, u_1} P q) (hqK : q ∉ K) :
  ∃ k,
    Membership.mem.{u_1, u_1} K k ∧
      ∃ u,
        Eq.{1} (norm.{u_1} u) 1 ∧
          (∀ (x : E),
              Membership.mem.{u_1, u_1} K x →
                LE.le.{0} (norm.{u_1} (HSub.hSub.{u_1, u_1, u_1} q k)) (norm.{u_1} (HSub.hSub.{u_1, u_1, u_1} q x))) ∧
            LE.le.{0}
              (HAdd.hAdd.{0, 0, 0}
                (Entry005.projectedVolume.{u_1}
                  (Submodule.orthogonal.{0, u_1} (Submodule.span.{0, u_1} ℝ (singleton.{u_1, u_1} u))) K)
                (ENNReal.ofReal
                  (HPow.hPow.{0, 0, 0}
                    (HDiv.hDiv.{0, 0, 0} (norm.{u_1} (HSub.hSub.{u_1, u_1, u_1} q k))
                      (HMul.hMul.{0, 0, 0} (√↑(HSub.hSub.{0, 0, 0} (Module.finrank.{0, u_1} ℝ E) 1))
                        (HAdd.hAdd.{0, 0, 0} M 1)))
                    (HSub.hSub.{0, 0, 0} (Module.finrank.{0, u_1} ℝ E) 1))))
              (Entry005.projectedVolume.{u_1}
                (Submodule.orthogonal.{0, u_1} (Submodule.span.{0, u_1} ℝ (singleton.{u_1, u_1} u))) P)
'Entry005.exists_projection_sqrt_cap' depends on axioms: [propext, Classical.choice.{u}, Quot.sound.{u}]
Entry005.exists_regular_unit_normalization {d : ℕ} (hd : LE.le.{0} 1 d)
  (S : Affine.Simplex.{0, 0, 0} ℝ (Entry005.Space d) d) :
  ∃ f,
    Eq.{1} (Entry005.affineSimplex f S) (Entry005.regularSimplex d hd) ∧
      Eq.{1} (Affine.Simplex.centroid.{0, 0, 0} (Entry005.affineSimplex f S)) 0 ∧
        Metric.closedBall.{0} 0 1 ⊆ Entry005.simplexSet (Entry005.affineSimplex f S) ∧
          (∀ (i : Fin (HAdd.hAdd.{0, 0, 0} d 1)),
              Eq.{1} (norm.{0} (Affine.Simplex.points.{0, 0, 0} (Entry005.affineSimplex f S) i)) ↑d) ∧
            ∀ (i j : Fin (HAdd.hAdd.{0, 0, 0} d 1)),
              Ne.{1} i j →
                Eq.{1}
                  (dist.{0} (Affine.Simplex.points.{0, 0, 0} (Entry005.affineSimplex f S) i)
                    (Affine.Simplex.points.{0, 0, 0} (Entry005.affineSimplex f S) j))
                  √(HMul.hMul.{0, 0, 0} (HMul.hMul.{0, 0, 0} 2 ↑d) (HAdd.hAdd.{0, 0, 0} (↑d) 1))
'Entry005.exists_regular_unit_normalization' depends on axioms: [propext, Classical.choice.{u}, Quot.sound.{u}]
Entry005.exists_well_conditioned_low_witness.{u_1} {α : Type u_1} [MeasurableSpace.{u_1} α]
  {μ : MeasureTheory.Measure.{u_1} α} [MeasureTheory.IsProbabilityMeasure.{u_1} μ] {V H : α → ℝ}
  (hV : Measurable.{u_1, 0} V) {v C B : ℝ} (hv : LT.lt.{0} 0 v) (hC : LT.lt.{0} 0 C)
  (hV0 : ∀ᵐ (x : α) ∂μ, LE.le.{0} 0 (V x)) (hVC : ∀ᵐ (x : α) ∂μ, LE.le.{0} (V x) C)
  (hmoment : LE.le.{0} (HMul.hMul.{0, 0, 0} 2 (HPow.hPow.{0, 0, 0} v 2)) (∫ (x : α), HPow.hPow.{0, 0, 0} (V x) 2 ∂μ))
  (hH : MeasureTheory.Integrable.{0, u_1} H μ) (hH0 : ∀ (x : α), LE.le.{0} 0 (H x))
  (hmean : LE.le.{0} (∫ (x : α), H x ∂μ) B) :
  ∃ x,
    LE.le.{0} v (V x) ∧
      LE.le.{0} (H x) (HDiv.hDiv.{0, 0, 0} (HMul.hMul.{0, 0, 0} B (HPow.hPow.{0, 0, 0} C 2)) (HPow.hPow.{0, 0, 0} v 2))
'Entry005.exists_well_conditioned_low_witness' depends on axioms: [propext, Classical.choice.{u}, Quot.sound.{u}]
Entry005.exists_well_conditioned_low_witness_ae_good.{u_1} {α : Type u_1} [MeasurableSpace.{u_1} α]
  {μ : MeasureTheory.Measure.{u_1} α} [MeasureTheory.IsProbabilityMeasure.{u_1} μ] {V H : α → ℝ}
  (hV : Measurable.{u_1, 0} V) {v C B : ℝ} (hv : LT.lt.{0} 0 v) (hC : LT.lt.{0} 0 C)
  (hV0 : ∀ᵐ (x : α) ∂μ, LE.le.{0} 0 (V x)) (hVC : ∀ᵐ (x : α) ∂μ, LE.le.{0} (V x) C)
  (hmoment : LE.le.{0} (HMul.hMul.{0, 0, 0} 2 (HPow.hPow.{0, 0, 0} v 2)) (∫ (x : α), HPow.hPow.{0, 0, 0} (V x) 2 ∂μ))
  (hH : MeasureTheory.Integrable.{0, u_1} H μ) (hH0 : ∀ (x : α), LE.le.{0} 0 (H x)) {G : α → Prop}
  (hG : ∀ᵐ (x : α) ∂μ, G x) (hmean : LE.le.{0} (∫ (x : α), H x ∂μ) B) :
  ∃ x,
    G x ∧
      LE.le.{0} v (V x) ∧
        LE.le.{0} (H x)
          (HDiv.hDiv.{0, 0, 0} (HMul.hMul.{0, 0, 0} B (HPow.hPow.{0, 0, 0} C 2)) (HPow.hPow.{0, 0, 0} v 2))
'Entry005.exists_well_conditioned_low_witness_ae_good' depends on axioms: [propext,
 Classical.choice.{u},
 Quot.sound.{u}]
Entry005.exists_well_conditioned_low_witness_in_support.{u_1} {α : Type u_1} [MeasurableSpace.{u_1} α]
  {μ : MeasureTheory.Measure.{u_1} α} [MeasureTheory.IsProbabilityMeasure.{u_1} μ] [TopologicalSpace.{u_1} α]
  [HereditarilyLindelofSpace.{u_1} α] {V H : α → ℝ} (hV : Measurable.{u_1, 0} V) {v C B : ℝ} (hv : LT.lt.{0} 0 v)
  (hC : LT.lt.{0} 0 C) (hV0 : ∀ᵐ (x : α) ∂μ, LE.le.{0} 0 (V x)) (hVC : ∀ᵐ (x : α) ∂μ, LE.le.{0} (V x) C)
  (hmoment : LE.le.{0} (HMul.hMul.{0, 0, 0} 2 (HPow.hPow.{0, 0, 0} v 2)) (∫ (x : α), HPow.hPow.{0, 0, 0} (V x) 2 ∂μ))
  (hH : MeasureTheory.Integrable.{0, u_1} H μ) (hH0 : ∀ (x : α), LE.le.{0} 0 (H x))
  (hmean : LE.le.{0} (∫ (x : α), H x ∂μ) B) :
  ∃ x,
    Membership.mem.{u_1, u_1} (MeasureTheory.Measure.support.{u_1} μ) x ∧
      LE.le.{0} v (V x) ∧
        LE.le.{0} (H x)
          (HDiv.hDiv.{0, 0, 0} (HMul.hMul.{0, 0, 0} B (HPow.hPow.{0, 0, 0} C 2)) (HPow.hPow.{0, 0, 0} v 2))
'Entry005.exists_well_conditioned_low_witness_in_support' depends on axioms: [propext,
 Classical.choice.{u},
 Quot.sound.{u}]
Entry005.facet_lift_translation_shear_det {d : ℕ} (z : Entry005.Space d) :
  Eq.{1} (Matrix.det.{0, 0} (Entry005.facetLiftTranslationShear z)) 1
'Entry005.facet_lift_translation_shear_det' depends on axioms: [propext, Classical.choice.{u}, Quot.sound.{u}]
Entry005.family_cancellation_identity.{u_1, u_2} {α : Type u_1} {β : Type u_2} [MeasurableSpace.{u_1} α]
  [MeasurableSpace.{u_2} β] {μ : MeasureTheory.Measure.{u_1} α} {σ : MeasureTheory.Measure.{u_2} β}
  [MeasureTheory.IsProbabilityMeasure.{u_1} μ] [MeasureTheory.SFinite.{u_2} σ] {F : β → α → ℝ}
  (hF : MeasureTheory.Integrable.{0, max u_1 u_2} (fun z => F z.1 z.2) (MeasureTheory.Measure.prod.{u_2, u_1} σ μ))
  (hfiber : ∀ (b : β), MeasureTheory.Integrable.{0, u_1} (F b) μ) :
  Eq.{1} (Entry005.familyDefect.{u_1, u_2} σ μ F)
    (HMul.hMul.{0, 0, 0} 2
      (∫ (b : β), min.{0} (Entry005.positiveIntegral.{u_1} μ (F b)) (Entry005.negativeIntegral.{u_1} μ (F b)) ∂σ))
'Entry005.family_cancellation_identity' depends on axioms: [propext, Classical.choice.{u}, Quot.sound.{u}]
Entry005.family_defect_nonneg.{u_1, u_2} {α : Type u_1} {β : Type u_2} [MeasurableSpace.{u_1} α]
  [MeasurableSpace.{u_2} β] {μ : MeasureTheory.Measure.{u_1} α} {σ : MeasureTheory.Measure.{u_2} β}
  [MeasureTheory.IsProbabilityMeasure.{u_1} μ] [MeasureTheory.SFinite.{u_2} σ] {F : β → α → ℝ}
  (hF : MeasureTheory.Integrable.{0, max u_1 u_2} (fun z => F z.1 z.2) (MeasureTheory.Measure.prod.{u_2, u_1} σ μ))
  (hfiber : ∀ (b : β), MeasureTheory.Integrable.{0, u_1} (F b) μ) : LE.le.{0} 0 (Entry005.familyDefect.{u_1, u_2} σ μ F)
'Entry005.family_defect_nonneg' depends on axioms: [propext, Classical.choice.{u}, Quot.sound.{u}]
Entry005.family_witness_integrable.{u_1, u_2} {α : Type u_1} {β : Type u_2} [MeasurableSpace.{u_1} α]
  [MeasurableSpace.{u_2} β] {μ : MeasureTheory.Measure.{u_1} α} {σ : MeasureTheory.Measure.{u_2} β}
  [MeasureTheory.IsProbabilityMeasure.{u_1} μ] {F : β → α → ℝ} (hmF : Measurable.{max u_1 u_2, 0} fun z => F z.1 z.2)
  (hF : MeasureTheory.Integrable.{0, max u_1 u_2} (fun z => F z.1 z.2) (MeasureTheory.Measure.prod.{u_2, u_1} σ μ))
  (hfiber : ∀ (b : β), MeasureTheory.Integrable.{0, u_1} (F b) μ) :
  MeasureTheory.Integrable.{0, max u_1 u_2} (fun z => Entry005.oppositeWitness (F z.1 z.2.1) (F z.1 z.2.2))
    (MeasureTheory.Measure.prod.{u_2, u_1} σ (MeasureTheory.Measure.prod.{u_1, u_1} μ μ))
'Entry005.family_witness_integrable' depends on axioms: [propext, Classical.choice.{u}, Quot.sound.{u}]
Entry005.finite_abs_area_split.{u_1} {ι : Type u_1} [Fintype.{u_1} ι] (a b : ι → ℝ) :
  Eq.{1} (∑ i, HMul.hMul.{0, 0, 0} (abs.{0} (b i)) (a i))
    (HAdd.hAdd.{0, 0, 0} (∑ i with LT.lt.{0} 0 (b i), HMul.hMul.{0, 0, 0} (b i) (a i))
      (∑ i with LT.lt.{0} (b i) 0, HMul.hMul.{0, 0, 0} (Neg.neg.{0} (b i)) (a i)))
'Entry005.finite_abs_area_split' depends on axioms: [propext, Classical.choice.{u}, Quot.sound.{u}]
Entry005.finite_atom_law_eq_cone.{u_1} {ι : Type u_1} [Fintype.{u_1} ι] {d : ℕ} (p : ι → ℝ) (x : ι → Fin d → ℝ) :
  Eq.{1} (Entry005.finiteAtomLaw.{u_1} p x) (Entry005.finiteConeLaw.{u_1} p (fun x => 1) x 1)
'Entry005.finite_atom_law_eq_cone' depends on axioms: [propext, Classical.choice.{u}, Quot.sound.{u}]
Entry005.finite_atom_lifted_zonotope_volume_first_moment.{u_1} {ι : Type u_1} [Fintype.{u_1} ι]
  [MeasurableSpace.{u_1} ι] [MeasurableSingletonClass.{u_1} ι] {d : ℕ} (p : ι → ℝ) (x : ι → Fin d → ℝ)
  (hp : ∀ (i : ι), LE.le.{0} 0 (p i)) (hsum : Eq.{1} (∑ i, p i) 1) :
  Eq.{1} (MeasureTheory.volume.{0} (Entry005.finiteLiftedLawZonotope.{u_1} p x)).toReal
    (HMul.hMul.{0, 0, 0}
      (HDiv.hDiv.{0, 0, 0} (HPow.hPow.{0, 0, 0} 2 (HAdd.hAdd.{0, 0, 0} d 1)) ↑(HAdd.hAdd.{0, 0, 0} d 1).factorial)
      (∫ (w : Fin (HAdd.hAdd.{0, 0, 0} d 1) → Fin d → ℝ),
        abs.{0}
          (Entry005.liftedDeterminant (fun j => w j.succ)
            (w 0)) ∂Entry005.iidLaw.{0} (Entry005.finiteAtomLaw.{u_1} p x) (HAdd.hAdd.{0, 0, 0} d 1)))
'Entry005.finite_atom_lifted_zonotope_volume_first_moment' depends on axioms: [propext,
 Classical.choice.{u},
 Quot.sound.{u}]
Entry005.finite_atom_mem_support_of_pos.{u_1} {ι : Type u_1} [Fintype.{u_1} ι] {d : ℕ} (p : ι → ℝ) (x : ι → Fin d → ℝ)
  (i : ι) (hi : LT.lt.{0} 0 (p i)) :
  Membership.mem.{0, 0} (MeasureTheory.Measure.support.{0} (Entry005.finiteAtomLaw.{u_1} p x)) (x i)
'Entry005.finite_atom_mem_support_of_pos' depends on axioms: [propext, Classical.choice.{u}, Quot.sound.{u}]
Entry005.finite_atom_probability.{u_1} {ι : Type u_1} [Fintype.{u_1} ι] {d : ℕ} (p : ι → ℝ) (x : ι → Fin d → ℝ)
  (hp : ∀ (i : ι), LE.le.{0} 0 (p i)) (hsum : Eq.{1} (∑ i, p i) 1) :
  MeasureTheory.IsProbabilityMeasure.{0} (Entry005.finiteAtomLaw.{u_1} p x)
'Entry005.finite_atom_probability' depends on axioms: [propext, Classical.choice.{u}, Quot.sound.{u}]
Entry005.finite_atom_zonotope_volume_first_moment.{u_1} {ι : Type u_1} [Fintype.{u_1} ι] [MeasurableSpace.{u_1} ι]
  [MeasurableSingletonClass.{u_1} ι] {d : ℕ} (p : ι → ℝ) (x : ι → Fin d → ℝ) (hp : ∀ (i : ι), LE.le.{0} 0 (p i))
  (hsum : Eq.{1} (∑ i, p i) 1) :
  Eq.{1} (MeasureTheory.volume.{0} (Entry005.finiteLawZonotope.{u_1} p x)).toReal
    (HMul.hMul.{0, 0, 0} (HDiv.hDiv.{0, 0, 0} (HPow.hPow.{0, 0, 0} 2 d) ↑d.factorial)
      (∫ (base : Fin d → Fin d → ℝ),
        abs.{0} (Entry005.horizontalDeterminant base) ∂Entry005.iidLaw.{0} (Entry005.finiteAtomLaw.{u_1} p x) d))
'Entry005.finite_atom_zonotope_volume_first_moment' depends on axioms: [propext, Classical.choice.{u}, Quot.sound.{u}]
Entry005.finite_body_cone_affine_first_moment_pos.{u_1} {ι : Type u_1} [Fintype.{u_1} ι] {d : ℕ}
  [Nontrivial.{0} (Entry005.Space d)] (n : ι → Entry005.Space d) (h : ι → ℝ) (hn : ∀ (i : ι), Eq.{1} (norm.{0} (n i)) 1)
  (hinj : Function.Injective.{u_1 + 1, 1} n) (hc : IsCompact.{0} (Entry005.finiteHalfspaceSet.{u_1, 0} n h))
  (hb : Metric.closedBall.{0} 0 1 ⊆ Entry005.finiteHalfspaceSet.{u_1, 0} n h) :
  LT.lt.{0} 0
    (∫ (w : Fin (HAdd.hAdd.{0, 0, 0} d 1) → Fin d → ℝ),
      abs.{0}
        (Matrix.det.{0, 0}
          (Entry005.anchorMatrix
            w)) ∂Entry005.iidLaw.{0} (Entry005.finiteHalfspaceConeLaw.{u_1} n h) (HAdd.hAdd.{0, 0, 0} d 1))
'Entry005.finite_body_cone_affine_first_moment_pos' depends on axioms: [propext, Classical.choice.{u}, Quot.sound.{u}]
Entry005.finite_body_cone_first_moment_assignment.{u_1} {ι : Type u_1} [Fintype.{u_1} ι] {d : ℕ}
  [Nontrivial.{0} (Entry005.Space d)] (n : ι → Entry005.Space d) (h : ι → ℝ) (hn : ∀ (i : ι), Eq.{1} (norm.{0} (n i)) 1)
  (hinj : Function.Injective.{u_1 + 1, 1} n) (hc : IsCompact.{0} (Entry005.finiteHalfspaceSet.{u_1, 0} n h))
  (hb : Metric.closedBall.{0} 0 1 ⊆ Entry005.finiteHalfspaceSet.{u_1, 0} n h) :
  ∃ w,
    ∃ (_ : Ne.{1} (Matrix.det.{0, 0} (Entry005.anchorMatrix w)) 0),
      (∀ (i : Fin (HAdd.hAdd.{0, 0, 0} d 1)),
          Membership.mem.{0, 0} (MeasureTheory.Measure.support.{0} (Entry005.finiteHalfspaceConeLaw.{u_1} n h)) (w i) ∧
            LE.le.{0} (norm.{0} (WithLp.toLp.{0} 2 (w i))) 1) ∧
        (AffineIndependent.{0, 0, 0, 0} ℝ fun i => WithLp.toLp.{0} 2 (w i)) ∧
          (Measurable.{0, 0} fun x => Entry005.largestCoordinate (Entry005.anchorCoordinates w x)) ∧
            MeasureTheory.Integrable.{0, 0}
                (fun x =>
                  norm.{0}
                    (HSub.hSub.{0, 0, 0} (WithLp.toLp.{0} 2 x)
                      (WithLp.toLp.{0} 2 (w (Entry005.largestCoordinate (Entry005.anchorCoordinates w x))))))
                (Entry005.finiteHalfspaceConeLaw.{u_1} n h) ∧
              LE.le.{0}
                (∫ (x : Fin d → ℝ),
                  norm.{0}
                    (HSub.hSub.{0, 0, 0} (WithLp.toLp.{0} 2 x)
                      (WithLp.toLp.{0} 2
                        (w
                          (Entry005.largestCoordinate
                            (Entry005.anchorCoordinates w x))))) ∂Entry005.finiteHalfspaceConeLaw.{u_1} n h)
                (HDiv.hDiv.{0, 0, 0}
                  (HMul.hMul.{0, 0, 0} (HMul.hMul.{0, 0, 0} (HAdd.hAdd.{0, 0, 0} (↑d) 1) (HAdd.hAdd.{0, 0, 0} (↑d) 2))
                    (Entry005.determinantLawDefect.{0, 0}
                      (Entry005.iidLaw.{0} (Entry005.finiteHalfspaceConeLaw.{u_1} n h) d)
                      (Entry005.finiteHalfspaceConeLaw.{u_1} n h) id.{1} id.{1}))
                  (∫ (v : Fin (HAdd.hAdd.{0, 0, 0} d 1) → Fin d → ℝ),
                    abs.{0}
                      (Matrix.det.{0, 0}
                        (Entry005.anchorMatrix
                          v)) ∂Entry005.iidLaw.{0} (Entry005.finiteHalfspaceConeLaw.{u_1} n h)
                      (HAdd.hAdd.{0, 0, 0} d 1)))
'Entry005.finite_body_cone_first_moment_assignment' depends on axioms: [propext, Classical.choice.{u}, Quot.sound.{u}]
Entry005.finite_cone_absolute_direction.{u_1} {ι : Type u_1} [Fintype.{u_1} ι] {d : ℕ} (a h : ι → ℝ) (n : ι → Fin d → ℝ)
  (M : ℝ) (ha : ∀ (i : ι), LE.le.{0} 0 (a i)) (hh : ∀ (i : ι), LT.lt.{0} 0 (h i)) (hM : LT.lt.{0} 0 M) (u : Fin d → ℝ) :
  Eq.{1} (∫ (x : Fin d → ℝ), abs.{0} (dotProduct.{0, 0} u x) ∂Entry005.finiteConeLaw.{u_1} a h n M)
    (HDiv.hDiv.{0, 0, 0} (∑ i, HMul.hMul.{0, 0, 0} (a i) (abs.{0} (dotProduct.{0, 0} u (n i)))) M)
'Entry005.finite_cone_absolute_direction' depends on axioms: [propext, Classical.choice.{u}, Quot.sound.{u}]
Entry005.finite_cone_ae_unit_ball.{u_1} {ι : Type u_1} [Fintype.{u_1} ι] {d : ℕ} (a h : ι → ℝ) (n : ι → Fin d → ℝ)
  (M : ℝ) (hh : ∀ (i : ι), LT.lt.{0} 0 (h i)) (hn : ∀ (i : ι), LE.le.{0} (norm.{0} (WithLp.toLp.{0} 2 (n i))) (h i)) :
  ∀ᵐ (x : Fin d → ℝ) ∂Entry005.finiteConeLaw.{u_1} a h n M, LE.le.{0} (norm.{0} (WithLp.toLp.{0} 2 x)) 1
'Entry005.finite_cone_ae_unit_ball' depends on axioms: [propext, Classical.choice.{u}, Quot.sound.{u}]
Entry005.finite_cone_centered.{u_1} {ι : Type u_1} [Fintype.{u_1} ι] {d : ℕ} (a h : ι → ℝ) (n : ι → Fin d → ℝ) (M : ℝ)
  (ha : ∀ (i : ι), LE.le.{0} 0 (a i)) (hh : ∀ (i : ι), LT.lt.{0} 0 (h i)) (hM : LT.lt.{0} 0 M)
  (hbalance : ∀ (j : Fin d), Eq.{1} (∑ i, HMul.hMul.{0, 0, 0} (a i) (n i j)) 0) (j : Fin d) :
  Eq.{1} (∫ (x : Fin d → ℝ), x j ∂Entry005.finiteConeLaw.{u_1} a h n M) 0
'Entry005.finite_cone_centered' depends on axioms: [propext, Classical.choice.{u}, Quot.sound.{u}]
Entry005.finite_cone_coordinate_mean.{u_1} {ι : Type u_1} [Fintype.{u_1} ι] {d : ℕ} (a h : ι → ℝ) (n : ι → Fin d → ℝ)
  (M : ℝ) (ha : ∀ (i : ι), LE.le.{0} 0 (a i)) (hh : ∀ (i : ι), LT.lt.{0} 0 (h i)) (hM : LT.lt.{0} 0 M) (j : Fin d) :
  Eq.{1} (∫ (x : Fin d → ℝ), x j ∂Entry005.finiteConeLaw.{u_1} a h n M)
    (HDiv.hDiv.{0, 0, 0} (∑ i, HMul.hMul.{0, 0, 0} (a i) (n i j)) M)
'Entry005.finite_cone_coordinate_mean' depends on axioms: [propext, Classical.choice.{u}, Quot.sound.{u}]
Entry005.finite_cone_direction_mean_zero.{u_1} {ι : Type u_1} [Fintype.{u_1} ι] {d : ℕ} (a h : ι → ℝ)
  (n : ι → Fin d → ℝ) (M : ℝ) (ha : ∀ (i : ι), LE.le.{0} 0 (a i)) (hh : ∀ (i : ι), LT.lt.{0} 0 (h i))
  (hM : LT.lt.{0} 0 M) (hbalance : ∀ (j : Fin d), Eq.{1} (∑ i, HMul.hMul.{0, 0, 0} (a i) (n i j)) 0) (u : Fin d → ℝ) :
  Eq.{1} (∫ (x : Fin d → ℝ), dotProduct.{0, 0} u x ∂Entry005.finiteConeLaw.{u_1} a h n M) 0
'Entry005.finite_cone_direction_mean_zero' depends on axioms: [propext, Classical.choice.{u}, Quot.sound.{u}]
Entry005.finite_cone_horizontal_determinant_expectation.{u_1} {ι : Type u_1} [Fintype.{u_1} ι] {d : ℕ}
  [MeasurableSpace.{u_1} ι] [MeasurableSingletonClass.{u_1} ι] (a h : ι → ℝ) (n : ι → Fin d → ℝ) (M : ℝ)
  (ha : ∀ (i : ι), LE.le.{0} 0 (a i)) (hh : ∀ (i : ι), LT.lt.{0} 0 (h i)) (hM : LT.lt.{0} 0 M)
  (hmass : Eq.{1} (∑ i, HMul.hMul.{0, 0, 0} (a i) (h i)) M) :
  Eq.{1}
    (∫ (w : Fin d → Fin d → ℝ),
      abs.{0} (Entry005.horizontalDeterminant w) ∂Entry005.iidLaw.{0} (Entry005.finiteConeLaw.{u_1} a h n M) d)
    (HDiv.hDiv.{0, 0, 0}
      (∑ b, abs.{0} (Entry005.horizontalDeterminant fun j l => HMul.hMul.{0, 0, 0} (a (b j)) (n (b j) l)))
      (HPow.hPow.{0, 0, 0} M d))
'Entry005.finite_cone_horizontal_determinant_expectation' depends on axioms: [propext,
 Classical.choice.{u},
 Quot.sound.{u}]
Entry005.finite_cone_iid_integral.{u_1} {ι : Type u_1} [Fintype.{u_1} ι] {d : ℕ} [MeasurableSpace.{u_1} ι]
  [MeasurableSingletonClass.{u_1} ι] (a h : ι → ℝ) (n : ι → Fin d → ℝ) (M : ℝ) (ha : ∀ (i : ι), LE.le.{0} 0 (a i))
  (hh : ∀ (i : ι), LT.lt.{0} 0 (h i)) (hM : LT.lt.{0} 0 M) (hmass : Eq.{1} (∑ i, HMul.hMul.{0, 0, 0} (a i) (h i)) M)
  (k : ℕ) (f : (Fin k → Fin d → ℝ) → ℝ) (hf : Measurable.{0, 0} f) :
  Eq.{1} (∫ (w : Fin k → Fin d → ℝ), f w ∂Entry005.iidLaw.{0} (Entry005.finiteConeLaw.{u_1} a h n M) k)
    (∑ b,
      HMul.hMul.{0, 0, 0} (∏ j, HDiv.hDiv.{0, 0, 0} (HMul.hMul.{0, 0, 0} (a (b j)) (h (b j))) M)
        (f fun j => Entry005.finiteConePoint.{u_1} n h (b j)))
'Entry005.finite_cone_iid_integral' depends on axioms: [propext, Classical.choice.{u}, Quot.sound.{u}]
Entry005.finite_cone_index_map.{u_1} {ι : Type u_1} [Fintype.{u_1} ι] {d : ℕ} [MeasurableSpace.{u_1} ι]
  [MeasurableSingletonClass.{u_1} ι] (a h : ι → ℝ) (n : ι → Fin d → ℝ) (M : ℝ) :
  Eq.{1}
    (MeasureTheory.Measure.map.{u_1, 0} (Entry005.finiteConePoint.{u_1} n h) (Entry005.finiteConeIndexLaw.{u_1} a h M))
    (Entry005.finiteConeLaw.{u_1} a h n M)
'Entry005.finite_cone_index_map' depends on axioms: [propext, Classical.choice.{u}, Quot.sound.{u}]
Entry005.finite_cone_index_probability.{u_1} {ι : Type u_1} [Fintype.{u_1} ι] [MeasurableSpace.{u_1} ι] (a h : ι → ℝ)
  (M : ℝ) (ha : ∀ (i : ι), LE.le.{0} 0 (a i)) (hh : ∀ (i : ι), LT.lt.{0} 0 (h i)) (hM : LT.lt.{0} 0 M)
  (hmass : Eq.{1} (∑ i, HMul.hMul.{0, 0, 0} (a i) (h i)) M) :
  MeasureTheory.IsProbabilityMeasure.{u_1} (Entry005.finiteConeIndexLaw.{u_1} a h M)
'Entry005.finite_cone_index_probability' depends on axioms: [propext, Classical.choice.{u}, Quot.sound.{u}]
Entry005.finite_cone_index_singleton.{u_1} {ι : Type u_1} [Fintype.{u_1} ι] [MeasurableSpace.{u_1} ι]
  [MeasurableSingletonClass.{u_1} ι] (a h : ι → ℝ) (M : ℝ) (i : ι) :
  Eq.{1} ((Entry005.finiteConeIndexLaw.{u_1} a h M) (singleton.{u_1, u_1} i))
    (ENNReal.ofReal (HDiv.hDiv.{0, 0, 0} (HMul.hMul.{0, 0, 0} (a i) (h i)) M))
'Entry005.finite_cone_index_singleton' depends on axioms: [propext, Classical.choice.{u}, Quot.sound.{u}]
Entry005.finite_cone_integrable.{u_1} {ι : Type u_1} [Fintype.{u_1} ι] {d : ℕ} (a h : ι → ℝ) (n : ι → Fin d → ℝ) (M : ℝ)
  (f : (Fin d → ℝ) → ℝ) : MeasureTheory.Integrable.{0, 0} f (Entry005.finiteConeLaw.{u_1} a h n M)
'Entry005.finite_cone_integrable' depends on axioms: [propext, Classical.choice.{u}, Quot.sound.{u}]
Entry005.finite_cone_integral.{u_1} {ι : Type u_1} [Fintype.{u_1} ι] {d : ℕ} (a h : ι → ℝ) (n : ι → Fin d → ℝ) (M : ℝ)
  (ha : ∀ (i : ι), LE.le.{0} 0 (a i)) (hh : ∀ (i : ι), LT.lt.{0} 0 (h i)) (hM : LT.lt.{0} 0 M) (f : (Fin d → ℝ) → ℝ) :
  Eq.{1} (∫ (x : Fin d → ℝ), f x ∂Entry005.finiteConeLaw.{u_1} a h n M)
    (∑ i,
      HMul.hMul.{0, 0, 0} (HDiv.hDiv.{0, 0, 0} (HMul.hMul.{0, 0, 0} (a i) (h i)) M)
        (f (Entry005.finiteConePoint.{u_1} n h i)))
'Entry005.finite_cone_integral' depends on axioms: [propext, Classical.choice.{u}, Quot.sound.{u}]
Entry005.finite_cone_lifted_determinant_expectation.{u_1} {ι : Type u_1} [Fintype.{u_1} ι] {d : ℕ}
  [MeasurableSpace.{u_1} ι] [MeasurableSingletonClass.{u_1} ι] (a h : ι → ℝ) (n : ι → Fin d → ℝ) (M : ℝ)
  (ha : ∀ (i : ι), LE.le.{0} 0 (a i)) (hh : ∀ (i : ι), LT.lt.{0} 0 (h i)) (hM : LT.lt.{0} 0 M)
  (hmass : Eq.{1} (∑ i, HMul.hMul.{0, 0, 0} (a i) (h i)) M) :
  Eq.{1}
    (∫ (w : Fin (HAdd.hAdd.{0, 0, 0} d 1) → Fin d → ℝ),
      abs.{0}
        (Entry005.liftedDeterminant (fun j => w j.succ)
          (w 0)) ∂Entry005.iidLaw.{0} (Entry005.finiteConeLaw.{u_1} a h n M) (HAdd.hAdd.{0, 0, 0} d 1))
    (HDiv.hDiv.{0, 0, 0}
      (∑ b,
        abs.{0}
          (Matrix.det.{0, 0}
            (Entry005.sampledMatrix.{u_1}
              (fun i j => HMul.hMul.{0, 0, 0} (a i) (Entry005.finiteFacetLift.{u_1} h n i j)) b)))
      (HPow.hPow.{0, 0, 0} M (HAdd.hAdd.{0, 0, 0} d 1)))
'Entry005.finite_cone_lifted_determinant_expectation' depends on axioms: [propext, Classical.choice.{u}, Quot.sound.{u}]
Entry005.finite_cone_lifted_zonotope_volume_first_moment.{u_1} {ι : Type u_1} [Fintype.{u_1} ι]
  [MeasurableSpace.{u_1} ι] [MeasurableSingletonClass.{u_1} ι] {d : ℕ} (a h : ι → ℝ) (n : ι → Fin d → ℝ) (M : ℝ)
  (ha : ∀ (i : ι), LE.le.{0} 0 (a i)) (hh : ∀ (i : ι), LT.lt.{0} 0 (h i)) (hM : LT.lt.{0} 0 M)
  (hmass : Eq.{1} (∑ i, HMul.hMul.{0, 0, 0} (a i) (h i)) M) :
  Eq.{1}
    (MeasureTheory.volume.{0}
        (Entry005.finiteLiftedLawZonotope.{u_1} (fun i => HDiv.hDiv.{0, 0, 0} (HMul.hMul.{0, 0, 0} (a i) (h i)) M)
          (Entry005.finiteConePoint.{u_1} n h))).toReal
    (HMul.hMul.{0, 0, 0}
      (HDiv.hDiv.{0, 0, 0} (HPow.hPow.{0, 0, 0} 2 (HAdd.hAdd.{0, 0, 0} d 1)) ↑(HAdd.hAdd.{0, 0, 0} d 1).factorial)
      (∫ (w : Fin (HAdd.hAdd.{0, 0, 0} d 1) → Fin d → ℝ),
        abs.{0}
          (Entry005.liftedDeterminant (fun j => w j.succ)
            (w 0)) ∂Entry005.iidLaw.{0} (Entry005.finiteConeLaw.{u_1} a h n M) (HAdd.hAdd.{0, 0, 0} d 1)))
'Entry005.finite_cone_lifted_zonotope_volume_first_moment' depends on axioms: [propext,
 Classical.choice.{u},
 Quot.sound.{u}]
Entry005.finite_cone_negative_direction.{u_1} {ι : Type u_1} [Fintype.{u_1} ι] {d : ℕ} (a h : ι → ℝ) (n : ι → Fin d → ℝ)
  (M : ℝ) (ha : ∀ (i : ι), LE.le.{0} 0 (a i)) (hh : ∀ (i : ι), LT.lt.{0} 0 (h i)) (hM : LT.lt.{0} 0 M)
  (hbalance : ∀ (j : Fin d), Eq.{1} (∑ i, HMul.hMul.{0, 0, 0} (a i) (n i j)) 0) (u : Fin d → ℝ) :
  Eq.{1} (Entry005.negativeIntegral.{0} (Entry005.finiteConeLaw.{u_1} a h n M) fun x => dotProduct.{0, 0} u x)
    (HDiv.hDiv.{0, 0, 0} (∑ i, HMul.hMul.{0, 0, 0} (a i) (abs.{0} (dotProduct.{0, 0} u (n i))))
      (HMul.hMul.{0, 0, 0} 2 M))
'Entry005.finite_cone_negative_direction' depends on axioms: [propext, Classical.choice.{u}, Quot.sound.{u}]
Entry005.finite_cone_point_height_one.{u_1} {ι : Type u_1} {d : ℕ} (x : ι → Fin d → ℝ) :
  Eq.{u_1 + 1} (Entry005.finiteConePoint.{u_1} x fun x => 1) x
'Entry005.finite_cone_point_height_one' depends on axioms: [propext, Classical.choice.{u}, Quot.sound.{u}]
Entry005.finite_cone_point_norm.{u_1} {ι : Type u_1} {d : ℕ} (n : ι → Fin d → ℝ) (h : ι → ℝ)
  (hh : ∀ (i : ι), LT.lt.{0} 0 (h i)) (hn : ∀ (i : ι), LE.le.{0} (norm.{0} (WithLp.toLp.{0} 2 (n i))) (h i)) (i : ι) :
  LE.le.{0} (norm.{0} (WithLp.toLp.{0} 2 (Entry005.finiteConePoint.{u_1} n h i))) 1
'Entry005.finite_cone_point_norm' depends on axioms: [propext, Classical.choice.{u}, Quot.sound.{u}]
Entry005.finite_cone_probability.{u_1} {ι : Type u_1} [Fintype.{u_1} ι] {d : ℕ} (a h : ι → ℝ) (n : ι → Fin d → ℝ)
  (M : ℝ) (ha : ∀ (i : ι), LE.le.{0} 0 (a i)) (hh : ∀ (i : ι), LT.lt.{0} 0 (h i)) (hM : LT.lt.{0} 0 M)
  (hmass : Eq.{1} (∑ i, HMul.hMul.{0, 0, 0} (a i) (h i)) M) :
  MeasureTheory.IsProbabilityMeasure.{0} (Entry005.finiteConeLaw.{u_1} a h n M)
'Entry005.finite_cone_probability' depends on axioms: [propext, Classical.choice.{u}, Quot.sound.{u}]
Entry005.finite_cone_support_unit_ball.{u_1} {ι : Type u_1} [Fintype.{u_1} ι] {d : ℕ} (a h : ι → ℝ) (n : ι → Fin d → ℝ)
  (M : ℝ) (hh : ∀ (i : ι), LT.lt.{0} 0 (h i)) (hn : ∀ (i : ι), LE.le.{0} (norm.{0} (WithLp.toLp.{0} 2 (n i))) (h i))
  (x : Fin d → ℝ) :
  Membership.mem.{0, 0} (MeasureTheory.Measure.support.{0} (Entry005.finiteConeLaw.{u_1} a h n M)) x →
    LE.le.{0} (norm.{0} (WithLp.toLp.{0} 2 x)) 1
'Entry005.finite_cone_support_unit_ball' depends on axioms: [propext, Classical.choice.{u}, Quot.sound.{u}]
Entry005.finite_cone_weighted_sample_determinant.{u_1} {ι : Type u_1} {k : ℕ} (a h : ι → ℝ) (v : ι → Fin k → ℝ) (M : ℝ)
  (ha : ∀ (i : ι), LE.le.{0} 0 (a i)) (hh : ∀ (i : ι), LT.lt.{0} 0 (h i)) (b : Fin k → ι) :
  Eq.{1}
    (HMul.hMul.{0, 0, 0} (∏ j, HDiv.hDiv.{0, 0, 0} (HMul.hMul.{0, 0, 0} (a (b j)) (h (b j))) M)
      (abs.{0} (Matrix.det.{0, 0} (Entry005.sampledMatrix.{u_1} (Entry005.finiteConePoint.{u_1} v h) b))))
    (HDiv.hDiv.{0, 0, 0}
      (abs.{0} (Matrix.det.{0, 0} (Entry005.sampledMatrix.{u_1} (fun i j => HMul.hMul.{0, 0, 0} (a i) (v i j)) b)))
      (HPow.hPow.{0, 0, 0} M k))
'Entry005.finite_cone_weighted_sample_determinant' depends on axioms: [propext, Classical.choice.{u}, Quot.sound.{u}]
Entry005.finite_cone_weighted_zonotope_eq_normalized_generators.{u_1} {ι : Type u_1} [Fintype.{u_1} ι] {d : ℕ}
  (a h : ι → ℝ) (n : ι → Entry005.Space d) (M : ℝ) (hh : ∀ (i : ι), LT.lt.{0} 0 (h i)) (hM : Ne.{1} M 0) :
  Eq.{1}
    (Entry005.finiteLawZonotope.{u_1} (fun i => HDiv.hDiv.{0, 0, 0} (HMul.hMul.{0, 0, 0} (a i) (h i)) M)
      (Entry005.finiteConePoint.{u_1} (fun i j => WithLp.ofLp.{0} (n i) j) h))
    (Entry005.finiteZonotope.{u_1, 0} fun i => HSMul.hSMul.{0, 0, 0} (HDiv.hDiv.{0, 0, 0} (a i) M) (n i))
'Entry005.finite_cone_weighted_zonotope_eq_normalized_generators' depends on axioms: [propext,
 Classical.choice.{u},
 Quot.sound.{u}]
Entry005.finite_cone_zonotope_volume_first_moment.{u_1} {ι : Type u_1} [Fintype.{u_1} ι] [MeasurableSpace.{u_1} ι]
  [MeasurableSingletonClass.{u_1} ι] {d : ℕ} (a h : ι → ℝ) (n : ι → Fin d → ℝ) (M : ℝ)
  (ha : ∀ (i : ι), LE.le.{0} 0 (a i)) (hh : ∀ (i : ι), LT.lt.{0} 0 (h i)) (hM : LT.lt.{0} 0 M)
  (hmass : Eq.{1} (∑ i, HMul.hMul.{0, 0, 0} (a i) (h i)) M) :
  Eq.{1}
    (MeasureTheory.volume.{0}
        (Entry005.finiteLawZonotope.{u_1} (fun i => HDiv.hDiv.{0, 0, 0} (HMul.hMul.{0, 0, 0} (a i) (h i)) M)
          (Entry005.finiteConePoint.{u_1} n h))).toReal
    (HMul.hMul.{0, 0, 0} (HDiv.hDiv.{0, 0, 0} (HPow.hPow.{0, 0, 0} 2 d) ↑d.factorial)
      (∫ (base : Fin d → Fin d → ℝ),
        abs.{0} (Entry005.horizontalDeterminant base) ∂Entry005.iidLaw.{0} (Entry005.finiteConeLaw.{u_1} a h n M) d))
'Entry005.finite_cone_zonotope_volume_first_moment' depends on axioms: [propext, Classical.choice.{u}, Quot.sound.{u}]
Entry005.finite_determinant_tuple_sum_eq_injection_sum {d m : ℕ} (v : Fin m → Fin d → ℝ) :
  Eq.{1} (∑ σ, abs.{0} (Matrix.det.{0, 0} (Matrix.of.{0, 0, 0} fun i j => v (σ j) i)))
    (∑ σ, abs.{0} (Matrix.det.{0, 0} (Matrix.of.{0, 0, 0} fun i j => v (σ j) i)))
'Entry005.finite_determinant_tuple_sum_eq_injection_sum' depends on axioms: [propext,
 Classical.choice.{u},
 Quot.sound.{u}]
Entry005.finite_facet_lifted_sample_translation.{u_1} {ι : Type u_1} {d : ℕ} (a h : ι → ℝ) (n : ι → Entry005.Space d)
  (z : Entry005.Space d) (b : Fin (HAdd.hAdd.{0, 0, 0} d 1) → ι) :
  Eq.{1}
    (Matrix.det.{0, 0}
      (Entry005.sampledMatrix.{u_1}
        (fun i j =>
          HMul.hMul.{0, 0, 0} (a i)
            (Entry005.finiteFacetLift.{u_1} (fun k => HSub.hSub.{0, 0, 0} (h k) (inner.{0, 0} ℝ (n k) z))
              (fun i k => WithLp.ofLp.{0} (n i) k) i j))
        b))
    (Matrix.det.{0, 0}
      (Entry005.sampledMatrix.{u_1}
        (fun i j =>
          HMul.hMul.{0, 0, 0} (a i) (Entry005.finiteFacetLift.{u_1} h (fun i k => WithLp.ofLp.{0} (n i) k) i j))
        b))
'Entry005.finite_facet_lifted_sample_translation' depends on axioms: [propext, Classical.choice.{u}, Quot.sound.{u}]
Entry005.finite_facet_lifted_tuple_translation.{u_1} {ι : Type u_1} [Fintype.{u_1} ι] {d : ℕ} (a h : ι → ℝ)
  (n : ι → Entry005.Space d) (z : Entry005.Space d) :
  Eq.{1}
    (∑ b,
      abs.{0}
        (Matrix.det.{0, 0}
          (Entry005.sampledMatrix.{u_1}
            (fun i j =>
              HMul.hMul.{0, 0, 0} (a i)
                (Entry005.finiteFacetLift.{u_1} (fun k => HSub.hSub.{0, 0, 0} (h k) (inner.{0, 0} ℝ (n k) z))
                  (fun i k => WithLp.ofLp.{0} (n i) k) i j))
            b)))
    (∑ b,
      abs.{0}
        (Matrix.det.{0, 0}
          (Entry005.sampledMatrix.{u_1}
            (fun i j =>
              HMul.hMul.{0, 0, 0} (a i) (Entry005.finiteFacetLift.{u_1} h (fun i k => WithLp.ofLp.{0} (n i) k) i j))
            b)))
'Entry005.finite_facet_lifted_tuple_translation' depends on axioms: [propext, Classical.choice.{u}, Quot.sound.{u}]
Entry005.finite_halfspace_brightness_lower_of_unit_ball.{u_1} {ι : Type u_1} {d : ℕ} [Nontrivial.{0} (Entry005.Space d)]
  (n : ι → Entry005.Space d) (h : ι → ℝ) (hc : IsCompact.{0} (Entry005.finiteHalfspaceSet.{u_1, 0} n h))
  (hb : Metric.closedBall.{0} 0 1 ⊆ Entry005.finiteHalfspaceSet.{u_1, 0} n h) (u : Entry005.Space d)
  (hu : Eq.{1} (norm.{0} u) 1) :
  LE.le.{0} (MeasureTheory.volume.{0} (Metric.closedBall.{0} 0 1)).toReal
    (Entry005.projectionVolumeSet.{0} (Entry005.finiteHalfspaceSet.{u_1, 0} n h) u)
'Entry005.finite_halfspace_brightness_lower_of_unit_ball' depends on axioms: [propext,
 Classical.choice.{u},
 Quot.sound.{u}]
Entry005.finite_halfspace_brightness_normal_sum.{u_1} {ι : Type u_1} [Fintype.{u_1} ι] {d : ℕ}
  (n : ι → Entry005.Space d) (h : ι → ℝ) (hn : ∀ (i : ι), Eq.{1} (norm.{0} (n i)) 1)
  (hinj : Function.Injective.{u_1 + 1, 1} n) (hc : IsCompact.{0} (Entry005.finiteHalfspaceSet.{u_1, 0} n h))
  (u : Entry005.Space d) (hu : Eq.{1} (norm.{0} u) 1) :
  Eq.{1}
    (∑ i,
      HMul.hMul.{0, 0, 0} (Entry005.finiteHalfspaceFacetArea.{u_1, 0} n h i)
        (abs.{0} (dotProduct.{0, 0} (fun j => WithLp.ofLp.{0} u j) fun j => WithLp.ofLp.{0} (n i) j)))
    (HMul.hMul.{0, 0, 0} 2 (Entry005.projectionVolumeSet.{0} (Entry005.finiteHalfspaceSet.{u_1, 0} n h) u))
'Entry005.finite_halfspace_brightness_normal_sum' depends on axioms: [propext, Classical.choice.{u}, Quot.sound.{u}]
Entry005.finite_halfspace_cauchy.{u_1, u_2} {ι : Type u_1} {E : Type u_2} [Fintype.{u_1} ι] [NormedAddCommGroup.{u_2} E]
  [InnerProductSpace.{0, u_2} ℝ E] [FiniteDimensional.{0, u_2} ℝ E] [MeasurableSpace.{u_2} E] [BorelSpace.{u_2} E]
  (n : ι → E) (h : ι → ℝ) (hn : ∀ (i : ι), Eq.{1} (norm.{u_2} (n i)) 1) (hinj : Function.Injective.{u_1 + 1, u_2 + 1} n)
  (hc : IsCompact.{u_2} (Entry005.finiteHalfspaceSet.{u_1, u_2} n h)) (u : E) (hu : Eq.{1} (norm.{u_2} u) 1) :
  Eq.{1} (Entry005.projectionVolumeSet.{u_2} (Entry005.finiteHalfspaceSet.{u_1, u_2} n h) u)
    (HMul.hMul.{0, 0, 0} (1 / 2)
      (∑ i,
        HMul.hMul.{0, 0, 0} (abs.{0} (inner.{0, u_2} ℝ (n i) u)) (Entry005.finiteHalfspaceFacetArea.{u_1, u_2} n h i)))
'Entry005.finite_halfspace_cauchy' depends on axioms: [propext, Classical.choice.{u}, Quot.sound.{u}]
Entry005.finite_halfspace_closed.{u_1, u_2} {E : Type u_1} [NormedAddCommGroup.{u_1} E] [InnerProductSpace.{0, u_1} ℝ E]
  {ι : Type u_2} (n : ι → E) (h : ι → ℝ) : IsClosed.{u_1} (Entry005.finiteHalfspaceSet.{u_2, u_1} n h)
'Entry005.finite_halfspace_closed' depends on axioms: [propext, Classical.choice.{u}, Quot.sound.{u}]
Entry005.finite_halfspace_compact_cone_raw_pushforward.{u_1} {ι : Type u_1} [Fintype.{u_1} ι] {d : ℕ}
  [Nontrivial.{0} (Entry005.Space d)] (n : ι → Entry005.Space d) (h : ι → ℝ) (hn : ∀ (i : ι), Eq.{1} (norm.{0} (n i)) 1)
  (hh : ∀ (i : ι), LT.lt.{0} 0 (h i)) (hinj : Function.Injective.{u_1 + 1, 1} n)
  (hc : IsCompact.{0} (Entry005.finiteHalfspaceSet.{u_1, 0} n h))
  (hb : Metric.closedBall.{0} 0 1 ⊆ Entry005.finiteHalfspaceSet.{u_1, 0} n h) :
  Eq.{1}
    (MeasureTheory.Measure.map.{0, 0} Entry005.compactBallRaw
      ↑(Entry005.finiteHalfspaceCompactConeLaw.{u_1} n h hn hh hinj hc))
    (Entry005.finiteHalfspaceConeLaw.{u_1} n h)
'Entry005.finite_halfspace_compact_cone_raw_pushforward' depends on axioms: [propext,
 Classical.choice.{u},
 Quot.sound.{u}]
Entry005.finite_halfspace_cone_absolute_brightness.{u_1} {ι : Type u_1} [Fintype.{u_1} ι] {d : ℕ}
  [Nontrivial.{0} (Entry005.Space d)] (n : ι → Entry005.Space d) (h : ι → ℝ) (hn : ∀ (i : ι), Eq.{1} (norm.{0} (n i)) 1)
  (hh : ∀ (i : ι), LT.lt.{0} 0 (h i)) (hinj : Function.Injective.{u_1 + 1, 1} n)
  (hc : IsCompact.{0} (Entry005.finiteHalfspaceSet.{u_1, 0} n h)) (u : Entry005.Space d) (hu : Eq.{1} (norm.{0} u) 1) :
  Eq.{1}
    (∫ (x : Fin d → ℝ),
      abs.{0} (dotProduct.{0, 0} (fun j => WithLp.ofLp.{0} u j) x) ∂Entry005.finiteHalfspaceConeLaw.{u_1} n h)
    (HDiv.hDiv.{0, 0, 0}
      (HMul.hMul.{0, 0, 0} 2 (Entry005.projectionVolumeSet.{0} (Entry005.finiteHalfspaceSet.{u_1, 0} n h) u))
      (HMul.hMul.{0, 0, 0} (↑(Module.finrank.{0, 0} ℝ (Entry005.Space d)))
        (MeasureTheory.volume.{0} (Entry005.finiteHalfspaceSet.{u_1, 0} n h)).toReal))
'Entry005.finite_halfspace_cone_absolute_brightness' depends on axioms: [propext, Classical.choice.{u}, Quot.sound.{u}]
Entry005.finite_halfspace_cone_ae_unit_ball.{u_1} {ι : Type u_1} [Fintype.{u_1} ι] {d : ℕ} (n : ι → Entry005.Space d)
  (h : ι → ℝ) (hn : ∀ (i : ι), Eq.{1} (norm.{0} (n i)) 1)
  (hb : Metric.closedBall.{0} 0 1 ⊆ Entry005.finiteHalfspaceSet.{u_1, 0} n h) :
  ∀ᵐ (x : Fin d → ℝ) ∂Entry005.finiteHalfspaceConeLaw.{u_1} n h, LE.le.{0} (norm.{0} (WithLp.toLp.{0} 2 x)) 1
'Entry005.finite_halfspace_cone_ae_unit_ball' depends on axioms: [propext, Classical.choice.{u}, Quot.sound.{u}]
Entry005.finite_halfspace_cone_centered.{u_1} {ι : Type u_1} [Fintype.{u_1} ι] {d : ℕ}
  [Nontrivial.{0} (Entry005.Space d)] (n : ι → Entry005.Space d) (h : ι → ℝ) (hn : ∀ (i : ι), Eq.{1} (norm.{0} (n i)) 1)
  (hh : ∀ (i : ι), LT.lt.{0} 0 (h i)) (hinj : Function.Injective.{u_1 + 1, 1} n)
  (hc : IsCompact.{0} (Entry005.finiteHalfspaceSet.{u_1, 0} n h)) (j : Fin d) :
  Eq.{1} (∫ (x : Fin d → ℝ), x j ∂Entry005.finiteHalfspaceConeLaw.{u_1} n h) 0
'Entry005.finite_halfspace_cone_centered' depends on axioms: [propext, Classical.choice.{u}, Quot.sound.{u}]
Entry005.finite_halfspace_cone_law_exists_subsequence.{u_1} {ι : ℕ → Type u_1} [(k : ℕ) → Fintype.{u_1} (ι k)] {d : ℕ}
  [Nontrivial.{0} (Entry005.Space d)] (n : (k : ℕ) → ι k → Entry005.Space d) (h : (k : ℕ) → ι k → ℝ)
  (hn : ∀ (k : ℕ) (i : ι k), Eq.{1} (norm.{0} (n k i)) 1) (hh : ∀ (k : ℕ) (i : ι k), LT.lt.{0} 0 (h k i))
  (hinj : ∀ (k : ℕ), Function.Injective.{u_1 + 1, 1} (n k))
  (hc : ∀ (k : ℕ), IsCompact.{0} (Entry005.finiteHalfspaceSet.{u_1, 0} (n k) (h k)))
  (hb : ∀ (k : ℕ), Metric.closedBall.{0} 0 1 ⊆ Entry005.finiteHalfspaceSet.{u_1, 0} (n k) (h k)) :
  ∃ μ,
    (∀ᵐ (x : Fin d → ℝ) ∂↑μ, LE.le.{0} (norm.{0} (WithLp.toLp.{0} 2 x)) 1) ∧
      ∃ φ,
        StrictMono.{0, 0} φ ∧
          Filter.Tendsto.{0, 0} (fun k => Entry005.finiteHalfspaceConeProbability.{u_1} (n (φ k)) (h (φ k)) ⋯ ⋯ ⋯ ⋯)
              Filter.atTop.{0} (nhds.{0} μ) ∧
            ∀ (f : (Fin d → ℝ) → ℝ),
              Continuous.{0, 0} f →
                Filter.Tendsto.{0, 0}
                  (fun k => ∫ (x : Fin d → ℝ), f x ∂Entry005.finiteHalfspaceConeLaw.{u_1} (n (φ k)) (h (φ k)))
                  Filter.atTop.{0} (nhds.{0} (∫ (x : Fin d → ℝ), f x ∂↑μ))
'Entry005.finite_halfspace_cone_law_exists_subsequence' depends on axioms: [propext,
 Classical.choice.{u},
 Quot.sound.{u}]
Entry005.finite_halfspace_cone_negative_brightness.{u_1} {ι : Type u_1} [Fintype.{u_1} ι] {d : ℕ}
  [Nontrivial.{0} (Entry005.Space d)] (n : ι → Entry005.Space d) (h : ι → ℝ) (hn : ∀ (i : ι), Eq.{1} (norm.{0} (n i)) 1)
  (hh : ∀ (i : ι), LT.lt.{0} 0 (h i)) (hinj : Function.Injective.{u_1 + 1, 1} n)
  (hc : IsCompact.{0} (Entry005.finiteHalfspaceSet.{u_1, 0} n h)) (u : Entry005.Space d) (hu : Eq.{1} (norm.{0} u) 1) :
  Eq.{1}
    (Entry005.negativeIntegral.{0} (Entry005.finiteHalfspaceConeLaw.{u_1} n h) fun x =>
      dotProduct.{0, 0} (fun j => WithLp.ofLp.{0} u j) x)
    (HDiv.hDiv.{0, 0, 0} (Entry005.projectionVolumeSet.{0} (Entry005.finiteHalfspaceSet.{u_1, 0} n h) u)
      (HMul.hMul.{0, 0, 0} (↑(Module.finrank.{0, 0} ℝ (Entry005.Space d)))
        (MeasureTheory.volume.{0} (Entry005.finiteHalfspaceSet.{u_1, 0} n h)).toReal))
'Entry005.finite_halfspace_cone_negative_brightness' depends on axioms: [propext, Classical.choice.{u}, Quot.sound.{u}]
Entry005.finite_halfspace_cone_probability.{u_1} {ι : Type u_1} [Fintype.{u_1} ι] {d : ℕ}
  [Nontrivial.{0} (Entry005.Space d)] (n : ι → Entry005.Space d) (h : ι → ℝ) (hn : ∀ (i : ι), Eq.{1} (norm.{0} (n i)) 1)
  (hh : ∀ (i : ι), LT.lt.{0} 0 (h i)) (hinj : Function.Injective.{u_1 + 1, 1} n)
  (hc : IsCompact.{0} (Entry005.finiteHalfspaceSet.{u_1, 0} n h)) :
  MeasureTheory.IsProbabilityMeasure.{0} (Entry005.finiteHalfspaceConeLaw.{u_1} n h)
'Entry005.finite_halfspace_cone_probability' depends on axioms: [propext, Classical.choice.{u}, Quot.sound.{u}]
Entry005.finite_halfspace_cone_round_coefficient_pos.{u_1} {ι : Type u_1} [Fintype.{u_1} ι] {d : ℕ}
  [Nontrivial.{0} (Entry005.Space d)] (n : ι → Entry005.Space d) (h : ι → ℝ) (hn : ∀ (i : ι), Eq.{1} (norm.{0} (n i)) 1)
  (hh : ∀ (i : ι), LT.lt.{0} 0 (h i)) (hc : IsCompact.{0} (Entry005.finiteHalfspaceSet.{u_1, 0} n h)) :
  LT.lt.{0} 0
    (HDiv.hDiv.{0, 0, 0} (MeasureTheory.volume.{0} (Metric.closedBall.{0} 0 1)).toReal
      (HMul.hMul.{0, 0, 0} (↑(Module.finrank.{0, 0} ℝ (Entry005.Space d)))
        (MeasureTheory.volume.{0} (Entry005.finiteHalfspaceSet.{u_1, 0} n h)).toReal))
'Entry005.finite_halfspace_cone_round_coefficient_pos' depends on axioms: [propext,
 Classical.choice.{u},
 Quot.sound.{u}]
Entry005.finite_halfspace_cone_round_lower.{u_1} {ι : Type u_1} [Fintype.{u_1} ι] {d : ℕ}
  [Nontrivial.{0} (Entry005.Space d)] (n : ι → Entry005.Space d) (h : ι → ℝ) (hn : ∀ (i : ι), Eq.{1} (norm.{0} (n i)) 1)
  (hh : ∀ (i : ι), LT.lt.{0} 0 (h i)) (hinj : Function.Injective.{u_1 + 1, 1} n)
  (hc : IsCompact.{0} (Entry005.finiteHalfspaceSet.{u_1, 0} n h))
  (hb : Metric.closedBall.{0} 0 1 ⊆ Entry005.finiteHalfspaceSet.{u_1, 0} n h) (u : Entry005.Space d)
  (hu : Eq.{1} (norm.{0} u) 1) :
  LE.le.{0}
    (HDiv.hDiv.{0, 0, 0} (MeasureTheory.volume.{0} (Metric.closedBall.{0} 0 1)).toReal
      (HMul.hMul.{0, 0, 0} (↑(Module.finrank.{0, 0} ℝ (Entry005.Space d)))
        (MeasureTheory.volume.{0} (Entry005.finiteHalfspaceSet.{u_1, 0} n h)).toReal))
    (Entry005.negativeIntegral.{0} (Entry005.finiteHalfspaceConeLaw.{u_1} n h) fun x =>
      dotProduct.{0, 0} (fun j => WithLp.ofLp.{0} u j) x)
'Entry005.finite_halfspace_cone_round_lower' depends on axioms: [propext, Classical.choice.{u}, Quot.sound.{u}]
Entry005.finite_halfspace_cone_support_unit_ball.{u_1} {ι : Type u_1} [Fintype.{u_1} ι] {d : ℕ}
  (n : ι → Entry005.Space d) (h : ι → ℝ) (hn : ∀ (i : ι), Eq.{1} (norm.{0} (n i)) 1)
  (hb : Metric.closedBall.{0} 0 1 ⊆ Entry005.finiteHalfspaceSet.{u_1, 0} n h) (x : Fin d → ℝ) :
  Membership.mem.{0, 0} (MeasureTheory.Measure.support.{0} (Entry005.finiteHalfspaceConeLaw.{u_1} n h)) x →
    LE.le.{0} (norm.{0} (WithLp.toLp.{0} 2 x)) 1
'Entry005.finite_halfspace_cone_support_unit_ball' depends on axioms: [propext, Classical.choice.{u}, Quot.sound.{u}]
Entry005.finite_halfspace_cone_zonotope_eq_scaled_projection_body.{u_1} {ι : Type u_1} [Fintype.{u_1} ι] {d : ℕ}
  (n : ι → Entry005.Space d) (h : ι → ℝ) (M : ℝ) (hn : ∀ (i : ι), Eq.{1} (norm.{0} (n i)) 1)
  (hh : ∀ (i : ι), LT.lt.{0} 0 (h i)) (hinj : Function.Injective.{u_1 + 1, 1} n)
  (hc : IsCompact.{0} (Entry005.finiteHalfspaceSet.{u_1, 0} n h)) (hM : Ne.{1} M 0) :
  Eq.{1}
    (Entry005.finiteLawZonotope.{u_1}
      (fun i => HDiv.hDiv.{0, 0, 0} (HMul.hMul.{0, 0, 0} (Entry005.finiteHalfspaceFacetArea.{u_1, 0} n h i) (h i)) M)
      (Entry005.finiteConePoint.{u_1} (fun i j => WithLp.ofLp.{0} (n i) j) h))
    (HSMul.hSMul.{0, 0, 0} (HDiv.hDiv.{0, 0, 0} 2 M)
      (Entry005.projectionBodySet.{0} (Entry005.finiteHalfspaceSet.{u_1, 0} n h)))
'Entry005.finite_halfspace_cone_zonotope_eq_scaled_projection_body' depends on axioms: [propext,
 Classical.choice.{u},
 Quot.sound.{u}]
Entry005.finite_halfspace_convex.{u_1, u_2} {ι : Type u_1} {E : Type u_2} [NormedAddCommGroup.{u_2} E]
  [InnerProductSpace.{0, u_2} ℝ E] (n : ι → E) (h : ι → ℝ) :
  Convex.{0, u_2} ℝ (Entry005.finiteHalfspaceSet.{u_1, u_2} n h)
'Entry005.finite_halfspace_convex' depends on axioms: [propext, Classical.choice.{u}, Quot.sound.{u}]
Entry005.finite_halfspace_defect_over_first_moment.{u_1} {ι : Type u_1} [Fintype.{u_1} ι] {d : ℕ}
  [Nontrivial.{0} (Entry005.Space d)] (n : ι → Entry005.Space d) (h : ι → ℝ) (hn : ∀ (i : ι), Eq.{1} (norm.{0} (n i)) 1)
  (hh : ∀ (i : ι), LT.lt.{0} 0 (h i)) (hinj : Function.Injective.{u_1 + 1, 1} n)
  (hc : IsCompact.{0} (Entry005.finiteHalfspaceSet.{u_1, 0} n h)) :
  Eq.{1}
    (HDiv.hDiv.{0, 0, 0}
      (HSub.hSub.{0, 0, 0}
        (∫ (w : Fin (HAdd.hAdd.{0, 0, 0} d 1) → Fin d → ℝ),
          abs.{0}
            (Entry005.liftedDeterminant (fun j => w j.succ)
              (w 0)) ∂Entry005.iidLaw.{0} (Entry005.finiteHalfspaceConeLaw.{u_1} n h) (HAdd.hAdd.{0, 0, 0} d 1))
        (∫ (w : Fin d → Fin d → ℝ),
          abs.{0}
            (Entry005.horizontalDeterminant w) ∂Entry005.iidLaw.{0} (Entry005.finiteHalfspaceConeLaw.{u_1} n h) d))
      (∫ (w : Fin (HAdd.hAdd.{0, 0, 0} d 1) → Fin d → ℝ),
        abs.{0}
          (Entry005.liftedDeterminant (fun j => w j.succ)
            (w 0)) ∂Entry005.iidLaw.{0} (Entry005.finiteHalfspaceConeLaw.{u_1} n h) (HAdd.hAdd.{0, 0, 0} d 1)))
    (HDiv.hDiv.{0, 0, 0}
      (HMul.hMul.{0, 0, 0} (HAdd.hAdd.{0, 0, 0} (↑d) 1)
        (Entry005.entryDefect.{0} (Entry005.finiteHalfspaceSet.{u_1, 0} n h)))
      (HAdd.hAdd.{0, 0, 0} 1
        (HMul.hMul.{0, 0, 0} (HAdd.hAdd.{0, 0, 0} (↑d) 1)
          (Entry005.entryDefect.{0} (Entry005.finiteHalfspaceSet.{u_1, 0} n h)))))
'Entry005.finite_halfspace_defect_over_first_moment' depends on axioms: [propext, Classical.choice.{u}, Quot.sound.{u}]
Entry005.finite_halfspace_directional_balance.{u_1, u_2} {ι : Type u_1} {E : Type u_2} [Fintype.{u_1} ι]
  [NormedAddCommGroup.{u_2} E] [InnerProductSpace.{0, u_2} ℝ E] [FiniteDimensional.{0, u_2} ℝ E]
  [MeasurableSpace.{u_2} E] [BorelSpace.{u_2} E] (n : ι → E) (h : ι → ℝ) (hn : ∀ (i : ι), Eq.{1} (norm.{u_2} (n i)) 1)
  (hinj : Function.Injective.{u_1 + 1, u_2 + 1} n) (hc : IsCompact.{u_2} (Entry005.finiteHalfspaceSet.{u_1, u_2} n h))
  (u : E) (hu : Eq.{1} (norm.{u_2} u) 1) :
  Eq.{1} (∑ i, HMul.hMul.{0, 0, 0} (inner.{0, u_2} ℝ (n i) u) (Entry005.finiteHalfspaceFacetArea.{u_1, u_2} n h i)) 0
'Entry005.finite_halfspace_directional_balance' depends on axioms: [propext, Classical.choice.{u}, Quot.sound.{u}]
Entry005.finite_halfspace_entryA_actual_facet_tuple_ratio.{u_1} {ι : Type u_1} [Fintype.{u_1} ι] {d : ℕ}
  [Nontrivial.{0} (Entry005.Space d)] (n : ι → Entry005.Space d) (h : ι → ℝ) (hn : ∀ (i : ι), Eq.{1} (norm.{0} (n i)) 1)
  (hh : ∀ (i : ι), LT.lt.{0} 0 (h i)) (hinj : Function.Injective.{u_1 + 1, 1} n)
  (hc : IsCompact.{0} (Entry005.finiteHalfspaceSet.{u_1, 0} n h)) :
  Eq.{1} (Entry005.entryA.{0} (Entry005.finiteHalfspaceSet.{u_1, 0} n h))
    (HDiv.hDiv.{0, 0, 0} (Entry005.actualFacetLiftedTupleSum.{u_1} n h)
      (HMul.hMul.{0, 0, 0}
        (HMul.hMul.{0, 0, 0} (HAdd.hAdd.{0, 0, 0} (↑d) 1)
          (HMul.hMul.{0, 0, 0} (↑d) (MeasureTheory.volume.{0} (Entry005.finiteHalfspaceSet.{u_1, 0} n h)).toReal))
        (Entry005.actualFacetHorizontalTupleSum.{u_1} n h)))
'Entry005.finite_halfspace_entryA_actual_facet_tuple_ratio' depends on axioms: [propext,
 Classical.choice.{u},
 Quot.sound.{u}]
Entry005.finite_halfspace_entryA_lifted_moment.{u_1} {ι : Type u_1} [Fintype.{u_1} ι] {d : ℕ}
  [Nontrivial.{0} (Entry005.Space d)] (n : ι → Entry005.Space d) (h : ι → ℝ) (hn : ∀ (i : ι), Eq.{1} (norm.{0} (n i)) 1)
  (hh : ∀ (i : ι), LT.lt.{0} 0 (h i)) (hinj : Function.Injective.{u_1 + 1, 1} n)
  (hc : IsCompact.{0} (Entry005.finiteHalfspaceSet.{u_1, 0} n h)) :
  Eq.{1} (Entry005.entryA.{0} (Entry005.finiteHalfspaceSet.{u_1, 0} n h))
    (HDiv.hDiv.{0, 0, 0}
      (∫ (w : Fin (HAdd.hAdd.{0, 0, 0} d 1) → Fin d → ℝ),
        abs.{0}
          (Entry005.liftedDeterminant (fun j => w j.succ)
            (w 0)) ∂Entry005.iidLaw.{0} (Entry005.finiteHalfspaceConeLaw.{u_1} n h) (HAdd.hAdd.{0, 0, 0} d 1))
      (HMul.hMul.{0, 0, 0} (HAdd.hAdd.{0, 0, 0} (↑d) 1)
        (∫ (w : Fin d → Fin d → ℝ),
          abs.{0}
            (Entry005.horizontalDeterminant w) ∂Entry005.iidLaw.{0} (Entry005.finiteHalfspaceConeLaw.{u_1} n h) d)))
'Entry005.finite_halfspace_entryA_lifted_moment' depends on axioms: [propext, Classical.choice.{u}, Quot.sound.{u}]
Entry005.finite_halfspace_entryDefect_moment.{u_1} {ι : Type u_1} [Fintype.{u_1} ι] {d : ℕ}
  [Nontrivial.{0} (Entry005.Space d)] (n : ι → Entry005.Space d) (h : ι → ℝ) (hn : ∀ (i : ι), Eq.{1} (norm.{0} (n i)) 1)
  (hh : ∀ (i : ι), LT.lt.{0} 0 (h i)) (hinj : Function.Injective.{u_1 + 1, 1} n)
  (hc : IsCompact.{0} (Entry005.finiteHalfspaceSet.{u_1, 0} n h)) :
  Eq.{1}
    (HMul.hMul.{0, 0, 0}
      (HMul.hMul.{0, 0, 0} (HAdd.hAdd.{0, 0, 0} (↑d) 1)
        (∫ (w : Fin d → Fin d → ℝ),
          abs.{0}
            (Entry005.horizontalDeterminant w) ∂Entry005.iidLaw.{0} (Entry005.finiteHalfspaceConeLaw.{u_1} n h) d))
      (Entry005.entryDefect.{0} (Entry005.finiteHalfspaceSet.{u_1, 0} n h)))
    (HSub.hSub.{0, 0, 0}
      (∫ (w : Fin (HAdd.hAdd.{0, 0, 0} d 1) → Fin d → ℝ),
        abs.{0}
          (Entry005.liftedDeterminant (fun j => w j.succ)
            (w 0)) ∂Entry005.iidLaw.{0} (Entry005.finiteHalfspaceConeLaw.{u_1} n h) (HAdd.hAdd.{0, 0, 0} d 1))
      (∫ (w : Fin d → Fin d → ℝ),
        abs.{0} (Entry005.horizontalDeterminant w) ∂Entry005.iidLaw.{0} (Entry005.finiteHalfspaceConeLaw.{u_1} n h) d))
'Entry005.finite_halfspace_entryDefect_moment' depends on axioms: [propext, Classical.choice.{u}, Quot.sound.{u}]
Entry005.finite_halfspace_facet_area_nonneg.{u_1, u_2} {ι : Type u_1} {E : Type u_2} [NormedAddCommGroup.{u_2} E]
  [InnerProductSpace.{0, u_2} ℝ E] [FiniteDimensional.{0, u_2} ℝ E] [MeasurableSpace.{u_2} E] [BorelSpace.{u_2} E]
  (n : ι → E) (h : ι → ℝ) (i : ι) : LE.le.{0} 0 (Entry005.finiteHalfspaceFacetArea.{u_1, u_2} n h i)
'Entry005.finite_halfspace_facet_area_nonneg' depends on axioms: [propext, Classical.choice.{u}, Quot.sound.{u}]
Entry005.finite_halfspace_facet_area_of_empty.{u_1, u_2} {ι : Type u_1} {E : Type u_2} [NormedAddCommGroup.{u_2} E]
  [InnerProductSpace.{0, u_2} ℝ E] [FiniteDimensional.{0, u_2} ℝ E] [MeasurableSpace.{u_2} E] [BorelSpace.{u_2} E]
  (n : ι → E) (h : ι → ℝ) (i : ι) (hn : Eq.{1} (norm.{u_2} (n i)) 1)
  (he : Eq.{u_2 + 1} (Entry005.finiteHalfspaceFacet.{u_1, u_2} n h i) EmptyCollection.emptyCollection.{u_2}) :
  Eq.{1} (Entry005.finiteHalfspaceFacetArea.{u_1, u_2} n h i) 0
'Entry005.finite_halfspace_facet_area_of_empty' depends on axioms: [propext, Classical.choice.{u}, Quot.sound.{u}]
Entry005.finite_halfspace_facet_area_translation.{u_1, u_2} {ι : Type u_1} {E : Type u_2} [Fintype.{u_1} ι]
  [NormedAddCommGroup.{u_2} E] [InnerProductSpace.{0, u_2} ℝ E] [FiniteDimensional.{0, u_2} ℝ E]
  [MeasurableSpace.{u_2} E] [BorelSpace.{u_2} E] (n : ι → E) (h : ι → ℝ) (z : E) (i : ι)
  (hn : Eq.{1} (norm.{u_2} (n i)) 1) :
  Eq.{1}
    (Entry005.finiteHalfspaceFacetArea.{u_1, u_2} n (fun j => HSub.hSub.{0, 0, 0} (h j) (inner.{0, u_2} ℝ (n j) z)) i)
    (Entry005.finiteHalfspaceFacetArea.{u_1, u_2} n h i)
'Entry005.finite_halfspace_facet_area_translation' depends on axioms: [propext, Classical.choice.{u}, Quot.sound.{u}]
Entry005.finite_halfspace_facet_chart_compact.{u_1, u_2} {ι : Type u_1} {E : Type u_2} [NormedAddCommGroup.{u_2} E]
  [InnerProductSpace.{0, u_2} ℝ E] (n : ι → E) (h : ι → ℝ) (i : ι) (hn : Eq.{1} (norm.{u_2} (n i)) 1)
  (hc : IsCompact.{u_2} (Entry005.finiteHalfspaceSet.{u_1, u_2} n h)) :
  IsCompact.{u_2} (Entry005.finiteHalfspaceFacetChart.{u_1, u_2} n h i)
'Entry005.finite_halfspace_facet_chart_compact' depends on axioms: [propext, Classical.choice.{u}, Quot.sound.{u}]
Entry005.finite_halfspace_facet_chart_image.{u_1, u_2} {ι : Type u_1} {E : Type u_2} [NormedAddCommGroup.{u_2} E]
  [InnerProductSpace.{0, u_2} ℝ E] (n : ι → E) (h : ι → ℝ) (i : ι) (hn : Eq.{1} (norm.{u_2} (n i)) 1) :
  Eq.{u_2 + 1}
    (Set.image.{u_2, u_2} (fun z => HAdd.hAdd.{u_2, u_2, u_2} (HSMul.hSMul.{0, u_2, u_2} (h i) (n i)) ↑z)
      (Entry005.finiteHalfspaceFacetChart.{u_1, u_2} n h i))
    (Entry005.finiteHalfspaceFacet.{u_1, u_2} n h i)
'Entry005.finite_halfspace_facet_chart_image' depends on axioms: [propext, Classical.choice.{u}, Quot.sound.{u}]
Entry005.finite_halfspace_facet_chart_projection_image.{u_1, u_2} {ι : Type u_1} {E : Type u_2}
  [NormedAddCommGroup.{u_2} E] [InnerProductSpace.{0, u_2} ℝ E] (n : ι → E) (h : ι → ℝ) (i : ι)
  (hn : Eq.{1} (norm.{u_2} (n i)) 1) :
  Eq.{u_2 + 1}
    (Set.image.{u_2, u_2}
      (⇑(Submodule.orthogonalProjectionOnto.{0, u_2}
          (Submodule.orthogonal.{0, u_2} (Submodule.span.{0, u_2} ℝ (singleton.{u_2, u_2} (n i))))))
      (Entry005.finiteHalfspaceFacet.{u_1, u_2} n h i))
    (Entry005.finiteHalfspaceFacetChart.{u_1, u_2} n h i)
'Entry005.finite_halfspace_facet_chart_projection_image' depends on axioms: [propext,
 Classical.choice.{u},
 Quot.sound.{u}]
Entry005.finite_halfspace_facet_compact.{u_1, u_2} {ι : Type u_1} {E : Type u_2} [NormedAddCommGroup.{u_2} E]
  [InnerProductSpace.{0, u_2} ℝ E] (n : ι → E) (h : ι → ℝ) (i : ι)
  (hc : IsCompact.{u_2} (Entry005.finiteHalfspaceSet.{u_1, u_2} n h)) :
  IsCompact.{u_2} (Entry005.finiteHalfspaceFacet.{u_1, u_2} n h i)
'Entry005.finite_halfspace_facet_compact' depends on axioms: [propext, Classical.choice.{u}, Quot.sound.{u}]
Entry005.finite_halfspace_facet_cone_compact.{u_1, u_2} {ι : Type u_1} {E : Type u_2} [NormedAddCommGroup.{u_2} E]
  [InnerProductSpace.{0, u_2} ℝ E] (n : ι → E) (h : ι → ℝ) (i : ι)
  (hc : IsCompact.{u_2} (Entry005.finiteHalfspaceSet.{u_1, u_2} n h)) :
  IsCompact.{u_2} (Entry005.finiteHalfspaceFacetCone.{u_1, u_2} n h i)
'Entry005.finite_halfspace_facet_cone_compact' depends on axioms: [propext, Classical.choice.{u}, Quot.sound.{u}]
Entry005.finite_halfspace_facet_cone_coordinates.{u_1, u_2} {E : Type u_1} [NormedAddCommGroup.{u_1} E]
  [InnerProductSpace.{0, u_1} ℝ E] {ι : Type u_2} (n : ι → E) (h : ι → ℝ) (i : ι) (hn : Eq.{1} (norm.{u_1} (n i)) 1) :
  Eq.{u_1 + 1}
    (Set.image.{u_1, u_1} (⇑(Entry005.unitNormalCoordinates.{u_1} (n i) hn))
      (Entry005.finiteHalfspaceFacetCone.{u_2, u_1} n h i))
    (Entry005.radialCone.{u_1} (Entry005.finiteHalfspaceFacetChart.{u_2, u_1} n h i) (h i))
'Entry005.finite_halfspace_facet_cone_coordinates' depends on axioms: [propext, Classical.choice.{u}, Quot.sound.{u}]
Entry005.finite_halfspace_facet_cone_subset.{u_1, u_2} {ι : Type u_1} {E : Type u_2} [NormedAddCommGroup.{u_2} E]
  [InnerProductSpace.{0, u_2} ℝ E] (n : ι → E) (h : ι → ℝ) (hh : ∀ (i : ι), LE.le.{0} 0 (h i)) (i : ι) :
  Entry005.finiteHalfspaceFacetCone.{u_1, u_2} n h i ⊆ Entry005.finiteHalfspaceSet.{u_1, u_2} n h
'Entry005.finite_halfspace_facet_cone_subset' depends on axioms: [propext, Classical.choice.{u}, Quot.sound.{u}]
Entry005.finite_halfspace_facet_cone_volume.{u_1, u_2} {E : Type u_1} [NormedAddCommGroup.{u_1} E]
  [InnerProductSpace.{0, u_1} ℝ E] [FiniteDimensional.{0, u_1} ℝ E] [MeasurableSpace.{u_1} E] [BorelSpace.{u_1} E]
  {ι : Type u_2} (n : ι → E) (h : ι → ℝ) (i : ι) (hn : Eq.{1} (norm.{u_1} (n i)) 1) (hh : LT.lt.{0} 0 (h i))
  (hc : IsCompact.{u_1} (Entry005.finiteHalfspaceSet.{u_2, u_1} n h)) :
  Eq.{1} (MeasureTheory.volume.{u_1} (Entry005.finiteHalfspaceFacetCone.{u_2, u_1} n h i)).toReal
    (HMul.hMul.{0, 0, 0} (HDiv.hDiv.{0, 0, 0} (h i) ↑(Module.finrank.{0, u_1} ℝ E))
      (Entry005.finiteHalfspaceFacetArea.{u_2, u_1} n h i))
'Entry005.finite_halfspace_facet_cone_volume' depends on axioms: [propext, Classical.choice.{u}, Quot.sound.{u}]
Entry005.finite_halfspace_facet_cones_inter_volume_zero.{u_1, u_2} {ι : Type u_1} {E : Type u_2}
  [NormedAddCommGroup.{u_2} E] [InnerProductSpace.{0, u_2} ℝ E] [FiniteDimensional.{0, u_2} ℝ E]
  [MeasurableSpace.{u_2} E] [BorelSpace.{u_2} E] (n : ι → E) (h : ι → ℝ) (hn : ∀ (i : ι), Eq.{1} (norm.{u_2} (n i)) 1)
  (hh : ∀ (i : ι), LT.lt.{0} 0 (h i)) (i j : ι) (hij : Ne.{u_2 + 1} (n i) (n j)) :
  Eq.{1}
    (MeasureTheory.volume.{u_2}
      (Inter.inter.{u_2} (Entry005.finiteHalfspaceFacetCone.{u_1, u_2} n h i)
        (Entry005.finiteHalfspaceFacetCone.{u_1, u_2} n h j)))
    0
'Entry005.finite_halfspace_facet_cones_inter_volume_zero' depends on axioms: [propext,
 Classical.choice.{u},
 Quot.sound.{u}]
Entry005.finite_halfspace_facet_mass.{u_1, u_2} {ι : Type u_1} {E : Type u_2} [Fintype.{u_1} ι]
  [NormedAddCommGroup.{u_2} E] [InnerProductSpace.{0, u_2} ℝ E] [FiniteDimensional.{0, u_2} ℝ E]
  [MeasurableSpace.{u_2} E] [BorelSpace.{u_2} E] [Nontrivial.{u_2} E] (n : ι → E) (h : ι → ℝ)
  (hn : ∀ (i : ι), Eq.{1} (norm.{u_2} (n i)) 1) (hh : ∀ (i : ι), LT.lt.{0} 0 (h i))
  (hinj : Function.Injective.{u_1 + 1, u_2 + 1} n) (hc : IsCompact.{u_2} (Entry005.finiteHalfspaceSet.{u_1, u_2} n h)) :
  Eq.{1} (∑ i, HMul.hMul.{0, 0, 0} (Entry005.finiteHalfspaceFacetArea.{u_1, u_2} n h i) (h i))
    (HMul.hMul.{0, 0, 0} (↑(Module.finrank.{0, u_2} ℝ E))
      (MeasureTheory.volume.{u_2} (Entry005.finiteHalfspaceSet.{u_1, u_2} n h)).toReal)
'Entry005.finite_halfspace_facet_mass' depends on axioms: [propext, Classical.choice.{u}, Quot.sound.{u}]
Entry005.finite_halfspace_facet_projection_volume.{u_1, u_2} {ι : Type u_1} {E : Type u_2} [NormedAddCommGroup.{u_2} E]
  [InnerProductSpace.{0, u_2} ℝ E] [FiniteDimensional.{0, u_2} ℝ E] [MeasurableSpace.{u_2} E] [BorelSpace.{u_2} E]
  (n : ι → E) (h : ι → ℝ) (i : ι) (hn : Eq.{1} (norm.{u_2} (n i)) 1) (u : E) (hu : Eq.{1} (norm.{u_2} u) 1) :
  Eq.{1}
    (MeasureTheory.volume.{u_2}
      (Set.image.{u_2, u_2}
        (⇑(Submodule.orthogonalProjectionOnto.{0, u_2}
            (Submodule.orthogonal.{0, u_2} (Submodule.span.{0, u_2} ℝ (singleton.{u_2, u_2} u)))))
        (Entry005.finiteHalfspaceFacet.{u_1, u_2} n h i)))
    (HMul.hMul.{0, 0, 0} (ENNReal.ofReal (abs.{0} (inner.{0, u_2} ℝ (n i) u)))
      (MeasureTheory.volume.{u_2} (Entry005.finiteHalfspaceFacetChart.{u_1, u_2} n h i)))
'Entry005.finite_halfspace_facet_projection_volume' depends on axioms: [propext, Classical.choice.{u}, Quot.sound.{u}]
Entry005.finite_halfspace_facet_projection_volume_real.{u_1, u_2} {ι : Type u_1} {E : Type u_2}
  [NormedAddCommGroup.{u_2} E] [InnerProductSpace.{0, u_2} ℝ E] [FiniteDimensional.{0, u_2} ℝ E]
  [MeasurableSpace.{u_2} E] [BorelSpace.{u_2} E] (n : ι → E) (h : ι → ℝ) (i : ι) (hn : Eq.{1} (norm.{u_2} (n i)) 1)
  (u : E) (hu : Eq.{1} (norm.{u_2} u) 1) :
  Eq.{1}
    (MeasureTheory.volume.{u_2}
        (Set.image.{u_2, u_2}
          (⇑(Submodule.orthogonalProjectionOnto.{0, u_2}
              (Submodule.orthogonal.{0, u_2} (Submodule.span.{0, u_2} ℝ (singleton.{u_2, u_2} u)))))
          (Entry005.finiteHalfspaceFacet.{u_1, u_2} n h i))).toReal
    (HMul.hMul.{0, 0, 0} (abs.{0} (inner.{0, u_2} ℝ (n i) u)) (Entry005.finiteHalfspaceFacetArea.{u_1, u_2} n h i))
'Entry005.finite_halfspace_facet_projection_volume_real' depends on axioms: [propext,
 Classical.choice.{u},
 Quot.sound.{u}]
Entry005.finite_halfspace_homogeneous_eq_zero.{u_1, u_2} {ι : Type u_1} {E : Type u_2} [NormedAddCommGroup.{u_2} E]
  [InnerProductSpace.{0, u_2} ℝ E] (n : ι → E) (h : ι → ℝ) (hh : ∀ (i : ι), LE.le.{0} 0 (h i))
  (hc : IsCompact.{u_2} (Entry005.finiteHalfspaceSet.{u_1, u_2} n h)) (x : E)
  (hx : ∀ (i : ι), LE.le.{0} (inner.{0, u_2} ℝ (n i) x) 0) : Eq.{u_2 + 1} x 0
'Entry005.finite_halfspace_homogeneous_eq_zero' depends on axioms: [propext, Classical.choice.{u}, Quot.sound.{u}]
Entry005.finite_halfspace_horizontal_first_moment.{u_1} {ι : Type u_1} [Fintype.{u_1} ι] {d : ℕ}
  [Nontrivial.{0} (Entry005.Space d)] (n : ι → Entry005.Space d) (h : ι → ℝ) (hn : ∀ (i : ι), Eq.{1} (norm.{0} (n i)) 1)
  (hh : ∀ (i : ι), LT.lt.{0} 0 (h i)) (hinj : Function.Injective.{u_1 + 1, 1} n)
  (hc : IsCompact.{0} (Entry005.finiteHalfspaceSet.{u_1, 0} n h)) :
  Eq.{1}
    (∫ (base : Fin d → Fin d → ℝ),
      abs.{0} (Entry005.horizontalDeterminant base) ∂Entry005.iidLaw.{0} (Entry005.finiteHalfspaceConeLaw.{u_1} n h) d)
    (HMul.hMul.{0, 0, 0}
      (HDiv.hDiv.{0, 0, 0} (↑d.factorial)
        (HPow.hPow.{0, 0, 0}
          (HMul.hMul.{0, 0, 0} (↑d) (MeasureTheory.volume.{0} (Entry005.finiteHalfspaceSet.{u_1, 0} n h)).toReal) d))
      (MeasureTheory.volume.{0} (Entry005.projectionBodySet.{0} (Entry005.finiteHalfspaceSet.{u_1, 0} n h))).toReal)
'Entry005.finite_halfspace_horizontal_first_moment' depends on axioms: [propext, Classical.choice.{u}, Quot.sound.{u}]
Entry005.finite_halfspace_horizontal_moment_pos.{u_1} {ι : Type u_1} [Fintype.{u_1} ι] {d : ℕ}
  [Nontrivial.{0} (Entry005.Space d)] (n : ι → Entry005.Space d) (h : ι → ℝ) (hn : ∀ (i : ι), Eq.{1} (norm.{0} (n i)) 1)
  (hh : ∀ (i : ι), LT.lt.{0} 0 (h i)) (hinj : Function.Injective.{u_1 + 1, 1} n)
  (hc : IsCompact.{0} (Entry005.finiteHalfspaceSet.{u_1, 0} n h)) :
  LT.lt.{0} 0
    (∫ (w : Fin d → Fin d → ℝ),
      abs.{0} (Entry005.horizontalDeterminant w) ∂Entry005.iidLaw.{0} (Entry005.finiteHalfspaceConeLaw.{u_1} n h) d)
'Entry005.finite_halfspace_horizontal_moment_pos' depends on axioms: [propext, Classical.choice.{u}, Quot.sound.{u}]
Entry005.finite_halfspace_index_nonempty.{u_1, u_2} {ι : Type u_1} {E : Type u_2} [NormedAddCommGroup.{u_2} E]
  [InnerProductSpace.{0, u_2} ℝ E] [Nontrivial.{u_2} E] (n : ι → E) (h : ι → ℝ) (hh : ∀ (i : ι), LE.le.{0} 0 (h i))
  (hc : IsCompact.{u_2} (Entry005.finiteHalfspaceSet.{u_1, u_2} n h)) : Nonempty.{u_1 + 1} ι
'Entry005.finite_halfspace_index_nonempty' depends on axioms: [propext, Classical.choice.{u}, Quot.sound.{u}]
Entry005.finite_halfspace_interior_nonempty_of_positive_heights.{u_1, u_2} {ι : Type u_1} {E : Type u_2}
  [Fintype.{u_1} ι] [NormedAddCommGroup.{u_2} E] [InnerProductSpace.{0, u_2} ℝ E] (n : ι → E) (h : ι → ℝ)
  (hn : ∀ (i : ι), Eq.{1} (norm.{u_2} (n i)) 1) (hh : ∀ (i : ι), LT.lt.{0} 0 (h i)) :
  Set.Nonempty.{u_2} (interior.{u_2} (Entry005.finiteHalfspaceSet.{u_1, u_2} n h))
'Entry005.finite_halfspace_interior_nonempty_of_positive_heights' depends on axioms: [propext,
 Classical.choice.{u},
 Quot.sound.{u}]
Entry005.finite_halfspace_lifted_moment_pos.{u_1} {ι : Type u_1} [Fintype.{u_1} ι] {d : ℕ}
  [Nontrivial.{0} (Entry005.Space d)] (n : ι → Entry005.Space d) (h : ι → ℝ) (hn : ∀ (i : ι), Eq.{1} (norm.{0} (n i)) 1)
  (hh : ∀ (i : ι), LT.lt.{0} 0 (h i)) (hinj : Function.Injective.{u_1 + 1, 1} n)
  (hc : IsCompact.{0} (Entry005.finiteHalfspaceSet.{u_1, 0} n h)) :
  LT.lt.{0} 0
    (∫ (w : Fin (HAdd.hAdd.{0, 0, 0} d 1) → Fin d → ℝ),
      abs.{0}
        (Entry005.liftedDeterminant (fun j => w j.succ)
          (w 0)) ∂Entry005.iidLaw.{0} (Entry005.finiteHalfspaceConeLaw.{u_1} n h) (HAdd.hAdd.{0, 0, 0} d 1))
'Entry005.finite_halfspace_lifted_moment_pos' depends on axioms: [propext, Classical.choice.{u}, Quot.sound.{u}]
Entry005.finite_halfspace_lower_area_sum.{u_1, u_2} {ι : Type u_1} {E : Type u_2} [Fintype.{u_1} ι]
  [NormedAddCommGroup.{u_2} E] [InnerProductSpace.{0, u_2} ℝ E] [FiniteDimensional.{0, u_2} ℝ E]
  [MeasurableSpace.{u_2} E] [BorelSpace.{u_2} E] (n : ι → E) (h : ι → ℝ) (hn : ∀ (i : ι), Eq.{1} (norm.{u_2} (n i)) 1)
  (hinj : Function.Injective.{u_1 + 1, u_2 + 1} n) (hc : IsCompact.{u_2} (Entry005.finiteHalfspaceSet.{u_1, u_2} n h))
  (u : E) (hu : Eq.{1} (norm.{u_2} u) 1) :
  Eq.{1} (Entry005.projectionVolumeSet.{u_2} (Entry005.finiteHalfspaceSet.{u_1, u_2} n h) u)
    (∑ i with LT.lt.{0} (inner.{0, u_2} ℝ (n i) u) 0,
      HMul.hMul.{0, 0, 0} (Neg.neg.{0} (inner.{0, u_2} ℝ (n i) u)) (Entry005.finiteHalfspaceFacetArea.{u_1, u_2} n h i))
'Entry005.finite_halfspace_lower_area_sum' depends on axioms: [propext, Classical.choice.{u}, Quot.sound.{u}]
Entry005.finite_halfspace_lower_projection_cover.{u_1, u_2} {ι : Type u_1} {E : Type u_2} [Fintype.{u_1} ι]
  [NormedAddCommGroup.{u_2} E] [InnerProductSpace.{0, u_2} ℝ E] (n : ι → E) (h : ι → ℝ)
  (hcompact : IsCompact.{u_2} (Entry005.finiteHalfspaceSet.{u_1, u_2} n h)) (u : E) (hu : Eq.{1} (norm.{u_2} u) 1)
  (y : ↥(Submodule.orthogonal.{0, u_2} (Submodule.span.{0, u_2} ℝ (singleton.{u_2, u_2} u))))
  (hy :
    Membership.mem.{u_2, u_2}
      (Set.image.{u_2, u_2}
        (⇑(Submodule.orthogonalProjectionOnto.{0, u_2}
            (Submodule.orthogonal.{0, u_2} (Submodule.span.{0, u_2} ℝ (singleton.{u_2, u_2} u)))))
        (Entry005.finiteHalfspaceSet.{u_1, u_2} n h))
      y) :
  ∃ i,
    LT.lt.{0} (inner.{0, u_2} ℝ (n i) u) 0 ∧
      Membership.mem.{u_2, u_2}
        (Set.image.{u_2, u_2}
          (⇑(Submodule.orthogonalProjectionOnto.{0, u_2}
              (Submodule.orthogonal.{0, u_2} (Submodule.span.{0, u_2} ℝ (singleton.{u_2, u_2} u)))))
          (Entry005.finiteHalfspaceFacet.{u_1, u_2} n h i))
        y
'Entry005.finite_halfspace_lower_projection_cover' depends on axioms: [propext, Classical.choice.{u}, Quot.sound.{u}]
Entry005.finite_halfspace_nonzero_radial_cover.{u_1, u_2} {ι : Type u_1} {E : Type u_2} [Fintype.{u_1} ι]
  [NormedAddCommGroup.{u_2} E] [InnerProductSpace.{0, u_2} ℝ E] (n : ι → E) (h : ι → ℝ)
  (hc : IsCompact.{u_2} (Entry005.finiteHalfspaceSet.{u_1, u_2} n h)) (x : E)
  (hx : Membership.mem.{u_2, u_2} (Entry005.finiteHalfspaceSet.{u_1, u_2} n h) x) (hx0 : Ne.{u_2 + 1} x 0) :
  ∃ i, Membership.mem.{u_2, u_2} (Entry005.finiteHalfspaceFacetCone.{u_1, u_2} n h i) x
'Entry005.finite_halfspace_nonzero_radial_cover' depends on axioms: [propext, Classical.choice.{u}, Quot.sound.{u}]
Entry005.finite_halfspace_normal_balance.{u_1, u_2} {ι : Type u_1} {E : Type u_2} [Fintype.{u_1} ι]
  [NormedAddCommGroup.{u_2} E] [InnerProductSpace.{0, u_2} ℝ E] [FiniteDimensional.{0, u_2} ℝ E]
  [MeasurableSpace.{u_2} E] [BorelSpace.{u_2} E] (n : ι → E) (h : ι → ℝ) (hn : ∀ (i : ι), Eq.{1} (norm.{u_2} (n i)) 1)
  (hinj : Function.Injective.{u_1 + 1, u_2 + 1} n) (hc : IsCompact.{u_2} (Entry005.finiteHalfspaceSet.{u_1, u_2} n h)) :
  Eq.{u_2 + 1} (∑ i, HSMul.hSMul.{0, u_2, u_2} (Entry005.finiteHalfspaceFacetArea.{u_1, u_2} n h i) (n i)) 0
'Entry005.finite_halfspace_normal_balance' depends on axioms: [propext, Classical.choice.{u}, Quot.sound.{u}]
Entry005.finite_halfspace_normal_balance_coordinates.{u_1} {ι : Type u_1} [Fintype.{u_1} ι] {d : ℕ}
  (n : ι → Entry005.Space d) (h : ι → ℝ) (hn : ∀ (i : ι), Eq.{1} (norm.{0} (n i)) 1)
  (hinj : Function.Injective.{u_1 + 1, 1} n) (hc : IsCompact.{0} (Entry005.finiteHalfspaceSet.{u_1, 0} n h))
  (j : Fin d) :
  Eq.{1} (∑ i, HMul.hMul.{0, 0, 0} (Entry005.finiteHalfspaceFacetArea.{u_1, 0} n h i) (WithLp.ofLp.{0} (n i) j)) 0
'Entry005.finite_halfspace_normal_balance_coordinates' depends on axioms: [propext,
 Classical.choice.{u},
 Quot.sound.{u}]
Entry005.finite_halfspace_normalization_pos.{u_1, u_2} {ι : Type u_1} {E : Type u_2} [Fintype.{u_1} ι]
  [NormedAddCommGroup.{u_2} E] [InnerProductSpace.{0, u_2} ℝ E] [FiniteDimensional.{0, u_2} ℝ E]
  [MeasurableSpace.{u_2} E] [BorelSpace.{u_2} E] [Nontrivial.{u_2} E] (n : ι → E) (h : ι → ℝ)
  (hn : ∀ (i : ι), Eq.{1} (norm.{u_2} (n i)) 1) (hh : ∀ (i : ι), LT.lt.{0} 0 (h i))
  (hc : IsCompact.{u_2} (Entry005.finiteHalfspaceSet.{u_1, u_2} n h)) :
  LT.lt.{0} 0
    (HMul.hMul.{0, 0, 0} (↑(Module.finrank.{0, u_2} ℝ E))
      (MeasureTheory.volume.{u_2} (Entry005.finiteHalfspaceSet.{u_1, u_2} n h)).toReal)
'Entry005.finite_halfspace_normalization_pos' depends on axioms: [propext, Classical.choice.{u}, Quot.sound.{u}]
Entry005.finite_halfspace_projection_body_eq_zonotope.{u_1, u_2} {ι : Type u_1} {E : Type u_2} [Fintype.{u_1} ι]
  [NormedAddCommGroup.{u_2} E] [InnerProductSpace.{0, u_2} ℝ E] [FiniteDimensional.{0, u_2} ℝ E]
  [MeasurableSpace.{u_2} E] [BorelSpace.{u_2} E] (n : ι → E) (h : ι → ℝ) (hn : ∀ (i : ι), Eq.{1} (norm.{u_2} (n i)) 1)
  (hinj : Function.Injective.{u_1 + 1, u_2 + 1} n) (hc : IsCompact.{u_2} (Entry005.finiteHalfspaceSet.{u_1, u_2} n h)) :
  Eq.{u_2 + 1} (Entry005.projectionBodySet.{u_2} (Entry005.finiteHalfspaceSet.{u_1, u_2} n h))
    (Entry005.finiteZonotope.{u_1, u_2} fun i =>
      HSMul.hSMul.{0, u_2, u_2} (HDiv.hDiv.{0, 0, 0} (Entry005.finiteHalfspaceFacetArea.{u_1, u_2} n h i) 2) (n i))
'Entry005.finite_halfspace_projection_body_eq_zonotope' depends on axioms: [propext,
 Classical.choice.{u},
 Quot.sound.{u}]
Entry005.finite_halfspace_projection_body_volume_pos.{u_1} {ι : Type u_1} [Fintype.{u_1} ι] {d : ℕ}
  [Nontrivial.{0} (Entry005.Space d)] (n : ι → Entry005.Space d) (h : ι → ℝ) (hn : ∀ (i : ι), Eq.{1} (norm.{0} (n i)) 1)
  (hh : ∀ (i : ι), LT.lt.{0} 0 (h i)) (hc : IsCompact.{0} (Entry005.finiteHalfspaceSet.{u_1, 0} n h)) :
  LT.lt.{0} 0
    (MeasureTheory.volume.{0} (Entry005.projectionBodySet.{0} (Entry005.finiteHalfspaceSet.{u_1, 0} n h))).toReal
'Entry005.finite_halfspace_projection_body_volume_pos' depends on axioms: [propext,
 Classical.choice.{u},
 Quot.sound.{u}]
Entry005.finite_halfspace_radial_cover_ae.{u_1, u_2} {ι : Type u_1} {E : Type u_2} [Fintype.{u_1} ι]
  [NormedAddCommGroup.{u_2} E] [InnerProductSpace.{0, u_2} ℝ E] (n : ι → E) (h : ι → ℝ)
  (hc : IsCompact.{u_2} (Entry005.finiteHalfspaceSet.{u_1, u_2} n h)) :
  sdiff.{u_2} (Entry005.finiteHalfspaceSet.{u_1, u_2} n h) (singleton.{u_2, u_2} 0) ⊆
    ⋃ i, Entry005.finiteHalfspaceFacetCone.{u_1, u_2} n h i
'Entry005.finite_halfspace_radial_cover_ae' depends on axioms: [propext, Classical.choice.{u}, Quot.sound.{u}]
Entry005.finite_halfspace_sphere_net_norm_bound.{u_1, u_2} {ι : Type u_1} {E : Type u_2} [NormedAddCommGroup.{u_2} E]
  [InnerProductSpace.{0, u_2} ℝ E] (n : ι → E) (h : ι → ℝ) (ε R : ℝ) (hεsmall : LE.le.{0} ε (1 / 2))
  (hR : LE.le.{0} 0 R) (hheight : ∀ (i : ι), LE.le.{0} (h i) R)
  (hnet : ∀ (u : E), Eq.{1} (norm.{u_2} u) 1 → ∃ i, LT.lt.{0} (norm.{u_2} (HSub.hSub.{u_2, u_2, u_2} u (n i))) ε)
  (x : E) (hx : Membership.mem.{u_2, u_2} (Entry005.finiteHalfspaceSet.{u_1, u_2} n h) x) :
  LE.le.{0} (norm.{u_2} x) (HMul.hMul.{0, 0, 0} 2 R)
'Entry005.finite_halfspace_sphere_net_norm_bound' depends on axioms: [propext, Classical.choice.{u}, Quot.sound.{u}]
Entry005.finite_halfspace_translate_carrier.{u_1, u_2} {ι : Type u_1} {E : Type u_2} [Fintype.{u_1} ι]
  [NormedAddCommGroup.{u_2} E] [InnerProductSpace.{0, u_2} ℝ E] (n : ι → E) (h : ι → ℝ) (z : E) :
  Eq.{u_2 + 1} (Entry005.finiteHalfspaceSet.{u_1, u_2} n fun i => HSub.hSub.{0, 0, 0} (h i) (inner.{0, u_2} ℝ (n i) z))
    (Set.image.{u_2, u_2} (fun x => HSub.hSub.{u_2, u_2, u_2} x z) (Entry005.finiteHalfspaceSet.{u_1, u_2} n h))
'Entry005.finite_halfspace_translate_carrier' depends on axioms: [propext, Classical.choice.{u}, Quot.sound.{u}]
Entry005.finite_halfspace_translated_facet_chart.{u_1, u_2} {ι : Type u_1} {E : Type u_2} [Fintype.{u_1} ι]
  [NormedAddCommGroup.{u_2} E] [InnerProductSpace.{0, u_2} ℝ E] [FiniteDimensional.{0, u_2} ℝ E] (n : ι → E) (h : ι → ℝ)
  (z : E) (i : ι) (hn : Eq.{1} (norm.{u_2} (n i)) 1) :
  Eq.{u_2 + 1}
    (Entry005.finiteHalfspaceFacetChart.{u_1, u_2} n (fun j => HSub.hSub.{0, 0, 0} (h j) (inner.{0, u_2} ℝ (n j) z)) i)
    (Set.preimage.{u_2, u_2}
      (fun u =>
        HAdd.hAdd.{u_2, u_2, u_2} u
          ((Submodule.orthogonalProjectionOnto.{0, u_2}
              (Submodule.orthogonal.{0, u_2} (Submodule.span.{0, u_2} ℝ (singleton.{u_2, u_2} (n i)))))
            z))
      (Entry005.finiteHalfspaceFacetChart.{u_1, u_2} n h i))
'Entry005.finite_halfspace_translated_facet_chart' depends on axioms: [propext, Classical.choice.{u}, Quot.sound.{u}]
Entry005.finite_halfspace_unit_ball_heights.{u_1} {ι : Type u_1} {d : ℕ} (n : ι → Entry005.Space d) (h : ι → ℝ)
  (hn : ∀ (i : ι), Eq.{1} (norm.{0} (n i)) 1)
  (hb : Metric.closedBall.{0} 0 1 ⊆ Entry005.finiteHalfspaceSet.{u_1, 0} n h) (i : ι) : LE.le.{0} 1 (h i)
'Entry005.finite_halfspace_unit_ball_heights' depends on axioms: [propext, Classical.choice.{u}, Quot.sound.{u}]
Entry005.finite_halfspace_upper_active.{u_1, u_2} {ι : Type u_1} {E : Type u_2} [Fintype.{u_1} ι]
  [NormedAddCommGroup.{u_2} E] [InnerProductSpace.{0, u_2} ℝ E] (n : ι → E) (h : ι → ℝ) (q u : E)
  (hq : Membership.mem.{u_2, u_2} (Entry005.finiteHalfspaceSet.{u_1, u_2} n h) q)
  (hstop :
    ∀ (t : ℝ),
      LT.lt.{0} 0 t →
        HAdd.hAdd.{u_2, u_2, u_2} q (HSMul.hSMul.{0, u_2, u_2} t u) ∉ Entry005.finiteHalfspaceSet.{u_1, u_2} n h) :
  ∃ i,
    LT.lt.{0} 0 (inner.{0, u_2} ℝ (n i) u) ∧
      Membership.mem.{u_2, u_2} (Entry005.finiteHalfspaceFacet.{u_1, u_2} n h i) q
'Entry005.finite_halfspace_upper_active' depends on axioms: [propext, Classical.choice.{u}, Quot.sound.{u}]
Entry005.finite_halfspace_upper_area_sum.{u_1, u_2} {ι : Type u_1} {E : Type u_2} [Fintype.{u_1} ι]
  [NormedAddCommGroup.{u_2} E] [InnerProductSpace.{0, u_2} ℝ E] [FiniteDimensional.{0, u_2} ℝ E]
  [MeasurableSpace.{u_2} E] [BorelSpace.{u_2} E] (n : ι → E) (h : ι → ℝ) (hn : ∀ (i : ι), Eq.{1} (norm.{u_2} (n i)) 1)
  (hinj : Function.Injective.{u_1 + 1, u_2 + 1} n) (hc : IsCompact.{u_2} (Entry005.finiteHalfspaceSet.{u_1, u_2} n h))
  (u : E) (hu : Eq.{1} (norm.{u_2} u) 1) :
  Eq.{1} (Entry005.projectionVolumeSet.{u_2} (Entry005.finiteHalfspaceSet.{u_1, u_2} n h) u)
    (∑ i with LT.lt.{0} 0 (inner.{0, u_2} ℝ (n i) u),
      HMul.hMul.{0, 0, 0} (inner.{0, u_2} ℝ (n i) u) (Entry005.finiteHalfspaceFacetArea.{u_1, u_2} n h i))
'Entry005.finite_halfspace_upper_area_sum' depends on axioms: [propext, Classical.choice.{u}, Quot.sound.{u}]
Entry005.finite_halfspace_upper_projection_cover.{u_1, u_2} {ι : Type u_1} {E : Type u_2} [Fintype.{u_1} ι]
  [NormedAddCommGroup.{u_2} E] [InnerProductSpace.{0, u_2} ℝ E] (n : ι → E) (h : ι → ℝ)
  (hcompact : IsCompact.{u_2} (Entry005.finiteHalfspaceSet.{u_1, u_2} n h)) (u : E) (hu : Eq.{1} (norm.{u_2} u) 1)
  (y : ↥(Submodule.orthogonal.{0, u_2} (Submodule.span.{0, u_2} ℝ (singleton.{u_2, u_2} u))))
  (hy :
    Membership.mem.{u_2, u_2}
      (Set.image.{u_2, u_2}
        (⇑(Submodule.orthogonalProjectionOnto.{0, u_2}
            (Submodule.orthogonal.{0, u_2} (Submodule.span.{0, u_2} ℝ (singleton.{u_2, u_2} u)))))
        (Entry005.finiteHalfspaceSet.{u_1, u_2} n h))
      y) :
  ∃ i,
    LT.lt.{0} 0 (inner.{0, u_2} ℝ (n i) u) ∧
      Membership.mem.{u_2, u_2}
        (Set.image.{u_2, u_2}
          (⇑(Submodule.orthogonalProjectionOnto.{0, u_2}
              (Submodule.orthogonal.{0, u_2} (Submodule.span.{0, u_2} ℝ (singleton.{u_2, u_2} u)))))
          (Entry005.finiteHalfspaceFacet.{u_1, u_2} n h i))
        y
'Entry005.finite_halfspace_upper_projection_cover' depends on axioms: [propext, Classical.choice.{u}, Quot.sound.{u}]
Entry005.finite_halfspace_volume_eq_sum_cone_volumes.{u_1, u_2} {ι : Type u_1} {E : Type u_2} [Fintype.{u_1} ι]
  [NormedAddCommGroup.{u_2} E] [InnerProductSpace.{0, u_2} ℝ E] [FiniteDimensional.{0, u_2} ℝ E]
  [MeasurableSpace.{u_2} E] [BorelSpace.{u_2} E] [Nontrivial.{u_2} E] (n : ι → E) (h : ι → ℝ)
  (hn : ∀ (i : ι), Eq.{1} (norm.{u_2} (n i)) 1) (hh : ∀ (i : ι), LT.lt.{0} 0 (h i))
  (hinj : Function.Injective.{u_1 + 1, u_2 + 1} n) (hc : IsCompact.{u_2} (Entry005.finiteHalfspaceSet.{u_1, u_2} n h)) :
  Eq.{1} (MeasureTheory.volume.{u_2} (Entry005.finiteHalfspaceSet.{u_1, u_2} n h)).toReal
    (∑ i, (MeasureTheory.volume.{u_2} (Entry005.finiteHalfspaceFacetCone.{u_1, u_2} n h i)).toReal)
'Entry005.finite_halfspace_volume_eq_sum_cone_volumes' depends on axioms: [propext,
 Classical.choice.{u},
 Quot.sound.{u}]
Entry005.finite_halfspace_volume_pos.{u_1, u_2} {ι : Type u_1} {E : Type u_2} [Fintype.{u_1} ι]
  [NormedAddCommGroup.{u_2} E] [InnerProductSpace.{0, u_2} ℝ E] [FiniteDimensional.{0, u_2} ℝ E]
  [MeasurableSpace.{u_2} E] [BorelSpace.{u_2} E] (n : ι → E) (h : ι → ℝ) (hn : ∀ (i : ι), Eq.{1} (norm.{u_2} (n i)) 1)
  (hh : ∀ (i : ι), LT.lt.{0} 0 (h i)) (hc : IsCompact.{u_2} (Entry005.finiteHalfspaceSet.{u_1, u_2} n h)) :
  LT.lt.{0} 0 (MeasureTheory.volume.{u_2} (Entry005.finiteHalfspaceSet.{u_1, u_2} n h)).toReal
'Entry005.finite_halfspace_volume_pos' depends on axioms: [propext, Classical.choice.{u}, Quot.sound.{u}]
Entry005.finite_law_zonotope_volume_weighted_tuple_sum.{u_1} {ι : Type u_1} [Fintype.{u_1} ι] {d : ℕ} (p : ι → ℝ)
  (x : ι → Fin d → ℝ) (hp : ∀ (i : ι), LE.le.{0} 0 (p i)) :
  Eq.{1} (MeasureTheory.volume.{0} (Entry005.finiteLawZonotope.{u_1} p x)).toReal
    (HMul.hMul.{0, 0, 0} (HDiv.hDiv.{0, 0, 0} (HPow.hPow.{0, 0, 0} 2 d) ↑d.factorial)
      (∑ b, HMul.hMul.{0, 0, 0} (∏ j, p (b j)) (abs.{0} (Entry005.horizontalDeterminant fun j => x (b j)))))
'Entry005.finite_law_zonotope_volume_weighted_tuple_sum' depends on axioms: [propext,
 Classical.choice.{u},
 Quot.sound.{u}]
Entry005.finite_signed_area_split.{u_1} {ι : Type u_1} [Fintype.{u_1} ι] (a b : ι → ℝ) :
  Eq.{1} (∑ i, HMul.hMul.{0, 0, 0} (b i) (a i))
    (HSub.hSub.{0, 0, 0} (∑ i with LT.lt.{0} 0 (b i), HMul.hMul.{0, 0, 0} (b i) (a i))
      (∑ i with LT.lt.{0} (b i) 0, HMul.hMul.{0, 0, 0} (Neg.neg.{0} (b i)) (a i)))
'Entry005.finite_signed_area_split' depends on axioms: [propext, Classical.choice.{u}, Quot.sound.{u}]
Entry005.finite_support_net_direction_bound.{u_1, u_2} {ι : Type u_1} {E : Type u_2} [NormedAddCommGroup.{u_2} E]
  [InnerProductSpace.{0, u_2} ℝ E] (K : Set.{u_2} E) (hc : IsCompact.{u_2} K) (hne : Set.Nonempty.{u_2} K) (R : ℝ)
  (hR : ∀ (x : E), Membership.mem.{u_2, u_2} K x → LE.le.{0} (norm.{u_2} x) R) (n : ι → E) (ε : ℝ) (hε : LE.le.{0} 0 ε)
  (hnet : ∀ (u : E), Eq.{1} (norm.{u_2} u) 1 → ∃ i, LT.lt.{0} (norm.{u_2} (HSub.hSub.{u_2, u_2, u_2} u (n i))) ε)
  (x : E)
  (hx :
    Membership.mem.{u_2, u_2}
      (Entry005.finiteHalfspaceSet.{u_1, u_2} n fun i => Entry005.compactSupportHeight.{u_2} K (n i)) x)
  (hxR : LE.le.{0} (norm.{u_2} x) (HMul.hMul.{0, 0, 0} 2 R)) (u : E) (hu : Eq.{1} (norm.{u_2} u) 1) :
  LE.le.{0} (inner.{0, u_2} ℝ u x)
    (HAdd.hAdd.{0, 0, 0} (Entry005.compactSupportHeight.{u_2} K u) (HMul.hMul.{0, 0, 0} (HMul.hMul.{0, 0, 0} 3 ε) R))
'Entry005.finite_support_net_direction_bound' depends on axioms: [propext, Classical.choice.{u}, Quot.sound.{u}]
Entry005.finite_support_net_subset_dilation.{u_1, u_2} {ι : Type u_1} {E : Type u_2} [NormedAddCommGroup.{u_2} E]
  [InnerProductSpace.{0, u_2} ℝ E] (K : Set.{u_2} E) (hc : IsCompact.{u_2} K) (hne : Set.Nonempty.{u_2} K)
  (hconv : Convex.{0, u_2} ℝ K) (hb : Metric.closedBall.{u_2} 0 1 ⊆ K) (R : ℝ)
  (hR : ∀ (x : E), Membership.mem.{u_2, u_2} K x → LE.le.{0} (norm.{u_2} x) R) (n : ι → E)
  (hn : ∀ (i : ι), Eq.{1} (norm.{u_2} (n i)) 1) (ε : ℝ) (hε : LT.lt.{0} 0 ε) (hεsmall : LE.le.{0} ε (1 / 2))
  (hnet : ∀ (u : E), Eq.{1} (norm.{u_2} u) 1 → ∃ i, LT.lt.{0} (norm.{u_2} (HSub.hSub.{u_2, u_2, u_2} u (n i))) ε) :
  (Entry005.finiteHalfspaceSet.{u_1, u_2} n fun i => Entry005.compactSupportHeight.{u_2} K (n i)) ⊆
    HSMul.hSMul.{0, u_2, u_2} (HAdd.hAdd.{0, 0, 0} 1 (HMul.hMul.{0, 0, 0} (HMul.hMul.{0, 0, 0} 3 ε) R)) K
'Entry005.finite_support_net_subset_dilation' depends on axioms: [propext, Classical.choice.{u}, Quot.sound.{u}]
Entry005.finite_tuple_determinant_eq_zero_of_not_injective {d m : ℕ} (v : Fin m → Fin d → ℝ) (σ : Fin d → Fin m)
  (hσ : ¬Function.Injective.{1, 1} σ) : Eq.{1} (Matrix.det.{0, 0} (Matrix.of.{0, 0, 0} fun i j => v (σ j) i)) 0
'Entry005.finite_tuple_determinant_eq_zero_of_not_injective' depends on axioms: [propext,
 Classical.choice.{u},
 Quot.sound.{u}]
Entry005.finite_uniform_positive.{u_1} {ι : Type u_1} [Fintype.{u_1} ι] (q : ι → ℝ)
  (hq : ∀ (i : ι), LT.lt.{0} 0 (q i)) : ∃ ε, LT.lt.{0} 0 ε ∧ ∀ (i : ι), LE.le.{0} ε (q i)
'Entry005.finite_uniform_positive' depends on axioms: [propext, Classical.choice.{u}, Quot.sound.{u}]
Entry005.finite_weighted_determinant_tuple_sum_eq_injection_sum {d m : ℕ} (v : Fin m → Fin d → ℝ)
  (weight : (Fin d → Fin m) → ℝ) :
  Eq.{1} (∑ σ, HMul.hMul.{0, 0, 0} (weight σ) (abs.{0} (Matrix.det.{0, 0} (Matrix.of.{0, 0, 0} fun i j => v (σ j) i))))
    (∑ σ, HMul.hMul.{0, 0, 0} (weight ⇑σ) (abs.{0} (Matrix.det.{0, 0} (Matrix.of.{0, 0, 0} fun i j => v (σ j) i))))
'Entry005.finite_weighted_determinant_tuple_sum_eq_injection_sum' depends on axioms: [propext,
 Classical.choice.{u},
 Quot.sound.{u}]
Entry005.finite_weighted_horizontal_determinant.{u_1} {ι : Type u_1} {d : ℕ} (p : ι → ℝ) (x : ι → Fin d → ℝ)
  (hp : ∀ (i : ι), LE.le.{0} 0 (p i)) (b : Fin d → ι) :
  Eq.{1} (abs.{0} (Entry005.horizontalDeterminant fun j l => HMul.hMul.{0, 0, 0} (p (b j)) (x (b j) l)))
    (HMul.hMul.{0, 0, 0} (∏ j, p (b j)) (abs.{0} (Entry005.horizontalDeterminant fun j => x (b j))))
'Entry005.finite_weighted_horizontal_determinant' depends on axioms: [propext, Classical.choice.{u}, Quot.sound.{u}]
Entry005.finite_zonotope_compact.{u_1, u_2} {ι : Type u_1} {E : Type u_2} [Fintype.{u_1} ι] [NormedAddCommGroup.{u_2} E]
  [InnerProductSpace.{0, u_2} ℝ E] (g : ι → E) : IsCompact.{u_2} (Entry005.finiteZonotope.{u_1, u_2} g)
'Entry005.finite_zonotope_compact' depends on axioms: [propext, Classical.choice.{u}, Quot.sound.{u}]
Entry005.finite_zonotope_cons.{u_1} {E : Type u_1} [NormedAddCommGroup.{u_1} E] [InnerProductSpace.{0, u_1} ℝ E] {m : ℕ}
  (g : Fin m → E) (v : E) :
  Eq.{u_1 + 1} (Entry005.finiteZonotope.{0, u_1} (Fin.cons.{u_1 + 1} v g))
    (Entry005.symmetricSegmentExtrusion.{u_1} (Entry005.finiteZonotope.{0, u_1} g) v)
'Entry005.finite_zonotope_cons' depends on axioms: [propext, Classical.choice.{u}, Quot.sound.{u}]
Entry005.finite_zonotope_convex.{u_1, u_2} {ι : Type u_1} {E : Type u_2} [Fintype.{u_1} ι] [NormedAddCommGroup.{u_2} E]
  [InnerProductSpace.{0, u_2} ℝ E] (g : ι → E) : Convex.{0, u_2} ℝ (Entry005.finiteZonotope.{u_1, u_2} g)
'Entry005.finite_zonotope_convex' depends on axioms: [propext, Classical.choice.{u}, Quot.sound.{u}]
Entry005.finite_zonotope_eq_support_halfspaces.{u_1, u_2} {ι : Type u_1} {E : Type u_2} [Fintype.{u_1} ι]
  [NormedAddCommGroup.{u_2} E] [InnerProductSpace.{0, u_2} ℝ E] (g : ι → E) :
  Eq.{u_2 + 1} (Entry005.finiteZonotope.{u_1, u_2} g)
    (Set.ofPred.{u_2} fun x =>
      ∀ (u : E), Eq.{1} (norm.{u_2} u) 1 → LE.le.{0} (inner.{0, u_2} ℝ u x) (∑ i, abs.{0} (inner.{0, u_2} ℝ u (g i))))
'Entry005.finite_zonotope_eq_support_halfspaces' depends on axioms: [propext, Classical.choice.{u}, Quot.sound.{u}]
Entry005.finite_zonotope_euclidean_one_volume.{u_1} {ι : Type u_1} [Fintype.{u_1} ι]
  (g : ι → EuclideanSpace.{0, 0} ℝ (Fin 1)) :
  Eq.{1} (MeasureTheory.volume.{0} (Entry005.finiteZonotope.{u_1, 0} g)).toReal
    (HMul.hMul.{0, 0, 0} 2 (∑ i, abs.{0} (WithLp.ofLp.{0} (g i) 0)))
'Entry005.finite_zonotope_euclidean_one_volume' depends on axioms: [propext, Classical.choice.{u}, Quot.sound.{u}]
Entry005.finite_zonotope_euclidean_zero_volume.{u_1} {ι : Type u_1} [Fintype.{u_1} ι]
  (g : ι → EuclideanSpace.{0, 0} ℝ (Fin 0)) : Eq.{1} (MeasureTheory.volume.{0} (Entry005.finiteZonotope.{u_1, 0} g)) 1
'Entry005.finite_zonotope_euclidean_zero_volume' depends on axioms: [propext, Classical.choice.{u}, Quot.sound.{u}]
Entry005.finite_zonotope_linear_image.{u_1, u_2, u_3} {E : Type u_1} [NormedAddCommGroup.{u_1} E]
  [InnerProductSpace.{0, u_1} ℝ E] {ι : Type u_2} {F : Type u_3} [Fintype.{u_2} ι] [NormedAddCommGroup.{u_3} F]
  [InnerProductSpace.{0, u_3} ℝ F] (g : ι → E) (f : LinearMap.{0, 0, u_1, u_3} (RingHom.id.{0} ℝ) E F) :
  Eq.{u_3 + 1} (Set.image.{u_1, u_3} (⇑f) (Entry005.finiteZonotope.{u_2, u_1} g))
    (Entry005.finiteZonotope.{u_2, u_3} fun i => f (g i))
'Entry005.finite_zonotope_linear_image' depends on axioms: [propext, Classical.choice.{u}, Quot.sound.{u}]
Entry005.finite_zonotope_nonempty.{u_1, u_2} {ι : Type u_1} {E : Type u_2} [Fintype.{u_1} ι]
  [NormedAddCommGroup.{u_2} E] [InnerProductSpace.{0, u_2} ℝ E] (g : ι → E) :
  Set.Nonempty.{u_2} (Entry005.finiteZonotope.{u_1, u_2} g)
'Entry005.finite_zonotope_nonempty' depends on axioms: [propext, Classical.choice.{u}, Quot.sound.{u}]
Entry005.finite_zonotope_option.{u_1, u_2} {ι : Type u_1} {E : Type u_2} [Fintype.{u_1} ι] [NormedAddCommGroup.{u_2} E]
  [InnerProductSpace.{0, u_2} ℝ E] (g : Option.{u_1} ι → E) :
  Eq.{u_2 + 1} (Entry005.finiteZonotope.{u_1, u_2} g)
    (Entry005.symmetricSegmentExtrusion.{u_2} (Entry005.finiteZonotope.{u_1, u_2} fun i => g (some.{u_1} i))
      (g none.{u_1}))
'Entry005.finite_zonotope_option' depends on axioms: [propext, Classical.choice.{u}, Quot.sound.{u}]
Entry005.finite_zonotope_option_volume.{u_1, u_2} {ι : Type u_1} {E : Type u_2} [Fintype.{u_1} ι]
  [NormedAddCommGroup.{u_2} E] [InnerProductSpace.{0, u_2} ℝ E] [FiniteDimensional.{0, u_2} ℝ E]
  [MeasurableSpace.{u_2} E] [BorelSpace.{u_2} E] (g : Option.{u_1} ι → E) :
  Eq.{1} (MeasureTheory.volume.{u_2} (Entry005.finiteZonotope.{u_1, u_2} g))
    (HAdd.hAdd.{0, 0, 0} (MeasureTheory.volume.{u_2} (Entry005.finiteZonotope.{u_1, u_2} fun i => g (some.{u_1} i)))
      (HMul.hMul.{0, 0, 0} (ENNReal.ofReal (HMul.hMul.{0, 0, 0} 2 (norm.{u_2} (g none.{u_1}))))
        (MeasureTheory.volume.{u_2}
          (Set.image.{u_2, u_2}
            (⇑(Submodule.orthogonalProjectionOnto.{0, u_2}
                (Submodule.orthogonal.{0, u_2} (Submodule.span.{0, u_2} ℝ (singleton.{u_2, u_2} (g none.{u_1}))))))
            (Entry005.finiteZonotope.{u_1, u_2} fun i => g (some.{u_1} i))))))
'Entry005.finite_zonotope_option_volume' depends on axioms: [propext, Classical.choice.{u}, Quot.sound.{u}]
Entry005.finite_zonotope_projection_volume_coordinates.{u_1, u_3} {E : Type u_1} [NormedAddCommGroup.{u_1} E]
  [InnerProductSpace.{0, u_1} ℝ E] [FiniteDimensional.{0, u_1} ℝ E] [MeasurableSpace.{u_1} E] [BorelSpace.{u_1} E]
  {d : ℕ} [Fact (Eq.{1} (Module.finrank.{0, u_1} ℝ E) (HAdd.hAdd.{0, 0, 0} d 1))] {ι : Type u_3} [Fintype.{u_3} ι]
  (g : ι → E) {v : E} (hv : Ne.{u_1 + 1} v 0) :
  Eq.{1}
    (MeasureTheory.volume.{u_1}
      (Entry005.finiteZonotope.{u_3, u_1} fun i =>
        (Submodule.orthogonalProjectionOnto.{0, u_1}
            (Submodule.orthogonal.{0, u_1} (Submodule.span.{0, u_1} ℝ (singleton.{u_1, u_1} v))))
          (g i)))
    (MeasureTheory.volume.{0}
      (Entry005.finiteZonotope.{u_3, 0} fun i =>
        (OrthonormalBasis.repr.{0, 0, u_1} (OrthonormalBasis.fromOrthogonalSpanSingleton.{0, u_1} d hv))
          ((Submodule.orthogonalProjectionOnto.{0, u_1}
              (Submodule.orthogonal.{0, u_1} (Submodule.span.{0, u_1} ℝ (singleton.{u_1, u_1} v))))
            (g i))))
'Entry005.finite_zonotope_projection_volume_coordinates' depends on axioms: [propext,
 Classical.choice.{u},
 Quot.sound.{u}]
Entry005.finite_zonotope_real_eq_interval.{u_1} {ι : Type u_1} [Fintype.{u_1} ι] (g : ι → ℝ) :
  Eq.{1} (Entry005.finiteZonotope.{u_1, 0} g) (Set.Icc.{0} (Neg.neg.{0} (∑ i, abs.{0} (g i))) (∑ i, abs.{0} (g i)))
'Entry005.finite_zonotope_real_eq_interval' depends on axioms: [propext, Classical.choice.{u}, Quot.sound.{u}]
Entry005.finite_zonotope_real_volume.{u_1} {ι : Type u_1} [Fintype.{u_1} ι] (g : ι → ℝ) :
  Eq.{1} (MeasureTheory.volume.{0} (Entry005.finiteZonotope.{u_1, 0} g)).toReal
    (HMul.hMul.{0, 0, 0} 2 (∑ i, abs.{0} (g i)))
'Entry005.finite_zonotope_real_volume' depends on axioms: [propext, Classical.choice.{u}, Quot.sound.{u}]
Entry005.finite_zonotope_reindex.{u_1, u_2, u_3} {ι : Type u_1} {κ : Type u_2} {E : Type u_3} [Fintype.{u_1} ι]
  [Fintype.{u_2} κ] [NormedAddCommGroup.{u_3} E] [InnerProductSpace.{0, u_3} ℝ E] (g : ι → E)
  (e : Equiv.{u_2 + 1, u_1 + 1} κ ι) :
  Eq.{u_3 + 1} (Entry005.finiteZonotope.{u_2, u_3} fun j => g (e j)) (Entry005.finiteZonotope.{u_1, u_3} g)
'Entry005.finite_zonotope_reindex' depends on axioms: [propext, Classical.choice.{u}, Quot.sound.{u}]
Entry005.finite_zonotope_scalar_image.{u_1, u_2} {ι : Type u_1} {E : Type u_2} [Fintype.{u_1} ι]
  [NormedAddCommGroup.{u_2} E] [InnerProductSpace.{0, u_2} ℝ E] (g : ι → E) (c : ℝ) :
  Eq.{u_2 + 1} (Entry005.finiteZonotope.{u_1, u_2} fun i => HSMul.hSMul.{0, u_2, u_2} c (g i))
    (HSMul.hSMul.{0, u_2, u_2} c (Entry005.finiteZonotope.{u_1, u_2} g))
'Entry005.finite_zonotope_scalar_image' depends on axioms: [propext, Classical.choice.{u}, Quot.sound.{u}]
Entry005.finite_zonotope_scaled_generators.{u_1, u_2} {ι : Type u_1} {E : Type u_2} [Fintype.{u_1} ι]
  [NormedAddCommGroup.{u_2} E] [InnerProductSpace.{0, u_2} ℝ E] (g : ι → E) (c : ℝ) :
  Eq.{u_2 + 1} (Entry005.finiteZonotope.{u_1, u_2} fun i => HSMul.hSMul.{0, u_2, u_2} c (g i))
    (HSMul.hSMul.{0, u_2, u_2} c (Entry005.finiteZonotope.{u_1, u_2} g))
'Entry005.finite_zonotope_scaled_generators' depends on axioms: [propext, Classical.choice.{u}, Quot.sound.{u}]
Entry005.finite_zonotope_subset_generator_span.{u_1, u_3} {E : Type u_1} [NormedAddCommGroup.{u_1} E]
  [InnerProductSpace.{0, u_1} ℝ E] {ι : Type u_3} [Fintype.{u_3} ι] (g : ι → E) :
  Entry005.finiteZonotope.{u_3, u_1} g ⊆ ↑(Submodule.span.{0, u_1} ℝ (Set.range.{u_1, u_3 + 1} g))
'Entry005.finite_zonotope_subset_generator_span' depends on axioms: [propext, Classical.choice.{u}, Quot.sound.{u}]
Entry005.finite_zonotope_support_attained.{u_1, u_2} {ι : Type u_1} {E : Type u_2} [Fintype.{u_1} ι]
  [NormedAddCommGroup.{u_2} E] [InnerProductSpace.{0, u_2} ℝ E] (g : ι → E) (u : E) :
  ∃ x,
    Membership.mem.{u_2, u_2} (Entry005.finiteZonotope.{u_1, u_2} g) x ∧
      Eq.{1} (inner.{0, u_2} ℝ u x) (∑ i, abs.{0} (inner.{0, u_2} ℝ u (g i)))
'Entry005.finite_zonotope_support_attained' depends on axioms: [propext, Classical.choice.{u}, Quot.sound.{u}]
Entry005.finite_zonotope_support_bound.{u_1, u_2} {ι : Type u_1} {E : Type u_2} [Fintype.{u_1} ι]
  [NormedAddCommGroup.{u_2} E] [InnerProductSpace.{0, u_2} ℝ E] (g : ι → E) (u x : E)
  (hx : Membership.mem.{u_2, u_2} (Entry005.finiteZonotope.{u_1, u_2} g) x) :
  LE.le.{0} (inner.{0, u_2} ℝ u x) (∑ i, abs.{0} (inner.{0, u_2} ℝ u (g i)))
'Entry005.finite_zonotope_support_bound' depends on axioms: [propext, Classical.choice.{u}, Quot.sound.{u}]
Entry005.finite_zonotope_volume_cons.{u_1} {E : Type u_1} [NormedAddCommGroup.{u_1} E] [InnerProductSpace.{0, u_1} ℝ E]
  [FiniteDimensional.{0, u_1} ℝ E] [MeasurableSpace.{u_1} E] [BorelSpace.{u_1} E] {m : ℕ} (g : Fin m → E) (v : E) :
  Eq.{1} (MeasureTheory.volume.{u_1} (Entry005.finiteZonotope.{0, u_1} (Fin.cons.{u_1 + 1} v g)))
    (HAdd.hAdd.{0, 0, 0} (MeasureTheory.volume.{u_1} (Entry005.finiteZonotope.{0, u_1} g))
      (HMul.hMul.{0, 0, 0} (ENNReal.ofReal (HMul.hMul.{0, 0, 0} 2 (norm.{u_1} v)))
        (MeasureTheory.volume.{u_1}
          (Set.image.{u_1, u_1}
            (⇑(Submodule.orthogonalProjectionOnto.{0, u_1}
                (Submodule.orthogonal.{0, u_1} (Submodule.span.{0, u_1} ℝ (singleton.{u_1, u_1} v)))))
            (Entry005.finiteZonotope.{0, u_1} g)))))
'Entry005.finite_zonotope_volume_cons' depends on axioms: [propext, Classical.choice.{u}, Quot.sound.{u}]
Entry005.finite_zonotope_volume_cons_projected.{u_1} {E : Type u_1} [NormedAddCommGroup.{u_1} E]
  [InnerProductSpace.{0, u_1} ℝ E] [FiniteDimensional.{0, u_1} ℝ E] [MeasurableSpace.{u_1} E] [BorelSpace.{u_1} E]
  {m : ℕ} (g : Fin m → E) (v : E) :
  Eq.{1} (MeasureTheory.volume.{u_1} (Entry005.finiteZonotope.{0, u_1} (Fin.cons.{u_1 + 1} v g))).toReal
    (HAdd.hAdd.{0, 0, 0} (MeasureTheory.volume.{u_1} (Entry005.finiteZonotope.{0, u_1} g)).toReal
      (HMul.hMul.{0, 0, 0} (HMul.hMul.{0, 0, 0} 2 (norm.{u_1} v))
        (MeasureTheory.volume.{u_1}
            (Entry005.finiteZonotope.{0, u_1} fun i =>
              (Submodule.orthogonalProjectionOnto.{0, u_1}
                  (Submodule.orthogonal.{0, u_1} (Submodule.span.{0, u_1} ℝ (singleton.{u_1, u_1} v))))
                (g i))).toReal))
'Entry005.finite_zonotope_volume_cons_projected' depends on axioms: [propext, Classical.choice.{u}, Quot.sound.{u}]
Entry005.finite_zonotope_volume_cons_toReal.{u_1} {E : Type u_1} [NormedAddCommGroup.{u_1} E]
  [InnerProductSpace.{0, u_1} ℝ E] [FiniteDimensional.{0, u_1} ℝ E] [MeasurableSpace.{u_1} E] [BorelSpace.{u_1} E]
  {m : ℕ} (g : Fin m → E) (v : E) :
  Eq.{1} (MeasureTheory.volume.{u_1} (Entry005.finiteZonotope.{0, u_1} (Fin.cons.{u_1 + 1} v g))).toReal
    (HAdd.hAdd.{0, 0, 0} (MeasureTheory.volume.{u_1} (Entry005.finiteZonotope.{0, u_1} g)).toReal
      (HMul.hMul.{0, 0, 0} (HMul.hMul.{0, 0, 0} 2 (norm.{u_1} v))
        (MeasureTheory.volume.{u_1}
            (Set.image.{u_1, u_1}
              (⇑(Submodule.orthogonalProjectionOnto.{0, u_1}
                  (Submodule.orthogonal.{0, u_1} (Submodule.span.{0, u_1} ℝ (singleton.{u_1, u_1} v)))))
              (Entry005.finiteZonotope.{0, u_1} g))).toReal))
'Entry005.finite_zonotope_volume_cons_toReal' depends on axioms: [propext, Classical.choice.{u}, Quot.sound.{u}]
Entry005.finite_zonotope_volume_determinant_sum.{u} {E : Type u} [NormedAddCommGroup.{u} E]
  [InnerProductSpace.{0, u} ℝ E] [FiniteDimensional.{0, u} ℝ E] [MeasurableSpace.{u} E] [BorelSpace.{u} E] {d m : ℕ}
  (b : OrthonormalBasis.{0, 0, u} (Fin d) ℝ E) (g : Fin m → E) :
  Eq.{1} (MeasureTheory.volume.{u} (Entry005.finiteZonotope.{0, u} g)).toReal
    (HMul.hMul.{0, 0, 0} (Entry005.zonotopeCoefficient d) (Entry005.zonotopeDeterminantSum.{u} b g))
'Entry005.finite_zonotope_volume_determinant_sum' depends on axioms: [propext, Classical.choice.{u}, Quot.sound.{u}]
Entry005.finite_zonotope_volume_horizontal_tuple_sum.{u_1} {ι : Type u_1} [Fintype.{u_1} ι] {d : ℕ}
  (v : ι → Fin d → ℝ) :
  Eq.{1} (MeasureTheory.volume.{0} (Entry005.finiteZonotope.{u_1, 0} fun i => WithLp.toLp.{0} 2 (v i))).toReal
    (HMul.hMul.{0, 0, 0} (HDiv.hDiv.{0, 0, 0} (HPow.hPow.{0, 0, 0} 2 d) ↑d.factorial)
      (∑ b, abs.{0} (Entry005.horizontalDeterminant fun j => v (b j))))
'Entry005.finite_zonotope_volume_horizontal_tuple_sum' depends on axioms: [propext,
 Classical.choice.{u},
 Quot.sound.{u}]
Entry005.finite_zonotope_volume_isometry.{u_1, u_2, u_3} {E : Type u_1} {F : Type u_2} [NormedAddCommGroup.{u_1} E]
  [InnerProductSpace.{0, u_1} ℝ E] [FiniteDimensional.{0, u_1} ℝ E] [MeasurableSpace.{u_1} E] [BorelSpace.{u_1} E]
  [NormedAddCommGroup.{u_2} F] [InnerProductSpace.{0, u_2} ℝ F] [FiniteDimensional.{0, u_2} ℝ F]
  [MeasurableSpace.{u_2} F] [BorelSpace.{u_2} F] {ι : Type u_3} [Fintype.{u_3} ι] (g : ι → E)
  (f : LinearIsometryEquiv.{0, 0, u_1, u_2} (RingHom.id.{0} ℝ) E F) :
  Eq.{1} (MeasureTheory.volume.{u_1} (Entry005.finiteZonotope.{u_3, u_1} g))
    (MeasureTheory.volume.{u_2} (Entry005.finiteZonotope.{u_3, u_2} fun i => f (g i)))
'Entry005.finite_zonotope_volume_isometry' depends on axioms: [propext, Classical.choice.{u}, Quot.sound.{u}]
Entry005.finite_zonotope_volume_matrix {d m : ℕ} (g : Fin m → EuclideanSpace.{0, 0} ℝ (Fin d)) :
  Eq.{1} (MeasureTheory.volume.{0} (Entry005.finiteZonotope.{0, 0} g)).toReal
    (HMul.hMul.{0, 0, 0} (HDiv.hDiv.{0, 0, 0} (HPow.hPow.{0, 0, 0} 2 d) ↑d.factorial)
      (∑ σ, abs.{0} (Matrix.det.{0, 0} fun i j => WithLp.ofLp.{0} (g (σ j)) i)))
'Entry005.finite_zonotope_volume_matrix' depends on axioms: [propext, Classical.choice.{u}, Quot.sound.{u}]
Entry005.finite_zonotope_volume_matrix_fintype.{u_1} {ι : Type u_1} [Fintype.{u_1} ι] {d : ℕ}
  (g : ι → EuclideanSpace.{0, 0} ℝ (Fin d)) :
  Eq.{1} (MeasureTheory.volume.{0} (Entry005.finiteZonotope.{u_1, 0} g)).toReal
    (HMul.hMul.{0, 0, 0} (HDiv.hDiv.{0, 0, 0} (HPow.hPow.{0, 0, 0} 2 d) ↑d.factorial)
      (∑ σ, abs.{0} (Matrix.det.{0, 0} fun i j => WithLp.ofLp.{0} (g (σ j)) i)))
'Entry005.finite_zonotope_volume_matrix_fintype' depends on axioms: [propext, Classical.choice.{u}, Quot.sound.{u}]
Entry005.finite_zonotope_volume_no_generators.{u_1} {E : Type u_1} [NormedAddCommGroup.{u_1} E]
  [InnerProductSpace.{0, u_1} ℝ E] [FiniteDimensional.{0, u_1} ℝ E] [MeasurableSpace.{u_1} E] [BorelSpace.{u_1} E]
  {d : ℕ} (b : OrthonormalBasis.{0, 0, u_1} (Fin (HAdd.hAdd.{0, 0, 0} d 1)) ℝ E) (g : Fin 0 → E) :
  Eq.{1} (MeasureTheory.volume.{u_1} (Entry005.finiteZonotope.{0, u_1} g)).toReal
    (HMul.hMul.{0, 0, 0} (Entry005.zonotopeCoefficient (HAdd.hAdd.{0, 0, 0} d 1))
      (Entry005.zonotopeDeterminantSum.{u_1} b g))
'Entry005.finite_zonotope_volume_no_generators' depends on axioms: [propext, Classical.choice.{u}, Quot.sound.{u}]
Entry005.finite_zonotope_volume_zero_dimensional.{u_1} {E : Type u_1} [NormedAddCommGroup.{u_1} E]
  [InnerProductSpace.{0, u_1} ℝ E] [FiniteDimensional.{0, u_1} ℝ E] [MeasurableSpace.{u_1} E] [BorelSpace.{u_1} E]
  {m : ℕ} (b : OrthonormalBasis.{0, 0, u_1} (Fin 0) ℝ E) (g : Fin m → E) :
  Eq.{1} (MeasureTheory.volume.{u_1} (Entry005.finiteZonotope.{0, u_1} g)).toReal
    (HMul.hMul.{0, 0, 0} (Entry005.zonotopeCoefficient 0) (Entry005.zonotopeDeterminantSum.{u_1} b g))
'Entry005.finite_zonotope_volume_zero_dimensional' depends on axioms: [propext, Classical.choice.{u}, Quot.sound.{u}]
Entry005.finite_zonotope_volume_zero_of_card_lt.{u_1, u_3} {E : Type u_1} [NormedAddCommGroup.{u_1} E]
  [InnerProductSpace.{0, u_1} ℝ E] [FiniteDimensional.{0, u_1} ℝ E] [MeasurableSpace.{u_1} E] [BorelSpace.{u_1} E]
  {ι : Type u_3} [Fintype.{u_3} ι] (g : ι → E)
  (hcard : LT.lt.{0} (Fintype.card.{u_3} ι) (Module.finrank.{0, u_1} ℝ E)) :
  Eq.{1} (MeasureTheory.volume.{u_1} (Entry005.finiteZonotope.{u_3, u_1} g)) 0
'Entry005.finite_zonotope_volume_zero_of_card_lt' depends on axioms: [propext, Classical.choice.{u}, Quot.sound.{u}]
Entry005.finrank_lifted_space.{u_1} {E : Type u_1} [NormedAddCommGroup.{u_1} E] [InnerProductSpace.{0, u_1} ℝ E]
  [FiniteDimensional.{0, u_1} ℝ E] :
  Eq.{1} (Module.finrank.{0, u_1} ℝ (WithLp.{u_1} 2 (Prod.{u_1, 0} E ℝ)))
    (HAdd.hAdd.{0, 0, 0} (Module.finrank.{0, u_1} ℝ E) 1)
'Entry005.finrank_lifted_space' depends on axioms: [propext, Classical.choice.{u}, Quot.sound.{u}]
Entry005.fintype_determinant_tuple_sum_eq_injection_sum.{u_1} {ι : Type u_1} [Fintype.{u_1} ι] {d : ℕ}
  (v : ι → Fin d → ℝ) :
  Eq.{1} (∑ σ, abs.{0} (Matrix.det.{0, 0} (Matrix.of.{0, 0, 0} fun i j => v (σ j) i)))
    (∑ σ, abs.{0} (Matrix.det.{0, 0} (Matrix.of.{0, 0, 0} fun i j => v (σ j) i)))
'Entry005.fintype_determinant_tuple_sum_eq_injection_sum' depends on axioms: [propext,
 Classical.choice.{u},
 Quot.sound.{u}]
Entry005.fintype_weighted_determinant_tuple_sum_eq_injection_sum.{u_1} {ι : Type u_1} [Fintype.{u_1} ι] {d : ℕ}
  (v : ι → Fin d → ℝ) (weight : (Fin d → ι) → ℝ) :
  Eq.{1} (∑ σ, HMul.hMul.{0, 0, 0} (weight σ) (abs.{0} (Matrix.det.{0, 0} (Matrix.of.{0, 0, 0} fun i j => v (σ j) i))))
    (∑ σ, HMul.hMul.{0, 0, 0} (weight ⇑σ) (abs.{0} (Matrix.det.{0, 0} (Matrix.of.{0, 0, 0} fun i j => v (σ j) i))))
'Entry005.fintype_weighted_determinant_tuple_sum_eq_injection_sum' depends on axioms: [propext,
 Classical.choice.{u},
 Quot.sound.{u}]
Entry005.first_replacement_witness {d : ℕ} (w : Fin (HAdd.hAdd.{0, 0, 0} d 1) → Fin d → ℝ)
  (hdet : Ne.{1} (Matrix.det.{0, 0} (Entry005.anchorMatrix w)) 0) (x : Fin d → ℝ) (i : Fin (HAdd.hAdd.{0, 0, 0} d 1)) :
  Eq.{1}
    (Entry005.oppositeWitness (Matrix.det.{0, 0} (Entry005.anchorMatrix w)) (Entry005.replacementDeterminant w x i))
    (HMul.hMul.{0, 0, 0} (abs.{0} (Matrix.det.{0, 0} (Entry005.anchorMatrix w)))
      (min.{0} 1 (max.{0} (Neg.neg.{0} (Entry005.anchorCoordinates w x i)) 0)))
'Entry005.first_replacement_witness' depends on axioms: [propext, Classical.choice.{u}, Quot.sound.{u}]
Entry005.full_simplex_centered_dilation_coordinate_iff {d : ℕ} (S : Affine.Simplex.{0, 0, 0} ℝ (Entry005.Space d) d)
  (ε : ℝ) (hε : LE.le.{0} 0 ε) (x : Entry005.Space d) :
  Membership.mem.{0, 0} (Entry005.centeredDilation S ε) x ↔
    ∀ (j : Fin (HAdd.hAdd.{0, 0, 0} d 1)),
      LE.le.{0} (HDiv.hDiv.{0, 0, 0} (Neg.neg.{0} ε) (HAdd.hAdd.{0, 0, 0} (↑d) 1))
        ((AffineBasis.coord.{0, 0, 0, 0} (Entry005.truncationFullBasis S) j) x)
'Entry005.full_simplex_centered_dilation_coordinate_iff' depends on axioms: [propext,
 Classical.choice.{u},
 Quot.sound.{u}]
Entry005.full_simplex_centroid_coordinate {d : ℕ} (S : Affine.Simplex.{0, 0, 0} ℝ (Entry005.Space d) d)
  (j : Fin (HAdd.hAdd.{0, 0, 0} d 1)) :
  Eq.{1} ((AffineBasis.coord.{0, 0, 0, 0} (Entry005.truncationFullBasis S) j) (Affine.Simplex.centroid.{0, 0, 0} S))
    (HDiv.hDiv.{0, 0, 0} 1 (HAdd.hAdd.{0, 0, 0} (↑d) 1))
'Entry005.full_simplex_centroid_coordinate' depends on axioms: [propext, Classical.choice.{u}, Quot.sound.{u}]
Entry005.gSharp_pos {d : ℕ} (hd : LE.le.{0} 2 d) : LT.lt.{0} 0 (Entry005.gSharp d)
'Entry005.gSharp_pos' depends on axioms: [propext, Classical.choice.{u}, Quot.sound.{u}]
Entry005.geometricSupport_le_iff.{u_1} {E : Type u_1} [NormedAddCommGroup.{u_1} E] [InnerProductSpace.{0, u_1} ℝ E]
  (K : ConvexBody.{u_1} E) (n : E) (a : ℝ) :
  LE.le.{0} (Entry005.geometricSupport.{u_1} K n) a ↔
    ∀ (x : E), Membership.mem.{u_1, u_1} K x → LE.le.{0} (inner.{0, u_1} ℝ n x) a
'Entry005.geometricSupport_le_iff' depends on axioms: [propext, Classical.choice.{u}, Quot.sound.{u}]
Entry005.geometricSupport_le_of_hausdorff.{u_1} {E : Type u_1} [NormedAddCommGroup.{u_1} E]
  [InnerProductSpace.{0, u_1} ℝ E] (K P : ConvexBody.{u_1} E) (s : ℝ)
  (hhaus : LE.le.{0} (Metric.hausdorffDist.{u_1} ↑K ↑P) s) (n : E) :
  LE.le.{0} (Entry005.geometricSupport.{u_1} P n)
    (HAdd.hAdd.{0, 0, 0} (Entry005.geometricSupport.{u_1} K n) (HMul.hMul.{0, 0, 0} (norm.{u_1} n) s))
'Entry005.geometricSupport_le_of_hausdorff' depends on axioms: [propext, Classical.choice.{u}, Quot.sound.{u}]
Entry005.halfspace_approximation_atom_polar_boundary {d : ℕ} (K : Set.{0} (Entry005.Space d)) (hc : IsCompact.{0} K)
  (hconv : Convex.{0, 0} ℝ K) (hb : Metric.closedBall.{0} 0 1 ⊆ K) (m : ℕ)
  (i : ↥(Entry005.halfspaceApproximationNormals.{0} K hc hconv hb m)) :
  Membership.mem.{0, 0} (Entry005.actualPolarBoundaryRaw K)
    (Entry005.finiteConePoint.{0} (fun u j => WithLp.ofLp.{0} (↑u) j) (fun u => Entry005.compactSupportHeight.{0} K ↑u)
      i)
'Entry005.halfspace_approximation_atom_polar_boundary' depends on axioms: [propext,
 Classical.choice.{u},
 Quot.sound.{u}]
Entry005.halfspace_approximation_body_compact.{u_1} {E : Type u_1} [NormedAddCommGroup.{u_1} E]
  [InnerProductSpace.{0, u_1} ℝ E] [FiniteDimensional.{0, u_1} ℝ E] (K : Set.{u_1} E) (hc : IsCompact.{u_1} K)
  (hconv : Convex.{0, u_1} ℝ K) (hb : Metric.closedBall.{u_1} 0 1 ⊆ K) (m : ℕ) :
  IsCompact.{u_1} (Entry005.halfspaceApproximationBody.{u_1} K hc hconv hb m)
'Entry005.halfspace_approximation_body_compact' depends on axioms: [propext, Classical.choice.{u}, Quot.sound.{u}]
Entry005.halfspace_approximation_body_contains_unit_ball.{u_1} {E : Type u_1} [NormedAddCommGroup.{u_1} E]
  [InnerProductSpace.{0, u_1} ℝ E] [FiniteDimensional.{0, u_1} ℝ E] (K : Set.{u_1} E) (hc : IsCompact.{u_1} K)
  (hconv : Convex.{0, u_1} ℝ K) (hb : Metric.closedBall.{u_1} 0 1 ⊆ K) (m : ℕ) :
  Metric.closedBall.{u_1} 0 1 ⊆ Entry005.halfspaceApproximationBody.{u_1} K hc hconv hb m
'Entry005.halfspace_approximation_body_contains_unit_ball' depends on axioms: [propext,
 Classical.choice.{u},
 Quot.sound.{u}]
Entry005.halfspace_approximation_body_subset_dilation.{u_1} {E : Type u_1} [NormedAddCommGroup.{u_1} E]
  [InnerProductSpace.{0, u_1} ℝ E] [FiniteDimensional.{0, u_1} ℝ E] (K : Set.{u_1} E) (hc : IsCompact.{u_1} K)
  (hconv : Convex.{0, u_1} ℝ K) (hb : Metric.closedBall.{u_1} 0 1 ⊆ K) (m : ℕ) :
  Entry005.halfspaceApproximationBody.{u_1} K hc hconv hb m ⊆
    HSMul.hSMul.{0, u_1, u_1} (HAdd.hAdd.{0, 0, 0} 1 (Entry005.halfspaceApproximationTolerance m)) K
'Entry005.halfspace_approximation_body_subset_dilation' depends on axioms: [propext,
 Classical.choice.{u},
 Quot.sound.{u}]
Entry005.halfspace_approximation_compact_law_ae_polar_boundary {d : ℕ} [Nontrivial.{0} (Entry005.Space d)]
  (K : Set.{0} (Entry005.Space d)) (hc : IsCompact.{0} K) (hconv : Convex.{0, 0} ℝ K)
  (hb : Metric.closedBall.{0} 0 1 ⊆ K) (m : ℕ) :
  ∀ᵐ (z :
    Entry005.CompactConeBall
      d) ∂↑(Entry005.compactBallLaw (Entry005.halfspaceApproximationProbability K hc hconv hb m)),
    Membership.mem.{0, 0} (Entry005.actualPolarBoundaryCompact K) z
'Entry005.halfspace_approximation_compact_law_ae_polar_boundary' depends on axioms: [propext,
 Classical.choice.{u},
 Quot.sound.{u}]
Entry005.halfspace_approximation_entryA_tendsto {d : ℕ} [Nontrivial.{0} (Entry005.Space d)]
  (K : Set.{0} (Entry005.Space d)) (hc : IsCompact.{0} K) (hconv : Convex.{0, 0} ℝ K)
  (hb : Metric.closedBall.{0} 0 1 ⊆ K) :
  Filter.Tendsto.{0, 0} (fun m => Entry005.entryA.{0} (Entry005.halfspaceApproximationBody.{0} K hc hconv hb m))
    Filter.atTop.{0} (nhds.{0} (Entry005.entryA.{0} K))
'Entry005.halfspace_approximation_entryA_tendsto' depends on axioms: [propext, Classical.choice.{u}, Quot.sound.{u}]
Entry005.halfspace_approximation_heights_pos.{u_1} {E : Type u_1} [NormedAddCommGroup.{u_1} E]
  [InnerProductSpace.{0, u_1} ℝ E] [FiniteDimensional.{0, u_1} ℝ E] (K : Set.{u_1} E) (hc : IsCompact.{u_1} K)
  (hconv : Convex.{0, u_1} ℝ K) (hb : Metric.closedBall.{u_1} 0 1 ⊆ K) (m : ℕ)
  (u : ↥(Entry005.halfspaceApproximationNormals.{u_1} K hc hconv hb m)) :
  LT.lt.{0} 0 (Entry005.compactSupportHeight.{u_1} K ↑u)
'Entry005.halfspace_approximation_heights_pos' depends on axioms: [propext, Classical.choice.{u}, Quot.sound.{u}]
Entry005.halfspace_approximation_horizontal_first_moment {d : ℕ} [Nontrivial.{0} (Entry005.Space d)]
  (K : Set.{0} (Entry005.Space d)) (hc : IsCompact.{0} K) (hconv : Convex.{0, 0} ℝ K)
  (hb : Metric.closedBall.{0} 0 1 ⊆ K) (m : ℕ) :
  Eq.{1}
    (∫ (base : Fin d → Fin d → ℝ),
      abs.{0}
        (Entry005.horizontalDeterminant
          base) ∂Entry005.iidLaw.{0} (Entry005.halfspaceApproximationLaw K hc hconv hb m) d)
    (HMul.hMul.{0, 0, 0}
      (HDiv.hDiv.{0, 0, 0} (↑d.factorial)
        (HPow.hPow.{0, 0, 0}
          (HMul.hMul.{0, 0, 0} (↑d)
            (MeasureTheory.volume.{0} (Entry005.halfspaceApproximationBody.{0} K hc hconv hb m)).toReal)
          d))
      (MeasureTheory.volume.{0}
          (Entry005.projectionBodySet.{0} (Entry005.halfspaceApproximationBody.{0} K hc hconv hb m))).toReal)
'Entry005.halfspace_approximation_horizontal_first_moment' depends on axioms: [propext,
 Classical.choice.{u},
 Quot.sound.{u}]
Entry005.halfspace_approximation_iid_moments_tendsto {d : ℕ} [Nontrivial.{0} (Entry005.Space d)]
  (K : Set.{0} (Entry005.Space d)) (hc : IsCompact.{0} K) (hconv : Convex.{0, 0} ℝ K)
  (hb : Metric.closedBall.{0} 0 1 ⊆ K) (μ : MeasureTheory.ProbabilityMeasure.{0} (Entry005.CompactConeBall d))
  (φ : ℕ → ℕ)
  (hlim :
    Filter.Tendsto.{0, 0}
      (fun k => Entry005.compactBallLaw (Entry005.halfspaceApproximationProbability K hc hconv hb (φ k)))
      Filter.atTop.{0} (nhds.{0} μ)) :
  Filter.Tendsto.{0, 0}
      (fun k =>
        ∫ (w : Fin d → Fin d → ℝ),
          abs.{0}
            (Entry005.horizontalDeterminant
              w) ∂Entry005.iidLaw.{0} (Entry005.halfspaceApproximationLaw K hc hconv hb (φ k)) d)
      Filter.atTop.{0}
      (nhds.{0}
        (∫ (w : Fin d → Fin d → ℝ),
          abs.{0} (Entry005.horizontalDeterminant w) ∂Entry005.iidLaw.{0} (↑(Entry005.compactBallRawLaw μ)) d)) ∧
    Filter.Tendsto.{0, 0}
      (fun k =>
        ∫ (w : Fin (HAdd.hAdd.{0, 0, 0} d 1) → Fin d → ℝ),
          abs.{0}
            (Entry005.liftedDeterminant (fun j => w j.succ)
              (w
                0)) ∂Entry005.iidLaw.{0} (Entry005.halfspaceApproximationLaw K hc hconv hb (φ k))
            (HAdd.hAdd.{0, 0, 0} d 1))
      Filter.atTop.{0}
      (nhds.{0}
        (∫ (w : Fin (HAdd.hAdd.{0, 0, 0} d 1) → Fin d → ℝ),
          abs.{0}
            (Entry005.liftedDeterminant (fun j => w j.succ)
              (w 0)) ∂Entry005.iidLaw.{0} (↑(Entry005.compactBallRawLaw μ)) (HAdd.hAdd.{0, 0, 0} d 1)))
'Entry005.halfspace_approximation_iid_moments_tendsto' depends on axioms: [propext,
 Classical.choice.{u},
 Quot.sound.{u}]
Entry005.halfspace_approximation_law_ae_polar_boundary {d : ℕ} (K : Set.{0} (Entry005.Space d)) (hc : IsCompact.{0} K)
  (hconv : Convex.{0, 0} ℝ K) (hb : Metric.closedBall.{0} 0 1 ⊆ K) (m : ℕ) :
  ∀ᵐ (x : Fin d → ℝ) ∂Entry005.halfspaceApproximationLaw K hc hconv hb m,
    Membership.mem.{0, 0} (Entry005.actualPolarBoundaryRaw K) x
'Entry005.halfspace_approximation_law_ae_polar_boundary' depends on axioms: [propext,
 Classical.choice.{u},
 Quot.sound.{u}]
Entry005.halfspace_approximation_law_ae_unit_ball {d : ℕ} (K : Set.{0} (Entry005.Space d)) (hc : IsCompact.{0} K)
  (hconv : Convex.{0, 0} ℝ K) (hb : Metric.closedBall.{0} 0 1 ⊆ K) (m : ℕ) :
  ∀ᵐ (x : Fin d → ℝ) ∂Entry005.halfspaceApproximationLaw K hc hconv hb m, LE.le.{0} (norm.{0} (WithLp.toLp.{0} 2 x)) 1
'Entry005.halfspace_approximation_law_ae_unit_ball' depends on axioms: [propext, Classical.choice.{u}, Quot.sound.{u}]
Entry005.halfspace_approximation_law_centered {d : ℕ} [Nontrivial.{0} (Entry005.Space d)]
  (K : Set.{0} (Entry005.Space d)) (hc : IsCompact.{0} K) (hconv : Convex.{0, 0} ℝ K)
  (hb : Metric.closedBall.{0} 0 1 ⊆ K) (m : ℕ) (j : Fin d) :
  Eq.{1} (∫ (x : Fin d → ℝ), x j ∂Entry005.halfspaceApproximationLaw K hc hconv hb m) 0
'Entry005.halfspace_approximation_law_centered' depends on axioms: [propext, Classical.choice.{u}, Quot.sound.{u}]
Entry005.halfspace_approximation_law_negative_brightness {d : ℕ} [Nontrivial.{0} (Entry005.Space d)]
  (K : Set.{0} (Entry005.Space d)) (hc : IsCompact.{0} K) (hconv : Convex.{0, 0} ℝ K)
  (hb : Metric.closedBall.{0} 0 1 ⊆ K) (m : ℕ) (u : Entry005.Space d) (hu : Eq.{1} (norm.{0} u) 1) :
  Eq.{1}
    (Entry005.negativeIntegral.{0} (Entry005.halfspaceApproximationLaw K hc hconv hb m) fun x =>
      dotProduct.{0, 0} (fun j => WithLp.ofLp.{0} u j) x)
    (HDiv.hDiv.{0, 0, 0} (Entry005.projectionVolumeSet.{0} (Entry005.halfspaceApproximationBody.{0} K hc hconv hb m) u)
      (HMul.hMul.{0, 0, 0} (↑(Module.finrank.{0, 0} ℝ (Entry005.Space d)))
        (MeasureTheory.volume.{0} (Entry005.halfspaceApproximationBody.{0} K hc hconv hb m)).toReal))
'Entry005.halfspace_approximation_law_negative_brightness' depends on axioms: [propext,
 Classical.choice.{u},
 Quot.sound.{u}]
Entry005.halfspace_approximation_law_negative_tendsto {d : ℕ} [Nontrivial.{0} (Entry005.Space d)]
  (K : Set.{0} (Entry005.Space d)) (hc : IsCompact.{0} K) (hconv : Convex.{0, 0} ℝ K)
  (hb : Metric.closedBall.{0} 0 1 ⊆ K) (u : Entry005.Space d) (hu : Eq.{1} (norm.{0} u) 1) :
  Filter.Tendsto.{0, 0}
    (fun m =>
      Entry005.negativeIntegral.{0} (Entry005.halfspaceApproximationLaw K hc hconv hb m) fun x =>
        dotProduct.{0, 0} (fun j => WithLp.ofLp.{0} u j) x)
    Filter.atTop.{0}
    (nhds.{0}
      (HDiv.hDiv.{0, 0, 0} (Entry005.projectionVolumeSet.{0} K u)
        (HMul.hMul.{0, 0, 0} (↑(Module.finrank.{0, 0} ℝ (Entry005.Space d))) (MeasureTheory.volume.{0} K).toReal)))
'Entry005.halfspace_approximation_law_negative_tendsto' depends on axioms: [propext,
 Classical.choice.{u},
 Quot.sound.{u}]
Entry005.halfspace_approximation_law_probability {d : ℕ} [Nontrivial.{0} (Entry005.Space d)]
  (K : Set.{0} (Entry005.Space d)) (hc : IsCompact.{0} K) (hconv : Convex.{0, 0} ℝ K)
  (hb : Metric.closedBall.{0} 0 1 ⊆ K) (m : ℕ) :
  MeasureTheory.IsProbabilityMeasure.{0} (Entry005.halfspaceApproximationLaw K hc hconv hb m)
'Entry005.halfspace_approximation_law_probability' depends on axioms: [propext, Classical.choice.{u}, Quot.sound.{u}]
Entry005.halfspace_approximation_law_support_unit_ball {d : ℕ} (K : Set.{0} (Entry005.Space d)) (hc : IsCompact.{0} K)
  (hconv : Convex.{0, 0} ℝ K) (hb : Metric.closedBall.{0} 0 1 ⊆ K) (m : ℕ) (x : Fin d → ℝ) :
  Membership.mem.{0, 0} (MeasureTheory.Measure.support.{0} (Entry005.halfspaceApproximationLaw K hc hconv hb m)) x →
    LE.le.{0} (norm.{0} (WithLp.toLp.{0} 2 x)) 1
'Entry005.halfspace_approximation_law_support_unit_ball' depends on axioms: [propext,
 Classical.choice.{u},
 Quot.sound.{u}]
Entry005.halfspace_approximation_normals_injective.{u_1} {E : Type u_1} [NormedAddCommGroup.{u_1} E]
  [InnerProductSpace.{0, u_1} ℝ E] [FiniteDimensional.{0, u_1} ℝ E] (K : Set.{u_1} E) (hc : IsCompact.{u_1} K)
  (hconv : Convex.{0, u_1} ℝ K) (hb : Metric.closedBall.{u_1} 0 1 ⊆ K) (m : ℕ) :
  Function.Injective.{u_1 + 1, u_1 + 1} fun u => ↑u
'Entry005.halfspace_approximation_normals_injective' depends on axioms: [propext, Classical.choice.{u}, Quot.sound.{u}]
Entry005.halfspace_approximation_normals_unit.{u_1} {E : Type u_1} [NormedAddCommGroup.{u_1} E]
  [InnerProductSpace.{0, u_1} ℝ E] [FiniteDimensional.{0, u_1} ℝ E] (K : Set.{u_1} E) (hc : IsCompact.{u_1} K)
  (hconv : Convex.{0, u_1} ℝ K) (hb : Metric.closedBall.{u_1} 0 1 ⊆ K) (m : ℕ)
  (u : ↥(Entry005.halfspaceApproximationNormals.{u_1} K hc hconv hb m)) : Eq.{1} (norm.{u_1} ↑u) 1
'Entry005.halfspace_approximation_normals_unit' depends on axioms: [propext, Classical.choice.{u}, Quot.sound.{u}]
Entry005.halfspace_approximation_projection_body_volume_tendsto {d : ℕ} [Nontrivial.{0} (Entry005.Space d)]
  (K : Set.{0} (Entry005.Space d)) (hc : IsCompact.{0} K) (hconv : Convex.{0, 0} ℝ K)
  (hb : Metric.closedBall.{0} 0 1 ⊆ K) :
  Filter.Tendsto.{0, 0}
    (fun m =>
      (MeasureTheory.volume.{0}
          (Entry005.projectionBodySet.{0} (Entry005.halfspaceApproximationBody.{0} K hc hconv hb m))).toReal)
    Filter.atTop.{0} (nhds.{0} (MeasureTheory.volume.{0} (Entry005.projectionBodySet.{0} K)).toReal)
'Entry005.halfspace_approximation_projection_body_volume_tendsto' depends on axioms: [propext,
 Classical.choice.{u},
 Quot.sound.{u}]
Entry005.halfspace_approximation_projection_ratio_tendsto {d : ℕ} [Nontrivial.{0} (Entry005.Space d)]
  (K : Set.{0} (Entry005.Space d)) (hc : IsCompact.{0} K) (hconv : Convex.{0, 0} ℝ K)
  (hb : Metric.closedBall.{0} 0 1 ⊆ K) :
  Filter.Tendsto.{0, 0}
    (fun m => Entry005.projectionRatio.{0} (Entry005.halfspaceApproximationBody.{0} K hc hconv hb m)) Filter.atTop.{0}
    (nhds.{0} (Entry005.projectionRatio.{0} K))
'Entry005.halfspace_approximation_projection_ratio_tendsto' depends on axioms: [propext,
 Classical.choice.{u},
 Quot.sound.{u}]
Entry005.halfspace_approximation_projection_volume_tendsto.{u_1} {E : Type u_1} [NormedAddCommGroup.{u_1} E]
  [InnerProductSpace.{0, u_1} ℝ E] [FiniteDimensional.{0, u_1} ℝ E] [MeasurableSpace.{u_1} E] [BorelSpace.{u_1} E]
  (K : Set.{u_1} E) (hc : IsCompact.{u_1} K) (hconv : Convex.{0, u_1} ℝ K) (hb : Metric.closedBall.{u_1} 0 1 ⊆ K)
  (u : E) (hu : Eq.{1} (norm.{u_1} u) 1) :
  Filter.Tendsto.{0, 0}
    (fun m => Entry005.projectionVolumeSet.{u_1} (Entry005.halfspaceApproximationBody.{u_1} K hc hconv hb m) u)
    Filter.atTop.{0} (nhds.{0} (Entry005.projectionVolumeSet.{u_1} K u))
'Entry005.halfspace_approximation_projection_volume_tendsto' depends on axioms: [propext,
 Classical.choice.{u},
 Quot.sound.{u}]
Entry005.halfspace_approximation_spec.{u_1} {E : Type u_1} [NormedAddCommGroup.{u_1} E] [InnerProductSpace.{0, u_1} ℝ E]
  [FiniteDimensional.{0, u_1} ℝ E] (K : Set.{u_1} E) (hc : IsCompact.{u_1} K) (hconv : Convex.{0, u_1} ℝ K)
  (hb : Metric.closedBall.{u_1} 0 1 ⊆ K) (m : ℕ) :
  (∀ (u : ↥(Entry005.halfspaceApproximationNormals.{u_1} K hc hconv hb m)),
      Eq.{1} (norm.{u_1} ↑u) 1 ∧ LT.lt.{0} 0 (Entry005.compactSupportHeight.{u_1} K ↑u)) ∧
    (Function.Injective.{u_1 + 1, u_1 + 1} fun u => ↑u) ∧
      IsCompact.{u_1} (Entry005.halfspaceApproximationBody.{u_1} K hc hconv hb m) ∧
        K ⊆ Entry005.halfspaceApproximationBody.{u_1} K hc hconv hb m ∧
          Entry005.halfspaceApproximationBody.{u_1} K hc hconv hb m ⊆
            HSMul.hSMul.{0, u_1, u_1} (HAdd.hAdd.{0, 0, 0} 1 (Entry005.halfspaceApproximationTolerance m)) K
'Entry005.halfspace_approximation_spec' depends on axioms: [propext, Classical.choice.{u}, Quot.sound.{u}]
Entry005.halfspace_approximation_tolerance_pos (m : ℕ) : LT.lt.{0} 0 (Entry005.halfspaceApproximationTolerance m)
'Entry005.halfspace_approximation_tolerance_pos' depends on axioms: [propext, Classical.choice.{u}, Quot.sound.{u}]
Entry005.halfspace_approximation_tolerance_tendsto :
  Filter.Tendsto.{0, 0} Entry005.halfspaceApproximationTolerance Filter.atTop.{0} (nhds.{0} 0)
'Entry005.halfspace_approximation_tolerance_tendsto' depends on axioms: [propext, Classical.choice.{u}, Quot.sound.{u}]
Entry005.halfspace_approximation_volume_tendsto.{u_1} {E : Type u_1} [NormedAddCommGroup.{u_1} E]
  [InnerProductSpace.{0, u_1} ℝ E] [FiniteDimensional.{0, u_1} ℝ E] [MeasurableSpace.{u_1} E] [BorelSpace.{u_1} E]
  (K : Set.{u_1} E) (hc : IsCompact.{u_1} K) (hconv : Convex.{0, u_1} ℝ K) (hb : Metric.closedBall.{u_1} 0 1 ⊆ K) :
  Filter.Tendsto.{0, 0}
    (fun m => (MeasureTheory.volume.{u_1} (Entry005.halfspaceApproximationBody.{u_1} K hc hconv hb m)).toReal)
    Filter.atTop.{0} (nhds.{0} (MeasureTheory.volume.{u_1} K).toReal)
'Entry005.halfspace_approximation_volume_tendsto' depends on axioms: [propext, Classical.choice.{u}, Quot.sound.{u}]
Entry005.hausdorff_from_inner_radius_projection_deficit.{u_1} {E : Type u_1} [NormedAddCommGroup.{u_1} E]
  [InnerProductSpace.{0, u_1} ℝ E] [FiniteDimensional.{0, u_1} ℝ E] [MeasurableSpace.{u_1} E] [BorelSpace.{u_1} E]
  (hd : LE.le.{0} 2 (Module.finrank.{0, u_1} ℝ E)) (K P : ConvexBody.{u_1} E) (R η : ℝ) (hR : LE.le.{0} 0 R)
  (hη : LE.le.{0} 0 η) (hball : Metric.closedBall.{u_1} 0 1 ⊆ ↑K) (hKP : LE.le.{u_1} K P)
  (hKR : ↑K ⊆ Metric.closedBall.{u_1} 0 R)
  (hdef :
    ∀ (u : E),
      Eq.{1} (norm.{u_1} u) 1 →
        LE.le.{0}
          (HSub.hSub.{0, 0, 0}
            (Entry005.projectedVolume.{u_1}
                (Submodule.orthogonal.{0, u_1} (Submodule.span.{0, u_1} ℝ (singleton.{u_1, u_1} u))) P).toReal
            (Entry005.projectedVolume.{u_1}
                (Submodule.orthogonal.{0, u_1} (Submodule.span.{0, u_1} ℝ (singleton.{u_1, u_1} u))) K).toReal)
          η)
  (hsmall :
    LE.le.{0}
      (HMul.hMul.{0, 0, 0} (√↑(HSub.hSub.{0, 0, 0} (Module.finrank.{0, u_1} ℝ E) 1))
        (HPow.hPow.{0, 0, 0} η (HDiv.hDiv.{0, 0, 0} 1 ↑(HSub.hSub.{0, 0, 0} (Module.finrank.{0, u_1} ℝ E) 1))))
      (1 / 2)) :
  LE.le.{0} (Metric.hausdorffDist.{u_1} ↑K ↑P)
    (HMul.hMul.{0, 0, 0}
      (HMul.hMul.{0, 0, 0} (HMul.hMul.{0, 0, 0} 2 √↑(HSub.hSub.{0, 0, 0} (Module.finrank.{0, u_1} ℝ E) 1))
        (HAdd.hAdd.{0, 0, 0} R 1))
      (HPow.hPow.{0, 0, 0} η (HDiv.hDiv.{0, 0, 0} 1 ↑(HSub.hSub.{0, 0, 0} (Module.finrank.{0, u_1} ℝ E) 1))))
'Entry005.hausdorff_from_inner_radius_projection_deficit' depends on axioms: [propext,
 Classical.choice.{u},
 Quot.sound.{u}]
Entry005.hausdorff_from_projection_deficit.{u_1} {E : Type u_1} [NormedAddCommGroup.{u_1} E]
  [InnerProductSpace.{0, u_1} ℝ E] [FiniteDimensional.{0, u_1} ℝ E] [MeasurableSpace.{u_1} E] [BorelSpace.{u_1} E]
  (hd : LE.le.{0} 2 (Module.finrank.{0, u_1} ℝ E)) (K P : ConvexBody.{u_1} E) (M η : ℝ) (hM : LE.le.{0} 0 M)
  (hη : LE.le.{0} 0 η) (hball : Metric.closedBall.{u_1} 0 1 ⊆ ↑K) (hKP : LE.le.{u_1} K P)
  (hPM : ↑P ⊆ Metric.closedBall.{u_1} 0 M)
  (hdef :
    ∀ (u : E),
      Eq.{1} (norm.{u_1} u) 1 →
        LE.le.{0}
          (HSub.hSub.{0, 0, 0}
            (Entry005.projectedVolume.{u_1}
                (Submodule.orthogonal.{0, u_1} (Submodule.span.{0, u_1} ℝ (singleton.{u_1, u_1} u))) P).toReal
            (Entry005.projectedVolume.{u_1}
                (Submodule.orthogonal.{0, u_1} (Submodule.span.{0, u_1} ℝ (singleton.{u_1, u_1} u))) K).toReal)
          η) :
  LE.le.{0} (Metric.hausdorffDist.{u_1} ↑K ↑P)
    (HMul.hMul.{0, 0, 0}
      (HMul.hMul.{0, 0, 0} (↑(HSub.hSub.{0, 0, 0} (Module.finrank.{0, u_1} ℝ E) 1)) (HAdd.hAdd.{0, 0, 0} M 1))
      (HPow.hPow.{0, 0, 0} η (HDiv.hDiv.{0, 0, 0} 1 ↑(HSub.hSub.{0, 0, 0} (Module.finrank.{0, u_1} ℝ E) 1))))
'Entry005.hausdorff_from_projection_deficit' depends on axioms: [propext, Classical.choice.{u}, Quot.sound.{u}]
Entry005.hausdorff_from_projection_deficit_sqrt.{u_1} {E : Type u_1} [NormedAddCommGroup.{u_1} E]
  [InnerProductSpace.{0, u_1} ℝ E] [FiniteDimensional.{0, u_1} ℝ E] [MeasurableSpace.{u_1} E] [BorelSpace.{u_1} E]
  (hd : LE.le.{0} 2 (Module.finrank.{0, u_1} ℝ E)) (K P : ConvexBody.{u_1} E) (M η : ℝ) (hM : LE.le.{0} 0 M)
  (hη : LE.le.{0} 0 η) (hball : Metric.closedBall.{u_1} 0 1 ⊆ ↑K) (hKP : LE.le.{u_1} K P)
  (hPM : ↑P ⊆ Metric.closedBall.{u_1} 0 M)
  (hdef :
    ∀ (u : E),
      Eq.{1} (norm.{u_1} u) 1 →
        LE.le.{0}
          (HSub.hSub.{0, 0, 0}
            (Entry005.projectedVolume.{u_1}
                (Submodule.orthogonal.{0, u_1} (Submodule.span.{0, u_1} ℝ (singleton.{u_1, u_1} u))) P).toReal
            (Entry005.projectedVolume.{u_1}
                (Submodule.orthogonal.{0, u_1} (Submodule.span.{0, u_1} ℝ (singleton.{u_1, u_1} u))) K).toReal)
          η) :
  LE.le.{0} (Metric.hausdorffDist.{u_1} ↑K ↑P)
    (HMul.hMul.{0, 0, 0}
      (HMul.hMul.{0, 0, 0} (√↑(HSub.hSub.{0, 0, 0} (Module.finrank.{0, u_1} ℝ E) 1)) (HAdd.hAdd.{0, 0, 0} M 1))
      (HPow.hPow.{0, 0, 0} η (HDiv.hDiv.{0, 0, 0} 1 ↑(HSub.hSub.{0, 0, 0} (Module.finrank.{0, u_1} ℝ E) 1))))
'Entry005.hausdorff_from_projection_deficit_sqrt' depends on axioms: [propext, Classical.choice.{u}, Quot.sound.{u}]
Entry005.horizontal_iid_first_moment_map.{u_1} {Ω : Type u_1} [TopologicalSpace.{u_1} Ω] {d : ℕ}
  [MeasurableSpace.{u_1} Ω] [BorelSpace.{u_1} Ω] (x : ContinuousMap.{u_1, 0} Ω (Fin d → ℝ))
  (ν : MeasureTheory.ProbabilityMeasure.{u_1} Ω) :
  Eq.{1}
    (∫ (w : Fin d → Fin d → ℝ),
      abs.{0}
        (Entry005.horizontalDeterminant
          w) ∂Entry005.iidLaw.{0} (↑(MeasureTheory.ProbabilityMeasure.map.{u_1, 0} ν ⇑x)) d)
    (∫ (w : Fin d → Ω), abs.{0} (Entry005.horizontalDeterminant fun j => x (w j)) ∂Entry005.iidLaw.{u_1} (↑ν) d)
'Entry005.horizontal_iid_first_moment_map' depends on axioms: [propext, Classical.choice.{u}, Quot.sound.{u}]
Entry005.hyperplane_dimension.{u_1} {E : Type u_1} [NormedAddCommGroup.{u_1} E] [InnerProductSpace.{0, u_1} ℝ E]
  [FiniteDimensional.{0, u_1} ℝ E] (u : E) (hu : Eq.{1} (norm.{u_1} u) 1) :
  Eq.{1}
    (Module.finrank.{0, u_1} ℝ ↥(Submodule.orthogonal.{0, u_1} (Submodule.span.{0, u_1} ℝ (singleton.{u_1, u_1} u))))
    (HSub.hSub.{0, 0, 0} (Module.finrank.{0, u_1} ℝ E) 1)
'Entry005.hyperplane_dimension' depends on axioms: [propext, Classical.choice.{u}, Quot.sound.{u}]
Entry005.hyperplane_projection_basis_determinant.{u_1} {E : Type u_1} [NormedAddCommGroup.{u_1} E]
  [InnerProductSpace.{0, u_1} ℝ E] [FiniteDimensional.{0, u_1} ℝ E] {d : ℕ}
  [Fact (Eq.{1} (Module.finrank.{0, u_1} ℝ E) (HAdd.hAdd.{0, 0, 0} d 1))] (n u : E) (hn : Eq.{1} (norm.{u_1} n) 1)
  (hu : Eq.{1} (norm.{u_1} u) 1)
  (bN :
    OrthonormalBasis.{0, 0, u_1} (Fin d) ℝ
      ↥(Submodule.orthogonal.{0, u_1} (Submodule.span.{0, u_1} ℝ (singleton.{u_1, u_1} n))))
  (bU :
    OrthonormalBasis.{0, 0, u_1} (Fin d) ℝ
      ↥(Submodule.orthogonal.{0, u_1} (Submodule.span.{0, u_1} ℝ (singleton.{u_1, u_1} u)))) :
  Eq.{1}
    (abs.{0}
      ((Module.Basis.det.{0, u_1, 0} (OrthonormalBasis.toBasis.{0, 0, u_1} bU)) fun i =>
        (Submodule.orthogonalProjectionOnto.{0, u_1}
            (Submodule.orthogonal.{0, u_1} (Submodule.span.{0, u_1} ℝ (singleton.{u_1, u_1} u))))
          ↑(bN i)))
    (abs.{0} (inner.{0, u_1} ℝ u n))
'Entry005.hyperplane_projection_basis_determinant' depends on axioms: [propext, Classical.choice.{u}, Quot.sound.{u}]
Entry005.hyperplane_projection_volume.{u_1} {E : Type u_1} [NormedAddCommGroup.{u_1} E] [InnerProductSpace.{0, u_1} ℝ E]
  [FiniteDimensional.{0, u_1} ℝ E] [MeasurableSpace.{u_1} E] [BorelSpace.{u_1} E] (n u : E)
  (hn : Eq.{1} (norm.{u_1} n) 1) (hu : Eq.{1} (norm.{u_1} u) 1)
  (S : Set.{u_1} ↥(Submodule.orthogonal.{0, u_1} (Submodule.span.{0, u_1} ℝ (singleton.{u_1, u_1} n)))) :
  Eq.{1} (MeasureTheory.volume.{u_1} (Set.image.{u_1, u_1} (⇑(Entry005.hyperplaneProjection.{u_1} n u)) S))
    (HMul.hMul.{0, 0, 0} (ENNReal.ofReal (abs.{0} (inner.{0, u_1} ℝ u n))) (MeasureTheory.volume.{u_1} S))
'Entry005.hyperplane_projection_volume' depends on axioms: [propext, Classical.choice.{u}, Quot.sound.{u}]
Entry005.iidProbabilityMeasure_cons.{u_1} {Ω : Type u_1} [MeasurableSpace.{u_1} Ω]
  (ν : MeasureTheory.ProbabilityMeasure.{u_1} Ω) (n : ℕ) :
  Eq.{u_1 + 1} (Entry005.iidProbabilityMeasure.{u_1} ν (HAdd.hAdd.{0, 0, 0} n 1))
    (MeasureTheory.ProbabilityMeasure.map.{u_1, u_1}
      (MeasureTheory.ProbabilityMeasure.prod.{u_1, u_1} ν (Entry005.iidProbabilityMeasure.{u_1} ν n)) fun p =>
      Fin.cons.{u_1 + 1} p.1 p.2)
'Entry005.iidProbabilityMeasure_cons' depends on axioms: [propext, Classical.choice.{u}, Quot.sound.{u}]
Entry005.iidProbabilityMeasure_map.{u_1, u_2} {Ω : Type u_1} [MeasurableSpace.{u_1} Ω] {Ω' : Type u_2}
  [MeasurableSpace.{u_2} Ω'] (ν : MeasureTheory.ProbabilityMeasure.{u_1} Ω) (n : ℕ) (f : Ω → Ω')
  (hf : Measurable.{u_1, u_2} f) :
  Eq.{u_2 + 1}
    (MeasureTheory.ProbabilityMeasure.map.{u_1, u_2} (Entry005.iidProbabilityMeasure.{u_1} ν n) fun w i => f (w i))
    (Entry005.iidProbabilityMeasure.{u_2} (MeasureTheory.ProbabilityMeasure.map.{u_1, u_2} ν f) n)
'Entry005.iidProbabilityMeasure_map' depends on axioms: [propext, Classical.choice.{u}, Quot.sound.{u}]
Entry005.iidProbabilityMeasure_toMeasure.{u_1} {Ω : Type u_1} [MeasurableSpace.{u_1} Ω]
  (ν : MeasureTheory.ProbabilityMeasure.{u_1} Ω) (n : ℕ) :
  Eq.{u_1 + 1} (↑(Entry005.iidProbabilityMeasure.{u_1} ν n)) (Entry005.iidLaw.{u_1} (↑ν) n)
'Entry005.iidProbabilityMeasure_toMeasure' depends on axioms: [propext, Classical.choice.{u}, Quot.sound.{u}]
Entry005.iid_anchor_support_ae {d : ℕ} (ν : MeasureTheory.Measure.{0} (Fin d → ℝ))
  [MeasureTheory.IsProbabilityMeasure.{0} ν] :
  ∀ᵐ (w : Fin (HAdd.hAdd.{0, 0, 0} d 1) → Fin d → ℝ) ∂Entry005.iidLaw.{0} ν (HAdd.hAdd.{0, 0, 0} d 1),
    ∀ (i : Fin (HAdd.hAdd.{0, 0, 0} d 1)), Membership.mem.{0, 0} (MeasureTheory.Measure.support.{0} ν) (w i)
'Entry005.iid_anchor_support_ae' depends on axioms: [propext, Classical.choice.{u}, Quot.sound.{u}]
Entry005.iid_anchor_test_preserving.{u_1} {α : Type u_1} [MeasurableSpace.{u_1} α] (ν : MeasureTheory.Measure.{u_1} α)
  [MeasureTheory.IsProbabilityMeasure.{u_1} ν] (d : ℕ) :
  MeasureTheory.MeasurePreserving.{u_1, u_1} (⇑(Entry005.iidAnchorTestSplit.{u_1} d))
    (Entry005.iidLaw.{u_1} ν (HAdd.hAdd.{0, 0, 0} d 2))
    (MeasureTheory.Measure.prod.{u_1, u_1} (Entry005.iidLaw.{u_1} ν (HAdd.hAdd.{0, 0, 0} d 1)) ν)
'Entry005.iid_anchor_test_preserving' depends on axioms: [propext, Classical.choice.{u}, Quot.sound.{u}]
Entry005.iid_anchor_volume_integrable {d : ℕ} (ν : MeasureTheory.Measure.{0} (Fin d → ℝ))
  [MeasureTheory.IsProbabilityMeasure.{0} ν] (hX : ∀ (i : Fin d), MeasureTheory.Integrable.{0, 0} (fun x => x i) ν) :
  MeasureTheory.Integrable.{0, 0} (fun w => abs.{0} (Matrix.det.{0, 0} (Entry005.anchorMatrix w)))
    (Entry005.iidLaw.{0} ν (HAdd.hAdd.{0, 0, 0} d 1))
'Entry005.iid_anchor_volume_integrable' depends on axioms: [propext, Classical.choice.{u}, Quot.sound.{u}]
Entry005.iid_anchor_volume_integral_eq {d : ℕ} (ν : MeasureTheory.Measure.{0} (Fin d → ℝ))
  [MeasureTheory.IsProbabilityMeasure.{0} ν] :
  Eq.{1}
    (∫ (w : Fin (HAdd.hAdd.{0, 0, 0} d 1) → Fin d → ℝ),
      abs.{0} (Matrix.det.{0, 0} (Entry005.anchorMatrix w)) ∂Entry005.iidLaw.{0} ν (HAdd.hAdd.{0, 0, 0} d 1))
    (∫ (z : Prod.{0, 0} (Fin d → Fin d → ℝ) (Fin d → ℝ)),
      abs.{0} (Entry005.liftedDeterminant z.1 z.2) ∂MeasureTheory.Measure.prod.{0, 0} (Entry005.iidLaw.{0} ν d) ν)
'Entry005.iid_anchor_volume_integral_eq' depends on axioms: [propext, Classical.choice.{u}, Quot.sound.{u}]
Entry005.iid_anchor_volume_integral_pos_of_euclidean_support_affineSpan_top {d : ℕ}
  (ν : MeasureTheory.Measure.{0} (Fin d → ℝ)) [MeasureTheory.IsProbabilityMeasure.{0} ν]
  (hX : ∀ (i : Fin d), MeasureTheory.Integrable.{0, 0} (fun x => x i) ν)
  (hspan :
    Eq.{1} (affineSpan.{0, 0, 0} ℝ (Set.image.{0, 0} (WithLp.toLp.{0} 2) (MeasureTheory.Measure.support.{0} ν)))
      Top.top.{0}) :
  LT.lt.{0} 0
    (∫ (w : Fin (HAdd.hAdd.{0, 0, 0} d 1) → Fin d → ℝ),
      abs.{0} (Matrix.det.{0, 0} (Entry005.anchorMatrix w)) ∂Entry005.iidLaw.{0} ν (HAdd.hAdd.{0, 0, 0} d 1))
'Entry005.iid_anchor_volume_integral_pos_of_euclidean_support_affineSpan_top' depends on axioms: [propext,
 Classical.choice.{u},
 Quot.sound.{u}]
Entry005.iid_anchor_volume_integral_pos_of_support_affineIndependent {d : ℕ} (ν : MeasureTheory.Measure.{0} (Fin d → ℝ))
  [MeasureTheory.IsProbabilityMeasure.{0} ν] (hX : ∀ (i : Fin d), MeasureTheory.Integrable.{0, 0} (fun x => x i) ν)
  (w : Fin (HAdd.hAdd.{0, 0, 0} d 1) → Fin d → ℝ)
  (hw : ∀ (i : Fin (HAdd.hAdd.{0, 0, 0} d 1)), Membership.mem.{0, 0} (MeasureTheory.Measure.support.{0} ν) (w i))
  (hlin : AffineIndependent.{0, 0, 0, 0} ℝ fun i => WithLp.toLp.{0} 2 (w i)) :
  LT.lt.{0} 0
    (∫ (v : Fin (HAdd.hAdd.{0, 0, 0} d 1) → Fin d → ℝ),
      abs.{0} (Matrix.det.{0, 0} (Entry005.anchorMatrix v)) ∂Entry005.iidLaw.{0} ν (HAdd.hAdd.{0, 0, 0} d 1))
'Entry005.iid_anchor_volume_integral_pos_of_support_affineIndependent' depends on axioms: [propext,
 Classical.choice.{u},
 Quot.sound.{u}]
Entry005.iid_anchor_volume_integral_pos_of_support_affineSpan_top {d : ℕ} (ν : MeasureTheory.Measure.{0} (Fin d → ℝ))
  [MeasureTheory.IsProbabilityMeasure.{0} ν] (hX : ∀ (i : Fin d), MeasureTheory.Integrable.{0, 0} (fun x => x i) ν)
  (hspan : Eq.{1} (affineSpan.{0, 0, 0} ℝ (MeasureTheory.Measure.support.{0} ν)) Top.top.{0}) :
  LT.lt.{0} 0
    (∫ (w : Fin (HAdd.hAdd.{0, 0, 0} d 1) → Fin d → ℝ),
      abs.{0} (Matrix.det.{0, 0} (Entry005.anchorMatrix w)) ∂Entry005.iidLaw.{0} ν (HAdd.hAdd.{0, 0, 0} d 1))
'Entry005.iid_anchor_volume_integral_pos_of_support_affineSpan_top' depends on axioms: [propext,
 Classical.choice.{u},
 Quot.sound.{u}]
Entry005.iid_anchor_volume_integral_pos_of_support_det_ne_zero {d : ℕ} (ν : MeasureTheory.Measure.{0} (Fin d → ℝ))
  [MeasureTheory.IsProbabilityMeasure.{0} ν] (hX : ∀ (i : Fin d), MeasureTheory.Integrable.{0, 0} (fun x => x i) ν)
  (w : Fin (HAdd.hAdd.{0, 0, 0} d 1) → Fin d → ℝ)
  (hw : ∀ (i : Fin (HAdd.hAdd.{0, 0, 0} d 1)), Membership.mem.{0, 0} (MeasureTheory.Measure.support.{0} ν) (w i))
  (hdet : Ne.{1} (Matrix.det.{0, 0} (Entry005.anchorMatrix w)) 0) :
  LT.lt.{0} 0
    (∫ (v : Fin (HAdd.hAdd.{0, 0, 0} d 1) → Fin d → ℝ),
      abs.{0} (Matrix.det.{0, 0} (Entry005.anchorMatrix v)) ∂Entry005.iidLaw.{0} ν (HAdd.hAdd.{0, 0, 0} d 1))
'Entry005.iid_anchor_volume_integral_pos_of_support_det_ne_zero' depends on axioms: [propext,
 Classical.choice.{u},
 Quot.sound.{u}]
Entry005.iid_anchor_volume_integral_pos_of_support_raw_affineIndependent {d : ℕ}
  (ν : MeasureTheory.Measure.{0} (Fin d → ℝ)) [MeasureTheory.IsProbabilityMeasure.{0} ν]
  (hX : ∀ (i : Fin d), MeasureTheory.Integrable.{0, 0} (fun x => x i) ν) (w : Fin (HAdd.hAdd.{0, 0, 0} d 1) → Fin d → ℝ)
  (hw : ∀ (i : Fin (HAdd.hAdd.{0, 0, 0} d 1)), Membership.mem.{0, 0} (MeasureTheory.Measure.support.{0} ν) (w i))
  (hlin : AffineIndependent.{0, 0, 0, 0} ℝ w) :
  LT.lt.{0} 0
    (∫ (v : Fin (HAdd.hAdd.{0, 0, 0} d 1) → Fin d → ℝ),
      abs.{0} (Matrix.det.{0, 0} (Entry005.anchorMatrix v)) ∂Entry005.iidLaw.{0} ν (HAdd.hAdd.{0, 0, 0} d 1))
'Entry005.iid_anchor_volume_integral_pos_of_support_raw_affineIndependent' depends on axioms: [propext,
 Classical.choice.{u},
 Quot.sound.{u}]
Entry005.iid_anchor_volume_weighted_law_ae_support_pos {d : ℕ} (ν : MeasureTheory.Measure.{0} (Fin d → ℝ))
  [MeasureTheory.IsProbabilityMeasure.{0} ν]
  (hB :
    LT.lt.{0} 0
      (∫ (w : Fin (HAdd.hAdd.{0, 0, 0} d 1) → Fin d → ℝ),
        abs.{0} (Matrix.det.{0, 0} (Entry005.anchorMatrix w)) ∂Entry005.iidLaw.{0} ν (HAdd.hAdd.{0, 0, 0} d 1))) :
  ∀ᵐ (w : Fin (HAdd.hAdd.{0, 0, 0} d 1) → Fin d → ℝ) ∂Entry005.iidAnchorVolumeWeightedLaw ν,
    (∀ (i : Fin (HAdd.hAdd.{0, 0, 0} d 1)), Membership.mem.{0, 0} (MeasureTheory.Measure.support.{0} ν) (w i)) ∧
      LT.lt.{0} 0 (abs.{0} (Matrix.det.{0, 0} (Entry005.anchorMatrix w)))
'Entry005.iid_anchor_volume_weighted_law_ae_support_pos' depends on axioms: [propext,
 Classical.choice.{u},
 Quot.sound.{u}]
Entry005.iid_anchor_volume_weighted_law_probability {d : ℕ} (ν : MeasureTheory.Measure.{0} (Fin d → ℝ))
  [MeasureTheory.IsProbabilityMeasure.{0} ν] (hX : ∀ (i : Fin d), MeasureTheory.Integrable.{0, 0} (fun x => x i) ν)
  (hB :
    LT.lt.{0} 0
      (∫ (w : Fin (HAdd.hAdd.{0, 0, 0} d 1) → Fin d → ℝ),
        abs.{0} (Matrix.det.{0, 0} (Entry005.anchorMatrix w)) ∂Entry005.iidLaw.{0} ν (HAdd.hAdd.{0, 0, 0} d 1))) :
  MeasureTheory.IsProbabilityMeasure.{0} (Entry005.iidAnchorVolumeWeightedLaw ν)
'Entry005.iid_anchor_volume_weighted_law_probability' depends on axioms: [propext, Classical.choice.{u}, Quot.sound.{u}]
Entry005.iid_anchor_volume_weighted_witness_ratio_budget {d : ℕ} (ν : MeasureTheory.Measure.{0} (Fin d → ℝ))
  [MeasureTheory.IsProbabilityMeasure.{0} ν] (hX : ∀ (i : Fin d), MeasureTheory.Integrable.{0, 0} (fun x => x i) ν)
  (hcenter : ∀ (i : Fin d), Eq.{1} (∫ (x : Fin d → ℝ), x i ∂ν) 0)
  (hB :
    LT.lt.{0} 0
      (∫ (w : Fin (HAdd.hAdd.{0, 0, 0} d 1) → Fin d → ℝ),
        abs.{0} (Matrix.det.{0, 0} (Entry005.anchorMatrix w)) ∂Entry005.iidLaw.{0} ν (HAdd.hAdd.{0, 0, 0} d 1))) :
  MeasureTheory.Integrable.{0, 0}
      (fun w =>
        HDiv.hDiv.{0, 0, 0} (∫ (x : Fin d → ℝ), Entry005.determinantAssignmentWitness w x ∂ν)
          (abs.{0} (Matrix.det.{0, 0} (Entry005.anchorMatrix w))))
      (Entry005.iidAnchorVolumeWeightedLaw ν) ∧
    LE.le.{0}
      (∫ (w : Fin (HAdd.hAdd.{0, 0, 0} d 1) → Fin d → ℝ),
        HDiv.hDiv.{0, 0, 0} (∫ (x : Fin d → ℝ), Entry005.determinantAssignmentWitness w x ∂ν)
          (abs.{0} (Matrix.det.{0, 0} (Entry005.anchorMatrix w))) ∂Entry005.iidAnchorVolumeWeightedLaw ν)
      (HDiv.hDiv.{0, 0, 0}
        (HMul.hMul.{0, 0, 0}
          (HDiv.hDiv.{0, 0, 0} (HMul.hMul.{0, 0, 0} (HAdd.hAdd.{0, 0, 0} (↑d) 1) (HAdd.hAdd.{0, 0, 0} (↑d) 2)) 2)
          (Entry005.determinantLawDefect.{0, 0} (Entry005.iidLaw.{0} ν d) ν id.{1} id.{1}))
        (∫ (v : Fin (HAdd.hAdd.{0, 0, 0} d 1) → Fin d → ℝ),
          abs.{0} (Matrix.det.{0, 0} (Entry005.anchorMatrix v)) ∂Entry005.iidLaw.{0} ν (HAdd.hAdd.{0, 0, 0} d 1)))
'Entry005.iid_anchor_volume_weighted_witness_ratio_budget' depends on axioms: [propext,
 Classical.choice.{u},
 Quot.sound.{u}]
Entry005.iid_base_pair_preserving.{u_1} {α : Type u_1} [MeasurableSpace.{u_1} α] (ν : MeasureTheory.Measure.{u_1} α)
  [MeasureTheory.IsProbabilityMeasure.{u_1} ν] (d : ℕ) :
  MeasureTheory.MeasurePreserving.{u_1, u_1} (⇑(Entry005.iidBasePairSplit.{u_1} d))
    (Entry005.iidLaw.{u_1} ν (HAdd.hAdd.{0, 0, 0} d 2))
    (MeasureTheory.Measure.prod.{u_1, u_1} (Entry005.iidLaw.{u_1} ν d) (MeasureTheory.Measure.prod.{u_1, u_1} ν ν))
'Entry005.iid_base_pair_preserving' depends on axioms: [propext, Classical.choice.{u}, Quot.sound.{u}]
Entry005.iid_determinant_second_moment.{u_1} {α : Type u_1} [MeasurableSpace.{u_1} α]
  {ν : MeasureTheory.Measure.{u_1} α} [MeasureTheory.IsProbabilityMeasure.{u_1} ν] {n : ℕ} (X : α → Fin n → ℝ)
  (hpair : ∀ (i j : Fin n), MeasureTheory.Integrable.{0, u_1} (fun x => HMul.hMul.{0, 0, 0} (X x i) (X x j)) ν) :
  Eq.{1}
    (∫ (w : Fin n → α),
      HPow.hPow.{0, 0, 0} (Matrix.det.{0, 0} (Entry005.sampledMatrix.{u_1} X w)) 2 ∂Entry005.iidLaw.{u_1} ν n)
    (HMul.hMul.{0, 0, 0} (↑n.factorial) (Matrix.det.{0, 0} (Entry005.secondMomentMatrix.{u_1} ν X)))
'Entry005.iid_determinant_second_moment' depends on axioms: [propext, Classical.choice.{u}, Quot.sound.{u}]
Entry005.iid_determinant_witness_anchor.{u_2} {d : ℕ} {ι : Type u_2} [Fintype.{u_2} ι]
  (ν : MeasureTheory.Measure.{0} (Fin d → ℝ)) [MeasureTheory.IsProbabilityMeasure.{0} ν]
  (hX : ∀ (i : Fin d), MeasureTheory.Integrable.{0, 0} (fun x => x i) ν)
  (hcenter : ∀ (i : Fin d), Eq.{1} (∫ (x : Fin d → ℝ), x i ∂ν) 0)
  (hF :
    MeasureTheory.Integrable.{0, 0} (fun z => Entry005.liftedDeterminant z.1 z.2)
      (MeasureTheory.Measure.prod.{0, 0} (Entry005.iidLaw.{0} ν d) ν))
  (p : ι → Equiv.Perm.{1} (Fin (HAdd.hAdd.{0, 0, 0} d 2))) {v C : ℝ} (hv : LT.lt.{0} 0 v) (hC : LT.lt.{0} 0 C)
  (hbound :
    ∀ᵐ (w : Fin (HAdd.hAdd.{0, 0, 0} d 1) → Fin d → ℝ) ∂Entry005.iidLaw.{0} ν (HAdd.hAdd.{0, 0, 0} d 1),
      LE.le.{0} (abs.{0} (Entry005.liftedDeterminant (fun i => w i.succ) (w 0))) C)
  (hmoment :
    LE.le.{0} (HMul.hMul.{0, 0, 0} 2 (HPow.hPow.{0, 0, 0} v 2))
      (∫ (w : Fin (HAdd.hAdd.{0, 0, 0} d 1) → Fin d → ℝ),
        HPow.hPow.{0, 0, 0} (abs.{0} (Entry005.liftedDeterminant (fun i => w i.succ) (w 0)))
          2 ∂Entry005.iidLaw.{0} ν (HAdd.hAdd.{0, 0, 0} d 1))) :
  ∃ w,
    (∀ (i : Fin (HAdd.hAdd.{0, 0, 0} d 1)), Membership.mem.{0, 0} (MeasureTheory.Measure.support.{0} ν) (w i)) ∧
      LE.le.{0} v (abs.{0} (Entry005.liftedDeterminant (fun i => w i.succ) (w 0))) ∧
        LE.le.{0}
          (Entry005.transportedWitnessSum.{0, 0, 0, u_2} ν (fun b x => Entry005.liftedDeterminant b x)
            (fun i => Entry005.iidWitnessTransport.{0} d (p i)) w)
          (HDiv.hDiv.{0, 0, 0}
            (HMul.hMul.{0, 0, 0}
              (HMul.hMul.{0, 0, 0} (↑(Fintype.card.{u_2} ι))
                (Entry005.determinantLawDefect.{0, 0} (Entry005.iidLaw.{0} ν d) ν id.{1} id.{1}))
              (HPow.hPow.{0, 0, 0} C 2))
            (HPow.hPow.{0, 0, 0} v 2))
'Entry005.iid_determinant_witness_anchor' depends on axioms: [propext, Classical.choice.{u}, Quot.sound.{u}]
Entry005.iid_integral_map.{u_1, u_2} {Ω : Type u_1} [MeasurableSpace.{u_1} Ω] {Ω' : Type u_2} [MeasurableSpace.{u_2} Ω']
  (ν : MeasureTheory.ProbabilityMeasure.{u_1} Ω) (n : ℕ) (f : Ω → Ω') (hf : Measurable.{u_1, u_2} f)
  (g : (Fin n → Ω') → ℝ) (hg : Measurable.{u_2, 0} g) :
  Eq.{1} (∫ (w : Fin n → Ω'), g w ∂Entry005.iidLaw.{u_2} (↑(MeasureTheory.ProbabilityMeasure.map.{u_1, u_2} ν f)) n)
    (∫ (w : Fin n → Ω), g fun i => f (w i) ∂Entry005.iidLaw.{u_1} (↑ν) n)
'Entry005.iid_integral_map' depends on axioms: [propext, Classical.choice.{u}, Quot.sound.{u}]
Entry005.iid_lifted_determinant_integrable.{u_1} {α : Type u_1} [MeasurableSpace.{u_1} α]
  {ν : MeasureTheory.Measure.{u_1} α} [MeasureTheory.IsProbabilityMeasure.{u_1} ν] {d : ℕ} (X : α → Fin d → ℝ)
  (hX : ∀ (i : Fin d), MeasureTheory.Integrable.{0, u_1} (fun x => X x i) ν) :
  MeasureTheory.Integrable.{0, u_1} (fun z => Entry005.liftedDeterminant (fun i => X (z.1 i)) (X z.2))
    (MeasureTheory.Measure.prod.{u_1, u_1} (Entry005.iidLaw.{u_1} ν d) ν)
'Entry005.iid_lifted_determinant_integrable' depends on axioms: [propext, Classical.choice.{u}, Quot.sound.{u}]
Entry005.iid_paper_assignment_witness_budget {d : ℕ} (ν : MeasureTheory.Measure.{0} (Fin d → ℝ))
  [MeasureTheory.IsProbabilityMeasure.{0} ν] (hX : ∀ (i : Fin d), MeasureTheory.Integrable.{0, 0} (fun x => x i) ν)
  (hcenter : ∀ (i : Fin d), Eq.{1} (∫ (x : Fin d → ℝ), x i ∂ν) 0) :
  MeasureTheory.Integrable.{0, 0} (fun w => ∫ (x : Fin d → ℝ), Entry005.determinantAssignmentWitness w x ∂ν)
      (Entry005.iidLaw.{0} ν (HAdd.hAdd.{0, 0, 0} d 1)) ∧
    (∀ (w : Fin (HAdd.hAdd.{0, 0, 0} d 1) → Fin d → ℝ),
        LE.le.{0} 0 (∫ (x : Fin d → ℝ), Entry005.determinantAssignmentWitness w x ∂ν)) ∧
      LE.le.{0}
        (∫ (w : Fin (HAdd.hAdd.{0, 0, 0} d 1) → Fin d → ℝ),
          ∫ (x : Fin d → ℝ),
            Entry005.determinantAssignmentWitness w x ∂ν ∂Entry005.iidLaw.{0} ν (HAdd.hAdd.{0, 0, 0} d 1))
        (HMul.hMul.{0, 0, 0}
          (HDiv.hDiv.{0, 0, 0} (HMul.hMul.{0, 0, 0} (HAdd.hAdd.{0, 0, 0} (↑d) 1) (HAdd.hAdd.{0, 0, 0} (↑d) 2)) 2)
          (Entry005.determinantLawDefect.{0, 0} (Entry005.iidLaw.{0} ν d) ν id.{1} id.{1}))
'Entry005.iid_paper_assignment_witness_budget' depends on axioms: [propext, Classical.choice.{u}, Quot.sound.{u}]
Entry005.iid_split_preserving.{u_1} {α : Type u_1} [MeasurableSpace.{u_1} α] (ν : MeasureTheory.Measure.{u_1} α)
  [MeasureTheory.IsProbabilityMeasure.{u_1} ν] (n : ℕ) :
  MeasureTheory.MeasurePreserving.{u_1, u_1} (⇑(Entry005.iidSplit.{u_1} n))
    (Entry005.iidLaw.{u_1} ν (HAdd.hAdd.{0, 0, 0} n 1))
    (MeasureTheory.Measure.prod.{u_1, u_1} ν (Entry005.iidLaw.{u_1} ν n))
'Entry005.iid_split_preserving' depends on axioms: [propext, Classical.choice.{u}, Quot.sound.{u}]
Entry005.iid_support_tuple_mem_support {d n : ℕ} (ν : MeasureTheory.Measure.{0} (Fin d → ℝ))
  [MeasureTheory.IsProbabilityMeasure.{0} ν] (w : Fin n → Fin d → ℝ)
  (hw : ∀ (i : Fin n), Membership.mem.{0, 0} (MeasureTheory.Measure.support.{0} ν) (w i)) :
  Membership.mem.{0, 0} (MeasureTheory.Measure.support.{0} (Entry005.iidLaw.{0} ν n)) w
'Entry005.iid_support_tuple_mem_support' depends on axioms: [propext, Classical.choice.{u}, Quot.sound.{u}]
Entry005.iid_volume_weighted_paper_witness_anchor {d : ℕ} (ν : MeasureTheory.Measure.{0} (Fin d → ℝ))
  [MeasureTheory.IsProbabilityMeasure.{0} ν] (hX : ∀ (i : Fin d), MeasureTheory.Integrable.{0, 0} (fun x => x i) ν)
  (hcenter : ∀ (i : Fin d), Eq.{1} (∫ (x : Fin d → ℝ), x i ∂ν) 0)
  (hB :
    LT.lt.{0} 0
      (∫ (w : Fin (HAdd.hAdd.{0, 0, 0} d 1) → Fin d → ℝ),
        abs.{0} (Matrix.det.{0, 0} (Entry005.anchorMatrix w)) ∂Entry005.iidLaw.{0} ν (HAdd.hAdd.{0, 0, 0} d 1))) :
  ∃ w,
    (∀ (i : Fin (HAdd.hAdd.{0, 0, 0} d 1)), Membership.mem.{0, 0} (MeasureTheory.Measure.support.{0} ν) (w i)) ∧
      LT.lt.{0} 0 (abs.{0} (Matrix.det.{0, 0} (Entry005.anchorMatrix w))) ∧
        LE.le.{0}
          (HDiv.hDiv.{0, 0, 0} (∫ (x : Fin d → ℝ), Entry005.determinantAssignmentWitness w x ∂ν)
            (abs.{0} (Matrix.det.{0, 0} (Entry005.anchorMatrix w))))
          (HDiv.hDiv.{0, 0, 0}
            (HMul.hMul.{0, 0, 0}
              (HDiv.hDiv.{0, 0, 0} (HMul.hMul.{0, 0, 0} (HAdd.hAdd.{0, 0, 0} (↑d) 1) (HAdd.hAdd.{0, 0, 0} (↑d) 2)) 2)
              (Entry005.determinantLawDefect.{0, 0} (Entry005.iidLaw.{0} ν d) ν id.{1} id.{1}))
            (∫ (v : Fin (HAdd.hAdd.{0, 0, 0} d 1) → Fin d → ℝ),
              abs.{0} (Matrix.det.{0, 0} (Entry005.anchorMatrix v)) ∂Entry005.iidLaw.{0} ν (HAdd.hAdd.{0, 0, 0} d 1)))
'Entry005.iid_volume_weighted_paper_witness_anchor' depends on axioms: [propext, Classical.choice.{u}, Quot.sound.{u}]
Entry005.iid_witness_transport_preserving.{u_1} {α : Type u_1} [MeasurableSpace.{u_1} α]
  (ν : MeasureTheory.Measure.{u_1} α) [MeasureTheory.IsProbabilityMeasure.{u_1} ν] (d : ℕ)
  (p : Equiv.Perm.{1} (Fin (HAdd.hAdd.{0, 0, 0} d 2))) :
  MeasureTheory.MeasurePreserving.{u_1, u_1} (⇑(Entry005.iidWitnessTransport.{u_1} d p))
    (MeasureTheory.Measure.prod.{u_1, u_1} (Entry005.iidLaw.{u_1} ν (HAdd.hAdd.{0, 0, 0} d 1)) ν)
    (MeasureTheory.Measure.prod.{u_1, u_1} (Entry005.iidLaw.{u_1} ν d) (MeasureTheory.Measure.prod.{u_1, u_1} ν ν))
'Entry005.iid_witness_transport_preserving' depends on axioms: [propext, Classical.choice.{u}, Quot.sound.{u}]
Entry005.inner_level_volume_zero.{u_1} {E : Type u_1} [NormedAddCommGroup.{u_1} E] [InnerProductSpace.{0, u_1} ℝ E]
  [FiniteDimensional.{0, u_1} ℝ E] [MeasurableSpace.{u_1} E] [BorelSpace.{u_1} E] (r : E) (hr : Ne.{u_1 + 1} r 0)
  (c : ℝ) : Eq.{1} (MeasureTheory.volume.{u_1} (Set.ofPred.{u_1} fun x => Eq.{1} (inner.{0, u_1} ℝ r x) c)) 0
'Entry005.inner_level_volume_zero' depends on axioms: [propext, Classical.choice.{u}, Quot.sound.{u}]
Entry005.inner_project.{u_1} {E : Type u_1} [NormedAddCommGroup.{u_1} E] [InnerProductSpace.{0, u_1} ℝ E]
  [FiniteDimensional.{0, u_1} ℝ E] (U : Submodule.{0, u_1} ℝ E) (n : E) (hnU : Membership.mem.{u_1, u_1} U n) (x : E) :
  Eq.{1} (inner.{0, u_1} ℝ (Subtype.mk.{u_1 + 1} n hnU) ((Submodule.orthogonalProjectionOnto.{0, u_1} U) x))
    (inner.{0, u_1} ℝ n x)
'Entry005.inner_project' depends on axioms: [propext, Classical.choice.{u}, Quot.sound.{u}]
Entry005.inner_pyramidBaseNormal.{u_2} {E : Type u_2} [NormedAddCommGroup.{u_2} E] [InnerProductSpace.{0, u_2} ℝ E]
  (x : E) (t : ℝ) :
  Eq.{1} (inner.{0, u_2} ℝ Entry005.pyramidBaseNormal.{u_2} (WithLp.toLp.{u_2} 2 (Prod.mk.{u_2, 0} x t)))
    (Neg.neg.{0} t)
'Entry005.inner_pyramidBaseNormal' depends on axioms: [propext, Classical.choice.{u}, Quot.sound.{u}]
Entry005.inner_pyramidSideNormal.{u_2} {E : Type u_2} [NormedAddCommGroup.{u_2} E] [InnerProductSpace.{0, u_2} ℝ E]
  (n x : E) (h t : ℝ) :
  Eq.{1} (inner.{0, u_2} ℝ (Entry005.pyramidSideNormal.{u_2} n h) (WithLp.toLp.{u_2} 2 (Prod.mk.{u_2, 0} x t)))
    (HDiv.hDiv.{0, 0, 0} (HAdd.hAdd.{0, 0, 0} (inner.{0, u_2} ℝ n x) (HMul.hMul.{0, 0, 0} h t))
      (Entry005.pyramidSlope h))
'Entry005.inner_pyramidSideNormal' depends on axioms: [propext, Classical.choice.{u}, Quot.sound.{u}]
Entry005.integrable_anchor_coordinates {d : ℕ} (ν : MeasureTheory.Measure.{0} (Fin d → ℝ))
  [MeasureTheory.IsProbabilityMeasure.{0} ν] (hX : ∀ (i : Fin d), MeasureTheory.Integrable.{0, 0} (fun x => x i) ν)
  (w : Fin (HAdd.hAdd.{0, 0, 0} d 1) → Fin d → ℝ) (i : Fin (HAdd.hAdd.{0, 0, 0} d 1)) :
  MeasureTheory.Integrable.{0, 0} (fun x => Entry005.anchorCoordinates w x i) ν
'Entry005.integrable_anchor_coordinates' depends on axioms: [propext, Classical.choice.{u}, Quot.sound.{u}]
Entry005.integrable_family_defect.{u_1, u_2} {α : Type u_1} {β : Type u_2} [MeasurableSpace.{u_1} α]
  [MeasurableSpace.{u_2} β] {μ : MeasureTheory.Measure.{u_1} α} {σ : MeasureTheory.Measure.{u_2} β}
  [MeasureTheory.IsProbabilityMeasure.{u_1} μ] {F : β → α → ℝ}
  (hF : MeasureTheory.Integrable.{0, max u_1 u_2} (fun z => F z.1 z.2) (MeasureTheory.Measure.prod.{u_2, u_1} σ μ)) :
  MeasureTheory.Integrable.{0, u_2} (fun b => Entry005.cancellationDefect.{u_1} μ (F b)) σ
'Entry005.integrable_family_defect' depends on axioms: [propext, Classical.choice.{u}, Quot.sound.{u}]
Entry005.integral_absolute_decomposition.{u_1} {α : Type u_1} [MeasurableSpace.{u_1} α]
  {μ : MeasureTheory.Measure.{u_1} α} {f : α → ℝ} (hf : MeasureTheory.Integrable.{0, u_1} f μ) :
  Eq.{1} (∫ (x : α), abs.{0} (f x) ∂μ)
    (HAdd.hAdd.{0, 0, 0} (Entry005.positiveIntegral.{u_1} μ f) (Entry005.negativeIntegral.{u_1} μ f))
'Entry005.integral_absolute_decomposition' depends on axioms: [propext, Classical.choice.{u}, Quot.sound.{u}]
Entry005.integral_cancellation_identity.{u_1} {α : Type u_1} [MeasurableSpace.{u_1} α]
  {μ : MeasureTheory.Measure.{u_1} α} {f : α → ℝ} (hf : MeasureTheory.Integrable.{0, u_1} f μ) :
  Eq.{1} (Entry005.cancellationDefect.{u_1} μ f)
    (HMul.hMul.{0, 0, 0} 2 (min.{0} (Entry005.positiveIntegral.{u_1} μ f) (Entry005.negativeIntegral.{u_1} μ f)))
'Entry005.integral_cancellation_identity' depends on axioms: [propext, Classical.choice.{u}, Quot.sound.{u}]
Entry005.integral_determinant_assignment_witness_eq_transportedWitnessSum {d : ℕ}
  (ν : MeasureTheory.Measure.{0} (Fin d → ℝ)) (w : Fin (HAdd.hAdd.{0, 0, 0} d 1) → Fin d → ℝ) :
  Eq.{1} (∫ (x : Fin d → ℝ), Entry005.determinantAssignmentWitness w x ∂ν)
    (Entry005.transportedWitnessSum.{0, 0, 0, 0} ν (fun base x => Entry005.liftedDeterminant base x)
      (fun i => Entry005.iidWitnessTransport.{0} d (Entry005.paperWitnessPermutation d i)) w)
'Entry005.integral_determinant_assignment_witness_eq_transportedWitnessSum' depends on axioms: [propext,
 Classical.choice.{u},
 Quot.sound.{u}]
Entry005.integral_dot_square.{u_1} {α : Type u_1} [MeasurableSpace.{u_1} α] {ν : MeasureTheory.Measure.{u_1} α} {n : ℕ}
  (X : α → Fin n → ℝ) (u : Fin n → ℝ)
  (hpair : ∀ (i j : Fin n), MeasureTheory.Integrable.{0, u_1} (fun x => HMul.hMul.{0, 0, 0} (X x i) (X x j)) ν) :
  Eq.{1} (∫ (x : α), HPow.hPow.{0, 0, 0} (dotProduct.{0, 0} u (X x)) 2 ∂ν)
    (dotProduct.{0, 0} u (Matrix.mulVec.{0, 0, 0} (Entry005.secondMomentMatrix.{u_1} ν X) u))
'Entry005.integral_dot_square' depends on axioms: [propext, Classical.choice.{u}, Quot.sound.{u}]
Entry005.integral_lifted_determinant.{u_1} {α : Type u_1} [MeasurableSpace.{u_1} α] {μ : MeasureTheory.Measure.{u_1} α}
  {d : ℕ} (base : Fin d → Fin d → ℝ) [MeasureTheory.IsProbabilityMeasure.{u_1} μ] {X : α → Fin d → ℝ}
  (hX : ∀ (i : Fin d), MeasureTheory.Integrable.{0, u_1} (fun x => X x i) μ)
  (hcenter : ∀ (i : Fin d), Eq.{1} (∫ (x : α), X x i ∂μ) 0) :
  Eq.{1} (∫ (x : α), Entry005.liftedDeterminant base (X x) ∂μ) (Entry005.horizontalDeterminant base)
'Entry005.integral_lifted_determinant' depends on axioms: [propext, Classical.choice.{u}, Quot.sound.{u}]
Entry005.integral_mean_decomposition.{u_1} {α : Type u_1} [MeasurableSpace.{u_1} α] {μ : MeasureTheory.Measure.{u_1} α}
  {f : α → ℝ} (hf : MeasureTheory.Integrable.{0, u_1} f μ) :
  Eq.{1} (∫ (x : α), f x ∂μ)
    (HSub.hSub.{0, 0, 0} (Entry005.positiveIntegral.{u_1} μ f) (Entry005.negativeIntegral.{u_1} μ f))
'Entry005.integral_mean_decomposition' depends on axioms: [propext, Classical.choice.{u}, Quot.sound.{u}]
Entry005.integrated_actual_determinant_assignment_cost {d : ℕ} (ν : MeasureTheory.Measure.{0} (Fin d → ℝ))
  [MeasureTheory.IsProbabilityMeasure.{0} ν] (hX : ∀ (i : Fin d), MeasureTheory.Integrable.{0, 0} (fun x => x i) ν)
  (w : Fin (HAdd.hAdd.{0, 0, 0} d 1) → Fin d → ℝ) (hdet : Ne.{1} (Matrix.det.{0, 0} (Entry005.anchorMatrix w)) 0) :
  LE.le.{0} (∫ (x : Fin d → ℝ), Entry005.assignmentCost (Entry005.anchorCoordinates w x) ∂ν)
    (HDiv.hDiv.{0, 0, 0} (∫ (x : Fin d → ℝ), Entry005.determinantAssignmentWitness w x ∂ν)
      (abs.{0} (Matrix.det.{0, 0} (Entry005.anchorMatrix w))))
'Entry005.integrated_actual_determinant_assignment_cost' depends on axioms: [propext,
 Classical.choice.{u},
 Quot.sound.{u}]
Entry005.integrated_clipped_largest_assignment_error.{u_1, u_2} {n : ℕ} {α : Type u_1} {E : Type u_2}
  [MeasurableSpace.{u_1} α] [NormedAddCommGroup.{u_2} E] [NormedSpace.{0, u_2} ℝ E] [MeasurableSpace.{u_2} E]
  [BorelSpace.{u_2} E] [SecondCountableTopology.{u_2} E] {μ : MeasureTheory.Measure.{u_1} α}
  {w : Fin (HAdd.hAdd.{0, 0, 0} n 1) → E} {X : α → E} {a : α → Fin (HAdd.hAdd.{0, 0, 0} n 1) → ℝ} {δ B : ℝ}
  (hδ : LE.le.{0} 0 δ)
  (hww : ∀ (i j : Fin (HAdd.hAdd.{0, 0, 0} n 1)), LE.le.{0} (norm.{u_2} (HSub.hSub.{u_2, u_2, u_2} (w i) (w j))) δ)
  (hxw :
    ∀ᵐ (x : α) ∂μ,
      ∀ (i : Fin (HAdd.hAdd.{0, 0, 0} n 1)), LE.le.{0} (norm.{u_2} (HSub.hSub.{u_2, u_2, u_2} (X x) (w i))) δ)
  (hX : Measurable.{u_1, u_2} X) (hma : ∀ (i : Fin (HAdd.hAdd.{0, 0, 0} n 1)), Measurable.{u_1, 0} fun x => a x i)
  (hsum : ∀ᵐ (x : α) ∂μ, Eq.{1} (∑ i, a x i) 1)
  (hx : ∀ᵐ (x : α) ∂μ, Eq.{u_2 + 1} (∑ i, HSMul.hSMul.{0, u_2, u_2} (a x i) (w i)) (X x))
  (hcost : MeasureTheory.Integrable.{0, u_1} (fun x => Entry005.assignmentCost (a x)) μ)
  (hbudget : LE.le.{0} (∫ (x : α), Entry005.assignmentCost (a x) ∂μ) B) :
  (Measurable.{u_1, 0} fun x => Entry005.largestCoordinate (a x)) ∧
    MeasureTheory.Integrable.{0, u_1}
        (fun x => norm.{u_2} (HSub.hSub.{u_2, u_2, u_2} (X x) (w (Entry005.largestCoordinate (a x))))) μ ∧
      LE.le.{0} (∫ (x : α), norm.{u_2} (HSub.hSub.{u_2, u_2, u_2} (X x) (w (Entry005.largestCoordinate (a x)))) ∂μ)
        (HMul.hMul.{0, 0, 0} δ B)
'Entry005.integrated_clipped_largest_assignment_error' depends on axioms: [propext,
 Classical.choice.{u},
 Quot.sound.{u}]
Entry005.integrated_family_witness_le.{u_1, u_2} {α : Type u_1} {β : Type u_2} [MeasurableSpace.{u_1} α]
  [MeasurableSpace.{u_2} β] {μ : MeasureTheory.Measure.{u_1} α} {σ : MeasureTheory.Measure.{u_2} β}
  [MeasureTheory.IsProbabilityMeasure.{u_1} μ] [MeasureTheory.SFinite.{u_2} σ] {F : β → α → ℝ}
  (hmF : Measurable.{max u_1 u_2, 0} fun z => F z.1 z.2)
  (hF : MeasureTheory.Integrable.{0, max u_1 u_2} (fun z => F z.1 z.2) (MeasureTheory.Measure.prod.{u_2, u_1} σ μ))
  (hfiber : ∀ (b : β), MeasureTheory.Integrable.{0, u_1} (F b) μ) :
  LE.le.{0}
    (∫ (b : β),
      ∫ (z : Prod.{u_1, u_1} α α),
        Entry005.oppositeWitness (F b z.1) (F b z.2) ∂MeasureTheory.Measure.prod.{u_1, u_1} μ μ ∂σ)
    (Entry005.familyDefect.{u_1, u_2} σ μ F)
'Entry005.integrated_family_witness_le' depends on axioms: [propext, Classical.choice.{u}, Quot.sound.{u}]
Entry005.integrated_largest_assignment_error.{u_1, u_2} {n : ℕ} {α : Type u_1} {E : Type u_2} [MeasurableSpace.{u_1} α]
  [NormedAddCommGroup.{u_2} E] [NormedSpace.{0, u_2} ℝ E] [MeasurableSpace.{u_2} E] [BorelSpace.{u_2} E]
  [SecondCountableTopology.{u_2} E] {μ : MeasureTheory.Measure.{u_1} α} {w : Fin (HAdd.hAdd.{0, 0, 0} n 1) → E}
  {X : α → E} {a : α → Fin (HAdd.hAdd.{0, 0, 0} n 1) → ℝ} {L B : ℝ}
  (hw : ∀ (i : Fin (HAdd.hAdd.{0, 0, 0} n 1)), LE.le.{0} (norm.{u_2} (w i)) 1) (hX : Measurable.{u_1, u_2} X)
  (hma : ∀ (i : Fin (HAdd.hAdd.{0, 0, 0} n 1)), Measurable.{u_1, 0} fun x => a x i) (hL : LE.le.{0} 1 L)
  (hsum : ∀ᵐ (x : α) ∂μ, Eq.{1} (∑ i, a x i) 1)
  (hx : ∀ᵐ (x : α) ∂μ, Eq.{u_2 + 1} (∑ i, HSMul.hSMul.{0, u_2, u_2} (a x i) (w i)) (X x))
  (ha : ∀ᵐ (x : α) ∂μ, ∀ (i : Fin (HAdd.hAdd.{0, 0, 0} n 1)), LE.le.{0} (abs.{0} (a x i)) L)
  (hcost : MeasureTheory.Integrable.{0, u_1} (fun x => Entry005.assignmentCost (a x)) μ)
  (hbudget : LE.le.{0} (∫ (x : α), Entry005.assignmentCost (a x) ∂μ) B) :
  (Measurable.{u_1, 0} fun x => Entry005.largestCoordinate (a x)) ∧
    MeasureTheory.Integrable.{0, u_1}
        (fun x => norm.{u_2} (HSub.hSub.{u_2, u_2, u_2} (X x) (w (Entry005.largestCoordinate (a x))))) μ ∧
      LE.le.{0} (∫ (x : α), norm.{u_2} (HSub.hSub.{u_2, u_2, u_2} (X x) (w (Entry005.largestCoordinate (a x)))) ∂μ)
        (HMul.hMul.{0, 0, 0} (HMul.hMul.{0, 0, 0} 2 L) B)
'Entry005.integrated_largest_assignment_error' depends on axioms: [propext, Classical.choice.{u}, Quot.sound.{u}]
Entry005.integrated_opposite_witness_le.{u_1} {α : Type u_1} [MeasurableSpace.{u_1} α]
  {μ : MeasureTheory.Measure.{u_1} α} [MeasureTheory.IsProbabilityMeasure.{u_1} μ] {f : α → ℝ}
  (hf : MeasureTheory.Integrable.{0, u_1} f μ) :
  LE.le.{0}
    (∫ (z : Prod.{u_1, u_1} α α), Entry005.oppositeWitness (f z.1) (f z.2) ∂MeasureTheory.Measure.prod.{u_1, u_1} μ μ)
    (Entry005.cancellationDefect.{u_1} μ f)
'Entry005.integrated_opposite_witness_le' depends on axioms: [propext, Classical.choice.{u}, Quot.sound.{u}]
Entry005.isometry_volume_image.{u_1, u_2} {E : Type u_1} {F : Type u_2} [NormedAddCommGroup.{u_1} E]
  [InnerProductSpace.{0, u_1} ℝ E] [FiniteDimensional.{0, u_1} ℝ E] [MeasurableSpace.{u_1} E] [BorelSpace.{u_1} E]
  [NormedAddCommGroup.{u_2} F] [InnerProductSpace.{0, u_2} ℝ F] [FiniteDimensional.{0, u_2} ℝ F]
  [MeasurableSpace.{u_2} F] [BorelSpace.{u_2} F] (e : LinearIsometryEquiv.{0, 0, u_1, u_2} (RingHom.id.{0} ℝ) E F)
  (S : Set.{u_1} E) : Eq.{1} (MeasureTheory.volume.{u_2} (Set.image.{u_1, u_2} (⇑e) S)) (MeasureTheory.volume.{u_1} S)
'Entry005.isometry_volume_image' depends on axioms: [propext, Classical.choice.{u}, Quot.sound.{u}]
Entry005.largest_coordinate_assignment_error.{u_1} {n : ℕ} {E : Type u_1} [NormedAddCommGroup.{u_1} E]
  [NormedSpace.{0, u_1} ℝ E] {w : Fin (HAdd.hAdd.{0, 0, 0} n 1) → E} {x : E} {a : Fin (HAdd.hAdd.{0, 0, 0} n 1) → ℝ}
  {L : ℝ} (hw : ∀ (i : Fin (HAdd.hAdd.{0, 0, 0} n 1)), LE.le.{0} (norm.{u_1} (w i)) 1) (hsum : Eq.{1} (∑ i, a i) 1)
  (hx : Eq.{u_1 + 1} (∑ i, HSMul.hSMul.{0, u_1, u_1} (a i) (w i)) x) (hL : LE.le.{0} 1 L)
  (ha : ∀ (i : Fin (HAdd.hAdd.{0, 0, 0} n 1)), LE.le.{0} (abs.{0} (a i)) L) :
  LE.le.{0} (norm.{u_1} (HSub.hSub.{u_1, u_1, u_1} x (w (Entry005.largestCoordinate a))))
    (HMul.hMul.{0, 0, 0} (HMul.hMul.{0, 0, 0} 2 L) (Entry005.assignmentCost a))
'Entry005.largest_coordinate_assignment_error' depends on axioms: [propext, Classical.choice.{u}, Quot.sound.{u}]
Entry005.largest_coordinate_clipped_assignment_error.{u_1} {n : ℕ} {E : Type u_1} [NormedAddCommGroup.{u_1} E]
  [NormedSpace.{0, u_1} ℝ E] {w : Fin (HAdd.hAdd.{0, 0, 0} n 1) → E} {x : E} {a : Fin (HAdd.hAdd.{0, 0, 0} n 1) → ℝ}
  {δ : ℝ} (hδ : LE.le.{0} 0 δ)
  (hww : ∀ (i j : Fin (HAdd.hAdd.{0, 0, 0} n 1)), LE.le.{0} (norm.{u_1} (HSub.hSub.{u_1, u_1, u_1} (w i) (w j))) δ)
  (hxw : ∀ (i : Fin (HAdd.hAdd.{0, 0, 0} n 1)), LE.le.{0} (norm.{u_1} (HSub.hSub.{u_1, u_1, u_1} x (w i))) δ)
  (hsum : Eq.{1} (∑ i, a i) 1) (hx : Eq.{u_1 + 1} (∑ i, HSMul.hSMul.{0, u_1, u_1} (a i) (w i)) x) :
  LE.le.{0} (norm.{u_1} (HSub.hSub.{u_1, u_1, u_1} x (w (Entry005.largestCoordinate a))))
    (HMul.hMul.{0, 0, 0} δ (Entry005.assignmentCost a))
'Entry005.largest_coordinate_clipped_assignment_error' depends on axioms: [propext,
 Classical.choice.{u},
 Quot.sound.{u}]
Entry005.largest_coordinate_fiber {n : ℕ} (a : Fin (HAdd.hAdd.{0, 0, 0} n 1) → ℝ) (i : Fin (HAdd.hAdd.{0, 0, 0} n 1)) :
  Eq.{1} (Entry005.largestCoordinate a) i ↔
    (∀ (j : Fin (HAdd.hAdd.{0, 0, 0} n 1)), LE.le.{0} (a j) (a i)) ∧
      ∀ (j : Fin (HAdd.hAdd.{0, 0, 0} n 1)),
        (∀ (k : Fin (HAdd.hAdd.{0, 0, 0} n 1)), LE.le.{0} (a k) (a j)) → LE.le.{0} i j
'Entry005.largest_coordinate_fiber' depends on axioms: [propext, Classical.choice.{u}, Quot.sound.{u}]
Entry005.largest_coordinate_max {n : ℕ} (a : Fin (HAdd.hAdd.{0, 0, 0} n 1) → ℝ) (j : Fin (HAdd.hAdd.{0, 0, 0} n 1)) :
  LE.le.{0} (a j) (a (Entry005.largestCoordinate a))
'Entry005.largest_coordinate_max' depends on axioms: [propext, Classical.choice.{u}, Quot.sound.{u}]
Entry005.largest_coordinate_positive {n : ℕ} {a : Fin (HAdd.hAdd.{0, 0, 0} n 1) → ℝ} (hsum : Eq.{1} (∑ i, a i) 1) :
  LT.lt.{0} 0 (a (Entry005.largestCoordinate a))
'Entry005.largest_coordinate_positive' depends on axioms: [propext, Classical.choice.{u}, Quot.sound.{u}]
Entry005.liftedAffineEquiv_apex.{u_1} {E : Type u_1} [NormedAddCommGroup.{u_1} E] [InnerProductSpace.{0, u_1} ℝ E]
  (f : AffineEquiv.{0, u_1, u_1, u_1, u_1} ℝ E E) :
  Eq.{u_1 + 1} ((Entry005.liftedAffineEquiv.{u_1} f) (WithLp.toLp.{u_1} 2 (Prod.mk.{u_1, 0} 0 1)))
    (WithLp.toLp.{u_1} 2 (Prod.mk.{u_1, 0} 0 1))
'Entry005.liftedAffineEquiv_apex' depends on axioms: [propext, Classical.choice.{u}, Quot.sound.{u}]
Entry005.liftedAffineEquiv_apply.{u_1} {E : Type u_1} [NormedAddCommGroup.{u_1} E] [InnerProductSpace.{0, u_1} ℝ E]
  (f : AffineEquiv.{0, u_1, u_1, u_1, u_1} ℝ E E) (x : E) (t : ℝ) :
  Eq.{u_1 + 1} ((Entry005.liftedAffineEquiv.{u_1} f) (WithLp.toLp.{u_1} 2 (Prod.mk.{u_1, 0} x t)))
    (WithLp.toLp.{u_1} 2
      (Prod.mk.{u_1, 0}
        (HAdd.hAdd.{u_1, u_1, u_1} ((AffineEquiv.linear.{0, u_1, u_1, u_1, u_1} f) x)
          (HSMul.hSMul.{0, u_1, u_1} (HSub.hSub.{0, 0, 0} 1 t) (f 0)))
        t))
'Entry005.liftedAffineEquiv_apply' depends on axioms: [propext, Classical.choice.{u}, Quot.sound.{u}]
Entry005.liftedAffineEquiv_base.{u_1} {E : Type u_1} [NormedAddCommGroup.{u_1} E] [InnerProductSpace.{0, u_1} ℝ E]
  (f : AffineEquiv.{0, u_1, u_1, u_1, u_1} ℝ E E) (x : E) :
  Eq.{u_1 + 1} ((Entry005.liftedAffineEquiv.{u_1} f) (WithLp.toLp.{u_1} 2 (Prod.mk.{u_1, 0} x 0)))
    (WithLp.toLp.{u_1} 2 (Prod.mk.{u_1, 0} (f x) 0))
'Entry005.liftedAffineEquiv_base' depends on axioms: [propext, Classical.choice.{u}, Quot.sound.{u}]
Entry005.liftedAffineEquiv_det.{u_1} {E : Type u_1} [NormedAddCommGroup.{u_1} E] [InnerProductSpace.{0, u_1} ℝ E]
  [FiniteDimensional.{0, u_1} ℝ E] (f : AffineEquiv.{0, u_1, u_1, u_1, u_1} ℝ E E) :
  Eq.{1} (LinearMap.det.{u_1, 0} ↑(AffineEquiv.linear.{0, u_1, u_1, u_1, u_1} (Entry005.liftedAffineEquiv.{u_1} f)))
    (LinearMap.det.{u_1, 0} ↑(AffineEquiv.linear.{0, u_1, u_1, u_1, u_1} f))
'Entry005.liftedAffineEquiv_det' depends on axioms: [propext, Classical.choice.{u}, Quot.sound.{u}]
Entry005.liftedAffineEquiv_symm_apply.{u_1} {E : Type u_1} [NormedAddCommGroup.{u_1} E] [InnerProductSpace.{0, u_1} ℝ E]
  (f : AffineEquiv.{0, u_1, u_1, u_1, u_1} ℝ E E) (y : E) (t : ℝ) :
  Eq.{u_1 + 1}
    ((AffineEquiv.symm.{0, u_1, u_1, u_1, u_1} (Entry005.liftedAffineEquiv.{u_1} f))
      (WithLp.toLp.{u_1} 2 (Prod.mk.{u_1, 0} y t)))
    (WithLp.toLp.{u_1} 2
      (Prod.mk.{u_1, 0}
        ((LinearEquiv.symm.{0, 0, u_1, u_1} (AffineEquiv.linear.{0, u_1, u_1, u_1, u_1} f))
          (HSub.hSub.{u_1, u_1, u_1} y (HSMul.hSMul.{0, u_1, u_1} (HSub.hSub.{0, 0, 0} 1 t) (f 0))))
        t))
'Entry005.liftedAffineEquiv_symm_apply' depends on axioms: [propext, Classical.choice.{u}, Quot.sound.{u}]
Entry005.lifted_determinant_expansion {d : ℕ} (base : Fin d → Fin d → ℝ) (x : Fin d → ℝ) :
  Eq.{1} (Entry005.liftedDeterminant base x)
    (HAdd.hAdd.{0, 0, 0} (Entry005.horizontalDeterminant base)
      (∑ i, HMul.hMul.{0, 0, 0} (Entry005.witnessCofactor base i.succ) (x i)))
'Entry005.lifted_determinant_expansion' depends on axioms: [propext, Classical.choice.{u}, Quot.sound.{u}]
Entry005.lifted_determinant_integrable.{u_1} {α : Type u_1} [MeasurableSpace.{u_1} α]
  {μ : MeasureTheory.Measure.{u_1} α} {d : ℕ} (base : Fin d → Fin d → ℝ) [MeasureTheory.IsFiniteMeasure.{u_1} μ]
  {X : α → Fin d → ℝ} (hX : ∀ (i : Fin d), MeasureTheory.Integrable.{0, u_1} (fun x => X x i) μ) :
  MeasureTheory.Integrable.{0, u_1} (fun x => Entry005.liftedDeterminant base (X x)) μ
'Entry005.lifted_determinant_integrable' depends on axioms: [propext, Classical.choice.{u}, Quot.sound.{u}]
Entry005.lifted_iid_first_moment_map.{u_1} {Ω : Type u_1} [TopologicalSpace.{u_1} Ω] {d : ℕ} [MeasurableSpace.{u_1} Ω]
  [BorelSpace.{u_1} Ω] (x : ContinuousMap.{u_1, 0} Ω (Fin d → ℝ)) (ν : MeasureTheory.ProbabilityMeasure.{u_1} Ω) :
  Eq.{1}
    (∫ (w : Fin (HAdd.hAdd.{0, 0, 0} d 1) → Fin d → ℝ),
      abs.{0}
        (Entry005.liftedDeterminant (fun j => w j.succ)
          (w 0)) ∂Entry005.iidLaw.{0} (↑(MeasureTheory.ProbabilityMeasure.map.{u_1, 0} ν ⇑x)) (HAdd.hAdd.{0, 0, 0} d 1))
    (∫ (w : Fin (HAdd.hAdd.{0, 0, 0} d 1) → Ω),
      abs.{0}
        (Entry005.liftedDeterminant (fun j => x (w j.succ))
          (x (w 0))) ∂Entry005.iidLaw.{u_1} (↑ν) (HAdd.hAdd.{0, 0, 0} d 1))
'Entry005.lifted_iid_first_moment_map' depends on axioms: [propext, Classical.choice.{u}, Quot.sound.{u}]
Entry005.lifted_unit_column_norm {d : ℕ} (x : Fin d → ℝ) (hx : LE.le.{0} (norm.{0} (WithLp.toLp.{0} 2 x)) 1) :
  LE.le.{0} (norm.{0} (WithLp.toLp.{0} 2 (Entry005.liftedCoordinates.{0} id.{1} x))) √2
'Entry005.lifted_unit_column_norm' depends on axioms: [propext, Classical.choice.{u}, Quot.sound.{u}]
Entry005.lower_projected_facets_inter_volume_zero.{u_1, u_2} {ι : Type u_1} {E : Type u_2} [NormedAddCommGroup.{u_2} E]
  [InnerProductSpace.{0, u_2} ℝ E] [FiniteDimensional.{0, u_2} ℝ E] [MeasurableSpace.{u_2} E] [BorelSpace.{u_2} E]
  (n : ι → E) (h : ι → ℝ) (hn : ∀ (i : ι), Eq.{1} (norm.{u_2} (n i)) 1) (i j : ι) (hij : Ne.{u_2 + 1} (n i) (n j))
  (u : E) (hu : Eq.{1} (norm.{u_2} u) 1) (hi : LT.lt.{0} (inner.{0, u_2} ℝ (n i) u) 0)
  (hj : LT.lt.{0} (inner.{0, u_2} ℝ (n j) u) 0) :
  Eq.{1}
    (MeasureTheory.volume.{u_2}
      (Inter.inter.{u_2}
        (Set.image.{u_2, u_2}
          (⇑(Submodule.orthogonalProjectionOnto.{0, u_2}
              (Submodule.orthogonal.{0, u_2} (Submodule.span.{0, u_2} ℝ (singleton.{u_2, u_2} u)))))
          (Entry005.finiteHalfspaceFacet.{u_1, u_2} n h i))
        (Set.image.{u_2, u_2}
          (⇑(Submodule.orthogonalProjectionOnto.{0, u_2}
              (Submodule.orthogonal.{0, u_2} (Submodule.span.{0, u_2} ℝ (singleton.{u_2, u_2} u)))))
          (Entry005.finiteHalfspaceFacet.{u_1, u_2} n h j))))
    0
'Entry005.lower_projected_facets_inter_volume_zero' depends on axioms: [propext, Classical.choice.{u}, Quot.sound.{u}]
Entry005.maximumInscribed_R0_ball {d : ℕ} (hd : LE.le.{0} 1 d) (K : ConvexBody.{0} (Entry005.Space d))
  (S : Affine.Simplex.{0, 0, 0} ℝ (Entry005.Space d) d) (hmax : Entry005.maximumInscribed K S)
  (hR : ∀ (i : Fin (HAdd.hAdd.{0, 0, 0} d 1)), LE.le.{0} (norm.{0} (Affine.Simplex.points.{0, 0, 0} S i)) ↑d) :
  ↑K ⊆ Metric.closedBall.{0} 0 (Entry005.R0 d)
'Entry005.maximumInscribed_R0_ball' depends on axioms: [propext, Classical.choice.{u}, Quot.sound.{u}]
Entry005.maximumInscribed_affine_iff {d : ℕ} (f : AffineEquiv.{0, 0, 0, 0, 0} ℝ (Entry005.Space d) (Entry005.Space d))
  (K : ConvexBody.{0} (Entry005.Space d)) (S : Affine.Simplex.{0, 0, 0} ℝ (Entry005.Space d) d) :
  Entry005.maximumInscribed (Entry005.affineBody f K) (Entry005.affineSimplex f S) ↔ Entry005.maximumInscribed K S
'Entry005.maximumInscribed_affine_iff' depends on axioms: [propext, Classical.choice.{u}, Quot.sound.{u}]
Entry005.maximumInscribed_centered_bound {d : ℕ} (hd : LE.le.{0} 1 d) (K : ConvexBody.{0} (Entry005.Space d))
  (S : Affine.Simplex.{0, 0, 0} ℝ (Entry005.Space d) d) (hmax : Entry005.maximumInscribed K S) :
  ↑K ⊆ Entry005.centeredDilation S (HAdd.hAdd.{0, 0, 0} (↑d) 1)
'Entry005.maximumInscribed_centered_bound' depends on axioms: [propext, Classical.choice.{u}, Quot.sound.{u}]
Entry005.maximumInscribed_coord_abs_le_one {d : ℕ} (hd : LE.le.{0} 1 d) (K : ConvexBody.{0} (Entry005.Space d))
  (S : Affine.Simplex.{0, 0, 0} ℝ (Entry005.Space d) d) (hmax : Entry005.maximumInscribed K S) (x : Entry005.Space d)
  (hx : Membership.mem.{0, 0} (↑K) x) (i : Fin (HAdd.hAdd.{0, 0, 0} d 1)) :
  LE.le.{0} (abs.{0} ((Entry005.simplexCoord S i) x)) 1
'Entry005.maximumInscribed_coord_abs_le_one' depends on axioms: [propext, Classical.choice.{u}, Quot.sound.{u}]
Entry005.maximumInscribed_excess_le_dim_add_one {d : ℕ} (hd : LE.le.{0} 1 d) (K : ConvexBody.{0} (Entry005.Space d))
  (S : Affine.Simplex.{0, 0, 0} ℝ (Entry005.Space d) d) (hmax : Entry005.maximumInscribed K S) :
  LE.le.{0} (Entry005.excess (↑K) S) (HAdd.hAdd.{0, 0, 0} (↑d) 1)
'Entry005.maximumInscribed_excess_le_dim_add_one' depends on axioms: [propext, Classical.choice.{u}, Quot.sound.{u}]
Entry005.maximumInscribed_outer_ball {d : ℕ} (hd : LE.le.{0} 1 d) (K : ConvexBody.{0} (Entry005.Space d))
  (S : Affine.Simplex.{0, 0, 0} ℝ (Entry005.Space d) d) (hmax : Entry005.maximumInscribed K S) (R : ℝ)
  (hR : ∀ (i : Fin (HAdd.hAdd.{0, 0, 0} d 1)), LE.le.{0} (norm.{0} (Affine.Simplex.points.{0, 0, 0} S i)) R) :
  ↑K ⊆ Metric.closedBall.{0} 0 (HMul.hMul.{0, 0, 0} (HAdd.hAdd.{0, 0, 0} (↑d) 1) R)
'Entry005.maximumInscribed_outer_ball' depends on axioms: [propext, Classical.choice.{u}, Quot.sound.{u}]
Entry005.maximumInscribed_regular_norm_sq {d : ℕ} (hd : LE.le.{0} 1 d) (K : ConvexBody.{0} (Entry005.Space d))
  (hmax : Entry005.maximumInscribed K (Entry005.regularSimplex d hd)) (x : Entry005.Space d)
  (hx : Membership.mem.{0, 0} (↑K) x) :
  LE.le.{0} (HPow.hPow.{0, 0, 0} (norm.{0} x) 2)
    (HMul.hMul.{0, 0, 0} (HPow.hPow.{0, 0, 0} (↑d) 2) (HAdd.hAdd.{0, 0, 0} (↑d) 2))
'Entry005.maximumInscribed_regular_norm_sq' depends on axioms: [propext, Classical.choice.{u}, Quot.sound.{u}]
Entry005.maximumInscribed_regular_sharp_ball {d : ℕ} (hd : LE.le.{0} 1 d) (K : ConvexBody.{0} (Entry005.Space d))
  (hmax : Entry005.maximumInscribed K (Entry005.regularSimplex d hd)) :
  ↑K ⊆ Metric.closedBall.{0} 0 (HMul.hMul.{0, 0, 0} ↑d √(HAdd.hAdd.{0, 0, 0} (↑d) 2))
'Entry005.maximumInscribed_regular_sharp_ball' depends on axioms: [propext, Classical.choice.{u}, Quot.sound.{u}]
Entry005.maximum_simplex_excess_le_R0_sub_one {d : ℕ} (hd : LE.le.{0} 1 d) (K : ConvexBody.{0} (Entry005.Space d))
  (S : Affine.Simplex.{0, 0, 0} ℝ (Entry005.Space d) d) (hmax : Entry005.maximumInscribed K S) :
  LE.le.{0} (Entry005.excess (↑K) S) (HSub.hSub.{0, 0, 0} (Entry005.R0 d) 1)
'Entry005.maximum_simplex_excess_le_R0_sub_one' depends on axioms: [propext, Classical.choice.{u}, Quot.sound.{u}]
Entry005.maximum_simplex_normalized_geometric_endpoint {d : ℕ} (hd : LE.le.{0} 2 d)
  (K : ConvexBody.{0} (Entry005.Space d)) (S : Affine.Simplex.{0, 0, 0} ℝ (Entry005.Space d) d)
  (hmax : Entry005.maximumInscribed K S) :
  ∃ f,
    Eq.{1} (Affine.Simplex.centroid.{0, 0, 0} (Entry005.affineSimplex f S)) 0 ∧
      Metric.closedBall.{0} 0 1 ⊆ Entry005.simplexSet (Entry005.affineSimplex f S) ∧
        Entry005.maximumInscribed (Entry005.affineBody f K) (Entry005.affineSimplex f S) ∧
          ∀ (P : Affine.Simplex.{0, 0, 0} ℝ (Entry005.Space d) d) (M η : ℝ),
            ↑K ⊆ Entry005.simplexSet P →
              (∀ (i : Fin (HAdd.hAdd.{0, 0, 0} d 1)),
                  LE.le.{0} (norm.{0} (Affine.Simplex.points.{0, 0, 0} (Entry005.affineSimplex f P) i)) M) →
                LE.le.{0} 0 η →
                  LE.le.{0} (HMul.hMul.{0, 0, 0} (↑d) (Entry005.projectionHausdorffBound d M η)) (1 / 8) →
                    (∀ (u : Entry005.Space d),
                        Eq.{1} (norm.{0} u) 1 →
                          LE.le.{0}
                            (HSub.hSub.{0, 0, 0}
                              (Entry005.projectedVolume.{0}
                                  (Submodule.orthogonal.{0, 0} (Submodule.span.{0, 0} ℝ (singleton.{0, 0} u)))
                                  (Entry005.simplexBody (Entry005.affineSimplex f P))).toReal
                              (Entry005.projectedVolume.{0}
                                  (Submodule.orthogonal.{0, 0} (Submodule.span.{0, 0} ℝ (singleton.{0, 0} u)))
                                  (Entry005.affineBody f K)).toReal)
                            η) →
                      LE.le.{0} (Entry005.excess (↑K) S)
                        (HMul.hMul.{0, 0, 0} (HMul.hMul.{0, 0, 0} (HMul.hMul.{0, 0, 0} 2 M) ↑d)
                          (Entry005.projectionHausdorffBound d M η))
'Entry005.maximum_simplex_normalized_geometric_endpoint' depends on axioms: [propext,
 Classical.choice.{u},
 Quot.sound.{u}]
Entry005.maximum_simplex_regular_geometric_endpoint {d : ℕ} (hd : LE.le.{0} 2 d) (K : ConvexBody.{0} (Entry005.Space d))
  (S : Affine.Simplex.{0, 0, 0} ℝ (Entry005.Space d) d) (hmax : Entry005.maximumInscribed K S) :
  ∃ f,
    Eq.{1} (Affine.Simplex.centroid.{0, 0, 0} (Entry005.affineSimplex f S)) 0 ∧
      Metric.closedBall.{0} 0 1 ⊆ Entry005.simplexSet (Entry005.affineSimplex f S) ∧
        (∀ (i : Fin (HAdd.hAdd.{0, 0, 0} d 1)),
            Eq.{1} (norm.{0} (Affine.Simplex.points.{0, 0, 0} (Entry005.affineSimplex f S) i)) ↑d) ∧
          Entry005.maximumInscribed (Entry005.affineBody f K) (Entry005.affineSimplex f S) ∧
            ↑(Entry005.affineBody f K) ⊆ Metric.closedBall.{0} 0 (Entry005.R0 d) ∧
              LE.le.{0} (Entry005.excess (↑K) S) (HSub.hSub.{0, 0, 0} (Entry005.R0 d) 1) ∧
                ∀ (P : Affine.Simplex.{0, 0, 0} ℝ (Entry005.Space d) d) (M η : ℝ),
                  ↑K ⊆ Entry005.simplexSet P →
                    (∀ (i : Fin (HAdd.hAdd.{0, 0, 0} d 1)),
                        LE.le.{0} (norm.{0} (Affine.Simplex.points.{0, 0, 0} (Entry005.affineSimplex f P) i)) M) →
                      LE.le.{0} 0 η →
                        LE.le.{0} (HMul.hMul.{0, 0, 0} (↑d) (Entry005.projectionHausdorffBound d M η)) (1 / 8) →
                          (∀ (u : Entry005.Space d),
                              Eq.{1} (norm.{0} u) 1 →
                                LE.le.{0}
                                  (HSub.hSub.{0, 0, 0}
                                    (Entry005.projectedVolume.{0}
                                        (Submodule.orthogonal.{0, 0} (Submodule.span.{0, 0} ℝ (singleton.{0, 0} u)))
                                        (Entry005.simplexBody (Entry005.affineSimplex f P))).toReal
                                    (Entry005.projectedVolume.{0}
                                        (Submodule.orthogonal.{0, 0} (Submodule.span.{0, 0} ℝ (singleton.{0, 0} u)))
                                        (Entry005.affineBody f K)).toReal)
                                  η) →
                            LE.le.{0} (Entry005.excess (↑K) S)
                              (HMul.hMul.{0, 0, 0} (HMul.hMul.{0, 0, 0} (HMul.hMul.{0, 0, 0} 2 M) ↑d)
                                (Entry005.projectionHausdorffBound d M η))
'Entry005.maximum_simplex_regular_geometric_endpoint' depends on axioms: [propext, Classical.choice.{u}, Quot.sound.{u}]
Entry005.maximum_simplex_regular_normalization {d : ℕ} (hd : LE.le.{0} 1 d) (K : ConvexBody.{0} (Entry005.Space d))
  (S : Affine.Simplex.{0, 0, 0} ℝ (Entry005.Space d) d) (hmax : Entry005.maximumInscribed K S) :
  ∃ f,
    Eq.{1} (Entry005.affineSimplex f S) (Entry005.regularSimplex d hd) ∧
      Eq.{1} (Affine.Simplex.centroid.{0, 0, 0} (Entry005.affineSimplex f S)) 0 ∧
        Metric.closedBall.{0} 0 1 ⊆ Entry005.simplexSet (Entry005.affineSimplex f S) ∧
          (∀ (i : Fin (HAdd.hAdd.{0, 0, 0} d 1)),
              Eq.{1} (norm.{0} (Affine.Simplex.points.{0, 0, 0} (Entry005.affineSimplex f S) i)) ↑d) ∧
            Entry005.maximumInscribed (Entry005.affineBody f K) (Entry005.affineSimplex f S) ∧
              Eq.{1} (Entry005.excess (↑(Entry005.affineBody f K)) (Entry005.affineSimplex f S))
                (Entry005.excess (↑K) S)
'Entry005.maximum_simplex_regular_normalization' depends on axioms: [propext, Classical.choice.{u}, Quot.sound.{u}]
Entry005.maximum_simplex_sharp_radius_normalization {d : ℕ} (hd : LE.le.{0} 1 d) (K : ConvexBody.{0} (Entry005.Space d))
  (S : Affine.Simplex.{0, 0, 0} ℝ (Entry005.Space d) d) (hmax : Entry005.maximumInscribed K S) :
  ∃ f,
    Eq.{1} (Entry005.affineSimplex f S) (Entry005.regularSimplex d hd) ∧
      Eq.{1} (Affine.Simplex.centroid.{0, 0, 0} (Entry005.affineSimplex f S)) 0 ∧
        Metric.closedBall.{0} 0 1 ⊆ Entry005.simplexSet (Entry005.affineSimplex f S) ∧
          (∀ (i : Fin (HAdd.hAdd.{0, 0, 0} d 1)),
              Eq.{1} (norm.{0} (Affine.Simplex.points.{0, 0, 0} (Entry005.affineSimplex f S) i)) ↑d) ∧
            Entry005.maximumInscribed (Entry005.affineBody f K) (Entry005.affineSimplex f S) ∧
              ↑(Entry005.affineBody f K) ⊆
                  Metric.closedBall.{0} 0 (HMul.hMul.{0, 0, 0} ↑d √(HAdd.hAdd.{0, 0, 0} (↑d) 2)) ∧
                Eq.{1} (Entry005.excess (↑(Entry005.affineBody f K)) (Entry005.affineSimplex f S))
                  (Entry005.excess (↑K) S)
'Entry005.maximum_simplex_sharp_radius_normalization' depends on axioms: [propext, Classical.choice.{u}, Quot.sound.{u}]
Entry005.maximum_simplex_strong_geometric_endpoint {d : ℕ} (hd : LE.le.{0} 2 d) (K : ConvexBody.{0} (Entry005.Space d))
  (S : Affine.Simplex.{0, 0, 0} ℝ (Entry005.Space d) d) (hmax : Entry005.maximumInscribed K S) :
  ∃ f,
    Eq.{1} (Affine.Simplex.centroid.{0, 0, 0} (Entry005.affineSimplex f S)) 0 ∧
      Metric.closedBall.{0} 0 1 ⊆ Entry005.simplexSet (Entry005.affineSimplex f S) ∧
        (∀ (i : Fin (HAdd.hAdd.{0, 0, 0} d 1)),
            Eq.{1} (norm.{0} (Affine.Simplex.points.{0, 0, 0} (Entry005.affineSimplex f S) i)) ↑d) ∧
          Entry005.maximumInscribed (Entry005.affineBody f K) (Entry005.affineSimplex f S) ∧
            ↑(Entry005.affineBody f K) ⊆ Metric.closedBall.{0} 0 (Entry005.regularMaximumRadius d) ∧
              LE.le.{0} (Entry005.excess (↑K) S) (HAdd.hAdd.{0, 0, 0} (↑d) 1) ∧
                ∀ (P : Affine.Simplex.{0, 0, 0} ℝ (Entry005.Space d) d) (η : ℝ),
                  ↑(Entry005.affineBody f K) ⊆ Entry005.simplexSet P →
                    LE.le.{0} 0 η →
                      LE.le.{0}
                          (HMul.hMul.{0, 0, 0} (↑d)
                            (Entry005.innerProjectionRadius d (Entry005.regularMaximumRadius d) η))
                          (1 / 8) →
                        (∀ (u : Entry005.Space d),
                            Eq.{1} (norm.{0} u) 1 →
                              LE.le.{0}
                                (HSub.hSub.{0, 0, 0}
                                  (Entry005.projectedVolume.{0}
                                      (Submodule.orthogonal.{0, 0} (Submodule.span.{0, 0} ℝ (singleton.{0, 0} u)))
                                      (Entry005.simplexBody P)).toReal
                                  (Entry005.projectedVolume.{0}
                                      (Submodule.orthogonal.{0, 0} (Submodule.span.{0, 0} ℝ (singleton.{0, 0} u)))
                                      (Entry005.affineBody f K)).toReal)
                                η) →
                          LE.le.{0} (Entry005.excess (↑K) S)
                            (HMul.hMul.{0, 0, 0}
                              (HMul.hMul.{0, 0, 0}
                                (HMul.hMul.{0, 0, 0} 2 (HAdd.hAdd.{0, 0, 0} (Entry005.regularMaximumRadius d) 1)) ↑d)
                              (Entry005.innerProjectionRadius d (Entry005.regularMaximumRadius d) η))
'Entry005.maximum_simplex_strong_geometric_endpoint' depends on axioms: [propext, Classical.choice.{u}, Quot.sound.{u}]
Entry005.maximum_simplex_strong_normalization_invariants {d : ℕ} (hd : LE.le.{0} 1 d)
  (K : ConvexBody.{0} (Entry005.Space d)) (S : Affine.Simplex.{0, 0, 0} ℝ (Entry005.Space d) d)
  (hmax : Entry005.maximumInscribed K S) :
  ∃ f,
    Eq.{1} (Entry005.affineSimplex f S) (Entry005.regularSimplex d hd) ∧
      Eq.{1} (Affine.Simplex.centroid.{0, 0, 0} (Entry005.affineSimplex f S)) 0 ∧
        Metric.closedBall.{0} 0 1 ⊆ Entry005.simplexSet (Entry005.affineSimplex f S) ∧
          Entry005.maximumInscribed (Entry005.affineBody f K) (Entry005.affineSimplex f S) ∧
            ↑(Entry005.affineBody f K) ⊆ Metric.closedBall.{0} 0 (Entry005.regularMaximumRadius d) ∧
              Eq.{1} (Entry005.entryA.{0} ↑(Entry005.affineBody f K)) (Entry005.entryA.{0} ↑K) ∧
                Eq.{1} (Entry005.entryDefect.{0} ↑(Entry005.affineBody f K)) (Entry005.entryDefect.{0} ↑K) ∧
                  Eq.{1} (Entry005.excess (↑(Entry005.affineBody f K)) (Entry005.affineSimplex f S))
                    (Entry005.excess (↑K) S)
'Entry005.maximum_simplex_strong_normalization_invariants' depends on axioms: [propext,
 Classical.choice.{u},
 Quot.sound.{u}]
Entry005.maximum_simplex_volume_ratio {d : ℕ} (hd : LE.le.{0} 1 d) (K : ConvexBody.{0} (Entry005.Space d))
  (P S : Affine.Simplex.{0, 0, 0} ℝ (Entry005.Space d) d) (c : Entry005.Space d) (s : ℝ)
  (hmax : Entry005.maximumInscribed K S) (_hs0 : LE.le.{0} 0 s) (hs1 : LT.lt.{0} s 1)
  (hshrink :
    Set.image.{0, 0} (⇑(AffineMap.homothety.{0, 0, 0} c (HSub.hSub.{0, 0, 0} 1 s))) (Entry005.simplexSet P) ⊆ ↑K) :
  LE.le.{0} (HPow.hPow.{0, 0, 0} (HSub.hSub.{0, 0, 0} 1 s) d)
      (HDiv.hDiv.{0, 0, 0} (MeasureTheory.volume.{0} (Entry005.simplexSet S)).toReal
        (MeasureTheory.volume.{0} (Entry005.simplexSet P)).toReal) ∧
    LE.le.{0} (HSub.hSub.{0, 0, 0} 1 (HMul.hMul.{0, 0, 0} (↑d) s)) (HPow.hPow.{0, 0, 0} (HSub.hSub.{0, 0, 0} 1 s) d) ∧
      LE.le.{0} (HSub.hSub.{0, 0, 0} 1 (HMul.hMul.{0, 0, 0} (↑d) s))
        (HDiv.hDiv.{0, 0, 0} (MeasureTheory.volume.{0} (Entry005.simplexSet S)).toReal
          (MeasureTheory.volume.{0} (Entry005.simplexSet P)).toReal)
'Entry005.maximum_simplex_volume_ratio' depends on axioms: [propext, Classical.choice.{u}, Quot.sound.{u}]
Entry005.maximum_simplex_zero_hausdorff {d : ℕ} (hd : LE.le.{0} 1 d) (K : ConvexBody.{0} (Entry005.Space d))
  (P S : Affine.Simplex.{0, 0, 0} ℝ (Entry005.Space d) d) (M : ℝ) (hmax : Entry005.maximumInscribed K S)
  (hKP : ↑K ⊆ Entry005.simplexSet P)
  (hbound : ∀ (i : Fin (HAdd.hAdd.{0, 0, 0} d 1)), LE.le.{0} (norm.{0} (Affine.Simplex.points.{0, 0, 0} P i)) M)
  (hball : Metric.closedBall.{0} 0 1 ⊆ Entry005.simplexSet S)
  (hhaus : Eq.{1} (Metric.hausdorffDist.{0} (↑K) (Entry005.simplexSet P)) 0) :
  Eq.{1} (↑K) (Entry005.simplexSet S) ∧ Eq.{1} (Entry005.simplexSet P) (Entry005.simplexSet S)
'Entry005.maximum_simplex_zero_hausdorff' depends on axioms: [propext, Classical.choice.{u}, Quot.sound.{u}]
Entry005.measurable_anchor_coordinates {d : ℕ} (w : Fin (HAdd.hAdd.{0, 0, 0} d 1) → Fin d → ℝ)
  (i : Fin (HAdd.hAdd.{0, 0, 0} d 1)) : Measurable.{0, 0} fun x => Entry005.anchorCoordinates w x i
'Entry005.measurable_anchor_coordinates' depends on axioms: [propext, Classical.choice.{u}, Quot.sound.{u}]
Entry005.measurable_compactBallRaw {d : ℕ} : Measurable.{0, 0} Entry005.compactBallRaw
'Entry005.measurable_compactBallRaw' depends on axioms: [propext, Classical.choice.{u}, Quot.sound.{u}]
Entry005.measurable_iid_anchor_volume {d : ℕ} :
  Measurable.{0, 0} fun w => abs.{0} (Matrix.det.{0, 0} (Entry005.anchorMatrix w))
'Entry005.measurable_iid_anchor_volume' depends on axioms: [propext, Classical.choice.{u}, Quot.sound.{u}]
Entry005.measurable_largest_coordinate.{u_1} {n : ℕ} {α : Type u_1} [MeasurableSpace.{u_1} α]
  {a : α → Fin (HAdd.hAdd.{0, 0, 0} n 1) → ℝ}
  (ha : ∀ (i : Fin (HAdd.hAdd.{0, 0, 0} n 1)), Measurable.{u_1, 0} fun x => a x i) :
  Measurable.{u_1, 0} fun x => Entry005.largestCoordinate (a x)
'Entry005.measurable_largest_coordinate' depends on axioms: [propext, Classical.choice.{u}, Quot.sound.{u}]
Entry005.measurable_lifted_determinant.{u_1} {α : Type u_1} [MeasurableSpace.{u_1} α] {d : ℕ}
  {base : α → Fin d → Fin d → ℝ} {X : α → Fin d → ℝ} (hbase : ∀ (i j : Fin d), Measurable.{u_1, 0} fun x => base x i j)
  (hX : ∀ (i : Fin d), Measurable.{u_1, 0} fun x => X x i) :
  Measurable.{u_1, 0} fun x => Entry005.liftedDeterminant (base x) (X x)
'Entry005.measurable_lifted_determinant' depends on axioms: [propext, Classical.choice.{u}, Quot.sound.{u}]
Entry005.measurable_rawToCompactBall {d : ℕ} : Measurable.{0, 0} Entry005.rawToCompactBall
'Entry005.measurable_rawToCompactBall' depends on axioms: [propext, Classical.choice.{u}, Quot.sound.{u}]
Entry005.mem_iff_geometricSupport.{u_1} {E : Type u_1} [NormedAddCommGroup.{u_1} E] [InnerProductSpace.{0, u_1} ℝ E]
  (K : ConvexBody.{u_1} E) (x : E) :
  Membership.mem.{u_1, u_1} K x ↔
    ∀ (n : E), Eq.{1} (norm.{u_1} n) 1 → LE.le.{0} (inner.{0, u_1} ℝ n x) (Entry005.geometricSupport.{u_1} K n)
'Entry005.mem_iff_geometricSupport' depends on axioms: [propext, Classical.choice.{u}, Quot.sound.{u}]
Entry005.mem_projectionBodySet_iff_brightness.{u_1} {E : Type u_1} [NormedAddCommGroup.{u_1} E]
  [InnerProductSpace.{0, u_1} ℝ E] [FiniteDimensional.{0, u_1} ℝ E] [MeasurableSpace.{u_1} E] [BorelSpace.{u_1} E]
  (K : Set.{u_1} E) (y : E) :
  Membership.mem.{u_1, u_1} (Entry005.projectionBodySet.{u_1} K) y ↔
    ∀ (u : E), LE.le.{0} (inner.{0, u_1} ℝ u y) (Entry005.projectionBrightness.{u_1} K u)
'Entry005.mem_projectionBodySet_iff_brightness' depends on axioms: [propext, Classical.choice.{u}, Quot.sound.{u}]
Entry005.mem_pyramidHalfspace_iff.{u_1, u_2} {ι : Type u_1} {E : Type u_2} [NormedAddCommGroup.{u_2} E]
  [InnerProductSpace.{0, u_2} ℝ E] (n : ι → E) (h : ι → ℝ) (x : E) (t : ℝ) :
  Membership.mem.{u_2, u_2}
      (Entry005.finiteHalfspaceSet.{u_1, u_2} (Entry005.pyramidHalfspaceNormal.{u_1, u_2} n h)
        (Entry005.pyramidHalfspaceHeight.{u_1} h))
      (WithLp.toLp.{u_2} 2 (Prod.mk.{u_2, 0} x t)) ↔
    LE.le.{0} 0 t ∧
      ∀ (i : ι), LE.le.{0} (HAdd.hAdd.{0, 0, 0} (inner.{0, u_2} ℝ (n i) x) (HMul.hMul.{0, 0, 0} (h i) t)) (h i)
'Entry005.mem_pyramidHalfspace_iff' depends on axioms: [propext, Classical.choice.{u}, Quot.sound.{u}]
Entry005.mem_pyramidSet_iff.{u_1} {E : Type u_1} [NormedAddCommGroup.{u_1} E] [InnerProductSpace.{0, u_1} ℝ E]
  {K : Set.{u_1} E} (hK : Convex.{0, u_1} ℝ K) (p : WithLp.{u_1} 2 (Prod.{u_1, 0} E ℝ)) :
  Membership.mem.{u_1, u_1} (Entry005.pyramidSet.{u_1} K) p ↔
    Eq.{u_1 + 1} p Entry005.pyramidApex.{u_1} ∨
      ∃ r,
        Membership.mem.{0, 0} (Set.Icc.{0} 0 1) r ∧
          ∃ z,
            Membership.mem.{u_1, u_1} K z ∧
              Eq.{u_1 + 1} p
                (WithLp.toLp.{u_1} 2 (Prod.mk.{u_1, 0} (HSMul.hSMul.{0, u_1, u_1} r z) (HSub.hSub.{0, 0, 0} 1 r)))
'Entry005.mem_pyramidSet_iff' depends on axioms: [propext, Classical.choice.{u}, Quot.sound.{u}]
Entry005.nested_body_cap_gain.{u_1} {E : Type u_1} [NormedAddCommGroup.{u_1} E] [InnerProductSpace.{0, u_1} ℝ E]
  [MeasurableSpace.{u_1} E] [BorelSpace.{u_1} E] [FiniteDimensional.{0, u_1} ℝ E] (μ : MeasureTheory.Measure.{u_1} E)
  [MeasureTheory.Measure.IsAddHaarMeasure.{u_1} μ] (K P : ConvexBody.{u_1} E) (M : ℝ) (hM : LE.le.{0} 0 M)
  (hball : Metric.closedBall.{u_1} 0 1 ⊆ ↑K) (hKP : LE.le.{u_1} K P) (hPM : ↑P ⊆ Metric.closedBall.{u_1} 0 M) (q : E)
  (hq : Membership.mem.{u_1, u_1} P q) (hqK : q ∉ K) :
  ∃ k,
    Membership.mem.{u_1, u_1} K k ∧
      (∀ (x : E),
          Membership.mem.{u_1, u_1} K x →
            LE.le.{0} (norm.{u_1} (HSub.hSub.{u_1, u_1, u_1} q k)) (norm.{u_1} (HSub.hSub.{u_1, u_1, u_1} q x))) ∧
        LE.le.{0}
          (HAdd.hAdd.{0, 0, 0} (μ ↑K)
            (HMul.hMul.{0, 0, 0}
              (ENNReal.ofReal
                (HPow.hPow.{0, 0, 0}
                  (HDiv.hDiv.{0, 0, 0} (norm.{u_1} (HSub.hSub.{u_1, u_1, u_1} q k))
                    (HMul.hMul.{0, 0, 0} 2 (HAdd.hAdd.{0, 0, 0} M 1)))
                  (Module.finrank.{0, u_1} ℝ E)))
              (μ (Metric.closedBall.{u_1} 0 1))))
          (μ ↑P)
'Entry005.nested_body_cap_gain' depends on axioms: [propext, Classical.choice.{u}, Quot.sound.{u}]
Entry005.normalHyperplane_finrank.{u_1} {E : Type u_1} [NormedAddCommGroup.{u_1} E] [InnerProductSpace.{0, u_1} ℝ E]
  [FiniteDimensional.{0, u_1} ℝ E] (u : E) (hu : Ne.{u_1 + 1} u 0) :
  Eq.{1} (Module.finrank.{0, u_1} ℝ ↥(Entry005.normalHyperplane.{u_1} u))
    (HSub.hSub.{0, 0, 0} (Module.finrank.{0, u_1} ℝ E) 1)
'Entry005.normalHyperplane_finrank' depends on axioms: [propext, Classical.choice.{u}, Quot.sound.{u}]
Entry005.normal_contraction_factor.{u_1} {E : Type u_1} [NormedAddCommGroup.{u_1} E] [InnerProductSpace.{0, u_1} ℝ E]
  [FiniteDimensional.{0, u_1} ℝ E] {d : ℕ} [Fact (Eq.{1} (Module.finrank.{0, u_1} ℝ E) (HAdd.hAdd.{0, 0, 0} d 1))]
  (f : AlternatingMap.{0, u_1, 0, 0} ℝ E ℝ (Fin (HAdd.hAdd.{0, 0, 0} d 1))) (n u : E) (hn : Eq.{1} (norm.{u_1} n) 1)
  (w : Fin d → ↥(Submodule.orthogonal.{0, u_1} (Submodule.span.{0, u_1} ℝ (singleton.{u_1, u_1} n)))) :
  Eq.{1} (f (Fin.cons.{u_1 + 1} u fun i => ↑(w i)))
    (HMul.hMul.{0, 0, 0} (inner.{0, u_1} ℝ n u) (f (Fin.cons.{u_1 + 1} n fun i => ↑(w i))))
'Entry005.normal_contraction_factor' depends on axioms: [propext, Classical.choice.{u}, Quot.sound.{u}]
Entry005.normalized_body_brightness_lower {d : ℕ} [Nontrivial.{0} (Entry005.Space d)] (K : Set.{0} (Entry005.Space d))
  (hc : IsCompact.{0} K) (hb : Metric.closedBall.{0} 0 1 ⊆ K) (u : Entry005.Space d) (hu : Eq.{1} (norm.{0} u) 1) :
  LE.le.{0} (Entry005.unitProjectionBallVolume d) (Entry005.projectionVolumeSet.{0} K u)
'Entry005.normalized_body_brightness_lower' depends on axioms: [propext, Classical.choice.{u}, Quot.sound.{u}]
Entry005.normalized_projection_body_contains_ball {d : ℕ} [Nontrivial.{0} (Entry005.Space d)]
  (K : Set.{0} (Entry005.Space d)) (hc : IsCompact.{0} K) (hb : Metric.closedBall.{0} 0 1 ⊆ K) :
  Metric.closedBall.{0} 0 (Entry005.unitProjectionBallVolume d) ⊆ Entry005.projectionBodySet.{0} K
'Entry005.normalized_projection_body_contains_ball' depends on axioms: [propext, Classical.choice.{u}, Quot.sound.{u}]
Entry005.normalized_projection_body_volume_pos {d : ℕ} [Nontrivial.{0} (Entry005.Space d)]
  (K : Set.{0} (Entry005.Space d)) (hc : IsCompact.{0} K) (hb : Metric.closedBall.{0} 0 1 ⊆ K) (R : ℝ)
  (hR : LE.le.{0} 0 R) (hbound : K ⊆ Metric.closedBall.{0} 0 R) :
  LT.lt.{0} 0 (MeasureTheory.volume.{0} (Entry005.projectionBodySet.{0} K)).toReal
'Entry005.normalized_projection_body_volume_pos' depends on axioms: [propext, Classical.choice.{u}, Quot.sound.{u}]
Entry005.normalized_projection_ratio_pos {d : ℕ} [Nontrivial.{0} (Entry005.Space d)] (K : Set.{0} (Entry005.Space d))
  (hc : IsCompact.{0} K) (hb : Metric.closedBall.{0} 0 1 ⊆ K) (R : ℝ) (hR : LE.le.{0} 0 R)
  (hbound : K ⊆ Metric.closedBall.{0} 0 R) : LT.lt.{0} 0 (Entry005.projectionRatio.{0} K)
'Entry005.normalized_projection_ratio_pos' depends on axioms: [propext, Classical.choice.{u}, Quot.sound.{u}]
Entry005.normalized_support_height_eq_one.{u_1} {E : Type u_1} [NormedAddCommGroup.{u_1} E]
  [InnerProductSpace.{0, u_1} ℝ E] (K : Set.{u_1} E) (hc : IsCompact.{u_1} K) (hne : Set.Nonempty.{u_1} K) (u : E)
  (hu : LT.lt.{0} 0 (Entry005.compactSupportHeight.{u_1} K u)) :
  Eq.{1}
    (Entry005.compactSupportHeight.{u_1} K
      (HSMul.hSMul.{0, u_1, u_1} (Inv.inv.{0} (Entry005.compactSupportHeight.{u_1} K u)) u))
    1
'Entry005.normalized_support_height_eq_one' depends on axioms: [propext, Classical.choice.{u}, Quot.sound.{u}]
Entry005.off_max_l1_le_cost {n : ℕ} {a : Fin (HAdd.hAdd.{0, 0, 0} n 1) → ℝ} {L : ℝ} (hL : LE.le.{0} 1 L)
  (ha : ∀ (i : Fin (HAdd.hAdd.{0, 0, 0} n 1)), LE.le.{0} (abs.{0} (a i)) L) :
  LE.le.{0} (∑ i, ite.{1} (Eq.{1} i (Entry005.largestCoordinate a)) 0 (abs.{0} (a i)))
    (HMul.hMul.{0, 0, 0} L (Entry005.assignmentCost a))
'Entry005.off_max_l1_le_cost' depends on axioms: [propext, Classical.choice.{u}, Quot.sound.{u}]
Entry005.off_max_l1_le_cost_of_no_clipping {n : ℕ} (a : Fin (HAdd.hAdd.{0, 0, 0} n 1) → ℝ)
  (hclip : ∀ (i : Fin (HAdd.hAdd.{0, 0, 0} n 1)), LE.le.{0} (max.{0} (Neg.neg.{0} (a i)) 0) 1) :
  LE.le.{0} (∑ i, ite.{1} (Eq.{1} i (Entry005.largestCoordinate a)) 0 (abs.{0} (a i))) (Entry005.assignmentCost a)
'Entry005.off_max_l1_le_cost_of_no_clipping' depends on axioms: [propext, Classical.choice.{u}, Quot.sound.{u}]
Entry005.official_brightness_eq_norm_mul {d : ℕ} (K : Set.{0} (Entry005.Space d)) (u : Entry005.Space d) :
  Eq.{1} (OAI.Paper092.brightness K u) (HMul.hMul.{0, 0, 0} (norm.{0} u) (Entry005.projectionVolumeSet.{0} K u))
'Entry005.official_brightness_eq_norm_mul' depends on axioms: [propext, Classical.choice.{u}, Quot.sound.{u}]
Entry005.official_normal_hyperplane_eq {d : ℕ} (u : Entry005.Space d) :
  Eq.{1} (OAI.Paper092.normalHyperplane u) (Submodule.orthogonal.{0, 0} (Submodule.span.{0, 0} ℝ (singleton.{0, 0} u)))
'Entry005.official_normal_hyperplane_eq' depends on axioms: [propext, Classical.choice.{u}, Quot.sound.{u}]
Entry005.official_normalized_projection_volume_eq {d : ℕ} (K : Set.{0} (Entry005.Space d)) :
  Eq.{1} (OAI.Paper092.normalizedProjectionVolume K) (Entry005.projectionRatio.{0} K)
'Entry005.official_normalized_projection_volume_eq' depends on axioms: [propext, Classical.choice.{u}, Quot.sound.{u}]
Entry005.official_projection_body_eq {d : ℕ} (K : Set.{0} (Entry005.Space d)) :
  Eq.{1} (OAI.Paper092.projectionBody K) (Entry005.projectionBodySet.{0} K)
'Entry005.official_projection_body_eq' depends on axioms: [propext, Classical.choice.{u}, Quot.sound.{u}]
Entry005.official_projection_volume_eq {d : ℕ} (K : Set.{0} (Entry005.Space d)) (u : Entry005.Space d) :
  Eq.{1} (OAI.Paper092.projectionVolume K u)
    (MeasureTheory.volume.{0}
      (Set.image.{0, 0}
        (⇑(Submodule.orthogonalProjectionOnto.{0, 0}
            (Submodule.orthogonal.{0, 0} (Submodule.span.{0, 0} ℝ (singleton.{0, 0} u)))))
        K))
'Entry005.official_projection_volume_eq' depends on axioms: [propext, Classical.choice.{u}, Quot.sound.{u}]
Entry005.official_projection_volume_real_eq {d : ℕ} (K : Set.{0} (Entry005.Space d)) (u : Entry005.Space d) :
  Eq.{1} (OAI.Paper092.projectionVolume K u).toReal (Entry005.projectionVolumeSet.{0} K u)
'Entry005.official_projection_volume_real_eq' depends on axioms: [propext, Classical.choice.{u}, Quot.sound.{u}]
Entry005.official_unit_brightness_eq {d : ℕ} (K : Set.{0} (Entry005.Space d)) (u : Entry005.Space d)
  (hu : Eq.{1} (norm.{0} u) 1) : Eq.{1} (OAI.Paper092.brightness K u) (Entry005.projectionVolumeSet.{0} K u)
'Entry005.official_unit_brightness_eq' depends on axioms: [propext, Classical.choice.{u}, Quot.sound.{u}]
Entry005.opposite_witness_integrable.{u_1} {α : Type u_1} [MeasurableSpace.{u_1} α] {μ : MeasureTheory.Measure.{u_1} α}
  [MeasureTheory.IsFiniteMeasure.{u_1} μ] {f : α → ℝ} (hf : MeasureTheory.Integrable.{0, u_1} f μ) :
  MeasureTheory.Integrable.{0, u_1} (fun z => Entry005.oppositeWitness (f z.1) (f z.2))
    (MeasureTheory.Measure.prod.{u_1, u_1} μ μ)
'Entry005.opposite_witness_integrable' depends on axioms: [propext, Classical.choice.{u}, Quot.sound.{u}]
Entry005.opposite_witness_integrable_same.{u_1} {α : Type u_1} [MeasurableSpace.{u_1} α]
  {μ : MeasureTheory.Measure.{u_1} α} {f g : α → ℝ} (hf : MeasureTheory.Integrable.{0, u_1} f μ)
  (hg : MeasureTheory.Integrable.{0, u_1} g μ) :
  MeasureTheory.Integrable.{0, u_1} (fun x => Entry005.oppositeWitness (f x) (g x)) μ
'Entry005.opposite_witness_integrable_same' depends on axioms: [propext, Classical.choice.{u}, Quot.sound.{u}]
Entry005.opposite_witness_mul (c a b : ℝ) :
  Eq.{1} (Entry005.oppositeWitness (HMul.hMul.{0, 0, 0} c a) (HMul.hMul.{0, 0, 0} c b))
    (HMul.hMul.{0, 0, 0} (abs.{0} c) (Entry005.oppositeWitness a b))
'Entry005.opposite_witness_mul' depends on axioms: [propext, Classical.choice.{u}, Quot.sound.{u}]
Entry005.opposite_witness_mul_nonneg {c : ℝ} (hc : LE.le.{0} 0 c) (a b : ℝ) :
  Eq.{1} (Entry005.oppositeWitness (HMul.hMul.{0, 0, 0} c a) (HMul.hMul.{0, 0, 0} c b))
    (HMul.hMul.{0, 0, 0} c (Entry005.oppositeWitness a b))
'Entry005.opposite_witness_mul_nonneg' depends on axioms: [propext, Classical.choice.{u}, Quot.sound.{u}]
Entry005.opposite_witness_neg_neg (a b : ℝ) :
  Eq.{1} (Entry005.oppositeWitness (Neg.neg.{0} a) (Neg.neg.{0} b)) (Entry005.oppositeWitness a b)
'Entry005.opposite_witness_neg_neg' depends on axioms: [propext, Classical.choice.{u}, Quot.sound.{u}]
Entry005.opposite_witness_nonneg (a b : ℝ) : LE.le.{0} 0 (Entry005.oppositeWitness a b)
'Entry005.opposite_witness_nonneg' depends on axioms: [propext, Classical.choice.{u}, Quot.sound.{u}]
Entry005.original_Q_assignment {d : ℕ} (hd : LE.le.{0} 1 d) (ν : MeasureTheory.Measure.{0} (Fin d → ℝ))
  [MeasureTheory.IsProbabilityMeasure.{0} ν]
  (hball : ∀ᵐ (x : Fin d → ℝ) ∂ν, LE.le.{0} (norm.{0} (WithLp.toLp.{0} 2 x)) 1)
  (hcenter : ∀ (i : Fin d), Eq.{1} (∫ (x : Fin d → ℝ), x i ∂ν) 0)
  (hround :
    ∀ (u : EuclideanSpace.{0, 0} ℝ (Fin d)),
      Eq.{1} (norm.{0} u) 1 →
        LE.le.{0} (HMul.hMul.{0, 0, 0} 2 (Entry005.b d))
          (Entry005.negativeIntegral.{0} ν fun x => dotProduct.{0, 0} (WithLp.ofLp.{0} u) x)) :
  ∃ w,
    (∀ (i : Fin (HAdd.hAdd.{0, 0, 0} d 1)),
        Membership.mem.{0, 0} (MeasureTheory.Measure.support.{0} ν) (w i) ∧
          LE.le.{0} (norm.{0} (WithLp.toLp.{0} 2 (w i))) 1) ∧
      LE.le.{0} (HPow.hPow.{0, 0, 0} (Entry005.b d) d) (abs.{0} (Matrix.det.{0, 0} (Entry005.anchorMatrix w))) ∧
        (Measurable.{0, 0} fun x => Entry005.largestCoordinate (Entry005.anchorCoordinates w x)) ∧
          MeasureTheory.Integrable.{0, 0}
              (fun x =>
                norm.{0}
                  (HSub.hSub.{0, 0, 0} (WithLp.toLp.{0} 2 x)
                    (WithLp.toLp.{0} 2 (w (Entry005.largestCoordinate (Entry005.anchorCoordinates w x))))))
              ν ∧
            LE.le.{0}
              (∫ (x : Fin d → ℝ),
                norm.{0}
                  (HSub.hSub.{0, 0, 0} (WithLp.toLp.{0} 2 x)
                    (WithLp.toLp.{0} 2 (w (Entry005.largestCoordinate (Entry005.anchorCoordinates w x))))) ∂ν)
              (HMul.hMul.{0, 0, 0} (Entry005.Q d)
                (Entry005.determinantLawDefect.{0, 0} (Entry005.iidLaw.{0} ν d) ν id.{1} id.{1}))
'Entry005.original_Q_assignment' depends on axioms: [propext, Classical.choice.{u}, Quot.sound.{u}]
Entry005.orthogonal_hyperplane_projection_formula.{u_1} {E : Type u_1} [NormedAddCommGroup.{u_1} E]
  [InnerProductSpace.{0, u_1} ℝ E] (v x : E) :
  Eq.{u_1 + 1}
    (↑((Submodule.orthogonalProjectionOnto.{0, u_1}
          (Submodule.orthogonal.{0, u_1} (Submodule.span.{0, u_1} ℝ (singleton.{u_1, u_1} v))))
        x))
    (HSub.hSub.{u_1, u_1, u_1} x
      (HSMul.hSMul.{0, u_1, u_1} (HDiv.hDiv.{0, 0, 0} (inner.{0, u_1} ℝ v x) (HPow.hPow.{0, 0, 0} (norm.{u_1} v) 2)) v))
'Entry005.orthogonal_hyperplane_projection_formula' depends on axioms: [propext, Classical.choice.{u}, Quot.sound.{u}]
Entry005.orthogonal_projection_closed_ball.{u_1} {E : Type u_1} [NormedAddCommGroup.{u_1} E]
  [InnerProductSpace.{0, u_1} ℝ E] (u : E) (R : ℝ) :
  Eq.{u_1 + 1}
    (Set.image.{u_1, u_1}
      (⇑(Submodule.orthogonalProjectionOnto.{0, u_1}
          (Submodule.orthogonal.{0, u_1} (Submodule.span.{0, u_1} ℝ (singleton.{u_1, u_1} u)))))
      (Metric.closedBall.{u_1} 0 R))
    (Metric.closedBall.{u_1} 0 R)
'Entry005.orthogonal_projection_closed_ball' depends on axioms: [propext, Classical.choice.{u}, Quot.sound.{u}]
Entry005.orthogonal_projection_smul_image.{u_1} {E : Type u_1} [NormedAddCommGroup.{u_1} E]
  [InnerProductSpace.{0, u_1} ℝ E] (K : Set.{u_1} E) (u : E) (a : ℝ) :
  Eq.{u_1 + 1}
    (Set.image.{u_1, u_1}
      (⇑(Submodule.orthogonalProjectionOnto.{0, u_1}
          (Submodule.orthogonal.{0, u_1} (Submodule.span.{0, u_1} ℝ (singleton.{u_1, u_1} u)))))
      (HSMul.hSMul.{0, u_1, u_1} a K))
    (HSMul.hSMul.{0, u_1, u_1} a
      (Set.image.{u_1, u_1}
        (⇑(Submodule.orthogonalProjectionOnto.{0, u_1}
            (Submodule.orthogonal.{0, u_1} (Submodule.span.{0, u_1} ℝ (singleton.{u_1, u_1} u)))))
        K))
'Entry005.orthogonal_projection_smul_image' depends on axioms: [propext, Classical.choice.{u}, Quot.sound.{u}]
Entry005.orthonormal_basis_det_coordinates.{u_2} {F : Type u_2} [NormedAddCommGroup.{u_2} F]
  [InnerProductSpace.{0, u_2} ℝ F] {n : ℕ} (b : OrthonormalBasis.{0, 0, u_2} (Fin n) ℝ F) (w : Fin n → F) :
  Eq.{1} ((Module.Basis.det.{0, u_2, 0} (OrthonormalBasis.toBasis.{0, 0, u_2} b)) w)
    (Matrix.det.{0, 0} fun i j => WithLp.ofLp.{0} ((OrthonormalBasis.repr.{0, 0, u_2} b) (w j)) i)
'Entry005.orthonormal_basis_det_coordinates' depends on axioms: [propext, Classical.choice.{u}, Quot.sound.{u}]
Entry005.orthonormal_determinant_height.{u_1} {E : Type u_1} [NormedAddCommGroup.{u_1} E]
  [InnerProductSpace.{0, u_1} ℝ E] {d : ℕ} [Fact (Eq.{1} (Module.finrank.{0, u_1} ℝ E) (HAdd.hAdd.{0, 0, 0} d 1))]
  (bE : OrthonormalBasis.{0, 0, u_1} (Fin (HAdd.hAdd.{0, 0, 0} d 1)) ℝ E) (v : E)
  (bH :
    OrthonormalBasis.{0, 0, u_1} (Fin d) ℝ
      ↥(Submodule.orthogonal.{0, u_1} (Submodule.span.{0, u_1} ℝ (singleton.{u_1, u_1} v))))
  (w : Fin d → E) :
  Eq.{1} (abs.{0} ((Module.Basis.det.{0, u_1, 0} (OrthonormalBasis.toBasis.{0, 0, u_1} bE)) (Fin.cons.{u_1 + 1} v w)))
    (HMul.hMul.{0, 0, 0} (norm.{u_1} v)
      (abs.{0}
        ((Module.Basis.det.{0, u_1, 0} (OrthonormalBasis.toBasis.{0, 0, u_1} bH)) fun i =>
          (Submodule.orthogonalProjectionOnto.{0, u_1}
              (Submodule.orthogonal.{0, u_1} (Submodule.span.{0, u_1} ℝ (singleton.{u_1, u_1} v))))
            (w i))))
'Entry005.orthonormal_determinant_height' depends on axioms: [propext, Classical.choice.{u}, Quot.sound.{u}]
Entry005.orthonormal_linear_image_volume.{u_1, u_2} {E : Type u_1} {F : Type u_2} [NormedAddCommGroup.{u_1} E]
  [InnerProductSpace.{0, u_1} ℝ E] [FiniteDimensional.{0, u_1} ℝ E] [MeasurableSpace.{u_1} E] [BorelSpace.{u_1} E]
  [NormedAddCommGroup.{u_2} F] [InnerProductSpace.{0, u_2} ℝ F] [FiniteDimensional.{0, u_2} ℝ F]
  [MeasurableSpace.{u_2} F] [BorelSpace.{u_2} F] {d : ℕ} (bE : OrthonormalBasis.{0, 0, u_1} (Fin d) ℝ E)
  (bF : OrthonormalBasis.{0, 0, u_2} (Fin d) ℝ F) (f : LinearMap.{0, 0, u_1, u_2} (RingHom.id.{0} ℝ) E F)
  (S : Set.{u_1} E) :
  Eq.{1} (MeasureTheory.volume.{u_2} (Set.image.{u_1, u_2} (⇑f) S))
    (HMul.hMul.{0, 0, 0}
      (ENNReal.ofReal
        (abs.{0} ((Module.Basis.det.{0, u_2, 0} (OrthonormalBasis.toBasis.{0, 0, u_2} bF)) fun i => f (bE i))))
      (MeasureTheory.volume.{u_1} S))
'Entry005.orthonormal_linear_image_volume' depends on axioms: [propext, Classical.choice.{u}, Quot.sound.{u}]
Entry005.outer_ball_after_small_hausdorff.{u_1} {E : Type u_1} [NormedAddCommGroup.{u_1} E]
  [InnerProductSpace.{0, u_1} ℝ E] (K P : ConvexBody.{u_1} E) (R : ℝ) (hKR : ↑K ⊆ Metric.closedBall.{u_1} 0 R)
  (hsmall : LE.le.{0} (Metric.hausdorffDist.{u_1} ↑K ↑P) 1) : ↑P ⊆ Metric.closedBall.{u_1} 0 (HAdd.hAdd.{0, 0, 0} R 1)
'Entry005.outer_ball_after_small_hausdorff' depends on axioms: [propext, Classical.choice.{u}, Quot.sound.{u}]
Entry005.pair_replacement_witness_lower {d : ℕ} (w : Fin (HAdd.hAdd.{0, 0, 0} d 1) → Fin d → ℝ)
  (hdet : Ne.{1} (Matrix.det.{0, 0} (Entry005.anchorMatrix w)) 0) (x : Fin d → ℝ)
  (i j : Fin (HAdd.hAdd.{0, 0, 0} d 1)) :
  LE.le.{0}
    (HMul.hMul.{0, 0, 0} (abs.{0} (Matrix.det.{0, 0} (Entry005.anchorMatrix w)))
      (min.{0} (max.{0} (Entry005.anchorCoordinates w x i) 0) (max.{0} (Entry005.anchorCoordinates w x j) 0)))
    (Entry005.oppositeWitness (Entry005.replacementDeterminant w x i)
      (Neg.neg.{0} (Entry005.replacementDeterminant w x j)))
'Entry005.pair_replacement_witness_lower' depends on axioms: [propext, Classical.choice.{u}, Quot.sound.{u}]
Entry005.paper_anchor_update {d : ℕ} (w : Fin (HAdd.hAdd.{0, 0, 0} d 1) → Fin d → ℝ) (x : Fin d → ℝ)
  (j : Fin (HAdd.hAdd.{0, 0, 0} d 1)) :
  Eq.{1} (Entry005.anchorMatrix (Function.update.{1, 1} w j x))
    (Matrix.updateCol.{0, 0, 0} (Entry005.anchorMatrix w) j (Entry005.liftedCoordinates.{0} id.{1} x))
'Entry005.paper_anchor_update' depends on axioms: [propext, Classical.choice.{u}, Quot.sound.{u}]
Entry005.paper_cases_swap_zero.{u_1} {α : Type u_1} {d : ℕ} (j k : Fin (HAdd.hAdd.{0, 0, 0} d 1))
  (w : Fin (HAdd.hAdd.{0, 0, 0} d 1) → α) (x : α) :
  Eq.{u_1 + 1} (Fin.cases.{u_1 + 1} x w ((Equiv.swap.{1} 0 j.succ) k.succ)) (Function.update.{1, u_1 + 1} w j x k)
'Entry005.paper_cases_swap_zero' depends on axioms: [propext, Classical.choice.{u}, Quot.sound.{u}]
Entry005.paper_first_matrices {d : ℕ} (i : Fin (HAdd.hAdd.{0, 0, 0} d 1))
  (w : Fin (HAdd.hAdd.{0, 0, 0} d 1) → Fin d → ℝ) (x : Fin d → ℝ) :
  Eq.{1} (Entry005.witnessMatrix (fun k => w ((Equiv.swap.{1} 0 i) k.succ)) (w i))
      (Matrix.submatrix.{0, 0, 0, 0, 0} (Entry005.anchorMatrix w) id.{1} ⇑(Equiv.swap.{1} 0 i)) ∧
    Eq.{1} (Entry005.witnessMatrix (fun k => w ((Equiv.swap.{1} 0 i) k.succ)) x)
      (Matrix.submatrix.{0, 0, 0, 0, 0}
        (Matrix.updateCol.{0, 0, 0} (Entry005.anchorMatrix w) i (Entry005.liftedCoordinates.{0} id.{1} x)) id.{1}
        ⇑(Equiv.swap.{1} 0 i))
'Entry005.paper_first_matrices' depends on axioms: [propext, Classical.choice.{u}, Quot.sound.{u}]
Entry005.paper_first_transport.{u_1} {α : Type u_1} [MeasurableSpace.{u_1} α] (d : ℕ)
  (i : Fin (HAdd.hAdd.{0, 0, 0} d 1)) (w : Fin (HAdd.hAdd.{0, 0, 0} d 1) → α) (x : α) :
  Eq.{u_1 + 1} ((Entry005.iidWitnessTransport.{u_1} d (Entry005.paperFirstPermutation d i)) (Prod.mk.{u_1, u_1} w x))
    (Prod.mk.{u_1, u_1} (fun k => w ((Equiv.swap.{1} 0 i) k.succ)) (Prod.mk.{u_1, u_1} x (w i)))
'Entry005.paper_first_transport' depends on axioms: [propext, Classical.choice.{u}, Quot.sound.{u}]
Entry005.paper_first_witness {d : ℕ} (i : Fin (HAdd.hAdd.{0, 0, 0} d 1)) (w : Fin (HAdd.hAdd.{0, 0, 0} d 1) → Fin d → ℝ)
  (x : Fin d → ℝ) :
  have z := (Entry005.iidWitnessTransport.{0} d (Entry005.paperFirstPermutation d i)) (Prod.mk.{0, 0} w x);
  Eq.{1} (Entry005.oppositeWitness (Entry005.liftedDeterminant z.1 z.2.1) (Entry005.liftedDeterminant z.1 z.2.2))
    (Entry005.oppositeWitness (Matrix.det.{0, 0} (Entry005.anchorMatrix w)) (Entry005.replacementDeterminant w x i))
'Entry005.paper_first_witness' depends on axioms: [propext, Classical.choice.{u}, Quot.sound.{u}]
Entry005.paper_iid_anchor_split_symm.{u_1} {α : Type u_1} [MeasurableSpace.{u_1} α] (d : ℕ)
  (w : Fin (HAdd.hAdd.{0, 0, 0} d 1) → α) (x : α) :
  Eq.{u_1 + 1} ((MeasurableEquiv.symm.{u_1, u_1} (Entry005.iidAnchorTestSplit.{u_1} d)) (Prod.mk.{u_1, u_1} w x))
    fun i => Fin.cases.{u_1 + 1} x w i
'Entry005.paper_iid_anchor_split_symm' depends on axioms: [propext, Classical.choice.{u}, Quot.sound.{u}]
Entry005.paper_iid_base_pair_split.{u_1} {α : Type u_1} [MeasurableSpace.{u_1} α] (d : ℕ)
  (g : Fin (HAdd.hAdd.{0, 0, 0} d 2) → α) :
  Eq.{u_1 + 1} ((Entry005.iidBasePairSplit.{u_1} d) g)
    (Prod.mk.{u_1, u_1} (fun k => g k.succ.succ) (Prod.mk.{u_1, u_1} (g 0) (g 1)))
'Entry005.paper_iid_base_pair_split' depends on axioms: [propext, Classical.choice.{u}, Quot.sound.{u}]
Entry005.paper_iid_transport.{u_1} {α : Type u_1} [MeasurableSpace.{u_1} α] (d : ℕ)
  (p : Equiv.Perm.{1} (Fin (HAdd.hAdd.{0, 0, 0} d 2))) (w : Fin (HAdd.hAdd.{0, 0, 0} d 1) → α) (x : α) :
  Eq.{u_1 + 1} ((Entry005.iidWitnessTransport.{u_1} d p) (Prod.mk.{u_1, u_1} w x))
    (Prod.mk.{u_1, u_1} (fun k => Fin.cases.{u_1 + 1} x w ((Equiv.symm.{1, 1} p) k.succ.succ))
      (Prod.mk.{u_1, u_1} (Fin.cases.{u_1 + 1} x w ((Equiv.symm.{1, 1} p) 0))
        (Fin.cases.{u_1 + 1} x w ((Equiv.symm.{1, 1} p) 1))))
'Entry005.paper_iid_transport' depends on axioms: [propext, Classical.choice.{u}, Quot.sound.{u}]
Entry005.paper_opposite_symm (a b : ℝ) : Eq.{1} (Entry005.oppositeWitness a b) (Entry005.oppositeWitness b a)
'Entry005.paper_opposite_symm' depends on axioms: [propext, Classical.choice.{u}, Quot.sound.{u}]
Entry005.paper_pair_first_matrix {d : ℕ} (i j : Fin (HAdd.hAdd.{0, 0, 0} d 1)) (hij : LT.lt.{0} i j)
  (w : Fin (HAdd.hAdd.{0, 0, 0} d 1) → Fin d → ℝ) (x : Fin d → ℝ) :
  Eq.{1} (Entry005.witnessMatrix (fun k => Function.update.{1, 1} w j x ((Equiv.swap.{1} 0 i) k.succ)) (w j))
    (Matrix.submatrix.{0, 0, 0, 0, 0}
      (Matrix.updateCol.{0, 0, 0} (Entry005.anchorMatrix w) i (Entry005.liftedCoordinates.{0} id.{1} x)) id.{1}
      ⇑(Equiv.trans.{1, 1, 1} (Equiv.swap.{1} 0 j) (Equiv.swap.{1} 0 i)))
'Entry005.paper_pair_first_matrix' depends on axioms: [propext, Classical.choice.{u}, Quot.sound.{u}]
Entry005.paper_pair_replacement_symm {d : ℕ} (w : Fin (HAdd.hAdd.{0, 0, 0} d 1) → Fin d → ℝ) (x : Fin d → ℝ)
  (i j : Fin (HAdd.hAdd.{0, 0, 0} d 1)) :
  Eq.{1}
    (Entry005.oppositeWitness (Entry005.replacementDeterminant w x i)
      (Neg.neg.{0} (Entry005.replacementDeterminant w x j)))
    (Entry005.oppositeWitness (Entry005.replacementDeterminant w x j)
      (Neg.neg.{0} (Entry005.replacementDeterminant w x i)))
'Entry005.paper_pair_replacement_symm' depends on axioms: [propext, Classical.choice.{u}, Quot.sound.{u}]
Entry005.paper_pair_second_matrix {d : ℕ} (i j : Fin (HAdd.hAdd.{0, 0, 0} d 1)) (hij : LT.lt.{0} i j)
  (w : Fin (HAdd.hAdd.{0, 0, 0} d 1) → Fin d → ℝ) (x : Fin d → ℝ) :
  Eq.{1} (Entry005.witnessMatrix (fun k => Function.update.{1, 1} w j x ((Equiv.swap.{1} 0 i) k.succ)) (w i))
    (Matrix.submatrix.{0, 0, 0, 0, 0}
      (Matrix.updateCol.{0, 0, 0} (Entry005.anchorMatrix w) j (Entry005.liftedCoordinates.{0} id.{1} x)) id.{1}
      ⇑(Equiv.swap.{1} 0 i))
'Entry005.paper_pair_second_matrix' depends on axioms: [propext, Classical.choice.{u}, Quot.sound.{u}]
Entry005.paper_pair_sign {d : ℕ} (i j : Fin (HAdd.hAdd.{0, 0, 0} d 1)) (hij : LT.lt.{0} i j) :
  Eq.{1} (↑↑(Equiv.Perm.sign.{0} (Equiv.trans.{1, 1, 1} (Equiv.swap.{1} 0 j) (Equiv.swap.{1} 0 i))))
    (Neg.neg.{0} ↑↑(Equiv.Perm.sign.{0} (Equiv.swap.{1} 0 i)))
'Entry005.paper_pair_sign' depends on axioms: [propext, Classical.choice.{u}, Quot.sound.{u}]
Entry005.paper_pair_transport.{u_1} {α : Type u_1} [MeasurableSpace.{u_1} α] (d : ℕ)
  (i j : Fin (HAdd.hAdd.{0, 0, 0} d 1)) (hij : LT.lt.{0} i j) (w : Fin (HAdd.hAdd.{0, 0, 0} d 1) → α) (x : α) :
  Eq.{u_1 + 1} ((Entry005.iidWitnessTransport.{u_1} d (Entry005.paperPairPermutation d i j)) (Prod.mk.{u_1, u_1} w x))
    (Prod.mk.{u_1, u_1} (fun k => Function.update.{1, u_1 + 1} w j x ((Equiv.swap.{1} 0 i) k.succ))
      (Prod.mk.{u_1, u_1} (w j) (w i)))
'Entry005.paper_pair_transport' depends on axioms: [propext, Classical.choice.{u}, Quot.sound.{u}]
Entry005.paper_pair_witness {d : ℕ} (i j : Fin (HAdd.hAdd.{0, 0, 0} d 1)) (hij : LT.lt.{0} i j)
  (w : Fin (HAdd.hAdd.{0, 0, 0} d 1) → Fin d → ℝ) (x : Fin d → ℝ) :
  have z := (Entry005.iidWitnessTransport.{0} d (Entry005.paperPairPermutation d i j)) (Prod.mk.{0, 0} w x);
  Eq.{1} (Entry005.oppositeWitness (Entry005.liftedDeterminant z.1 z.2.1) (Entry005.liftedDeterminant z.1 z.2.2))
    (Entry005.oppositeWitness (Entry005.replacementDeterminant w x i)
      (Neg.neg.{0} (Entry005.replacementDeterminant w x j)))
'Entry005.paper_pair_witness' depends on axioms: [propext, Classical.choice.{u}, Quot.sound.{u}]
Entry005.paper_sign_abs {n : ℕ} (p : Equiv.Perm.{1} (Fin n)) : Eq.{1} (abs.{0} ↑↑(Equiv.Perm.sign.{0} p)) 1
'Entry005.paper_sign_abs' depends on axioms: [propext, Classical.choice.{u}, Quot.sound.{u}]
Entry005.paper_swap_succ {d : ℕ} (i k : Fin (HAdd.hAdd.{0, 0, 0} d 1)) :
  Eq.{1} ((Equiv.swap.{1} 1 i.succ) k.succ) ((Equiv.swap.{1} 0 i) k).succ
'Entry005.paper_swap_succ' depends on axioms: [propext, Classical.choice.{u}, Quot.sound.{u}]
Entry005.paper_witness_index_card_nat (d : ℕ) :
  Eq.{1} (Fintype.card.{0} (Entry005.PaperWitnessIndex d))
    (HAdd.hAdd.{0, 0, 0} (HAdd.hAdd.{0, 0, 0} d 1) ((HAdd.hAdd.{0, 0, 0} d 1).choose 2))
'Entry005.paper_witness_index_card_nat' depends on axioms: [propext, Classical.choice.{u}, Quot.sound.{u}]
Entry005.paper_witness_index_card_real (d : ℕ) :
  Eq.{1} (↑(Fintype.card.{0} (Entry005.PaperWitnessIndex d)))
    (HDiv.hDiv.{0, 0, 0} (HMul.hMul.{0, 0, 0} (HAdd.hAdd.{0, 0, 0} (↑d) 1) (HAdd.hAdd.{0, 0, 0} (↑d) 2)) 2)
'Entry005.paper_witness_index_card_real' depends on axioms: [propext, Classical.choice.{u}, Quot.sound.{u}]
Entry005.paper_witness_index_nonempty (d : ℕ) : Nonempty.{1} (Entry005.PaperWitnessIndex d)
'Entry005.paper_witness_index_nonempty' depends on axioms: [propext]
Entry005.paper_witness_transport_preserving {d : ℕ} (ν : MeasureTheory.Measure.{0} (Fin d → ℝ))
  [MeasureTheory.IsProbabilityMeasure.{0} ν] (i : Entry005.PaperWitnessIndex d) :
  MeasureTheory.MeasurePreserving.{0, 0} (⇑(Entry005.iidWitnessTransport.{0} d (Entry005.paperWitnessPermutation d i)))
    (MeasureTheory.Measure.prod.{0, 0} (Entry005.iidLaw.{0} ν (HAdd.hAdd.{0, 0, 0} d 1)) ν)
    (MeasureTheory.Measure.prod.{0, 0} (Entry005.iidLaw.{0} ν d) (MeasureTheory.Measure.prod.{0, 0} ν ν))
'Entry005.paper_witness_transport_preserving' depends on axioms: [propext, Classical.choice.{u}, Quot.sound.{u}]
Entry005.positive_off_max_le_pair_cost {n : ℕ} (a : Fin (HAdd.hAdd.{0, 0, 0} n 1) → ℝ) :
  LE.le.{0} (∑ i, ite.{1} (Eq.{1} i (Entry005.largestCoordinate a)) 0 (max.{0} (a i) 0)) (Entry005.pairAssignmentCost a)
'Entry005.positive_off_max_le_pair_cost' depends on axioms: [propext, Classical.choice.{u}, Quot.sound.{u}]
Entry005.probability_closed_carried_of_tendsto.{u_1} {Ω : Type u_1} [MeasurableSpace.{u_1} Ω] [TopologicalSpace.{u_1} Ω]
  [OpensMeasurableSpace.{u_1} Ω] [HasOuterApproxClosed.{u_1} Ω] (ν : ℕ → MeasureTheory.ProbabilityMeasure.{u_1} Ω)
  (μ : MeasureTheory.ProbabilityMeasure.{u_1} Ω) (hlim : Filter.Tendsto.{0, u_1} ν Filter.atTop.{0} (nhds.{u_1} μ))
  (C : Set.{u_1} Ω) (hC : IsClosed.{u_1} C) (hcarry : ∀ (k : ℕ), ∀ᵐ (x : Ω) ∂↑(ν k), Membership.mem.{u_1, u_1} C x) :
  ∀ᵐ (x : Ω) ∂↑μ, Membership.mem.{u_1, u_1} C x
'Entry005.probability_closed_carried_of_tendsto' depends on axioms: [propext, Classical.choice.{u}, Quot.sound.{u}]
Entry005.probability_integral_square_le.{u_1} {α : Type u_1} [MeasurableSpace.{u_1} α]
  {ν : MeasureTheory.Measure.{u_1} α} [MeasureTheory.IsProbabilityMeasure.{u_1} ν] {f : α → ℝ}
  (hf : MeasureTheory.Integrable.{0, u_1} f ν)
  (hf2 : MeasureTheory.Integrable.{0, u_1} (fun x => HPow.hPow.{0, 0, 0} (f x) 2) ν) :
  LE.le.{0} (HPow.hPow.{0, 0, 0} (∫ (x : α), f x ∂ν) 2) (∫ (x : α), HPow.hPow.{0, 0, 0} (f x) 2 ∂ν)
'Entry005.probability_integral_square_le' depends on axioms: [propext, Classical.choice.{u}, Quot.sound.{u}]
Entry005.project_body_mono.{u_1} {E : Type u_1} [NormedAddCommGroup.{u_1} E] [InnerProductSpace.{0, u_1} ℝ E]
  [FiniteDimensional.{0, u_1} ℝ E] (U : Submodule.{0, u_1} ℝ E) (K P : ConvexBody.{u_1} E) (h : LE.le.{u_1} K P) :
  LE.le.{u_1} (Entry005.projectBody.{u_1} U K) (Entry005.projectBody.{u_1} U P)
'Entry005.project_body_mono' depends on axioms: [propext, Classical.choice.{u}, Quot.sound.{u}]
Entry005.project_body_outer_ball.{u_1} {E : Type u_1} [NormedAddCommGroup.{u_1} E] [InnerProductSpace.{0, u_1} ℝ E]
  [FiniteDimensional.{0, u_1} ℝ E] (U : Submodule.{0, u_1} ℝ E) (P : ConvexBody.{u_1} E) (M : ℝ)
  (hPM : ↑P ⊆ Metric.closedBall.{u_1} 0 M) : ↑(Entry005.projectBody.{u_1} U P) ⊆ Metric.closedBall.{u_1} 0 M
'Entry005.project_body_outer_ball' depends on axioms: [propext, Classical.choice.{u}, Quot.sound.{u}]
Entry005.project_body_unit_ball.{u_1} {E : Type u_1} [NormedAddCommGroup.{u_1} E] [InnerProductSpace.{0, u_1} ℝ E]
  [FiniteDimensional.{0, u_1} ℝ E] (U : Submodule.{0, u_1} ℝ E) (K : ConvexBody.{u_1} E)
  (hball : Metric.closedBall.{u_1} 0 1 ⊆ ↑K) : Metric.closedBall.{u_1} 0 1 ⊆ ↑(Entry005.projectBody.{u_1} U K)
'Entry005.project_body_unit_ball' depends on axioms: [propext, Classical.choice.{u}, Quot.sound.{u}]
Entry005.projectionBodySet_affine_image.{u_1} {E : Type u_1} [NormedAddCommGroup.{u_1} E]
  [InnerProductSpace.{0, u_1} ℝ E] [FiniteDimensional.{0, u_1} ℝ E] [MeasurableSpace.{u_1} E] [BorelSpace.{u_1} E]
  (f : AffineEquiv.{0, u_1, u_1, u_1, u_1} ℝ E E) (K : Set.{u_1} E) :
  Eq.{u_1 + 1} (Entry005.projectionBodySet.{u_1} (Set.image.{u_1, u_1} (⇑f) K))
    (Set.image.{u_1, u_1}
      (⇑(HSMul.hSMul.{0, u_1, u_1} (abs.{0} (LinearMap.det.{u_1, 0} ↑(AffineEquiv.linear.{0, u_1, u_1, u_1, u_1} f)))
          (LinearMap.adjoint.{0, u_1, u_1}
            ↑(LinearEquiv.symm.{0, 0, u_1, u_1} (AffineEquiv.linear.{0, u_1, u_1, u_1, u_1} f)))))
      (Entry005.projectionBodySet.{u_1} K))
'Entry005.projectionBodySet_affine_image' depends on axioms: [propext, Classical.choice.{u}, Quot.sound.{u}]
Entry005.projectionBodySet_linear_image.{u_1} {E : Type u_1} [NormedAddCommGroup.{u_1} E]
  [InnerProductSpace.{0, u_1} ℝ E] [FiniteDimensional.{0, u_1} ℝ E] [MeasurableSpace.{u_1} E] [BorelSpace.{u_1} E]
  (L : LinearEquiv.{0, 0, u_1, u_1} (RingHom.id.{0} ℝ) E E) (K : Set.{u_1} E) :
  Eq.{u_1 + 1} (Entry005.projectionBodySet.{u_1} (Set.image.{u_1, u_1} (⇑L) K))
    (Set.image.{u_1, u_1}
      (⇑(HSMul.hSMul.{0, u_1, u_1} (abs.{0} (LinearMap.det.{u_1, 0} ↑L))
          (LinearMap.adjoint.{0, u_1, u_1} ↑(LinearEquiv.symm.{0, 0, u_1, u_1} L))))
      (Entry005.projectionBodySet.{u_1} K))
'Entry005.projectionBodySet_linear_image' depends on axioms: [propext, Classical.choice.{u}, Quot.sound.{u}]
Entry005.projectionBodySet_translate.{u_1} {E : Type u_1} [NormedAddCommGroup.{u_1} E] [InnerProductSpace.{0, u_1} ℝ E]
  [FiniteDimensional.{0, u_1} ℝ E] [MeasurableSpace.{u_1} E] [BorelSpace.{u_1} E] (K : Set.{u_1} E) (b : E) :
  Eq.{u_1 + 1} (Entry005.projectionBodySet.{u_1} (Set.image.{u_1, u_1} (fun x => HAdd.hAdd.{u_1, u_1, u_1} x b) K))
    (Entry005.projectionBodySet.{u_1} K)
'Entry005.projectionBodySet_translate' depends on axioms: [propext, Classical.choice.{u}, Quot.sound.{u}]
Entry005.projectionBrightness_linear_image.{u_1} {E : Type u_1} [NormedAddCommGroup.{u_1} E]
  [InnerProductSpace.{0, u_1} ℝ E] [FiniteDimensional.{0, u_1} ℝ E] [MeasurableSpace.{u_1} E] [BorelSpace.{u_1} E]
  (L : LinearEquiv.{0, 0, u_1, u_1} (RingHom.id.{0} ℝ) E E) (K : Set.{u_1} E) (u : E) :
  Eq.{1} (Entry005.projectionBrightness.{u_1} (Set.image.{u_1, u_1} (⇑L) K) u)
    (HMul.hMul.{0, 0, 0} (abs.{0} (LinearMap.det.{u_1, 0} ↑L))
      (Entry005.projectionBrightness.{u_1} K ((LinearEquiv.symm.{0, 0, u_1, u_1} L) u)))
'Entry005.projectionBrightness_linear_image' depends on axioms: [propext, Classical.choice.{u}, Quot.sound.{u}]
Entry005.projectionRatio_affine_image.{u_1} {E : Type u_1} [NormedAddCommGroup.{u_1} E] [InnerProductSpace.{0, u_1} ℝ E]
  [FiniteDimensional.{0, u_1} ℝ E] [MeasurableSpace.{u_1} E] [BorelSpace.{u_1} E]
  (hd : LE.le.{0} 1 (Module.finrank.{0, u_1} ℝ E)) (f : AffineEquiv.{0, u_1, u_1, u_1, u_1} ℝ E E) (K : Set.{u_1} E) :
  Eq.{1} (Entry005.projectionRatio.{u_1} (Set.image.{u_1, u_1} (⇑f) K)) (Entry005.projectionRatio.{u_1} K)
'Entry005.projectionRatio_affine_image' depends on axioms: [propext, Classical.choice.{u}, Quot.sound.{u}]
Entry005.projectionRatio_linear_image.{u_1} {E : Type u_1} [NormedAddCommGroup.{u_1} E] [InnerProductSpace.{0, u_1} ℝ E]
  [FiniteDimensional.{0, u_1} ℝ E] [MeasurableSpace.{u_1} E] [BorelSpace.{u_1} E]
  (hd : LE.le.{0} 1 (Module.finrank.{0, u_1} ℝ E)) (L : LinearEquiv.{0, 0, u_1, u_1} (RingHom.id.{0} ℝ) E E)
  (K : Set.{u_1} E) :
  Eq.{1} (Entry005.projectionRatio.{u_1} (Set.image.{u_1, u_1} (⇑L) K)) (Entry005.projectionRatio.{u_1} K)
'Entry005.projectionRatio_linear_image' depends on axioms: [propext, Classical.choice.{u}, Quot.sound.{u}]
Entry005.projectionRatio_pyramid_affine_image.{u_1} {E : Type u_1} [NormedAddCommGroup.{u_1} E]
  [InnerProductSpace.{0, u_1} ℝ E] [FiniteDimensional.{0, u_1} ℝ E] [MeasurableSpace.{u_1} E] [BorelSpace.{u_1} E]
  (f : AffineEquiv.{0, u_1, u_1, u_1, u_1} ℝ E E) (K : Set.{u_1} E) :
  Eq.{1} (Entry005.projectionRatio.{u_1} (Entry005.pyramidSet.{u_1} (Set.image.{u_1, u_1} (⇑f) K)))
    (Entry005.projectionRatio.{u_1} (Entry005.pyramidSet.{u_1} K))
'Entry005.projectionRatio_pyramid_affine_image' depends on axioms: [propext, Classical.choice.{u}, Quot.sound.{u}]
Entry005.projectionRatio_translate.{u_1} {E : Type u_1} [NormedAddCommGroup.{u_1} E] [InnerProductSpace.{0, u_1} ℝ E]
  [FiniteDimensional.{0, u_1} ℝ E] [MeasurableSpace.{u_1} E] [BorelSpace.{u_1} E] (K : Set.{u_1} E) (b : E) :
  Eq.{1} (Entry005.projectionRatio.{u_1} (Set.image.{u_1, u_1} (fun x => HAdd.hAdd.{u_1, u_1, u_1} x b) K))
    (Entry005.projectionRatio.{u_1} K)
'Entry005.projectionRatio_translate' depends on axioms: [propext, Classical.choice.{u}, Quot.sound.{u}]
Entry005.projectionTransport_normDet.{u_1} {E : Type u_1} [NormedAddCommGroup.{u_1} E] [InnerProductSpace.{0, u_1} ℝ E]
  [FiniteDimensional.{0, u_1} ℝ E] (L : LinearEquiv.{0, 0, u_1, u_1} (RingHom.id.{0} ℝ) E E) (u : E)
  (hu : Ne.{u_1 + 1} u 0) :
  Eq.{1} (LinearMap.normDet.{0, u_1, u_1} (Entry005.projectionTransport.{u_1} L u))
    (HDiv.hDiv.{0, 0, 0}
      (HMul.hMul.{0, 0, 0} (abs.{0} (LinearMap.det.{u_1, 0} ↑L)) (norm.{u_1} ((LinearEquiv.symm.{0, 0, u_1, u_1} L) u)))
      (norm.{u_1} u))
'Entry005.projectionTransport_normDet' depends on axioms: [propext, Classical.choice.{u}, Quot.sound.{u}]
Entry005.projectionTransport_project.{u_1} {E : Type u_1} [NormedAddCommGroup.{u_1} E] [InnerProductSpace.{0, u_1} ℝ E]
  [FiniteDimensional.{0, u_1} ℝ E] (L : LinearEquiv.{0, 0, u_1, u_1} (RingHom.id.{0} ℝ) E E) (u x : E) :
  Eq.{u_1 + 1}
    ((Entry005.projectionTransport.{u_1} L u)
      ((Submodule.orthogonalProjectionOnto.{0, u_1}
          (Entry005.normalHyperplane.{u_1} ((LinearEquiv.symm.{0, 0, u_1, u_1} L) u)))
        x))
    ((Submodule.orthogonalProjectionOnto.{0, u_1} (Entry005.normalHyperplane.{u_1} u)) (L x))
'Entry005.projectionTransport_project' depends on axioms: [propext, Classical.choice.{u}, Quot.sound.{u}]
Entry005.projectionVolumeSet_linear_image.{u_1} {E : Type u_1} [NormedAddCommGroup.{u_1} E]
  [InnerProductSpace.{0, u_1} ℝ E] [FiniteDimensional.{0, u_1} ℝ E] [MeasurableSpace.{u_1} E] [BorelSpace.{u_1} E]
  (L : LinearEquiv.{0, 0, u_1, u_1} (RingHom.id.{0} ℝ) E E) (K : Set.{u_1} E) (u : E) (hu : Ne.{u_1 + 1} u 0) :
  Eq.{1} (Entry005.projectionVolumeSet.{u_1} (Set.image.{u_1, u_1} (⇑L) K) u)
    (HMul.hMul.{0, 0, 0}
      (HDiv.hDiv.{0, 0, 0}
        (HMul.hMul.{0, 0, 0} (abs.{0} (LinearMap.det.{u_1, 0} ↑L))
          (norm.{u_1} ((LinearEquiv.symm.{0, 0, u_1, u_1} L) u)))
        (norm.{u_1} u))
      (Entry005.projectionVolumeSet.{u_1} K ((LinearEquiv.symm.{0, 0, u_1, u_1} L) u)))
'Entry005.projectionVolumeSet_linear_image' depends on axioms: [propext, Classical.choice.{u}, Quot.sound.{u}]
Entry005.projectionVolumeSet_neg_normal.{u_1} {E : Type u_1} [NormedAddCommGroup.{u_1} E]
  [InnerProductSpace.{0, u_1} ℝ E] [FiniteDimensional.{0, u_1} ℝ E] [MeasurableSpace.{u_1} E] [BorelSpace.{u_1} E]
  (K : Set.{u_1} E) (u : E) :
  Eq.{1} (Entry005.projectionVolumeSet.{u_1} K (Neg.neg.{u_1} u)) (Entry005.projectionVolumeSet.{u_1} K u)
'Entry005.projectionVolumeSet_neg_normal' depends on axioms: [propext, Classical.choice.{u}, Quot.sound.{u}]
Entry005.projectionVolumeSet_smul_normal.{u_1} {E : Type u_1} [NormedAddCommGroup.{u_1} E]
  [InnerProductSpace.{0, u_1} ℝ E] [FiniteDimensional.{0, u_1} ℝ E] [MeasurableSpace.{u_1} E] [BorelSpace.{u_1} E]
  (K : Set.{u_1} E) (u : E) (c : ℝ) (hc : Ne.{1} c 0) :
  Eq.{1} (Entry005.projectionVolumeSet.{u_1} K (HSMul.hSMul.{0, u_1, u_1} c u)) (Entry005.projectionVolumeSet.{u_1} K u)
'Entry005.projectionVolumeSet_smul_normal' depends on axioms: [propext, Classical.choice.{u}, Quot.sound.{u}]
Entry005.projectionVolumeSet_translate.{u_1} {E : Type u_1} [NormedAddCommGroup.{u_1} E]
  [InnerProductSpace.{0, u_1} ℝ E] [FiniteDimensional.{0, u_1} ℝ E] [MeasurableSpace.{u_1} E] [BorelSpace.{u_1} E]
  (K : Set.{u_1} E) (b u : E) :
  Eq.{1} (Entry005.projectionVolumeSet.{u_1} (Set.image.{u_1, u_1} (fun x => HAdd.hAdd.{u_1, u_1, u_1} x b) K) u)
    (Entry005.projectionVolumeSet.{u_1} K u)
'Entry005.projectionVolumeSet_translate' depends on axioms: [propext, Classical.choice.{u}, Quot.sound.{u}]
Entry005.projectionVolume_linear_image.{u_1} {E : Type u_1} [NormedAddCommGroup.{u_1} E]
  [InnerProductSpace.{0, u_1} ℝ E] [FiniteDimensional.{0, u_1} ℝ E] [MeasurableSpace.{u_1} E] [BorelSpace.{u_1} E]
  (L : LinearEquiv.{0, 0, u_1, u_1} (RingHom.id.{0} ℝ) E E) (K : Set.{u_1} E) (u : E) (hu : Ne.{u_1 + 1} u 0) :
  Eq.{1} (Entry005.projectionVolume.{u_1} (Set.image.{u_1, u_1} (⇑L) K) u)
    (HMul.hMul.{0, 0, 0}
      (ENNReal.ofReal
        (HDiv.hDiv.{0, 0, 0}
          (HMul.hMul.{0, 0, 0} (abs.{0} (LinearMap.det.{u_1, 0} ↑L))
            (norm.{u_1} ((LinearEquiv.symm.{0, 0, u_1, u_1} L) u)))
          (norm.{u_1} u)))
      (Entry005.projectionVolume.{u_1} K ((LinearEquiv.symm.{0, 0, u_1, u_1} L) u)))
'Entry005.projectionVolume_linear_image' depends on axioms: [propext, Classical.choice.{u}, Quot.sound.{u}]
Entry005.projection_body_closed.{u_1} {E : Type u_1} [NormedAddCommGroup.{u_1} E] [InnerProductSpace.{0, u_1} ℝ E]
  [FiniteDimensional.{0, u_1} ℝ E] [MeasurableSpace.{u_1} E] [BorelSpace.{u_1} E] (K : Set.{u_1} E) :
  IsClosed.{u_1} (Entry005.projectionBodySet.{u_1} K)
'Entry005.projection_body_closed' depends on axioms: [propext, Classical.choice.{u}, Quot.sound.{u}]
Entry005.projection_body_convex.{u_1} {E : Type u_1} [NormedAddCommGroup.{u_1} E] [InnerProductSpace.{0, u_1} ℝ E]
  [FiniteDimensional.{0, u_1} ℝ E] [MeasurableSpace.{u_1} E] [BorelSpace.{u_1} E] (K : Set.{u_1} E) :
  Convex.{0, u_1} ℝ (Entry005.projectionBodySet.{u_1} K)
'Entry005.projection_body_convex' depends on axioms: [propext, Classical.choice.{u}, Quot.sound.{u}]
Entry005.projection_body_eq_finite_zonotope_of_projection_volume.{u_1, u_2} {ι : Type u_1} {E : Type u_2}
  [Fintype.{u_1} ι] [NormedAddCommGroup.{u_2} E] [InnerProductSpace.{0, u_2} ℝ E] [FiniteDimensional.{0, u_2} ℝ E]
  [MeasurableSpace.{u_2} E] [BorelSpace.{u_2} E] (K : Set.{u_2} E) (g : ι → E)
  (hbrightness :
    ∀ (u : E),
      Eq.{1} (norm.{u_2} u) 1 →
        Eq.{1} (Entry005.projectionVolumeSet.{u_2} K u) (∑ i, abs.{0} (inner.{0, u_2} ℝ u (g i)))) :
  Eq.{u_2 + 1} (Entry005.projectionBodySet.{u_2} K) (Entry005.finiteZonotope.{u_1, u_2} g)
'Entry005.projection_body_eq_finite_zonotope_of_projection_volume' depends on axioms: [propext,
 Classical.choice.{u},
 Quot.sound.{u}]
Entry005.projection_body_mono.{u_1} {E : Type u_1} [NormedAddCommGroup.{u_1} E] [InnerProductSpace.{0, u_1} ℝ E]
  [FiniteDimensional.{0, u_1} ℝ E] [MeasurableSpace.{u_1} E] [BorelSpace.{u_1} E] (K L : Set.{u_1} E)
  (hL : IsCompact.{u_1} L) (hKL : K ⊆ L) : Entry005.projectionBodySet.{u_1} K ⊆ Entry005.projectionBodySet.{u_1} L
'Entry005.projection_body_mono' depends on axioms: [propext, Classical.choice.{u}, Quot.sound.{u}]
Entry005.projection_body_positive_smul.{u_1} {E : Type u_1} [NormedAddCommGroup.{u_1} E]
  [InnerProductSpace.{0, u_1} ℝ E] [FiniteDimensional.{0, u_1} ℝ E] [MeasurableSpace.{u_1} E] [BorelSpace.{u_1} E]
  (K : Set.{u_1} E) (a : ℝ) (ha : LT.lt.{0} 0 a) :
  Eq.{u_1 + 1} (Entry005.projectionBodySet.{u_1} (HSMul.hSMul.{0, u_1, u_1} a K))
    (HSMul.hSMul.{0, u_1, u_1} (HPow.hPow.{0, 0, 0} a (HSub.hSub.{0, 0, 0} (Module.finrank.{0, u_1} ℝ E) 1))
      (Entry005.projectionBodySet.{u_1} K))
'Entry005.projection_body_positive_smul' depends on axioms: [propext, Classical.choice.{u}, Quot.sound.{u}]
Entry005.projection_body_zero_mem.{u_1} {E : Type u_1} [NormedAddCommGroup.{u_1} E] [InnerProductSpace.{0, u_1} ℝ E]
  [FiniteDimensional.{0, u_1} ℝ E] [MeasurableSpace.{u_1} E] [BorelSpace.{u_1} E] (K : Set.{u_1} E) :
  Membership.mem.{u_1, u_1} (Entry005.projectionBodySet.{u_1} K) 0
'Entry005.projection_body_zero_mem' depends on axioms: [propext, Classical.choice.{u}, Quot.sound.{u}]
Entry005.projection_cap_cube_gain.{u_1} {E : Type u_1} [NormedAddCommGroup.{u_1} E] [InnerProductSpace.{0, u_1} ℝ E]
  [FiniteDimensional.{0, u_1} ℝ E] [MeasurableSpace.{u_1} E] [BorelSpace.{u_1} E] (K P : ConvexBody.{u_1} E)
  (U : Submodule.{0, u_1} ℝ E) (hm : LE.le.{0} 1 (Module.finrank.{0, u_1} ℝ ↥U)) (M : ℝ) (hM : LE.le.{0} 0 M)
  (hball : Metric.closedBall.{u_1} 0 1 ⊆ ↑K) (hKP : LE.le.{u_1} K P) (hPM : ↑P ⊆ Metric.closedBall.{u_1} 0 M)
  (q k n : E) (hq : Membership.mem.{u_1, u_1} P q) (hn : Eq.{1} (norm.{u_1} n) 1) (hnU : Membership.mem.{u_1, u_1} U n)
  (hs : LT.lt.{0} 0 (norm.{u_1} (HSub.hSub.{u_1, u_1, u_1} q k)))
  (hsM : LE.le.{0} (norm.{u_1} (HSub.hSub.{u_1, u_1, u_1} q k)) M)
  (hgap :
    Eq.{1} (HSub.hSub.{0, 0, 0} (inner.{0, u_1} ℝ n q) (inner.{0, u_1} ℝ n k))
      (norm.{u_1} (HSub.hSub.{u_1, u_1, u_1} q k)))
  (hsep : ∀ (x : E), Membership.mem.{u_1, u_1} K x → LE.le.{0} (inner.{0, u_1} ℝ n x) (inner.{0, u_1} ℝ n k)) :
  LE.le.{0}
    (HAdd.hAdd.{0, 0, 0} (Entry005.projectedVolume.{u_1} U K)
      (ENNReal.ofReal
        (HPow.hPow.{0, 0, 0}
          (HDiv.hDiv.{0, 0, 0} (norm.{u_1} (HSub.hSub.{u_1, u_1, u_1} q k))
            (HMul.hMul.{0, 0, 0} (↑(Module.finrank.{0, u_1} ℝ ↥U)) (HAdd.hAdd.{0, 0, 0} M 1)))
          (Module.finrank.{0, u_1} ℝ ↥U))))
    (Entry005.projectedVolume.{u_1} U P)
'Entry005.projection_cap_cube_gain' depends on axioms: [propext, Classical.choice.{u}, Quot.sound.{u}]
Entry005.projection_cap_gain.{u_1} {E : Type u_1} [NormedAddCommGroup.{u_1} E] [InnerProductSpace.{0, u_1} ℝ E]
  [FiniteDimensional.{0, u_1} ℝ E] [MeasurableSpace.{u_1} E] [BorelSpace.{u_1} E] (K P : ConvexBody.{u_1} E)
  (U : Submodule.{0, u_1} ℝ E) (M : ℝ) (hM : LE.le.{0} 0 M) (hball : Metric.closedBall.{u_1} 0 1 ⊆ ↑K)
  (hKP : LE.le.{u_1} K P) (hPM : ↑P ⊆ Metric.closedBall.{u_1} 0 M) (q k n : E) (hq : Membership.mem.{u_1, u_1} P q)
  (hn : Eq.{1} (norm.{u_1} n) 1) (hnU : Membership.mem.{u_1, u_1} U n)
  (hs : LT.lt.{0} 0 (norm.{u_1} (HSub.hSub.{u_1, u_1, u_1} q k)))
  (hsM : LE.le.{0} (norm.{u_1} (HSub.hSub.{u_1, u_1, u_1} q k)) M)
  (hgap :
    Eq.{1} (HSub.hSub.{0, 0, 0} (inner.{0, u_1} ℝ n q) (inner.{0, u_1} ℝ n k))
      (norm.{u_1} (HSub.hSub.{u_1, u_1, u_1} q k)))
  (hsep : ∀ (x : E), Membership.mem.{u_1, u_1} K x → LE.le.{0} (inner.{0, u_1} ℝ n x) (inner.{0, u_1} ℝ n k)) :
  LE.le.{0}
    (HAdd.hAdd.{0, 0, 0} (Entry005.projectedVolume.{u_1} U K)
      (HMul.hMul.{0, 0, 0}
        (ENNReal.ofReal
          (HPow.hPow.{0, 0, 0}
            (HDiv.hDiv.{0, 0, 0} (norm.{u_1} (HSub.hSub.{u_1, u_1, u_1} q k))
              (HMul.hMul.{0, 0, 0} 2 (HAdd.hAdd.{0, 0, 0} M 1)))
            (Module.finrank.{0, u_1} ℝ ↥U)))
        (MeasureTheory.volume.{u_1} (Metric.closedBall.{u_1} 0 1))))
    (Entry005.projectedVolume.{u_1} U P)
'Entry005.projection_cap_gain' depends on axioms: [propext, Classical.choice.{u}, Quot.sound.{u}]
Entry005.projection_cap_sqrt_cube_gain.{u_1} {E : Type u_1} [NormedAddCommGroup.{u_1} E]
  [InnerProductSpace.{0, u_1} ℝ E] [FiniteDimensional.{0, u_1} ℝ E] [MeasurableSpace.{u_1} E] [BorelSpace.{u_1} E]
  (K P : ConvexBody.{u_1} E) (U : Submodule.{0, u_1} ℝ E) (hm : LE.le.{0} 1 (Module.finrank.{0, u_1} ℝ ↥U)) (M : ℝ)
  (hM : LE.le.{0} 0 M) (hball : Metric.closedBall.{u_1} 0 1 ⊆ ↑K) (hKP : LE.le.{u_1} K P)
  (hPM : ↑P ⊆ Metric.closedBall.{u_1} 0 M) (q k n : E) (hq : Membership.mem.{u_1, u_1} P q)
  (hn : Eq.{1} (norm.{u_1} n) 1) (hnU : Membership.mem.{u_1, u_1} U n)
  (hs : LT.lt.{0} 0 (norm.{u_1} (HSub.hSub.{u_1, u_1, u_1} q k)))
  (hsM : LE.le.{0} (norm.{u_1} (HSub.hSub.{u_1, u_1, u_1} q k)) M)
  (hgap :
    Eq.{1} (HSub.hSub.{0, 0, 0} (inner.{0, u_1} ℝ n q) (inner.{0, u_1} ℝ n k))
      (norm.{u_1} (HSub.hSub.{u_1, u_1, u_1} q k)))
  (hsep : ∀ (x : E), Membership.mem.{u_1, u_1} K x → LE.le.{0} (inner.{0, u_1} ℝ n x) (inner.{0, u_1} ℝ n k)) :
  LE.le.{0}
    (HAdd.hAdd.{0, 0, 0} (Entry005.projectedVolume.{u_1} U K)
      (ENNReal.ofReal
        (HPow.hPow.{0, 0, 0}
          (HDiv.hDiv.{0, 0, 0} (norm.{u_1} (HSub.hSub.{u_1, u_1, u_1} q k))
            (HMul.hMul.{0, 0, 0} (√↑(Module.finrank.{0, u_1} ℝ ↥U)) (HAdd.hAdd.{0, 0, 0} M 1)))
          (Module.finrank.{0, u_1} ℝ ↥U))))
    (Entry005.projectedVolume.{u_1} U P)
'Entry005.projection_cap_sqrt_cube_gain' depends on axioms: [propext, Classical.choice.{u}, Quot.sound.{u}]
Entry005.projection_image_linearEquiv.{u_1} {E : Type u_1} [NormedAddCommGroup.{u_1} E] [InnerProductSpace.{0, u_1} ℝ E]
  [FiniteDimensional.{0, u_1} ℝ E] (L : LinearEquiv.{0, 0, u_1, u_1} (RingHom.id.{0} ℝ) E E) (K : Set.{u_1} E) (u : E) :
  Eq.{u_1 + 1}
    (Set.image.{u_1, u_1} (⇑(Submodule.orthogonalProjectionOnto.{0, u_1} (Entry005.normalHyperplane.{u_1} u)))
      (Set.image.{u_1, u_1} (⇑L) K))
    (Set.image.{u_1, u_1} (⇑(Entry005.projectionTransport.{u_1} L u))
      (Set.image.{u_1, u_1}
        (⇑(Submodule.orthogonalProjectionOnto.{0, u_1}
            (Entry005.normalHyperplane.{u_1} ((LinearEquiv.symm.{0, 0, u_1, u_1} L) u))))
        K))
'Entry005.projection_image_linearEquiv' depends on axioms: [propext, Classical.choice.{u}, Quot.sound.{u}]
Entry005.projection_volume_closed_ball {d : ℕ} [Nontrivial.{0} (Entry005.Space d)] (u : Entry005.Space d)
  (hu : Eq.{1} (norm.{0} u) 1) (R : ℝ) (hR : LE.le.{0} 0 R) :
  Eq.{1} (Entry005.projectionVolumeSet.{0} (Metric.closedBall.{0} 0 R) u)
    (HMul.hMul.{0, 0, 0} (HPow.hPow.{0, 0, 0} R (HSub.hSub.{0, 0, 0} d 1)) (Entry005.unitProjectionBallVolume d))
'Entry005.projection_volume_closed_ball' depends on axioms: [propext, Classical.choice.{u}, Quot.sound.{u}]
Entry005.projection_volume_mono.{u_1} {E : Type u_1} [NormedAddCommGroup.{u_1} E] [InnerProductSpace.{0, u_1} ℝ E]
  [FiniteDimensional.{0, u_1} ℝ E] [MeasurableSpace.{u_1} E] [BorelSpace.{u_1} E] (K L : Set.{u_1} E)
  (hL : IsCompact.{u_1} L) (hKL : K ⊆ L) (u : E) :
  LE.le.{0} (Entry005.projectionVolumeSet.{u_1} K u) (Entry005.projectionVolumeSet.{u_1} L u)
'Entry005.projection_volume_mono' depends on axioms: [propext, Classical.choice.{u}, Quot.sound.{u}]
Entry005.projection_volume_nonnegative_smul.{u_1} {E : Type u_1} [NormedAddCommGroup.{u_1} E]
  [InnerProductSpace.{0, u_1} ℝ E] [FiniteDimensional.{0, u_1} ℝ E] [MeasurableSpace.{u_1} E] [BorelSpace.{u_1} E]
  (K : Set.{u_1} E) (u : E) (hu : Eq.{1} (norm.{u_1} u) 1) (a : ℝ) (ha : LE.le.{0} 0 a) :
  Eq.{1} (Entry005.projectionVolumeSet.{u_1} (HSMul.hSMul.{0, u_1, u_1} a K) u)
    (HMul.hMul.{0, 0, 0} (HPow.hPow.{0, 0, 0} a (HSub.hSub.{0, 0, 0} (Module.finrank.{0, u_1} ℝ E) 1))
      (Entry005.projectionVolumeSet.{u_1} K u))
'Entry005.projection_volume_nonnegative_smul' depends on axioms: [propext, Classical.choice.{u}, Quot.sound.{u}]
Entry005.pyramidBaseIsometry_val.{u_1} {E : Type u_1} [NormedAddCommGroup.{u_1} E] [InnerProductSpace.{0, u_1} ℝ E]
  (x : E) : Eq.{u_1 + 1} (↑(Entry005.pyramidBaseIsometry.{u_1} x)) (WithLp.toLp.{u_1} 2 (Prod.mk.{u_1, 0} x 0))
'Entry005.pyramidBaseIsometry_val' depends on axioms: [propext, Classical.choice.{u}, Quot.sound.{u}]
Entry005.pyramidBaseMap_apply.{u_1} {E : Type u_1} [NormedAddCommGroup.{u_1} E] [InnerProductSpace.{0, u_1} ℝ E]
  (x : E) : Eq.{u_1 + 1} (Entry005.pyramidBaseMap.{u_1} x) (WithLp.toLp.{u_1} 2 (Prod.mk.{u_1, 0} x 0))
'Entry005.pyramidBaseMap_apply' depends on axioms: [propext, Classical.choice.{u}, Quot.sound.{u}]
Entry005.pyramidBaseNormal_unit.{u_2} {E : Type u_2} [NormedAddCommGroup.{u_2} E] :
  Eq.{1} (norm.{u_2} Entry005.pyramidBaseNormal.{u_2}) 1
'Entry005.pyramidBaseNormal_unit' depends on axioms: [propext, Classical.choice.{u}, Quot.sound.{u}]
Entry005.pyramidFlip_apply.{u_1} {E : Type u_1} [NormedAddCommGroup.{u_1} E] [InnerProductSpace.{0, u_1} ℝ E] (x : E)
  (t : ℝ) :
  Eq.{u_1 + 1} (Entry005.pyramidFlip.{u_1} (WithLp.toLp.{u_1} 2 (Prod.mk.{u_1, 0} x t)))
    (WithLp.toLp.{u_1} 2 (Prod.mk.{u_1, 0} x (HSub.hSub.{0, 0, 0} 1 t)))
'Entry005.pyramidFlip_apply' depends on axioms: [propext, Classical.choice.{u}, Quot.sound.{u}]
Entry005.pyramidFlip_volume.{u_1} {E : Type u_1} [NormedAddCommGroup.{u_1} E] [InnerProductSpace.{0, u_1} ℝ E]
  [FiniteDimensional.{0, u_1} ℝ E] [MeasurableSpace.{u_1} E] [BorelSpace.{u_1} E]
  (S : Set.{u_1} (WithLp.{u_1} 2 (Prod.{u_1, 0} E ℝ))) :
  Eq.{1} (MeasureTheory.volume.{u_1} (Set.image.{u_1, u_1} (⇑Entry005.pyramidFlip.{u_1}) S))
    (MeasureTheory.volume.{u_1} S)
'Entry005.pyramidFlip_volume' depends on axioms: [propext, Classical.choice.{u}, Quot.sound.{u}]
Entry005.pyramidHalfspaceNormal_injective.{u_1, u_2} {ι : Type u_1} {E : Type u_2} [NormedAddCommGroup.{u_2} E]
  [InnerProductSpace.{0, u_2} ℝ E] (n : ι → E) (h : ι → ℝ) (hn : ∀ (i : ι), Eq.{1} (norm.{u_2} (n i)) 1)
  (hinj : Function.Injective.{u_1 + 1, u_2 + 1} n) :
  Function.Injective.{u_1 + 1, u_2 + 1} (Entry005.pyramidHalfspaceNormal.{u_1, u_2} n h)
'Entry005.pyramidHalfspaceNormal_injective' depends on axioms: [propext, Classical.choice.{u}, Quot.sound.{u}]
Entry005.pyramidHalfspaceNormal_unit.{u_1, u_2} {ι : Type u_1} {E : Type u_2} [NormedAddCommGroup.{u_2} E]
  [InnerProductSpace.{0, u_2} ℝ E] (n : ι → E) (h : ι → ℝ) (hn : ∀ (i : ι), Eq.{1} (norm.{u_2} (n i)) 1)
  (i : Option.{u_1} ι) : Eq.{1} (norm.{u_2} (Entry005.pyramidHalfspaceNormal.{u_1, u_2} n h i)) 1
'Entry005.pyramidHalfspaceNormal_unit' depends on axioms: [propext, Classical.choice.{u}, Quot.sound.{u}]
Entry005.pyramidLiftCoordinates_apply (d : ℕ) (x : Fin d → ℝ) (t : ℝ) :
  Eq.{1} ((Entry005.pyramidLiftCoordinates d) (WithLp.toLp.{0} 2 fun i => Fin.cases.{1} t x i))
    (WithLp.toLp.{0} 2 (Prod.mk.{0, 0} (WithLp.toLp.{0} 2 x) t))
'Entry005.pyramidLiftCoordinates_apply' depends on axioms: [propext, Classical.choice.{u}, Quot.sound.{u}]
Entry005.pyramidLinearEquiv_det.{u_1} {E : Type u_1} [NormedAddCommGroup.{u_1} E] [InnerProductSpace.{0, u_1} ℝ E]
  [FiniteDimensional.{0, u_1} ℝ E] (f : AffineEquiv.{0, u_1, u_1, u_1, u_1} ℝ E E) :
  Eq.{1} (LinearMap.det.{u_1, 0} ↑(Entry005.pyramidLinearEquiv.{u_1} f))
    (LinearMap.det.{u_1, 0} ↑(AffineEquiv.linear.{0, u_1, u_1, u_1, u_1} f))
'Entry005.pyramidLinearEquiv_det' depends on axioms: [propext, Classical.choice.{u}, Quot.sound.{u}]
Entry005.pyramidSet_affine_image.{u_1} {E : Type u_1} [NormedAddCommGroup.{u_1} E] [InnerProductSpace.{0, u_1} ℝ E]
  (f : AffineEquiv.{0, u_1, u_1, u_1, u_1} ℝ E E) (K : Set.{u_1} E) :
  Eq.{u_1 + 1} (Entry005.pyramidSet.{u_1} (Set.image.{u_1, u_1} (⇑f) K))
    (Set.image.{u_1, u_1} (⇑(Entry005.liftedAffineEquiv.{u_1} f)) (Entry005.pyramidSet.{u_1} K))
'Entry005.pyramidSet_affine_image' depends on axioms: [propext, Classical.choice.{u}, Quot.sound.{u}]
Entry005.pyramidSet_apex_mem.{u_1} {E : Type u_1} [NormedAddCommGroup.{u_1} E] [InnerProductSpace.{0, u_1} ℝ E]
  (K : Set.{u_1} E) : Membership.mem.{u_1, u_1} (Entry005.pyramidSet.{u_1} K) Entry005.pyramidApex.{u_1}
'Entry005.pyramidSet_apex_mem' depends on axioms: [propext, Classical.choice.{u}, Quot.sound.{u}]
Entry005.pyramidSet_compact.{u_1} {E : Type u_1} [NormedAddCommGroup.{u_1} E] [InnerProductSpace.{0, u_1} ℝ E]
  {K : Set.{u_1} E} (hc : IsCompact.{u_1} K) (hconv : Convex.{0, u_1} ℝ K) :
  IsCompact.{u_1} (Entry005.pyramidSet.{u_1} K)
'Entry005.pyramidSet_compact' depends on axioms: [propext, Classical.choice.{u}, Quot.sound.{u}]
Entry005.pyramidSet_eq_flip_radial.{u_1} {E : Type u_1} [NormedAddCommGroup.{u_1} E] [InnerProductSpace.{0, u_1} ℝ E]
  {K : Set.{u_1} E} (hK : Convex.{0, u_1} ℝ K) :
  Eq.{u_1 + 1} (Entry005.pyramidSet.{u_1} K)
    (Union.union.{u_1}
      (Set.image.{u_1, u_1} (⇑Entry005.pyramidFlip.{u_1})
        (Set.image.{u_1, u_1} (WithLp.toLp.{u_1} 2) (Entry005.radialCone.{u_1} K 1)))
      (singleton.{u_1, u_1} Entry005.pyramidApex.{u_1}))
'Entry005.pyramidSet_eq_flip_radial' depends on axioms: [propext, Classical.choice.{u}, Quot.sound.{u}]
Entry005.pyramidSet_finite_halfspace.{u_1, u_2} {ι : Type u_1} {E : Type u_2} [NormedAddCommGroup.{u_2} E]
  [InnerProductSpace.{0, u_2} ℝ E] [Nontrivial.{u_2} E] (n : ι → E) (h : ι → ℝ) (hh : ∀ (i : ι), LT.lt.{0} 0 (h i))
  (hc : IsCompact.{u_2} (Entry005.finiteHalfspaceSet.{u_1, u_2} n h)) :
  Eq.{u_2 + 1} (Entry005.pyramidSet.{u_2} (Entry005.finiteHalfspaceSet.{u_1, u_2} n h))
    (Entry005.finiteHalfspaceSet.{u_1, u_2} (Entry005.pyramidHalfspaceNormal.{u_1, u_2} n h)
      (Entry005.pyramidHalfspaceHeight.{u_1} h))
'Entry005.pyramidSet_finite_halfspace' depends on axioms: [propext, Classical.choice.{u}, Quot.sound.{u}]
Entry005.pyramidSet_mono.{u_1} {E : Type u_1} [NormedAddCommGroup.{u_1} E] [InnerProductSpace.{0, u_1} ℝ E]
  {K L : Set.{u_1} E} (h : K ⊆ L) : Entry005.pyramidSet.{u_1} K ⊆ Entry005.pyramidSet.{u_1} L
'Entry005.pyramidSet_mono' depends on axioms: [propext, Classical.choice.{u}, Quot.sound.{u}]
Entry005.pyramidSet_subset_dilation.{u_1} {E : Type u_1} [NormedAddCommGroup.{u_1} E] [InnerProductSpace.{0, u_1} ℝ E]
  {K L : Set.{u_1} E} (hzero : Membership.mem.{u_1, u_1} K 0) (a : ℝ) (ha : LE.le.{0} 1 a)
  (hLK : L ⊆ HSMul.hSMul.{0, u_1, u_1} a K) :
  Entry005.pyramidSet.{u_1} L ⊆ HSMul.hSMul.{0, u_1, u_1} a (Entry005.pyramidSet.{u_1} K)
'Entry005.pyramidSet_subset_dilation' depends on axioms: [propext, Classical.choice.{u}, Quot.sound.{u}]
Entry005.pyramidSet_volume.{u_1} {E : Type u_1} [NormedAddCommGroup.{u_1} E] [InnerProductSpace.{0, u_1} ℝ E]
  [FiniteDimensional.{0, u_1} ℝ E] [MeasurableSpace.{u_1} E] [BorelSpace.{u_1} E] {K : Set.{u_1} E}
  (hc : IsCompact.{u_1} K) (hconv : Convex.{0, u_1} ℝ K) :
  Eq.{1} (MeasureTheory.volume.{u_1} (Entry005.pyramidSet.{u_1} K)).toReal
    (HDiv.hDiv.{0, 0, 0} (MeasureTheory.volume.{u_1} K).toReal (HAdd.hAdd.{0, 0, 0} (↑(Module.finrank.{0, u_1} ℝ E)) 1))
'Entry005.pyramidSet_volume' depends on axioms: [propext, Classical.choice.{u}, Quot.sound.{u}]
Entry005.pyramidSet_zero_mem.{u_1} {E : Type u_1} [NormedAddCommGroup.{u_1} E] [InnerProductSpace.{0, u_1} ℝ E]
  {K : Set.{u_1} E} (h : Membership.mem.{u_1, u_1} K 0) : Membership.mem.{u_1, u_1} (Entry005.pyramidSet.{u_1} K) 0
'Entry005.pyramidSet_zero_mem' depends on axioms: [propext, Classical.choice.{u}, Quot.sound.{u}]
Entry005.pyramidSideFrameLinear_norm.{u_1} {E : Type u_1} [NormedAddCommGroup.{u_1} E] [InnerProductSpace.{0, u_1} ℝ E]
  (n : E) (h : ℝ) (hn : Eq.{1} (norm.{u_1} n) 1)
  (p :
    WithLp.{u_1} 2
      (Prod.{u_1, 0} ↥(Submodule.orthogonal.{0, u_1} (Submodule.span.{0, u_1} ℝ (singleton.{u_1, u_1} n))) ℝ)) :
  Eq.{1} (norm.{u_1} ((Entry005.pyramidSideFrameLinear.{u_1} n h hn) p)) (norm.{u_1} p)
'Entry005.pyramidSideFrameLinear_norm' depends on axioms: [propext, Classical.choice.{u}, Quot.sound.{u}]
Entry005.pyramidSideFrameLinear_surjective.{u_1} {E : Type u_1} [NormedAddCommGroup.{u_1} E]
  [InnerProductSpace.{0, u_1} ℝ E] (n : E) (h : ℝ) (hn : Eq.{1} (norm.{u_1} n) 1) :
  Function.Surjective.{u_1 + 1, u_1 + 1} ⇑(Entry005.pyramidSideFrameLinear.{u_1} n h hn)
'Entry005.pyramidSideFrameLinear_surjective' depends on axioms: [propext, Classical.choice.{u}, Quot.sound.{u}]
Entry005.pyramidSideFrameLinear_val.{u_1} {E : Type u_1} [NormedAddCommGroup.{u_1} E] [InnerProductSpace.{0, u_1} ℝ E]
  (n : E) (h : ℝ) (hn : Eq.{1} (norm.{u_1} n) 1)
  (q : ↥(Submodule.orthogonal.{0, u_1} (Submodule.span.{0, u_1} ℝ (singleton.{u_1, u_1} n)))) (w : ℝ) :
  Eq.{u_1 + 1} (↑((Entry005.pyramidSideFrameLinear.{u_1} n h hn) (WithLp.toLp.{u_1} 2 (Prod.mk.{u_1, 0} q w))))
    (WithLp.toLp.{u_1} 2
      (Prod.mk.{u_1, 0}
        (HAdd.hAdd.{u_1, u_1, u_1} (↑q)
          (HSMul.hSMul.{0, u_1, u_1} (HMul.hMul.{0, 0, 0} (HDiv.hDiv.{0, 0, 0} w (Entry005.pyramidSlope h)) h) n))
        (HDiv.hDiv.{0, 0, 0} (Neg.neg.{0} w) (Entry005.pyramidSlope h))))
'Entry005.pyramidSideFrameLinear_val' depends on axioms: [propext, Classical.choice.{u}, Quot.sound.{u}]
Entry005.pyramidSideFrame_val.{u_1} {E : Type u_1} [NormedAddCommGroup.{u_1} E] [InnerProductSpace.{0, u_1} ℝ E] (n : E)
  (h : ℝ) (hn : Eq.{1} (norm.{u_1} n) 1)
  (q : ↥(Submodule.orthogonal.{0, u_1} (Submodule.span.{0, u_1} ℝ (singleton.{u_1, u_1} n)))) (w : ℝ) :
  Eq.{u_1 + 1} (↑((Entry005.pyramidSideFrame.{u_1} n h hn) (WithLp.toLp.{u_1} 2 (Prod.mk.{u_1, 0} q w))))
    (WithLp.toLp.{u_1} 2
      (Prod.mk.{u_1, 0}
        (HAdd.hAdd.{u_1, u_1, u_1} (↑q)
          (HSMul.hSMul.{0, u_1, u_1} (HMul.hMul.{0, 0, 0} (HDiv.hDiv.{0, 0, 0} w (Entry005.pyramidSlope h)) h) n))
        (HDiv.hDiv.{0, 0, 0} (Neg.neg.{0} w) (Entry005.pyramidSlope h))))
'Entry005.pyramidSideFrame_val' depends on axioms: [propext, Classical.choice.{u}, Quot.sound.{u}]
Entry005.pyramidSideNormal_unit.{u_2} {E : Type u_2} [NormedAddCommGroup.{u_2} E] [InnerProductSpace.{0, u_2} ℝ E]
  (n : E) (h : ℝ) (hn : Eq.{1} (norm.{u_2} n) 1) : Eq.{1} (norm.{u_2} (Entry005.pyramidSideNormal.{u_2} n h)) 1
'Entry005.pyramidSideNormal_unit' depends on axioms: [propext, Classical.choice.{u}, Quot.sound.{u}]
Entry005.pyramidSlope_pos (h : ℝ) : LT.lt.{0} 0 (Entry005.pyramidSlope h)
'Entry005.pyramidSlope_pos' depends on axioms: [propext, Classical.choice.{u}, Quot.sound.{u}]
Entry005.pyramidSlope_sq (h : ℝ) :
  Eq.{1} (HPow.hPow.{0, 0, 0} (Entry005.pyramidSlope h) 2) (HAdd.hAdd.{0, 0, 0} 1 (HPow.hPow.{0, 0, 0} h 2))
'Entry005.pyramidSlope_sq' depends on axioms: [propext, Classical.choice.{u}, Quot.sound.{u}]
Entry005.pyramid_base_facet_area.{u_1, u_2} {E : Type u_1} [NormedAddCommGroup.{u_1} E] [InnerProductSpace.{0, u_1} ℝ E]
  {ι : Type u_2} [FiniteDimensional.{0, u_1} ℝ E] [MeasurableSpace.{u_1} E] [BorelSpace.{u_1} E] (n : ι → E)
  (h : ι → ℝ) :
  Eq.{1}
    (Entry005.finiteHalfspaceFacetArea.{u_2, u_1} (Entry005.pyramidHalfspaceNormal.{u_2, u_1} n h)
      (Entry005.pyramidHalfspaceHeight.{u_2} h) none.{u_2})
    (MeasureTheory.volume.{u_1} (Entry005.finiteHalfspaceSet.{u_2, u_1} n h)).toReal
'Entry005.pyramid_base_facet_area' depends on axioms: [propext, Classical.choice.{u}, Quot.sound.{u}]
Entry005.pyramid_base_facet_chart.{u_1, u_2} {E : Type u_1} [NormedAddCommGroup.{u_1} E]
  [InnerProductSpace.{0, u_1} ℝ E] {ι : Type u_2} (n : ι → E) (h : ι → ℝ) :
  Eq.{u_1 + 1}
    (Entry005.finiteHalfspaceFacetChart.{u_2, u_1} (Entry005.pyramidHalfspaceNormal.{u_2, u_1} n h)
      (Entry005.pyramidHalfspaceHeight.{u_2} h) none.{u_2})
    (Set.image.{u_1, u_1} (⇑Entry005.pyramidBaseIsometry.{u_1}) (Entry005.finiteHalfspaceSet.{u_2, u_1} n h))
'Entry005.pyramid_base_facet_chart' depends on axioms: [propext, Classical.choice.{u}, Quot.sound.{u}]
Entry005.pyramid_finite_halfspace_volume.{u_1, u_2} {ι : Type u_1} {E : Type u_2} [NormedAddCommGroup.{u_2} E]
  [InnerProductSpace.{0, u_2} ℝ E] [FiniteDimensional.{0, u_2} ℝ E] [MeasurableSpace.{u_2} E] [BorelSpace.{u_2} E]
  (n : ι → E) (h : ι → ℝ) (hc : IsCompact.{u_2} (Entry005.finiteHalfspaceSet.{u_1, u_2} n h)) :
  Eq.{1} (MeasureTheory.volume.{u_2} (Entry005.pyramidSet.{u_2} (Entry005.finiteHalfspaceSet.{u_1, u_2} n h))).toReal
    (HDiv.hDiv.{0, 0, 0} (MeasureTheory.volume.{u_2} (Entry005.finiteHalfspaceSet.{u_1, u_2} n h)).toReal
      (HAdd.hAdd.{0, 0, 0} (↑(Module.finrank.{0, u_2} ℝ E)) 1))
'Entry005.pyramid_finite_halfspace_volume' depends on axioms: [propext, Classical.choice.{u}, Quot.sound.{u}]
Entry005.pyramid_horizontal_projection.{u_1} {E : Type u_1} [NormedAddCommGroup.{u_1} E]
  [InnerProductSpace.{0, u_1} ℝ E] (x : E) (t : ℝ) :
  Eq.{u_1 + 1}
    ((Submodule.orthogonalProjectionOnto.{0, u_1}
        (Submodule.orthogonal.{0, u_1}
          (Submodule.span.{0, u_1} ℝ (singleton.{u_1, u_1} Entry005.pyramidBaseNormal.{u_1}))))
      (WithLp.toLp.{u_1} 2 (Prod.mk.{u_1, 0} x t)))
    (Entry005.pyramidBaseIsometry.{u_1} x)
'Entry005.pyramid_horizontal_projection' depends on axioms: [propext, Classical.choice.{u}, Quot.sound.{u}]
Entry005.pyramid_lifted_law_generator.{u_1} {ι : Type u_1} {d : ℕ} (a h : ι → ℝ) (n : ι → Entry005.Space d) (M : ℝ)
  (hh : ∀ (i : ι), Ne.{1} (h i) 0) (i : ι) :
  Eq.{1}
    ((Entry005.pyramidLiftCoordinates d)
      (HSMul.hSMul.{0, 0, 0} (HDiv.hDiv.{0, 0, 0} (HMul.hMul.{0, 0, 0} (a i) (h i)) M)
        (WithLp.toLp.{0} 2 fun i_1 =>
          Fin.cases.{1} 1 (Entry005.finiteConePoint.{u_1} (fun i j => WithLp.ofLp.{0} (n i) j) h i) i_1)))
    (HSMul.hSMul.{0, 0, 0} (HDiv.hDiv.{0, 0, 0} (a i) M) (WithLp.toLp.{0} 2 (Prod.mk.{0, 0} (n i) (h i))))
'Entry005.pyramid_lifted_law_generator' depends on axioms: [propext, Classical.choice.{u}, Quot.sound.{u}]
Entry005.pyramid_lifted_law_image.{u_1} {ι : Type u_1} [Fintype.{u_1} ι] {d : ℕ} (a h : ι → ℝ)
  (n : ι → Entry005.Space d) (M : ℝ) (hh : ∀ (i : ι), Ne.{1} (h i) 0) :
  Eq.{1}
    (Set.image.{0, 0} (⇑(Entry005.pyramidLiftCoordinates d))
      (Entry005.finiteLiftedLawZonotope.{u_1} (fun i => HDiv.hDiv.{0, 0, 0} (HMul.hMul.{0, 0, 0} (a i) (h i)) M)
        (Entry005.finiteConePoint.{u_1} (fun i j => WithLp.ofLp.{0} (n i) j) h)))
    (Entry005.finiteZonotope.{u_1, 0} fun i =>
      HSMul.hSMul.{0, 0, 0} (HDiv.hDiv.{0, 0, 0} (a i) M) (WithLp.toLp.{0} 2 (Prod.mk.{0, 0} (n i) (h i))))
'Entry005.pyramid_lifted_law_image' depends on axioms: [propext, Classical.choice.{u}, Quot.sound.{u}]
Entry005.pyramid_projection_body_eq_zonotope.{u_1, u_2} {ι : Type u_1} {E : Type u_2} [Fintype.{u_1} ι]
  [NormedAddCommGroup.{u_2} E] [InnerProductSpace.{0, u_2} ℝ E] [FiniteDimensional.{0, u_2} ℝ E]
  [MeasurableSpace.{u_2} E] [BorelSpace.{u_2} E] [Nontrivial.{u_2} E] (n : ι → E) (h : ι → ℝ)
  (hn : ∀ (i : ι), Eq.{1} (norm.{u_2} (n i)) 1) (hh : ∀ (i : ι), LT.lt.{0} 0 (h i))
  (hinj : Function.Injective.{u_1 + 1, u_2 + 1} n) (hc : IsCompact.{u_2} (Entry005.finiteHalfspaceSet.{u_1, u_2} n h)) :
  Eq.{u_2 + 1}
    (Entry005.projectionBodySet.{u_2} (Entry005.pyramidSet.{u_2} (Entry005.finiteHalfspaceSet.{u_1, u_2} n h)))
    (Entry005.finiteZonotope.{u_1, u_2} (Entry005.pyramidProjectionGenerator.{u_1, u_2} n h))
'Entry005.pyramid_projection_body_eq_zonotope' depends on axioms: [propext, Classical.choice.{u}, Quot.sound.{u}]
Entry005.pyramid_projection_body_volume_decomposition.{u_1, u_2} {E : Type u_1} [NormedAddCommGroup.{u_1} E]
  [InnerProductSpace.{0, u_1} ℝ E] {ι : Type u_2} [Fintype.{u_2} ι] [FiniteDimensional.{0, u_1} ℝ E]
  [MeasurableSpace.{u_1} E] [BorelSpace.{u_1} E] [Nontrivial.{u_1} E] (n : ι → E) (h : ι → ℝ)
  (hn : ∀ (i : ι), Eq.{1} (norm.{u_1} (n i)) 1) (hh : ∀ (i : ι), LT.lt.{0} 0 (h i))
  (hinj : Function.Injective.{u_2 + 1, u_1 + 1} n) (hc : IsCompact.{u_1} (Entry005.finiteHalfspaceSet.{u_2, u_1} n h)) :
  Eq.{1}
    (MeasureTheory.volume.{u_1}
        (Entry005.projectionBodySet.{u_1}
          (Entry005.pyramidSet.{u_1} (Entry005.finiteHalfspaceSet.{u_2, u_1} n h)))).toReal
    (HAdd.hAdd.{0, 0, 0} (MeasureTheory.volume.{u_1} (Entry005.pyramidSideZonotope.{u_2, u_1} n h)).toReal
      (HMul.hMul.{0, 0, 0}
        (HMul.hMul.{0, 0, 0} (MeasureTheory.volume.{u_1} (Entry005.finiteHalfspaceSet.{u_2, u_1} n h)).toReal
          (HPow.hPow.{0, 0, 0} (HDiv.hDiv.{0, 0, 0} 1 ↑(Module.finrank.{0, u_1} ℝ E)) (Module.finrank.{0, u_1} ℝ E)))
        (MeasureTheory.volume.{u_1}
            (Entry005.projectionBodySet.{u_1} (Entry005.finiteHalfspaceSet.{u_2, u_1} n h))).toReal))
'Entry005.pyramid_projection_body_volume_decomposition' depends on axioms: [propext,
 Classical.choice.{u},
 Quot.sound.{u}]
Entry005.pyramid_projection_generator_eq.{u_1, u_2} {ι : Type u_1} {E : Type u_2} [NormedAddCommGroup.{u_2} E]
  [InnerProductSpace.{0, u_2} ℝ E] [FiniteDimensional.{0, u_2} ℝ E] [MeasurableSpace.{u_2} E] [BorelSpace.{u_2} E]
  [Nontrivial.{u_2} E] (n : ι → E) (h : ι → ℝ) (hn : ∀ (i : ι), Eq.{1} (norm.{u_2} (n i)) 1)
  (hh : ∀ (i : ι), LT.lt.{0} 0 (h i)) (hc : IsCompact.{u_2} (Entry005.finiteHalfspaceSet.{u_1, u_2} n h))
  (i : Option.{u_1} ι) :
  Eq.{u_2 + 1}
    (HSMul.hSMul.{0, u_2, u_2}
      (HDiv.hDiv.{0, 0, 0}
        (Entry005.finiteHalfspaceFacetArea.{u_1, u_2} (Entry005.pyramidHalfspaceNormal.{u_1, u_2} n h)
          (Entry005.pyramidHalfspaceHeight.{u_1} h) i)
        2)
      (Entry005.pyramidHalfspaceNormal.{u_1, u_2} n h i))
    (Entry005.pyramidProjectionGenerator.{u_1, u_2} n h i)
'Entry005.pyramid_projection_generator_eq' depends on axioms: [propext, Classical.choice.{u}, Quot.sound.{u}]
Entry005.pyramid_side_chart_offset.{u_1} {E : Type u_1} [NormedAddCommGroup.{u_1} E] [InnerProductSpace.{0, u_1} ℝ E]
  (n : E) (h : ℝ) (hn : Eq.{1} (norm.{u_1} n) 1) :
  Eq.{u_1 + 1}
    (HAdd.hAdd.{u_1, u_1, u_1}
      (HSMul.hSMul.{0, u_1, u_1} (HDiv.hDiv.{0, 0, 0} h (Entry005.pyramidSlope h))
        (Entry005.pyramidSideNormal.{u_1} n h))
      ↑(Entry005.pyramidSideChartApex.{u_1} n h))
    Entry005.pyramidApex.{u_1}
'Entry005.pyramid_side_chart_offset' depends on axioms: [propext, Classical.choice.{u}, Quot.sound.{u}]
Entry005.pyramid_side_facet_area.{u_1, u_2} {E : Type u_1} [NormedAddCommGroup.{u_1} E] [InnerProductSpace.{0, u_1} ℝ E]
  {ι : Type u_2} [Nontrivial.{u_1} E] [FiniteDimensional.{0, u_1} ℝ E] [MeasurableSpace.{u_1} E] [BorelSpace.{u_1} E]
  (n : ι → E) (h : ι → ℝ) (i : ι) (hn : Eq.{1} (norm.{u_1} (n i)) 1) (hh : ∀ (i : ι), LT.lt.{0} 0 (h i))
  (hc : IsCompact.{u_1} (Entry005.finiteHalfspaceSet.{u_2, u_1} n h)) :
  Eq.{1}
    (Entry005.finiteHalfspaceFacetArea.{u_2, u_1} (Entry005.pyramidHalfspaceNormal.{u_2, u_1} n h)
      (Entry005.pyramidHalfspaceHeight.{u_2} h) (some.{u_2} i))
    (HDiv.hDiv.{0, 0, 0}
      (HMul.hMul.{0, 0, 0} (Entry005.finiteHalfspaceFacetArea.{u_2, u_1} n h i) (Entry005.pyramidSlope (h i)))
      ↑(Module.finrank.{0, u_1} ℝ E))
'Entry005.pyramid_side_facet_area' depends on axioms: [propext, Classical.choice.{u}, Quot.sound.{u}]
Entry005.pyramid_side_facet_area_of_empty.{u_1, u_2} {ι : Type u_1} {E : Type u_2} [NormedAddCommGroup.{u_2} E]
  [InnerProductSpace.{0, u_2} ℝ E] [FiniteDimensional.{0, u_2} ℝ E] [MeasurableSpace.{u_2} E] [BorelSpace.{u_2} E]
  [Nontrivial.{u_2} E] (n : ι → E) (h : ι → ℝ) (i : ι) (hn : Eq.{1} (norm.{u_2} (n i)) 1)
  (hh : ∀ (i : ι), LT.lt.{0} 0 (h i)) (hc : IsCompact.{u_2} (Entry005.finiteHalfspaceSet.{u_1, u_2} n h))
  (he : Eq.{u_2 + 1} (Entry005.finiteHalfspaceFacet.{u_1, u_2} n h i) EmptyCollection.emptyCollection.{u_2}) :
  Eq.{1}
    (Entry005.finiteHalfspaceFacetArea.{u_1, u_2} (Entry005.pyramidHalfspaceNormal.{u_1, u_2} n h)
      (Entry005.pyramidHalfspaceHeight.{u_1} h) (some.{u_1} i))
    0
'Entry005.pyramid_side_facet_area_of_empty' depends on axioms: [propext, Classical.choice.{u}, Quot.sound.{u}]
Entry005.pyramid_side_facet_chart.{u_1, u_2} {E : Type u_1} [NormedAddCommGroup.{u_1} E]
  [InnerProductSpace.{0, u_1} ℝ E] {ι : Type u_2} [Nontrivial.{u_1} E] (n : ι → E) (h : ι → ℝ) (i : ι)
  (hn : Eq.{1} (norm.{u_1} (n i)) 1) (hh : ∀ (i : ι), LT.lt.{0} 0 (h i))
  (hc : IsCompact.{u_1} (Entry005.finiteHalfspaceSet.{u_2, u_1} n h)) :
  Eq.{u_1 + 1}
    (Entry005.finiteHalfspaceFacetChart.{u_2, u_1} (Entry005.pyramidHalfspaceNormal.{u_2, u_1} n h)
      (Entry005.pyramidHalfspaceHeight.{u_2} h) (some.{u_2} i))
    (Union.union.{u_1}
      (Set.image.{u_1, u_1} (fun y => HAdd.hAdd.{u_1, u_1, u_1} (Entry005.pyramidSideChartApex.{u_1} (n i) (h i)) y)
        (Set.image.{u_1, u_1} (⇑(Entry005.pyramidSideFrame.{u_1} (n i) (h i) hn))
          (Set.image.{u_1, u_1} (WithLp.toLp.{u_1} 2)
            (Entry005.radialCone.{u_1} (Entry005.finiteHalfspaceFacetChart.{u_2, u_1} n h i)
              (Entry005.pyramidSlope (h i))))))
      (singleton.{u_1, u_1} (Entry005.pyramidSideChartApex.{u_1} (n i) (h i))))
'Entry005.pyramid_side_facet_chart' depends on axioms: [propext, Classical.choice.{u}, Quot.sound.{u}]
Entry005.pyramid_side_facet_of_empty.{u_1, u_2} {E : Type u_1} [NormedAddCommGroup.{u_1} E]
  [InnerProductSpace.{0, u_1} ℝ E] {ι : Type u_2} [Nontrivial.{u_1} E] (n : ι → E) (h : ι → ℝ) (i : ι)
  (hn : Eq.{1} (norm.{u_1} (n i)) 1) (hh : ∀ (i : ι), LT.lt.{0} 0 (h i))
  (hc : IsCompact.{u_1} (Entry005.finiteHalfspaceSet.{u_2, u_1} n h))
  (he : Eq.{u_1 + 1} (Entry005.finiteHalfspaceFacet.{u_2, u_1} n h i) EmptyCollection.emptyCollection.{u_1}) :
  Eq.{u_1 + 1}
    (Entry005.finiteHalfspaceFacet.{u_2, u_1} (Entry005.pyramidHalfspaceNormal.{u_2, u_1} n h)
      (Entry005.pyramidHalfspaceHeight.{u_2} h) (some.{u_2} i))
    (singleton.{u_1, u_1} Entry005.pyramidApex.{u_1})
'Entry005.pyramid_side_facet_of_empty' depends on axioms: [propext, Classical.choice.{u}, Quot.sound.{u}]
Entry005.pyramid_side_horizontal_image.{u_1, u_2} {E : Type u_1} [NormedAddCommGroup.{u_1} E]
  [InnerProductSpace.{0, u_1} ℝ E] {ι : Type u_2} [Fintype.{u_2} ι] [FiniteDimensional.{0, u_1} ℝ E]
  [MeasurableSpace.{u_1} E] [BorelSpace.{u_1} E] (n : ι → E) (h : ι → ℝ) (hn : ∀ (i : ι), Eq.{1} (norm.{u_1} (n i)) 1)
  (hinj : Function.Injective.{u_2 + 1, u_1 + 1} n) (hc : IsCompact.{u_1} (Entry005.finiteHalfspaceSet.{u_2, u_1} n h)) :
  Eq.{u_1 + 1}
    (Set.image.{u_1, u_1}
      (⇑(Submodule.orthogonalProjectionOnto.{0, u_1}
          (Submodule.orthogonal.{0, u_1}
            (Submodule.span.{0, u_1} ℝ (singleton.{u_1, u_1} Entry005.pyramidBaseNormal.{u_1})))))
      (Entry005.pyramidSideZonotope.{u_2, u_1} n h))
    (Set.image.{u_1, u_1} (⇑Entry005.pyramidBaseIsometry.{u_1})
      (HSMul.hSMul.{0, u_1, u_1} (HDiv.hDiv.{0, 0, 0} 1 ↑(Module.finrank.{0, u_1} ℝ E))
        (Entry005.projectionBodySet.{u_1} (Entry005.finiteHalfspaceSet.{u_2, u_1} n h))))
'Entry005.pyramid_side_horizontal_image' depends on axioms: [propext, Classical.choice.{u}, Quot.sound.{u}]
Entry005.pyramid_side_horizontal_volume.{u_1, u_2} {E : Type u_1} [NormedAddCommGroup.{u_1} E]
  [InnerProductSpace.{0, u_1} ℝ E] {ι : Type u_2} [Fintype.{u_2} ι] [FiniteDimensional.{0, u_1} ℝ E]
  [MeasurableSpace.{u_1} E] [BorelSpace.{u_1} E] (n : ι → E) (h : ι → ℝ) (hn : ∀ (i : ι), Eq.{1} (norm.{u_1} (n i)) 1)
  (hinj : Function.Injective.{u_2 + 1, u_1 + 1} n) (hc : IsCompact.{u_1} (Entry005.finiteHalfspaceSet.{u_2, u_1} n h)) :
  Eq.{1}
    (MeasureTheory.volume.{u_1}
        (Set.image.{u_1, u_1}
          (⇑(Submodule.orthogonalProjectionOnto.{0, u_1}
              (Submodule.orthogonal.{0, u_1}
                (Submodule.span.{0, u_1} ℝ (singleton.{u_1, u_1} Entry005.pyramidBaseNormal.{u_1})))))
          (Entry005.pyramidSideZonotope.{u_2, u_1} n h))).toReal
    (HMul.hMul.{0, 0, 0}
      (HPow.hPow.{0, 0, 0} (HDiv.hDiv.{0, 0, 0} 1 ↑(Module.finrank.{0, u_1} ℝ E)) (Module.finrank.{0, u_1} ℝ E))
      (MeasureTheory.volume.{u_1}
          (Entry005.projectionBodySet.{u_1} (Entry005.finiteHalfspaceSet.{u_2, u_1} n h))).toReal)
'Entry005.pyramid_side_horizontal_volume' depends on axioms: [propext, Classical.choice.{u}, Quot.sound.{u}]
Entry005.pyramid_side_radial_coordinates.{u_1} {E : Type u_1} [NormedAddCommGroup.{u_1} E]
  [InnerProductSpace.{0, u_1} ℝ E] (n : E) (h : ℝ) (hn : Eq.{1} (norm.{u_1} n) 1)
  (q : ↥(Submodule.orthogonal.{0, u_1} (Submodule.span.{0, u_1} ℝ (singleton.{u_1, u_1} n)))) (r : ℝ) :
  Eq.{u_1 + 1}
    (HAdd.hAdd.{u_1, u_1, u_1} Entry005.pyramidApex.{u_1}
      ↑((Entry005.pyramidSideFrame.{u_1} n h hn)
          (WithLp.toLp.{u_1} 2
            (Prod.mk.{u_1, 0} (HSMul.hSMul.{0, u_1, u_1} r q) (HMul.hMul.{0, 0, 0} r (Entry005.pyramidSlope h))))))
    (WithLp.toLp.{u_1} 2
      (Prod.mk.{u_1, 0} (HSMul.hSMul.{0, u_1, u_1} r (HAdd.hAdd.{u_1, u_1, u_1} (HSMul.hSMul.{0, u_1, u_1} h n) ↑q))
        (HSub.hSub.{0, 0, 0} 1 r)))
'Entry005.pyramid_side_radial_coordinates' depends on axioms: [propext, Classical.choice.{u}, Quot.sound.{u}]
Entry005.pyramid_side_zonotope_eq_scaled_lifted.{u_1} {ι : Type u_1} [Fintype.{u_1} ι] {d : ℕ}
  [Nontrivial.{0} (Entry005.Space d)] (n : ι → Entry005.Space d) (h : ι → ℝ) (hn : ∀ (i : ι), Eq.{1} (norm.{0} (n i)) 1)
  (hh : ∀ (i : ι), LT.lt.{0} 0 (h i)) (hc : IsCompact.{0} (Entry005.finiteHalfspaceSet.{u_1, 0} n h)) :
  Eq.{1} (Entry005.pyramidSideZonotope.{u_1, 0} n h)
    (HSMul.hSMul.{0, 0, 0}
      (HDiv.hDiv.{0, 0, 0} (MeasureTheory.volume.{0} (Entry005.finiteHalfspaceSet.{u_1, 0} n h)).toReal 2)
      (Set.image.{0, 0} (⇑(Entry005.pyramidLiftCoordinates d))
        (Entry005.finiteLiftedLawZonotope.{u_1}
          (fun i =>
            HDiv.hDiv.{0, 0, 0} (HMul.hMul.{0, 0, 0} (Entry005.finiteHalfspaceFacetArea.{u_1, 0} n h i) (h i))
              (HMul.hMul.{0, 0, 0} (↑d) (MeasureTheory.volume.{0} (Entry005.finiteHalfspaceSet.{u_1, 0} n h)).toReal))
          (Entry005.finiteConePoint.{u_1} (fun i j => WithLp.ofLp.{0} (n i) j) h))))
'Entry005.pyramid_side_zonotope_eq_scaled_lifted' depends on axioms: [propext, Classical.choice.{u}, Quot.sound.{u}]
Entry005.pyramid_side_zonotope_volume_lifted_moment.{u_1} {ι : Type u_1} [Fintype.{u_1} ι] {d : ℕ}
  [Nontrivial.{0} (Entry005.Space d)] (n : ι → Entry005.Space d) (h : ι → ℝ) (hn : ∀ (i : ι), Eq.{1} (norm.{0} (n i)) 1)
  (hh : ∀ (i : ι), LT.lt.{0} 0 (h i)) (hinj : Function.Injective.{u_1 + 1, 1} n)
  (hc : IsCompact.{0} (Entry005.finiteHalfspaceSet.{u_1, 0} n h)) :
  Eq.{1} (MeasureTheory.volume.{0} (Entry005.pyramidSideZonotope.{u_1, 0} n h)).toReal
    (HMul.hMul.{0, 0, 0}
      (HDiv.hDiv.{0, 0, 0}
        (HPow.hPow.{0, 0, 0} (MeasureTheory.volume.{0} (Entry005.finiteHalfspaceSet.{u_1, 0} n h)).toReal
          (HAdd.hAdd.{0, 0, 0} d 1))
        ↑(HAdd.hAdd.{0, 0, 0} d 1).factorial)
      (∫ (w : Fin (HAdd.hAdd.{0, 0, 0} d 1) → Fin d → ℝ),
        abs.{0}
          (Entry005.liftedDeterminant (fun j => w j.succ)
            (w 0)) ∂Entry005.iidLaw.{0} (Entry005.finiteHalfspaceConeLaw.{u_1} n h) (HAdd.hAdd.{0, 0, 0} d 1)))
'Entry005.pyramid_side_zonotope_volume_lifted_moment' depends on axioms: [propext, Classical.choice.{u}, Quot.sound.{u}]
Entry005.rSharp_pos {d : ℕ} (hd : LE.le.{0} 2 d) : LT.lt.{0} 0 (Entry005.rSharp d)
'Entry005.rSharp_pos' depends on axioms: [propext, Classical.choice.{u}, Quot.sound.{u}]
Entry005.rSharp_root_bound {d : ℕ} (hd : LE.le.{0} 2 d) :
  LE.le.{0}
    (HPow.hPow.{0, 0, 0} (HMul.hMul.{0, 0, 0} (Entry005.J d) (Entry005.rSharp d))
      (HDiv.hDiv.{0, 0, 0} 1 ↑(HSub.hSub.{0, 0, 0} d 1)))
    (HDiv.hDiv.{0, 0, 0} 1
      (HMul.hMul.{0, 0, 0} (HMul.hMul.{0, 0, 0} (HMul.hMul.{0, 0, 0} 8 (Entry005.M d)) ↑d) (Entry005.L d)))
'Entry005.rSharp_root_bound' depends on axioms: [propext, Classical.choice.{u}, Quot.sound.{u}]
Entry005.radial_cone_compact.{u_1} {E : Type u_1} [NormedAddCommGroup.{u_1} E] [NormedSpace.{0, u_1} ℝ E]
  {F : Set.{u_1} E} (hF : IsCompact.{u_1} F) (h : ℝ) : IsCompact.{u_1} (Entry005.radialCone.{u_1} F h)
'Entry005.radial_cone_compact' depends on axioms: [propext, Classical.choice.{u}, Quot.sound.{u}]
Entry005.radial_cone_horizontal_slice.{u_1} {E : Type u_1} [NormedAddCommGroup.{u_1} E] [NormedSpace.{0, u_1} ℝ E]
  {F : Set.{u_1} E} {h s : ℝ} (hh : LT.lt.{0} 0 h) (hs : Membership.mem.{0, 0} (Set.Icc.{0} 0 h) s) :
  Eq.{u_1 + 1} (Set.preimage.{u_1, u_1} (fun x => Prod.mk.{u_1, 0} x s) (Entry005.radialCone.{u_1} F h))
    (HSMul.hSMul.{0, u_1, u_1} (HDiv.hDiv.{0, 0, 0} s h) F)
'Entry005.radial_cone_horizontal_slice' depends on axioms: [propext, Classical.choice.{u}, Quot.sound.{u}]
Entry005.radial_cone_horizontal_slice_empty.{u_1} {E : Type u_1} [NormedAddCommGroup.{u_1} E] [NormedSpace.{0, u_1} ℝ E]
  {F : Set.{u_1} E} {h s : ℝ} (hh : LT.lt.{0} 0 h) (hs : s ∉ Set.Icc.{0} 0 h) :
  Eq.{u_1 + 1} (Set.preimage.{u_1, u_1} (fun x => Prod.mk.{u_1, 0} x s) (Entry005.radialCone.{u_1} F h))
    EmptyCollection.emptyCollection.{u_1}
'Entry005.radial_cone_horizontal_slice_empty' depends on axioms: [propext, Classical.choice.{u}, Quot.sound.{u}]
Entry005.radial_cone_horizontal_slice_volume.{u_1} {E : Type u_1} [NormedAddCommGroup.{u_1} E]
  [InnerProductSpace.{0, u_1} ℝ E] [FiniteDimensional.{0, u_1} ℝ E] [MeasurableSpace.{u_1} E] [BorelSpace.{u_1} E]
  {F : Set.{u_1} E} {h : ℝ} (hh : LT.lt.{0} 0 h) (s : ℝ) :
  Eq.{1}
    (MeasureTheory.volume.{u_1}
      (Set.preimage.{u_1, u_1} (fun x => Prod.mk.{u_1, 0} x s) (Entry005.radialCone.{u_1} F h)))
    (Set.indicator.{0, 0} (Set.Icc.{0} 0 h)
      (fun s =>
        HMul.hMul.{0, 0, 0}
          (ENNReal.ofReal (HPow.hPow.{0, 0, 0} (HDiv.hDiv.{0, 0, 0} s h) (Module.finrank.{0, u_1} ℝ E)))
          (MeasureTheory.volume.{u_1} F))
      s)
'Entry005.radial_cone_horizontal_slice_volume' depends on axioms: [propext, Classical.choice.{u}, Quot.sound.{u}]
Entry005.radial_cone_horizontal_slice_volume_toReal.{u_1} {E : Type u_1} [NormedAddCommGroup.{u_1} E]
  [InnerProductSpace.{0, u_1} ℝ E] [FiniteDimensional.{0, u_1} ℝ E] [MeasurableSpace.{u_1} E] [BorelSpace.{u_1} E]
  {F : Set.{u_1} E} {h : ℝ} (hh : LT.lt.{0} 0 h) (s : ℝ) :
  Eq.{1}
    (MeasureTheory.volume.{u_1}
        (Set.preimage.{u_1, u_1} (fun x => Prod.mk.{u_1, 0} x s) (Entry005.radialCone.{u_1} F h))).toReal
    (Set.indicator.{0, 0} (Set.Icc.{0} 0 h)
      (fun s =>
        HMul.hMul.{0, 0, 0} (HPow.hPow.{0, 0, 0} (HDiv.hDiv.{0, 0, 0} s h) (Module.finrank.{0, u_1} ℝ E))
          (MeasureTheory.volume.{u_1} F).toReal)
      s)
'Entry005.radial_cone_horizontal_slice_volume_toReal' depends on axioms: [propext, Classical.choice.{u}, Quot.sound.{u}]
Entry005.radial_cone_lp_volume.{u_1} {E : Type u_1} [NormedAddCommGroup.{u_1} E] [InnerProductSpace.{0, u_1} ℝ E]
  [FiniteDimensional.{0, u_1} ℝ E] [MeasurableSpace.{u_1} E] [BorelSpace.{u_1} E] {F : Set.{u_1} E}
  (hF : IsCompact.{u_1} F) {h : ℝ} (hh : LT.lt.{0} 0 h) :
  Eq.{1}
    (MeasureTheory.volume.{u_1} (Set.image.{u_1, u_1} (WithLp.toLp.{u_1} 2) (Entry005.radialCone.{u_1} F h))).toReal
    (HMul.hMul.{0, 0, 0} (HDiv.hDiv.{0, 0, 0} h (HAdd.hAdd.{0, 0, 0} (↑(Module.finrank.{0, u_1} ℝ E)) 1))
      (MeasureTheory.volume.{u_1} F).toReal)
'Entry005.radial_cone_lp_volume' depends on axioms: [propext, Classical.choice.{u}, Quot.sound.{u}]
Entry005.radial_cone_product_volume.{u_1} {E : Type u_1} [NormedAddCommGroup.{u_1} E] [InnerProductSpace.{0, u_1} ℝ E]
  [FiniteDimensional.{0, u_1} ℝ E] [MeasurableSpace.{u_1} E] [BorelSpace.{u_1} E] {F : Set.{u_1} E}
  (hF : IsCompact.{u_1} F) {h : ℝ} (hh : LT.lt.{0} 0 h) :
  Eq.{1}
    ((MeasureTheory.Measure.prod.{u_1, 0} MeasureTheory.volume.{u_1} MeasureTheory.volume.{0})
        (Entry005.radialCone.{u_1} F h)).toReal
    (HMul.hMul.{0, 0, 0} (HDiv.hDiv.{0, 0, 0} h (HAdd.hAdd.{0, 0, 0} (↑(Module.finrank.{0, u_1} ℝ E)) 1))
      (MeasureTheory.volume.{u_1} F).toReal)
'Entry005.radial_cone_product_volume' depends on axioms: [propext, Classical.choice.{u}, Quot.sound.{u}]
Entry005.radial_power_integrableOn (k : ℕ) (h : ℝ) :
  MeasureTheory.IntegrableOn.{0, 0} (fun s => HPow.hPow.{0, 0, 0} (HDiv.hDiv.{0, 0, 0} s h) k) (Set.Icc.{0} 0 h)
    MeasureTheory.volume.{0}
'Entry005.radial_power_integrableOn' depends on axioms: [propext, Classical.choice.{u}, Quot.sound.{u}]
Entry005.radial_power_integral (k : ℕ) (h : ℝ) (hh : LT.lt.{0} 0 h) :
  Eq.{1} (∫ (s : ℝ) in Set.Icc.{0} 0 h, HPow.hPow.{0, 0, 0} (HDiv.hDiv.{0, 0, 0} s h) k)
    (HDiv.hDiv.{0, 0, 0} h (HAdd.hAdd.{0, 0, 0} (↑k) 1))
'Entry005.radial_power_integral' depends on axioms: [propext, Classical.choice.{u}, Quot.sound.{u}]
Entry005.real_volume_nonnegative_smul.{u_1} {E : Type u_1} [NormedAddCommGroup.{u_1} E] [InnerProductSpace.{0, u_1} ℝ E]
  [FiniteDimensional.{0, u_1} ℝ E] [MeasurableSpace.{u_1} E] [BorelSpace.{u_1} E] (K : Set.{u_1} E) (a : ℝ)
  (ha : LE.le.{0} 0 a) :
  Eq.{1} (MeasureTheory.volume.{u_1} (HSMul.hSMul.{0, u_1, u_1} a K)).toReal
    (HMul.hMul.{0, 0, 0} (HPow.hPow.{0, 0, 0} a (Module.finrank.{0, u_1} ℝ E)) (MeasureTheory.volume.{u_1} K).toReal)
'Entry005.real_volume_nonnegative_smul' depends on axioms: [propext, Classical.choice.{u}, Quot.sound.{u}]
Entry005.regularSimplex_centered_ball_iff (d : ℕ) (hd : LE.le.{0} 1 d) (r : ℝ) :
  Metric.closedBall.{0} 0 r ⊆ Entry005.simplexSet (Entry005.regularSimplex d hd) ↔ LE.le.{0} r 1
'Entry005.regularSimplex_centered_ball_iff' depends on axioms: [propext, Classical.choice.{u}, Quot.sound.{u}]
Entry005.regularSimplex_centroid (d : ℕ) (hd : LE.le.{0} 1 d) :
  Eq.{1} (Affine.Simplex.centroid.{0, 0, 0} (Entry005.regularSimplex d hd)) 0
'Entry005.regularSimplex_centroid' depends on axioms: [propext, Classical.choice.{u}, Quot.sound.{u}]
Entry005.regularSimplex_edge_length (d : ℕ) (hd : LE.le.{0} 1 d) (i j : Fin (HAdd.hAdd.{0, 0, 0} d 1))
  (hij : Ne.{1} i j) :
  Eq.{1}
    (dist.{0} (Affine.Simplex.points.{0, 0, 0} (Entry005.regularSimplex d hd) i)
      (Affine.Simplex.points.{0, 0, 0} (Entry005.regularSimplex d hd) j))
    √(HMul.hMul.{0, 0, 0} (HMul.hMul.{0, 0, 0} 2 ↑d) (HAdd.hAdd.{0, 0, 0} (↑d) 1))
'Entry005.regularSimplex_edge_length' depends on axioms: [propext, Classical.choice.{u}, Quot.sound.{u}]
Entry005.regularSimplex_facet_bound (d : ℕ) (hd : LE.le.{0} 1 d) (i : Fin (HAdd.hAdd.{0, 0, 0} d 1))
  {x : Entry005.Space d} (hx : Membership.mem.{0, 0} (Entry005.simplexSet (Entry005.regularSimplex d hd)) x) :
  LE.le.{0} (Neg.neg.{0} ↑d) (inner.{0, 0} ℝ (Affine.Simplex.points.{0, 0, 0} (Entry005.regularSimplex d hd) i) x)
'Entry005.regularSimplex_facet_bound' depends on axioms: [propext, Classical.choice.{u}, Quot.sound.{u}]
Entry005.regularSimplex_norm_sq_coord (d : ℕ) (hd : LE.le.{0} 1 d) (x : Entry005.Space d) :
  Eq.{1} (HPow.hPow.{0, 0, 0} (norm.{0} x) 2)
    (HMul.hMul.{0, 0, 0} (↑d)
      (HSub.hSub.{0, 0, 0}
        (HMul.hMul.{0, 0, 0} (HAdd.hAdd.{0, 0, 0} (↑d) 1)
          (∑ i, HPow.hPow.{0, 0, 0} ((Entry005.simplexCoord (Entry005.regularSimplex d hd) i) x) 2))
        1))
'Entry005.regularSimplex_norm_sq_coord' depends on axioms: [propext, Classical.choice.{u}, Quot.sound.{u}]
Entry005.regularSimplex_norm_sq_le_of_coord_abs (d : ℕ) (hd : LE.le.{0} 1 d) (x : Entry005.Space d)
  (hcoord :
    ∀ (i : Fin (HAdd.hAdd.{0, 0, 0} d 1)),
      LE.le.{0} (abs.{0} ((Entry005.simplexCoord (Entry005.regularSimplex d hd) i) x)) 1) :
  LE.le.{0} (HPow.hPow.{0, 0, 0} (norm.{0} x) 2)
    (HMul.hMul.{0, 0, 0} (HPow.hPow.{0, 0, 0} (↑d) 2) (HAdd.hAdd.{0, 0, 0} (↑d) 2))
'Entry005.regularSimplex_norm_sq_le_of_coord_abs' depends on axioms: [propext, Classical.choice.{u}, Quot.sound.{u}]
Entry005.regularSimplex_unit_ball (d : ℕ) (hd : LE.le.{0} 1 d) :
  Metric.closedBall.{0} 0 1 ⊆ Entry005.simplexSet (Entry005.regularSimplex d hd)
'Entry005.regularSimplex_unit_ball' depends on axioms: [propext, Classical.choice.{u}, Quot.sound.{u}]
Entry005.regularSimplex_vertex_inner (d : ℕ) (hd : LE.le.{0} 1 d) (i j : Fin (HAdd.hAdd.{0, 0, 0} d 1))
  (hij : Ne.{1} i j) :
  Eq.{1}
    (inner.{0, 0} ℝ (Affine.Simplex.points.{0, 0, 0} (Entry005.regularSimplex d hd) i)
      (Affine.Simplex.points.{0, 0, 0} (Entry005.regularSimplex d hd) j))
    (Neg.neg.{0} ↑d)
'Entry005.regularSimplex_vertex_inner' depends on axioms: [propext, Classical.choice.{u}, Quot.sound.{u}]
Entry005.regularSimplex_vertex_norm (d : ℕ) (hd : LE.le.{0} 1 d) (i : Fin (HAdd.hAdd.{0, 0, 0} d 1)) :
  Eq.{1} (norm.{0} (Affine.Simplex.points.{0, 0, 0} (Entry005.regularSimplex d hd) i)) ↑d
'Entry005.regularSimplex_vertex_norm' depends on axioms: [propext, Classical.choice.{u}, Quot.sound.{u}]
Entry005.regularSimplex_weighted_norm_sq (d : ℕ) (hd : LE.le.{0} 1 d) (a : Fin (HAdd.hAdd.{0, 0, 0} d 1) → ℝ) :
  Eq.{1}
    (HPow.hPow.{0, 0, 0}
      (norm.{0} (∑ i, HSMul.hSMul.{0, 0, 0} (a i) (Affine.Simplex.points.{0, 0, 0} (Entry005.regularSimplex d hd) i)))
      2)
    (HMul.hMul.{0, 0, 0} (↑d)
      (HSub.hSub.{0, 0, 0} (HMul.hMul.{0, 0, 0} (HAdd.hAdd.{0, 0, 0} (↑d) 1) (∑ i, HPow.hPow.{0, 0, 0} (a i) 2))
        (HPow.hPow.{0, 0, 0} (∑ i, a i) 2)))
'Entry005.regularSimplex_weighted_norm_sq' depends on axioms: [propext, Classical.choice.{u}, Quot.sound.{u}]
Entry005.replacement_determinant_coordinates {d : ℕ} (w : Fin (HAdd.hAdd.{0, 0, 0} d 1) → Fin d → ℝ)
  (hdet : Ne.{1} (Matrix.det.{0, 0} (Entry005.anchorMatrix w)) 0) (x : Fin d → ℝ) (i : Fin (HAdd.hAdd.{0, 0, 0} d 1)) :
  Eq.{1} (Entry005.replacementDeterminant w x i)
    (HMul.hMul.{0, 0, 0} (Matrix.det.{0, 0} (Entry005.anchorMatrix w)) (Entry005.anchorCoordinates w x i))
'Entry005.replacement_determinant_coordinates' depends on axioms: [propext, Classical.choice.{u}, Quot.sound.{u}]
Entry005.retain_maximum_simplex {d : ℕ} (hd : LE.le.{0} 1 d) (K : ConvexBody.{0} (Entry005.Space d))
  (P S : Affine.Simplex.{0, 0, 0} ℝ (Entry005.Space d) d) (M s : ℝ) (hmax : Entry005.maximumInscribed K S)
  (hKP : ↑K ⊆ Entry005.simplexSet P)
  (hbound : ∀ (i : Fin (HAdd.hAdd.{0, 0, 0} d 1)), LE.le.{0} (norm.{0} (Affine.Simplex.points.{0, 0, 0} P i)) M)
  (hball : Metric.closedBall.{0} 0 1 ⊆ Entry005.simplexSet S) (hs0 : LE.le.{0} 0 s)
  (hds : LE.le.{0} (HMul.hMul.{0, 0, 0} (↑d) s) (1 / 8))
  (hshrink : HSMul.hSMul.{0, 0, 0} (HSub.hSub.{0, 0, 0} 1 s) (Entry005.simplexSet P) ⊆ ↑K) :
  ↑K ⊆
    HSMul.hSMul.{0, 0, 0}
      (HAdd.hAdd.{0, 0, 0} 1 (HMul.hMul.{0, 0, 0} (HMul.hMul.{0, 0, 0} (HMul.hMul.{0, 0, 0} 2 M) ↑d) s))
      (Entry005.simplexSet S)
'Entry005.retain_maximum_simplex' depends on axioms: [propext, Classical.choice.{u}, Quot.sound.{u}]
Entry005.retain_maximum_simplex_about {d : ℕ} (hd : LE.le.{0} 1 d) (K : ConvexBody.{0} (Entry005.Space d))
  (P S : Affine.Simplex.{0, 0, 0} ℝ (Entry005.Space d) d) (c : Entry005.Space d) (M s : ℝ)
  (hmax : Entry005.maximumInscribed K S) (hKP : ↑K ⊆ Entry005.simplexSet P)
  (hbound :
    ∀ (i : Fin (HAdd.hAdd.{0, 0, 0} d 1)),
      LE.le.{0} (norm.{0} (HSub.hSub.{0, 0, 0} (Affine.Simplex.points.{0, 0, 0} P i) c)) M)
  (hball : Metric.closedBall.{0} c 1 ⊆ Entry005.simplexSet S) (hs0 : LE.le.{0} 0 s)
  (hds : LE.le.{0} (HMul.hMul.{0, 0, 0} (↑d) s) (1 / 8))
  (hshrink :
    Set.image.{0, 0} (⇑(AffineMap.homothety.{0, 0, 0} c (HSub.hSub.{0, 0, 0} 1 s))) (Entry005.simplexSet P) ⊆ ↑K) :
  ↑K ⊆
    Set.image.{0, 0}
      (⇑(AffineMap.homothety.{0, 0, 0} c
          (HAdd.hAdd.{0, 0, 0} 1 (HMul.hMul.{0, 0, 0} (HMul.hMul.{0, 0, 0} (HMul.hMul.{0, 0, 0} 2 M) ↑d) s))))
      (Entry005.simplexSet S)
'Entry005.retain_maximum_simplex_about' depends on axioms: [propext, Classical.choice.{u}, Quot.sound.{u}]
Entry005.retain_maximum_simplex_centroid {d : ℕ} (hd : LE.le.{0} 1 d) (K : ConvexBody.{0} (Entry005.Space d))
  (P S : Affine.Simplex.{0, 0, 0} ℝ (Entry005.Space d) d) (M s : ℝ) (hmax : Entry005.maximumInscribed K S)
  (hKP : ↑K ⊆ Entry005.simplexSet P)
  (hbound :
    ∀ (i : Fin (HAdd.hAdd.{0, 0, 0} d 1)),
      LE.le.{0}
        (norm.{0} (HSub.hSub.{0, 0, 0} (Affine.Simplex.points.{0, 0, 0} P i) (Affine.Simplex.centroid.{0, 0, 0} S))) M)
  (hball : Metric.closedBall.{0} (Affine.Simplex.centroid.{0, 0, 0} S) 1 ⊆ Entry005.simplexSet S) (hs0 : LE.le.{0} 0 s)
  (hds : LE.le.{0} (HMul.hMul.{0, 0, 0} (↑d) s) (1 / 8))
  (hshrink :
    Set.image.{0, 0} (⇑(AffineMap.homothety.{0, 0, 0} (Affine.Simplex.centroid.{0, 0, 0} S) (HSub.hSub.{0, 0, 0} 1 s)))
        (Entry005.simplexSet P) ⊆
      ↑K) :
  ↑K ⊆ Entry005.centeredDilation S (HMul.hMul.{0, 0, 0} (HMul.hMul.{0, 0, 0} (HMul.hMul.{0, 0, 0} 2 M) ↑d) s)
'Entry005.retain_maximum_simplex_centroid' depends on axioms: [propext, Classical.choice.{u}, Quot.sound.{u}]
Entry005.retain_maximum_simplex_excess {d : ℕ} (hd : LE.le.{0} 1 d) (K : ConvexBody.{0} (Entry005.Space d))
  (P S : Affine.Simplex.{0, 0, 0} ℝ (Entry005.Space d) d) (M s : ℝ) (hmax : Entry005.maximumInscribed K S)
  (hKP : ↑K ⊆ Entry005.simplexSet P)
  (hbound :
    ∀ (i : Fin (HAdd.hAdd.{0, 0, 0} d 1)),
      LE.le.{0}
        (norm.{0} (HSub.hSub.{0, 0, 0} (Affine.Simplex.points.{0, 0, 0} P i) (Affine.Simplex.centroid.{0, 0, 0} S))) M)
  (hball : Metric.closedBall.{0} (Affine.Simplex.centroid.{0, 0, 0} S) 1 ⊆ Entry005.simplexSet S) (hs0 : LE.le.{0} 0 s)
  (hds : LE.le.{0} (HMul.hMul.{0, 0, 0} (↑d) s) (1 / 8))
  (hshrink :
    Set.image.{0, 0} (⇑(AffineMap.homothety.{0, 0, 0} (Affine.Simplex.centroid.{0, 0, 0} S) (HSub.hSub.{0, 0, 0} 1 s)))
        (Entry005.simplexSet P) ⊆
      ↑K) :
  LE.le.{0} (Entry005.excess (↑K) S) (HMul.hMul.{0, 0, 0} (HMul.hMul.{0, 0, 0} (HMul.hMul.{0, 0, 0} 2 M) ↑d) s)
'Entry005.retain_maximum_simplex_excess' depends on axioms: [propext, Classical.choice.{u}, Quot.sound.{u}]
Entry005.retain_maximum_simplex_of_hausdorff {d : ℕ} (hd : LE.le.{0} 1 d) (K : ConvexBody.{0} (Entry005.Space d))
  (P S : Affine.Simplex.{0, 0, 0} ℝ (Entry005.Space d) d) (M s : ℝ) (hmax : Entry005.maximumInscribed K S)
  (hKP : ↑K ⊆ Entry005.simplexSet P)
  (hbound : ∀ (i : Fin (HAdd.hAdd.{0, 0, 0} d 1)), LE.le.{0} (norm.{0} (Affine.Simplex.points.{0, 0, 0} P i)) M)
  (hball : Metric.closedBall.{0} 0 1 ⊆ Entry005.simplexSet S) (hs0 : LE.le.{0} 0 s)
  (hds : LE.le.{0} (HMul.hMul.{0, 0, 0} (↑d) s) (1 / 8))
  (hhaus : LE.le.{0} (Metric.hausdorffDist.{0} (↑K) (Entry005.simplexSet P)) s) :
  ↑K ⊆
    HSMul.hSMul.{0, 0, 0}
      (HAdd.hAdd.{0, 0, 0} 1 (HMul.hMul.{0, 0, 0} (HMul.hMul.{0, 0, 0} (HMul.hMul.{0, 0, 0} 2 M) ↑d) s))
      (Entry005.simplexSet S)
'Entry005.retain_maximum_simplex_of_hausdorff' depends on axioms: [propext, Classical.choice.{u}, Quot.sound.{u}]
Entry005.retain_maximum_simplex_of_projection_deficit {d : ℕ} (hd : LE.le.{0} 2 d)
  (K : ConvexBody.{0} (Entry005.Space d)) (P S : Affine.Simplex.{0, 0, 0} ℝ (Entry005.Space d) d) (M η : ℝ)
  (hmax : Entry005.maximumInscribed K S) (hKP : ↑K ⊆ Entry005.simplexSet P)
  (hbound : ∀ (i : Fin (HAdd.hAdd.{0, 0, 0} d 1)), LE.le.{0} (norm.{0} (Affine.Simplex.points.{0, 0, 0} P i)) M)
  (hball : Metric.closedBall.{0} 0 1 ⊆ Entry005.simplexSet S) (hη : LE.le.{0} 0 η)
  (hgate : LE.le.{0} (HMul.hMul.{0, 0, 0} (↑d) (Entry005.projectionHausdorffBound d M η)) (1 / 8))
  (hdef :
    ∀ (u : Entry005.Space d),
      Eq.{1} (norm.{0} u) 1 →
        LE.le.{0}
          (HSub.hSub.{0, 0, 0}
            (Entry005.projectedVolume.{0} (Submodule.orthogonal.{0, 0} (Submodule.span.{0, 0} ℝ (singleton.{0, 0} u)))
                (Entry005.simplexBody P)).toReal
            (Entry005.projectedVolume.{0} (Submodule.orthogonal.{0, 0} (Submodule.span.{0, 0} ℝ (singleton.{0, 0} u)))
                K).toReal)
          η) :
  ↑K ⊆
    HSMul.hSMul.{0, 0, 0}
      (HAdd.hAdd.{0, 0, 0} 1
        (HMul.hMul.{0, 0, 0} (HMul.hMul.{0, 0, 0} (HMul.hMul.{0, 0, 0} 2 M) ↑d)
          (Entry005.projectionHausdorffBound d M η)))
      (Entry005.simplexSet S)
'Entry005.retain_maximum_simplex_of_projection_deficit' depends on axioms: [propext,
 Classical.choice.{u},
 Quot.sound.{u}]
Entry005.root_bound_of_reciprocal_power {n : ℕ} (hn : Ne.{1} n 0) {A J r : ℝ} (hA : LT.lt.{0} 0 A) (hJ : LT.lt.{0} 0 J)
  (hr : LE.le.{0} 0 r)
  (hbound : LE.le.{0} r (HDiv.hDiv.{0, 0, 0} 1 (HMul.hMul.{0, 0, 0} J (HPow.hPow.{0, 0, 0} A n)))) :
  LE.le.{0} (HPow.hPow.{0, 0, 0} (HMul.hMul.{0, 0, 0} J r) (HDiv.hDiv.{0, 0, 0} 1 ↑n)) (HDiv.hDiv.{0, 0, 0} 1 A)
'Entry005.root_bound_of_reciprocal_power' depends on axioms: [propext, Classical.choice.{u}, Quot.sound.{u}]
Entry005.round_iid_witness_anchor.{u_1} {d : ℕ} (hd : LE.le.{0} 1 d) {ι : Type u_1} [Fintype.{u_1} ι]
  (ν : MeasureTheory.Measure.{0} (Fin d → ℝ)) [MeasureTheory.IsProbabilityMeasure.{0} ν]
  (hX : ∀ (i : Fin d), MeasureTheory.Integrable.{0, 0} (fun x => x i) ν)
  (hcenter : ∀ (i : Fin d), Eq.{1} (∫ (x : Fin d → ℝ), x i ∂ν) 0)
  (hpair : ∀ (i j : Fin d), MeasureTheory.Integrable.{0, 0} (fun x => HMul.hMul.{0, 0, 0} (x i) (x j)) ν) {b C : ℝ}
  (hb : LT.lt.{0} 0 b) (hC : LT.lt.{0} 0 C)
  (hround :
    ∀ (u : EuclideanSpace.{0, 0} ℝ (Fin d)),
      Eq.{1} (norm.{0} u) 1 →
        LE.le.{0} (HMul.hMul.{0, 0, 0} 2 b)
          (Entry005.negativeIntegral.{0} ν fun x => dotProduct.{0, 0} (WithLp.ofLp.{0} u) x))
  (p : ι → Equiv.Perm.{1} (Fin (HAdd.hAdd.{0, 0, 0} d 2)))
  (hbound :
    ∀ᵐ (w : Fin (HAdd.hAdd.{0, 0, 0} d 1) → Fin d → ℝ) ∂Entry005.iidLaw.{0} ν (HAdd.hAdd.{0, 0, 0} d 1),
      LE.le.{0} (abs.{0} (Entry005.liftedDeterminant (fun i => w i.succ) (w 0))) C) :
  ∃ w,
    (∀ (i : Fin (HAdd.hAdd.{0, 0, 0} d 1)), Membership.mem.{0, 0} (MeasureTheory.Measure.support.{0} ν) (w i)) ∧
      LE.le.{0} (HPow.hPow.{0, 0, 0} b d) (abs.{0} (Entry005.liftedDeterminant (fun i => w i.succ) (w 0))) ∧
        LE.le.{0}
          (Entry005.transportedWitnessSum.{0, 0, 0, u_1} ν (fun base x => Entry005.liftedDeterminant base x)
            (fun i => Entry005.iidWitnessTransport.{0} d (p i)) w)
          (HDiv.hDiv.{0, 0, 0}
            (HMul.hMul.{0, 0, 0}
              (HMul.hMul.{0, 0, 0} (↑(Fintype.card.{u_1} ι))
                (Entry005.determinantLawDefect.{0, 0} (Entry005.iidLaw.{0} ν d) ν id.{1} id.{1}))
              (HPow.hPow.{0, 0, 0} C 2))
            (HPow.hPow.{0, 0, 0} (HPow.hPow.{0, 0, 0} b d) 2))
'Entry005.round_iid_witness_anchor' depends on axioms: [propext, Classical.choice.{u}, Quot.sound.{u}]
Entry005.round_lifted_second_moment_lower.{u_1} {α : Type u_1} [MeasurableSpace.{u_1} α]
  {ν : MeasureTheory.Measure.{u_1} α} [MeasureTheory.IsProbabilityMeasure.{u_1} ν] {d : ℕ} (hd : LE.le.{0} 1 d)
  (X : α → Fin d → ℝ) (hX : ∀ (i : Fin d), MeasureTheory.Integrable.{0, u_1} (fun x => X x i) ν)
  (hcenter : ∀ (i : Fin d), Eq.{1} (∫ (x : α), X x i ∂ν) 0)
  (hpair : ∀ (i j : Fin d), MeasureTheory.Integrable.{0, u_1} (fun x => HMul.hMul.{0, 0, 0} (X x i) (X x j)) ν) {b : ℝ}
  (hb : LE.le.{0} 0 b)
  (hround :
    ∀ (u : EuclideanSpace.{0, 0} ℝ (Fin d)),
      Eq.{1} (norm.{0} u) 1 →
        LE.le.{0} (HMul.hMul.{0, 0, 0} 2 b)
          (Entry005.negativeIntegral.{u_1} ν fun x => dotProduct.{0, 0} (WithLp.ofLp.{0} u) (X x))) :
  LE.le.{0} (HMul.hMul.{0, 0, 0} 2 (HPow.hPow.{0, 0, 0} (HPow.hPow.{0, 0, 0} b d) 2))
    (∫ (w : Fin (HAdd.hAdd.{0, 0, 0} d 1) → α),
      HPow.hPow.{0, 0, 0} (abs.{0} (Entry005.liftedDeterminant (fun i => X (w i.succ)) (X (w 0))))
        2 ∂Entry005.iidLaw.{u_1} ν (HAdd.hAdd.{0, 0, 0} d 1))
'Entry005.round_lifted_second_moment_lower' depends on axioms: [propext, Classical.choice.{u}, Quot.sound.{u}]
Entry005.same_sign_facets_same_fiber_eq.{u_1, u_2} {ι : Type u_1} {E : Type u_2} [NormedAddCommGroup.{u_2} E]
  [InnerProductSpace.{0, u_2} ℝ E] (n : ι → E) (h : ι → ℝ) (i j : ι) (u : E) (hu : Eq.{1} (norm.{u_2} u) 1)
  (hsign :
    LT.lt.{0} 0 (inner.{0, u_2} ℝ (n i) u) ∧ LT.lt.{0} 0 (inner.{0, u_2} ℝ (n j) u) ∨
      LT.lt.{0} (inner.{0, u_2} ℝ (n i) u) 0 ∧ LT.lt.{0} (inner.{0, u_2} ℝ (n j) u) 0)
  (x y : E) (hx : Membership.mem.{u_2, u_2} (Entry005.finiteHalfspaceFacet.{u_1, u_2} n h i) x)
  (hy : Membership.mem.{u_2, u_2} (Entry005.finiteHalfspaceFacet.{u_1, u_2} n h j) y)
  (hp :
    Eq.{u_2 + 1}
      ((Submodule.orthogonalProjectionOnto.{0, u_2}
          (Submodule.orthogonal.{0, u_2} (Submodule.span.{0, u_2} ℝ (singleton.{u_2, u_2} u))))
        x)
      ((Submodule.orthogonalProjectionOnto.{0, u_2}
          (Submodule.orthogonal.{0, u_2} (Submodule.span.{0, u_2} ℝ (singleton.{u_2, u_2} u))))
        y)) :
  Eq.{u_2 + 1} x y
'Entry005.same_sign_facets_same_fiber_eq' depends on axioms: [propext, Classical.choice.{u}, Quot.sound.{u}]
Entry005.same_sign_projected_facets_inter_volume_zero.{u_1, u_2} {ι : Type u_1} {E : Type u_2}
  [NormedAddCommGroup.{u_2} E] [InnerProductSpace.{0, u_2} ℝ E] [FiniteDimensional.{0, u_2} ℝ E]
  [MeasurableSpace.{u_2} E] [BorelSpace.{u_2} E] (n : ι → E) (h : ι → ℝ) (hn : ∀ (i : ι), Eq.{1} (norm.{u_2} (n i)) 1)
  (i j : ι) (hij : Ne.{u_2 + 1} (n i) (n j)) (u : E) (hu : Eq.{1} (norm.{u_2} u) 1)
  (hsign :
    LT.lt.{0} 0 (inner.{0, u_2} ℝ (n i) u) ∧ LT.lt.{0} 0 (inner.{0, u_2} ℝ (n j) u) ∨
      LT.lt.{0} (inner.{0, u_2} ℝ (n i) u) 0 ∧ LT.lt.{0} (inner.{0, u_2} ℝ (n j) u) 0) :
  Eq.{1}
    (MeasureTheory.volume.{u_2}
      (Inter.inter.{u_2}
        (Set.image.{u_2, u_2}
          (⇑(Submodule.orthogonalProjectionOnto.{0, u_2}
              (Submodule.orthogonal.{0, u_2} (Submodule.span.{0, u_2} ℝ (singleton.{u_2, u_2} u)))))
          (Entry005.finiteHalfspaceFacet.{u_1, u_2} n h i))
        (Set.image.{u_2, u_2}
          (⇑(Submodule.orthogonalProjectionOnto.{0, u_2}
              (Submodule.orthogonal.{0, u_2} (Submodule.span.{0, u_2} ℝ (singleton.{u_2, u_2} u)))))
          (Entry005.finiteHalfspaceFacet.{u_1, u_2} n h j))))
    0
'Entry005.same_sign_projected_facets_inter_volume_zero' depends on axioms: [propext,
 Classical.choice.{u},
 Quot.sound.{u}]
Entry005.same_unit_projection_sub.{u_2} {E : Type u_2} [NormedAddCommGroup.{u_2} E] [InnerProductSpace.{0, u_2} ℝ E]
  (u x y : E) (hu : Eq.{1} (norm.{u_2} u) 1)
  (hp :
    Eq.{u_2 + 1}
      ((Submodule.orthogonalProjectionOnto.{0, u_2}
          (Submodule.orthogonal.{0, u_2} (Submodule.span.{0, u_2} ℝ (singleton.{u_2, u_2} u))))
        x)
      ((Submodule.orthogonalProjectionOnto.{0, u_2}
          (Submodule.orthogonal.{0, u_2} (Submodule.span.{0, u_2} ℝ (singleton.{u_2, u_2} u))))
        y)) :
  Eq.{u_2 + 1} (HSub.hSub.{u_2, u_2, u_2} x y)
    (HSMul.hSMul.{0, u_2, u_2} (HSub.hSub.{0, 0, 0} (inner.{0, u_2} ℝ u x) (inner.{0, u_2} ℝ u y)) u)
'Entry005.same_unit_projection_sub' depends on axioms: [propext, Classical.choice.{u}, Quot.sound.{u}]
Entry005.sampled_determinant_integrable.{u_1} {α : Type u_1} [MeasurableSpace.{u_1} α]
  {ν : MeasureTheory.Measure.{u_1} α} [MeasureTheory.IsProbabilityMeasure.{u_1} ν] {n : ℕ} (X : α → Fin n → ℝ)
  (hX : ∀ (i : Fin n), MeasureTheory.Integrable.{0, u_1} (fun x => X x i) ν) :
  MeasureTheory.Integrable.{0, u_1} (fun w => Matrix.det.{0, 0} (Entry005.sampledMatrix.{u_1} X w))
    (Entry005.iidLaw.{u_1} ν n)
'Entry005.sampled_determinant_integrable' depends on axioms: [propext, Classical.choice.{u}, Quot.sound.{u}]
Entry005.scaled_defect_le_b {d : ℕ} (hd : LE.le.{0} 2 d) {δ : ℝ} (hδ : LE.le.{0} δ (Entry005.eSharp d)) :
  LE.le.{0} (HMul.hMul.{0, 0, 0} (HMul.hMul.{0, 0, 0} (Entry005.Q d) (HAdd.hAdd.{0, 0, 0} (↑d) 1)) δ) (Entry005.b d)
'Entry005.scaled_defect_le_b' depends on axioms: [propext, Classical.choice.{u}, Quot.sound.{u}]
Entry005.scaled_defect_le_rSharp {d : ℕ} (hd : LE.le.{0} 2 d) {δ : ℝ} (hδ : LE.le.{0} δ (Entry005.eSharp d)) :
  LE.le.{0} (HMul.hMul.{0, 0, 0} (HMul.hMul.{0, 0, 0} (Entry005.Q d) (HAdd.hAdd.{0, 0, 0} (↑d) 1)) δ)
    (Entry005.rSharp d)
'Entry005.scaled_defect_le_rSharp' depends on axioms: [propext, Classical.choice.{u}, Quot.sound.{u}]
Entry005.scaled_defect_root_bound {d : ℕ} (hd : LE.le.{0} 2 d) {δ : ℝ} (hδ0 : LE.le.{0} 0 δ)
  (hδ : LE.le.{0} δ (Entry005.eSharp d)) :
  LE.le.{0}
    (HPow.hPow.{0, 0, 0}
      (HMul.hMul.{0, 0, 0}
        (HMul.hMul.{0, 0, 0} (HMul.hMul.{0, 0, 0} (Entry005.J d) (Entry005.Q d)) (HAdd.hAdd.{0, 0, 0} (↑d) 1)) δ)
      (HDiv.hDiv.{0, 0, 0} 1 ↑(HSub.hSub.{0, 0, 0} d 1)))
    (HDiv.hDiv.{0, 0, 0} 1
      (HMul.hMul.{0, 0, 0} (HMul.hMul.{0, 0, 0} (HMul.hMul.{0, 0, 0} 8 (Entry005.M d)) ↑d) (Entry005.L d)))
'Entry005.scaled_defect_root_bound' depends on axioms: [propext, Classical.choice.{u}, Quot.sound.{u}]
Entry005.second_moment_event_lower.{u_1} {α : Type u_1} [MeasurableSpace.{u_1} α] {μ : MeasureTheory.Measure.{u_1} α}
  [MeasureTheory.IsProbabilityMeasure.{u_1} μ] {V : α → ℝ} (hV : Measurable.{u_1, 0} V) {v C : ℝ} (hv : LT.lt.{0} 0 v)
  (hC : LT.lt.{0} 0 C) (hV0 : ∀ᵐ (x : α) ∂μ, LE.le.{0} 0 (V x)) (hVC : ∀ᵐ (x : α) ∂μ, LE.le.{0} (V x) C)
  (hmoment : LE.le.{0} (HMul.hMul.{0, 0, 0} 2 (HPow.hPow.{0, 0, 0} v 2)) (∫ (x : α), HPow.hPow.{0, 0, 0} (V x) 2 ∂μ)) :
  LE.le.{0} (HDiv.hDiv.{0, 0, 0} (HPow.hPow.{0, 0, 0} v 2) (HPow.hPow.{0, 0, 0} C 2))
    (μ (Set.ofPred.{u_1} fun x => LE.le.{0} v (V x))).toReal
'Entry005.second_moment_event_lower' depends on axioms: [propext, Classical.choice.{u}, Quot.sound.{u}]
Entry005.second_moment_hermitian.{u_1} {α : Type u_1} [MeasurableSpace.{u_1} α] {ν : MeasureTheory.Measure.{u_1} α}
  {d : ℕ} (X : α → Fin d → ℝ) : Matrix.IsHermitian.{0, 0} (Entry005.secondMomentMatrix.{u_1} ν X)
'Entry005.second_moment_hermitian' depends on axioms: [propext, Classical.choice.{u}, Quot.sound.{u}]
Entry005.segment_extrusion_rescale.{u_1} {E : Type u_1} [NormedAddCommGroup.{u_1} E] [InnerProductSpace.{0, u_1} ℝ E]
  (K : Set.{u_1} E) (u : E) (τ c : ℝ) (hc : LT.lt.{0} 0 c) :
  Eq.{u_1 + 1} (Entry005.segmentExtrusion.{u_1} K (HSMul.hSMul.{0, u_1, u_1} c u) τ)
    (Entry005.segmentExtrusion.{u_1} K u (HMul.hMul.{0, 0, 0} τ c))
'Entry005.segment_extrusion_rescale' depends on axioms: [propext, Classical.choice.{u}, Quot.sound.{u}]
Entry005.selectedAnchorSimplex_points {d : ℕ} (w : Fin (HAdd.hAdd.{0, 0, 0} d 1) → Fin d → ℝ)
  (hdet : Ne.{1} (Matrix.det.{0, 0} (Entry005.anchorMatrix w)) 0) (i : Fin (HAdd.hAdd.{0, 0, 0} d 1)) :
  Eq.{1} (Affine.Simplex.points.{0, 0, 0} (Entry005.selectedAnchorSimplex w hdet) i) (WithLp.toLp.{0} 2 (w i))
'Entry005.selectedAnchorSimplex_points' depends on axioms: [propext, Classical.choice.{u}, Quot.sound.{u}]
Entry005.selected_anchor_affineIndependent {d : ℕ} (w : Fin (HAdd.hAdd.{0, 0, 0} d 1) → Fin d → ℝ)
  (hdet : Ne.{1} (Matrix.det.{0, 0} (Entry005.anchorMatrix w)) 0) :
  AffineIndependent.{0, 0, 0, 0} ℝ fun i => WithLp.toLp.{0} 2 (w i)
'Entry005.selected_anchor_affineIndependent' depends on axioms: [propext, Classical.choice.{u}, Quot.sound.{u}]
Entry005.selected_anchor_affineIndependent_iff_det_ne_zero {d : ℕ} (w : Fin (HAdd.hAdd.{0, 0, 0} d 1) → Fin d → ℝ) :
  (AffineIndependent.{0, 0, 0, 0} ℝ fun i => WithLp.toLp.{0} 2 (w i)) ↔
    Ne.{1} (Matrix.det.{0, 0} (Entry005.anchorMatrix w)) 0
'Entry005.selected_anchor_affineIndependent_iff_det_ne_zero' depends on axioms: [propext,
 Classical.choice.{u},
 Quot.sound.{u}]
Entry005.selected_anchor_det_ne_zero_of_affineIndependent {d : ℕ} (w : Fin (HAdd.hAdd.{0, 0, 0} d 1) → Fin d → ℝ)
  (hw : AffineIndependent.{0, 0, 0, 0} ℝ fun i => WithLp.toLp.{0} 2 (w i)) :
  Ne.{1} (Matrix.det.{0, 0} (Entry005.anchorMatrix w)) 0
'Entry005.selected_anchor_det_ne_zero_of_affineIndependent' depends on axioms: [propext,
 Classical.choice.{u},
 Quot.sound.{u}]
Entry005.selected_anchor_det_ne_zero_of_raw_affineIndependent {d : ℕ} (w : Fin (HAdd.hAdd.{0, 0, 0} d 1) → Fin d → ℝ)
  (hw : AffineIndependent.{0, 0, 0, 0} ℝ w) : Ne.{1} (Matrix.det.{0, 0} (Entry005.anchorMatrix w)) 0
'Entry005.selected_anchor_det_ne_zero_of_raw_affineIndependent' depends on axioms: [propext,
 Classical.choice.{u},
 Quot.sound.{u}]
Entry005.selected_anchor_raw_affineIndependent {d : ℕ} (w : Fin (HAdd.hAdd.{0, 0, 0} d 1) → Fin d → ℝ)
  (hdet : Ne.{1} (Matrix.det.{0, 0} (Entry005.anchorMatrix w)) 0) : AffineIndependent.{0, 0, 0, 0} ℝ w
'Entry005.selected_anchor_raw_affineIndependent' depends on axioms: [propext, Classical.choice.{u}, Quot.sound.{u}]
Entry005.shrink_subset_of_hausdorff.{u_1} {E : Type u_1} [NormedAddCommGroup.{u_1} E] [InnerProductSpace.{0, u_1} ℝ E]
  (K P : ConvexBody.{u_1} E) (s : ℝ) (hball : Metric.closedBall.{u_1} 0 1 ⊆ ↑P) (hs0 : LE.le.{0} 0 s)
  (hs1 : LT.lt.{0} s 1) (hhaus : LE.le.{0} (Metric.hausdorffDist.{u_1} ↑K ↑P) s) :
  HSMul.hSMul.{0, u_1, u_1} (HSub.hSub.{0, 0, 0} 1 s) ↑P ⊆ ↑K
'Entry005.shrink_subset_of_hausdorff' depends on axioms: [propext, Classical.choice.{u}, Quot.sound.{u}]
Entry005.shrink_subset_of_hausdorff_about.{u_1} {E : Type u_1} [NormedAddCommGroup.{u_1} E]
  [InnerProductSpace.{0, u_1} ℝ E] (K P : ConvexBody.{u_1} E) (c : E) (s : ℝ) (hball : Metric.closedBall.{u_1} c 1 ⊆ ↑P)
  (hs0 : LE.le.{0} 0 s) (hs1 : LT.lt.{0} s 1) (hhaus : LE.le.{0} (Metric.hausdorffDist.{u_1} ↑K ↑P) s) :
  Set.image.{u_1, u_1} ⇑(AffineMap.homothety.{0, u_1, u_1} c (HSub.hSub.{0, 0, 0} 1 s)) ↑P ⊆ ↑K
'Entry005.shrink_subset_of_hausdorff_about' depends on axioms: [propext, Classical.choice.{u}, Quot.sound.{u}]
Entry005.simplexAffineEquiv_points {d : ℕ} (S T : Affine.Simplex.{0, 0, 0} ℝ (Entry005.Space d) d)
  (i : Fin (HAdd.hAdd.{0, 0, 0} d 1)) :
  Eq.{1} ((Entry005.simplexAffineEquiv S T) (Affine.Simplex.points.{0, 0, 0} S i)) (Affine.Simplex.points.{0, 0, 0} T i)
'Entry005.simplexAffineEquiv_points' depends on axioms: [propext, Classical.choice.{u}, Quot.sound.{u}]
Entry005.simplexCoord_centroid {d : ℕ} (S : Affine.Simplex.{0, 0, 0} ℝ (Entry005.Space d) d)
  (i : Fin (HAdd.hAdd.{0, 0, 0} d 1)) :
  Eq.{1} ((Entry005.simplexCoord S i) (Affine.Simplex.centroid.{0, 0, 0} S))
    (HDiv.hDiv.{0, 0, 0} 1 (HAdd.hAdd.{0, 0, 0} (↑d) 1))
'Entry005.simplexCoord_centroid' depends on axioms: [propext, Classical.choice.{u}, Quot.sound.{u}]
Entry005.simplexCoord_centroid_contraction {d : ℕ} (S : Affine.Simplex.{0, 0, 0} ℝ (Entry005.Space d) d)
  (i : Fin (HAdd.hAdd.{0, 0, 0} d 1)) (x : Entry005.Space d) :
  Eq.{1}
    ((Entry005.simplexCoord S i)
      (HAdd.hAdd.{0, 0, 0} (Affine.Simplex.centroid.{0, 0, 0} S)
        (HSMul.hSMul.{0, 0, 0} (Inv.inv.{0} (HAdd.hAdd.{0, 0, 0} (↑d) 2))
          (HSub.hSub.{0, 0, 0} x (Affine.Simplex.centroid.{0, 0, 0} S)))))
    (HDiv.hDiv.{0, 0, 0} (HAdd.hAdd.{0, 0, 0} ((Entry005.simplexCoord S i) x) 1) (HAdd.hAdd.{0, 0, 0} (↑d) 2))
'Entry005.simplexCoord_centroid_contraction' depends on axioms: [propext, Classical.choice.{u}, Quot.sound.{u}]
Entry005.simplexMatrixVolumeInterface : Entry005.simplexMatrixVolumeInterfaceGoal
'Entry005.simplexMatrixVolumeInterface' depends on axioms: [propext, Classical.choice.{u}, Quot.sound.{u}]
Entry005.simplexSet_affine_map {d : ℕ} (S : Affine.Simplex.{0, 0, 0} ℝ (Entry005.Space d) d)
  (f : AffineEquiv.{0, 0, 0, 0, 0} ℝ (Entry005.Space d) (Entry005.Space d)) :
  Eq.{1} (Entry005.simplexSet (Entry005.affineSimplex f S)) (Set.image.{0, 0} (⇑f) (Entry005.simplexSet S))
'Entry005.simplexSet_affine_map' depends on axioms: [propext, Classical.choice.{u}, Quot.sound.{u}]
Entry005.simplex_centroid_ball {d : ℕ} (S : Affine.Simplex.{0, 0, 0} ℝ (Entry005.Space d) d) :
  ∃ r, LT.lt.{0} 0 r ∧ Metric.closedBall.{0} (Affine.Simplex.centroid.{0, 0, 0} S) r ⊆ Entry005.simplexSet S
'Entry005.simplex_centroid_ball' depends on axioms: [propext, Classical.choice.{u}, Quot.sound.{u}]
Entry005.simplex_centroid_interior {d : ℕ} (S : Affine.Simplex.{0, 0, 0} ℝ (Entry005.Space d) d) :
  Membership.mem.{0, 0} (interior.{0} (Entry005.simplexSet S)) (Affine.Simplex.centroid.{0, 0, 0} S)
'Entry005.simplex_centroid_interior' depends on axioms: [propext, Classical.choice.{u}, Quot.sound.{u}]
Entry005.simplex_equal_volume_permutation {d : ℕ} (hd : LE.le.{0} 1 d)
  (P S : Affine.Simplex.{0, 0, 0} ℝ (Entry005.Space d) d) (hsubset : Entry005.simplexSet S ⊆ Entry005.simplexSet P)
  (hratio :
    LE.le.{0} 1
      (HDiv.hDiv.{0, 0, 0} (MeasureTheory.volume.{0} (Entry005.simplexSet S)).toReal
        (MeasureTheory.volume.{0} (Entry005.simplexSet P)).toReal)) :
  ∃ σ,
    (∀ (j : Fin (HAdd.hAdd.{0, 0, 0} d 1)),
        Eq.{1} (Affine.Simplex.points.{0, 0, 0} S j) (Affine.Simplex.points.{0, 0, 0} P (σ j))) ∧
      Eq.{1} (Entry005.simplexSet S) (Entry005.simplexSet P)
'Entry005.simplex_equal_volume_permutation' depends on axioms: [propext, Classical.choice.{u}, Quot.sound.{u}]
Entry005.simplex_hull_dilation {d : ℕ} (hd : LE.le.{0} 1 d) (P S : Affine.Simplex.{0, 0, 0} ℝ (Entry005.Space d) d)
  (M δ : ℝ) (hsubset : Entry005.simplexSet S ⊆ Entry005.simplexSet P)
  (hbound : ∀ (i : Fin (HAdd.hAdd.{0, 0, 0} d 1)), LE.le.{0} (norm.{0} (Affine.Simplex.points.{0, 0, 0} P i)) M)
  (hball : Metric.closedBall.{0} 0 1 ⊆ Entry005.simplexSet S) (hδ0 : LE.le.{0} 0 δ) (hδ : LE.le.{0} δ (1 / 8))
  (hratio :
    LE.le.{0} (HSub.hSub.{0, 0, 0} 1 δ)
      (HDiv.hDiv.{0, 0, 0} (MeasureTheory.volume.{0} (Entry005.simplexSet S)).toReal
        (MeasureTheory.volume.{0} (Entry005.simplexSet P)).toReal)) :
  Entry005.simplexSet P ⊆
    HSMul.hSMul.{0, 0, 0} (HAdd.hAdd.{0, 0, 0} 1 (HMul.hMul.{0, 0, 0} (HMul.hMul.{0, 0, 0} 2 M) δ))
      (Entry005.simplexSet S)
'Entry005.simplex_hull_dilation' depends on axioms: [propext, Classical.choice.{u}, Quot.sound.{u}]
Entry005.simplex_hull_matching {d : ℕ} (hd : LE.le.{0} 1 d) (P S : Affine.Simplex.{0, 0, 0} ℝ (Entry005.Space d) d)
  (c : Entry005.Space d) (M δ : ℝ) (hsubset : Entry005.simplexSet S ⊆ Entry005.simplexSet P)
  (hbound :
    ∀ (i : Fin (HAdd.hAdd.{0, 0, 0} d 1)),
      LE.le.{0} (norm.{0} (HSub.hSub.{0, 0, 0} (Affine.Simplex.points.{0, 0, 0} P i) c)) M)
  (hball : Metric.closedBall.{0} c 1 ⊆ Entry005.simplexSet S) (hδ0 : LE.le.{0} 0 δ) (hδ : LE.le.{0} δ (1 / 8))
  (hratio :
    LE.le.{0} (HSub.hSub.{0, 0, 0} 1 δ)
      (HDiv.hDiv.{0, 0, 0} (MeasureTheory.volume.{0} (Entry005.simplexSet S)).toReal
        (MeasureTheory.volume.{0} (Entry005.simplexSet P)).toReal)) :
  Entry005.simplexSet P ⊆
    Set.image.{0, 0}
      (⇑(AffineMap.homothety.{0, 0, 0} c (HAdd.hAdd.{0, 0, 0} 1 (HMul.hMul.{0, 0, 0} (HMul.hMul.{0, 0, 0} 2 M) δ))))
      (Entry005.simplexSet S)
'Entry005.simplex_hull_matching' depends on axioms: [propext, Classical.choice.{u}, Quot.sound.{u}]
Entry005.simplex_vertex_matching {d : ℕ} (hd : LE.le.{0} 1 d) (P S : Affine.Simplex.{0, 0, 0} ℝ (Entry005.Space d) d)
  (c : Entry005.Space d) (M δ : ℝ) (hsubset : Entry005.simplexSet S ⊆ Entry005.simplexSet P)
  (hbound :
    ∀ (i : Fin (HAdd.hAdd.{0, 0, 0} d 1)),
      LE.le.{0} (norm.{0} (HSub.hSub.{0, 0, 0} (Affine.Simplex.points.{0, 0, 0} P i) c)) M)
  (hδ0 : LE.le.{0} 0 δ) (hδ : LE.le.{0} δ (1 / 8))
  (hratio :
    LE.le.{0} (HSub.hSub.{0, 0, 0} 1 δ)
      (HDiv.hDiv.{0, 0, 0} (MeasureTheory.volume.{0} (Entry005.simplexSet S)).toReal
        (MeasureTheory.volume.{0} (Entry005.simplexSet P)).toReal)) :
  ∃ σ,
    ∀ (j : Fin (HAdd.hAdd.{0, 0, 0} d 1)),
      LE.le.{0}
        (norm.{0} (HSub.hSub.{0, 0, 0} (Affine.Simplex.points.{0, 0, 0} S j) (Affine.Simplex.points.{0, 0, 0} P (σ j))))
        (HMul.hMul.{0, 0, 0} (HMul.hMul.{0, 0, 0} 2 M) δ)
'Entry005.simplex_vertex_matching' depends on axioms: [propext, Classical.choice.{u}, Quot.sound.{u}]
Entry005.small_defect_gate {d : ℕ} (hd : LE.le.{0} 2 d) {δ : ℝ} (hδ0 : LE.le.{0} 0 δ)
  (hδ : LE.le.{0} δ (Entry005.eSharp d)) :
  LE.le.{0}
    (HMul.hMul.{0, 0, 0} (Entry005.aSharp d) (HPow.hPow.{0, 0, 0} δ (HDiv.hDiv.{0, 0, 0} 1 ↑(HSub.hSub.{0, 0, 0} d 1))))
    (1 / 2)
'Entry005.small_defect_gate' depends on axioms: [propext, Classical.choice.{u}, Quot.sound.{u}]
Entry005.space_inner_eq_raw_dot {d : ℕ} (u v : Entry005.Space d) :
  Eq.{1} (inner.{0, 0} ℝ u v) (dotProduct.{0, 0} (fun j => WithLp.ofLp.{0} u j) fun j => WithLp.ofLp.{0} v j)
'Entry005.space_inner_eq_raw_dot' depends on axioms: [propext, Classical.choice.{u}, Quot.sound.{u}]
Entry005.strict_pair_sum {n : ℕ} (f : Fin n → Fin n → ℝ) :
  Eq.{1} (∑ i, ∑ j, ite.{1} (LT.lt.{0} i j) (f i j) 0) (∑ ij, f (↑ij).1 (↑ij).2)
'Entry005.strict_pair_sum' depends on axioms: [propext, Classical.choice.{u}, Quot.sound.{u}]
Entry005.subset_halfspace_approximation_body.{u_1} {E : Type u_1} [NormedAddCommGroup.{u_1} E]
  [InnerProductSpace.{0, u_1} ℝ E] [FiniteDimensional.{0, u_1} ℝ E] (K : Set.{u_1} E) (hc : IsCompact.{u_1} K)
  (hconv : Convex.{0, u_1} ℝ K) (hb : Metric.closedBall.{u_1} 0 1 ⊆ K) (m : ℕ) :
  K ⊆ Entry005.halfspaceApproximationBody.{u_1} K hc hconv hb m
'Entry005.subset_halfspace_approximation_body' depends on axioms: [propext, Classical.choice.{u}, Quot.sound.{u}]
Entry005.symmetric_half_off_diagonal_sum {n : ℕ} (f : Fin n → Fin n → ℝ)
  (hsym : ∀ (i j : Fin n), Eq.{1} (f i j) (f j i)) :
  Eq.{1} (HMul.hMul.{0, 0, 0} (1 / 2) (∑ i, ∑ j, ite.{1} (Eq.{1} i j) 0 (f i j))) (∑ ij, f (↑ij).1 (↑ij).2)
'Entry005.symmetric_half_off_diagonal_sum' depends on axioms: [propext, Classical.choice.{u}, Quot.sound.{u}]
Entry005.symmetric_segment_extrusion_eq_preimage.{u_1} {E : Type u_1} [NormedAddCommGroup.{u_1} E]
  [InnerProductSpace.{0, u_1} ℝ E] (K : Set.{u_1} E) (v : E) :
  Eq.{u_1 + 1} (Entry005.symmetricSegmentExtrusion.{u_1} K v)
    (Set.preimage.{u_1, u_1} (fun y => HAdd.hAdd.{u_1, u_1, u_1} v y) (Entry005.segmentExtrusion.{u_1} K v 2))
'Entry005.symmetric_segment_extrusion_eq_preimage' depends on axioms: [propext, Classical.choice.{u}, Quot.sound.{u}]
Entry005.tendsto_brightness_normalization_of_dilation_sandwich.{u_1} {E : Type u_1} [NormedAddCommGroup.{u_1} E]
  [InnerProductSpace.{0, u_1} ℝ E] [FiniteDimensional.{0, u_1} ℝ E] [MeasurableSpace.{u_1} E] [BorelSpace.{u_1} E]
  (K : Set.{u_1} E) (P : ℕ → Set.{u_1} E) (hK : IsCompact.{u_1} K) (hP : ∀ (n : ℕ), IsCompact.{u_1} (P n))
  (hM : Ne.{1} (HMul.hMul.{0, 0, 0} (↑(Module.finrank.{0, u_1} ℝ E)) (MeasureTheory.volume.{u_1} K).toReal) 0)
  (δ : ℕ → ℝ) (hδ : ∀ (n : ℕ), LE.le.{0} 0 (δ n)) (hlim : Filter.Tendsto.{0, 0} δ Filter.atTop.{0} (nhds.{0} 0))
  (hKP : ∀ (n : ℕ), K ⊆ P n) (hPK : ∀ (n : ℕ), P n ⊆ HSMul.hSMul.{0, u_1, u_1} (HAdd.hAdd.{0, 0, 0} 1 (δ n)) K) (u : E)
  (hu : Eq.{1} (norm.{u_1} u) 1) :
  Filter.Tendsto.{0, 0}
    (fun n =>
      HDiv.hDiv.{0, 0, 0} (Entry005.projectionVolumeSet.{u_1} (P n) u)
        (HMul.hMul.{0, 0, 0} (↑(Module.finrank.{0, u_1} ℝ E)) (MeasureTheory.volume.{u_1} (P n)).toReal))
    Filter.atTop.{0}
    (nhds.{0}
      (HDiv.hDiv.{0, 0, 0} (Entry005.projectionVolumeSet.{u_1} K u)
        (HMul.hMul.{0, 0, 0} (↑(Module.finrank.{0, u_1} ℝ E)) (MeasureTheory.volume.{u_1} K).toReal)))
'Entry005.tendsto_brightness_normalization_of_dilation_sandwich' depends on axioms: [propext,
 Classical.choice.{u},
 Quot.sound.{u}]
Entry005.tendsto_entryA_of_dilation_sandwich.{u_1} {E : Type u_1} [NormedAddCommGroup.{u_1} E]
  [InnerProductSpace.{0, u_1} ℝ E] [FiniteDimensional.{0, u_1} ℝ E] [MeasurableSpace.{u_1} E] [BorelSpace.{u_1} E]
  (K : Set.{u_1} E) (P : ℕ → Set.{u_1} E) (hc : IsCompact.{u_1} K) (hconv : Convex.{0, u_1} ℝ K)
  (hP : ∀ (m : ℕ), IsCompact.{u_1} (P m)) (hPc : ∀ (m : ℕ), Convex.{0, u_1} ℝ (P m))
  (hzero : Membership.mem.{u_1, u_1} K 0) (hV : Ne.{1} (MeasureTheory.volume.{u_1} K).toReal 0)
  (hQ : Ne.{1} (Entry005.projectionRatio.{u_1} K) 0) (δ : ℕ → ℝ) (hδ : ∀ (m : ℕ), LE.le.{0} 0 (δ m))
  (hlim : Filter.Tendsto.{0, 0} δ Filter.atTop.{0} (nhds.{0} 0)) (hKP : ∀ (m : ℕ), K ⊆ P m)
  (hPK : ∀ (m : ℕ), P m ⊆ HSMul.hSMul.{0, u_1, u_1} (HAdd.hAdd.{0, 0, 0} 1 (δ m)) K) :
  Filter.Tendsto.{0, 0} (fun m => Entry005.entryA.{u_1} (P m)) Filter.atTop.{0} (nhds.{0} (Entry005.entryA.{u_1} K))
'Entry005.tendsto_entryA_of_dilation_sandwich' depends on axioms: [propext, Classical.choice.{u}, Quot.sound.{u}]
Entry005.tendsto_horizontal_mapped_iid_first_moment.{u_1, u_2} {Ω : Type u_1} [TopologicalSpace.{u_1} Ω] {d : ℕ}
  [MeasurableSpace.{u_1} Ω] [BorelSpace.{u_1} Ω] [SecondCountableTopology.{u_1} Ω]
  [TopologicalSpace.PseudoMetrizableSpace.{u_1} Ω] [CompactSpace.{u_1} Ω] {α : Type u_2} {l : Filter.{u_2} α}
  {νs : α → MeasureTheory.ProbabilityMeasure.{u_1} Ω} {ν : MeasureTheory.ProbabilityMeasure.{u_1} Ω}
  (hν : Filter.Tendsto.{u_2, u_1} νs l (nhds.{u_1} ν)) (x : ContinuousMap.{u_1, 0} Ω (Fin d → ℝ)) :
  Filter.Tendsto.{u_2, 0}
    (fun a =>
      ∫ (w : Fin d → Fin d → ℝ),
        abs.{0}
          (Entry005.horizontalDeterminant
            w) ∂Entry005.iidLaw.{0} (↑(MeasureTheory.ProbabilityMeasure.map.{u_1, 0} (νs a) ⇑x)) d)
    l
    (nhds.{0}
      (∫ (w : Fin d → Fin d → ℝ),
        abs.{0}
          (Entry005.horizontalDeterminant
            w) ∂Entry005.iidLaw.{0} (↑(MeasureTheory.ProbabilityMeasure.map.{u_1, 0} ν ⇑x)) d))
'Entry005.tendsto_horizontal_mapped_iid_first_moment' depends on axioms: [propext, Classical.choice.{u}, Quot.sound.{u}]
Entry005.tendsto_iidProbabilityMeasure.{u_1, u_2} {Ω : Type u_1} [TopologicalSpace.{u_1} Ω] [MeasurableSpace.{u_1} Ω]
  [BorelSpace.{u_1} Ω] [SecondCountableTopology.{u_1} Ω] [TopologicalSpace.PseudoMetrizableSpace.{u_1} Ω] {α : Type u_2}
  {l : Filter.{u_2} α} {νs : α → MeasureTheory.ProbabilityMeasure.{u_1} Ω}
  {ν : MeasureTheory.ProbabilityMeasure.{u_1} Ω} (hν : Filter.Tendsto.{u_2, u_1} νs l (nhds.{u_1} ν)) (n : ℕ) :
  Filter.Tendsto.{u_2, u_1} (fun a => Entry005.iidProbabilityMeasure.{u_1} (νs a) n) l
    (nhds.{u_1} (Entry005.iidProbabilityMeasure.{u_1} ν n))
'Entry005.tendsto_iidProbabilityMeasure' depends on axioms: [propext, Classical.choice.{u}, Quot.sound.{u}]
Entry005.tendsto_iid_integral.{u_1, u_2} {Ω : Type u_1} [TopologicalSpace.{u_1} Ω] [MeasurableSpace.{u_1} Ω]
  [BorelSpace.{u_1} Ω] [SecondCountableTopology.{u_1} Ω] [TopologicalSpace.PseudoMetrizableSpace.{u_1} Ω]
  [CompactSpace.{u_1} Ω] {α : Type u_2} {l : Filter.{u_2} α} {νs : α → MeasureTheory.ProbabilityMeasure.{u_1} Ω}
  {ν : MeasureTheory.ProbabilityMeasure.{u_1} Ω} (hν : Filter.Tendsto.{u_2, u_1} νs l (nhds.{u_1} ν)) (n : ℕ)
  (f : ContinuousMap.{u_1, 0} (Fin n → Ω) ℝ) :
  Filter.Tendsto.{u_2, 0} (fun a => ∫ (w : Fin n → Ω), f w ∂Entry005.iidLaw.{u_1} (↑(νs a)) n) l
    (nhds.{0} (∫ (w : Fin n → Ω), f w ∂Entry005.iidLaw.{u_1} (↑ν) n))
'Entry005.tendsto_iid_integral' depends on axioms: [propext, Classical.choice.{u}, Quot.sound.{u}]
Entry005.tendsto_lifted_mapped_iid_first_moment.{u_1, u_2} {Ω : Type u_1} [TopologicalSpace.{u_1} Ω] {d : ℕ}
  [MeasurableSpace.{u_1} Ω] [BorelSpace.{u_1} Ω] [SecondCountableTopology.{u_1} Ω]
  [TopologicalSpace.PseudoMetrizableSpace.{u_1} Ω] [CompactSpace.{u_1} Ω] {α : Type u_2} {l : Filter.{u_2} α}
  {νs : α → MeasureTheory.ProbabilityMeasure.{u_1} Ω} {ν : MeasureTheory.ProbabilityMeasure.{u_1} Ω}
  (hν : Filter.Tendsto.{u_2, u_1} νs l (nhds.{u_1} ν)) (x : ContinuousMap.{u_1, 0} Ω (Fin d → ℝ)) :
  Filter.Tendsto.{u_2, 0}
    (fun a =>
      ∫ (w : Fin (HAdd.hAdd.{0, 0, 0} d 1) → Fin d → ℝ),
        abs.{0}
          (Entry005.liftedDeterminant (fun j => w j.succ)
            (w
              0)) ∂Entry005.iidLaw.{0} (↑(MeasureTheory.ProbabilityMeasure.map.{u_1, 0} (νs a) ⇑x))
          (HAdd.hAdd.{0, 0, 0} d 1))
    l
    (nhds.{0}
      (∫ (w : Fin (HAdd.hAdd.{0, 0, 0} d 1) → Fin d → ℝ),
        abs.{0}
          (Entry005.liftedDeterminant (fun j => w j.succ)
            (w
              0)) ∂Entry005.iidLaw.{0} (↑(MeasureTheory.ProbabilityMeasure.map.{u_1, 0} ν ⇑x))
          (HAdd.hAdd.{0, 0, 0} d 1)))
'Entry005.tendsto_lifted_mapped_iid_first_moment' depends on axioms: [propext, Classical.choice.{u}, Quot.sound.{u}]
Entry005.tendsto_projection_body_volume_of_dilation_sandwich.{u_1} {E : Type u_1} [NormedAddCommGroup.{u_1} E]
  [InnerProductSpace.{0, u_1} ℝ E] [FiniteDimensional.{0, u_1} ℝ E] [MeasurableSpace.{u_1} E] [BorelSpace.{u_1} E]
  (K : Set.{u_1} E) (P : ℕ → Set.{u_1} E) (hK : IsCompact.{u_1} K) (hP : ∀ (n : ℕ), IsCompact.{u_1} (P n))
  (hBK : IsCompact.{u_1} (Entry005.projectionBodySet.{u_1} K)) (δ : ℕ → ℝ) (hδ : ∀ (n : ℕ), LE.le.{0} 0 (δ n))
  (hlim : Filter.Tendsto.{0, 0} δ Filter.atTop.{0} (nhds.{0} 0)) (hKP : ∀ (n : ℕ), K ⊆ P n)
  (hPK : ∀ (n : ℕ), P n ⊆ HSMul.hSMul.{0, u_1, u_1} (HAdd.hAdd.{0, 0, 0} 1 (δ n)) K) :
  Filter.Tendsto.{0, 0} (fun n => (MeasureTheory.volume.{u_1} (Entry005.projectionBodySet.{u_1} (P n))).toReal)
    Filter.atTop.{0} (nhds.{0} (MeasureTheory.volume.{u_1} (Entry005.projectionBodySet.{u_1} K)).toReal)
'Entry005.tendsto_projection_body_volume_of_dilation_sandwich' depends on axioms: [propext,
 Classical.choice.{u},
 Quot.sound.{u}]
Entry005.tendsto_projection_ratio_of_dilation_sandwich.{u_1} {E : Type u_1} [NormedAddCommGroup.{u_1} E]
  [InnerProductSpace.{0, u_1} ℝ E] [FiniteDimensional.{0, u_1} ℝ E] [MeasurableSpace.{u_1} E] [BorelSpace.{u_1} E]
  (K : Set.{u_1} E) (P : ℕ → Set.{u_1} E) (hK : IsCompact.{u_1} K) (hP : ∀ (n : ℕ), IsCompact.{u_1} (P n))
  (hBK : IsCompact.{u_1} (Entry005.projectionBodySet.{u_1} K)) (hV : Ne.{1} (MeasureTheory.volume.{u_1} K).toReal 0)
  (δ : ℕ → ℝ) (hδ : ∀ (n : ℕ), LE.le.{0} 0 (δ n)) (hlim : Filter.Tendsto.{0, 0} δ Filter.atTop.{0} (nhds.{0} 0))
  (hKP : ∀ (n : ℕ), K ⊆ P n) (hPK : ∀ (n : ℕ), P n ⊆ HSMul.hSMul.{0, u_1, u_1} (HAdd.hAdd.{0, 0, 0} 1 (δ n)) K) :
  Filter.Tendsto.{0, 0} (fun n => Entry005.projectionRatio.{u_1} (P n)) Filter.atTop.{0}
    (nhds.{0} (Entry005.projectionRatio.{u_1} K))
'Entry005.tendsto_projection_ratio_of_dilation_sandwich' depends on axioms: [propext,
 Classical.choice.{u},
 Quot.sound.{u}]
Entry005.tendsto_projection_volume_of_dilation_sandwich.{u_1} {E : Type u_1} [NormedAddCommGroup.{u_1} E]
  [InnerProductSpace.{0, u_1} ℝ E] [FiniteDimensional.{0, u_1} ℝ E] [MeasurableSpace.{u_1} E] [BorelSpace.{u_1} E]
  (K : Set.{u_1} E) (P : ℕ → Set.{u_1} E) (hK : IsCompact.{u_1} K) (hP : ∀ (n : ℕ), IsCompact.{u_1} (P n)) (δ : ℕ → ℝ)
  (hδ : ∀ (n : ℕ), LE.le.{0} 0 (δ n)) (hlim : Filter.Tendsto.{0, 0} δ Filter.atTop.{0} (nhds.{0} 0))
  (hKP : ∀ (n : ℕ), K ⊆ P n) (hPK : ∀ (n : ℕ), P n ⊆ HSMul.hSMul.{0, u_1, u_1} (HAdd.hAdd.{0, 0, 0} 1 (δ n)) K) (u : E)
  (hu : Eq.{1} (norm.{u_1} u) 1) :
  Filter.Tendsto.{0, 0} (fun n => Entry005.projectionVolumeSet.{u_1} (P n) u) Filter.atTop.{0}
    (nhds.{0} (Entry005.projectionVolumeSet.{u_1} K u))
'Entry005.tendsto_projection_volume_of_dilation_sandwich' depends on axioms: [propext,
 Classical.choice.{u},
 Quot.sound.{u}]
Entry005.tendsto_pyramid_projection_ratio_of_dilation_sandwich.{u_1} {E : Type u_1} [NormedAddCommGroup.{u_1} E]
  [InnerProductSpace.{0, u_1} ℝ E] [FiniteDimensional.{0, u_1} ℝ E] [MeasurableSpace.{u_1} E] [BorelSpace.{u_1} E]
  (K : Set.{u_1} E) (P : ℕ → Set.{u_1} E) (hc : IsCompact.{u_1} K) (hconv : Convex.{0, u_1} ℝ K)
  (hP : ∀ (m : ℕ), IsCompact.{u_1} (P m)) (hPc : ∀ (m : ℕ), Convex.{0, u_1} ℝ (P m))
  (hzero : Membership.mem.{u_1, u_1} K 0) (hV : Ne.{1} (MeasureTheory.volume.{u_1} K).toReal 0) (δ : ℕ → ℝ)
  (hδ : ∀ (m : ℕ), LE.le.{0} 0 (δ m)) (hlim : Filter.Tendsto.{0, 0} δ Filter.atTop.{0} (nhds.{0} 0))
  (hKP : ∀ (m : ℕ), K ⊆ P m) (hPK : ∀ (m : ℕ), P m ⊆ HSMul.hSMul.{0, u_1, u_1} (HAdd.hAdd.{0, 0, 0} 1 (δ m)) K) :
  Filter.Tendsto.{0, 0} (fun m => Entry005.projectionRatio.{u_1} (Entry005.pyramidSet.{u_1} (P m))) Filter.atTop.{0}
    (nhds.{0} (Entry005.projectionRatio.{u_1} (Entry005.pyramidSet.{u_1} K)))
'Entry005.tendsto_pyramid_projection_ratio_of_dilation_sandwich' depends on axioms: [propext,
 Classical.choice.{u},
 Quot.sound.{u}]
Entry005.tendsto_real_volume_of_dilation_sandwich.{u_1} {E : Type u_1} [NormedAddCommGroup.{u_1} E]
  [InnerProductSpace.{0, u_1} ℝ E] [FiniteDimensional.{0, u_1} ℝ E] [MeasurableSpace.{u_1} E] [BorelSpace.{u_1} E]
  (K : Set.{u_1} E) (P : ℕ → Set.{u_1} E) (hK : IsCompact.{u_1} K) (hP : ∀ (n : ℕ), IsCompact.{u_1} (P n)) (δ : ℕ → ℝ)
  (hδ : ∀ (n : ℕ), LE.le.{0} 0 (δ n)) (hlim : Filter.Tendsto.{0, 0} δ Filter.atTop.{0} (nhds.{0} 0))
  (hKP : ∀ (n : ℕ), K ⊆ P n) (hPK : ∀ (n : ℕ), P n ⊆ HSMul.hSMul.{0, u_1, u_1} (HAdd.hAdd.{0, 0, 0} 1 (δ n)) K) :
  Filter.Tendsto.{0, 0} (fun n => (MeasureTheory.volume.{u_1} (P n)).toReal) Filter.atTop.{0}
    (nhds.{0} (MeasureTheory.volume.{u_1} K).toReal)
'Entry005.tendsto_real_volume_of_dilation_sandwich' depends on axioms: [propext, Classical.choice.{u}, Quot.sound.{u}]
Entry005.thresholdGate : Entry005.thresholdGateGoal
'Entry005.thresholdGate' depends on axioms: [propext, Classical.choice.{u}, Quot.sound.{u}]
Entry005.translation_volume_image.{u_1} {E : Type u_1} [NormedAddCommGroup.{u_1} E] [InnerProductSpace.{0, u_1} ℝ E]
  [FiniteDimensional.{0, u_1} ℝ E] [MeasurableSpace.{u_1} E] [BorelSpace.{u_1} E] (a : E) (S : Set.{u_1} E) :
  Eq.{1} (MeasureTheory.volume.{u_1} (Set.image.{u_1, u_1} (fun x => HAdd.hAdd.{u_1, u_1, u_1} a x) S))
    (MeasureTheory.volume.{u_1} S)
'Entry005.translation_volume_image' depends on axioms: [propext, Classical.choice.{u}, Quot.sound.{u}]
Entry005.transported_witness_budget.{u_1, u_2, u_3, u_4} {α : Type u_1} {β : Type u_2} {γ : Type u_3} {ι : Type u_4}
  [MeasurableSpace.{u_1} α] [MeasurableSpace.{u_2} β] [MeasurableSpace.{u_3} γ] [Fintype.{u_4} ι]
  {μ : MeasureTheory.Measure.{u_1} α} {σ : MeasureTheory.Measure.{u_2} β} {ρ : MeasureTheory.Measure.{u_3} γ}
  [MeasureTheory.IsProbabilityMeasure.{u_1} μ] [MeasureTheory.IsProbabilityMeasure.{u_2} σ]
  [MeasureTheory.IsProbabilityMeasure.{u_3} ρ] {F : β → α → ℝ} (hmF : Measurable.{max u_1 u_2, 0} fun z => F z.1 z.2)
  (hF : MeasureTheory.Integrable.{0, max u_1 u_2} (fun z => F z.1 z.2) (MeasureTheory.Measure.prod.{u_2, u_1} σ μ))
  (hfiber : ∀ (b : β), MeasureTheory.Integrable.{0, u_1} (F b) μ)
  (T : ι → MeasurableEquiv.{max u_1 u_3, max u_1 u_2} (Prod.{u_3, u_1} γ α) (Prod.{u_2, u_1} β (Prod.{u_1, u_1} α α)))
  (hT :
    ∀ (i : ι),
      MeasureTheory.MeasurePreserving.{max u_1 u_3, max u_1 u_2} (⇑(T i)) (MeasureTheory.Measure.prod.{u_3, u_1} ρ μ)
        (MeasureTheory.Measure.prod.{u_2, u_1} σ (MeasureTheory.Measure.prod.{u_1, u_1} μ μ))) :
  MeasureTheory.Integrable.{0, u_3} (Entry005.transportedWitnessSum.{u_1, u_2, u_3, u_4} μ F T) ρ ∧
    (∀ (w : γ), LE.le.{0} 0 (Entry005.transportedWitnessSum.{u_1, u_2, u_3, u_4} μ F T w)) ∧
      LE.le.{0} (∫ (w : γ), Entry005.transportedWitnessSum.{u_1, u_2, u_3, u_4} μ F T w ∂ρ)
        (HMul.hMul.{0, 0, 0} (↑(Fintype.card.{u_4} ι)) (Entry005.familyDefect.{u_1, u_2} σ μ F))
'Entry005.transported_witness_budget' depends on axioms: [propext, Classical.choice.{u}, Quot.sound.{u}]
Entry005.truncated_nonneg_le {x L : ℝ} (hx : LE.le.{0} 0 x) (hxL : LE.le.{0} x L) (hL : LE.le.{0} 1 L) :
  LE.le.{0} x (HMul.hMul.{0, 0, 0} L (min.{0} 1 x))
'Entry005.truncated_nonneg_le' depends on axioms: [propext, Classical.choice.{u}, Quot.sound.{u}]
Entry005.truncationBody_coe (d : ℕ) (t : ℝ) (hd : LT.lt.{0} 0 d) (ht0 : LT.lt.{0} 0 t) (ht1 : LT.lt.{0} t 1) :
  Eq.{1} (↑(Entry005.truncationBody d t hd ht0 ht1)) (Entry005.truncationSet d t)
'Entry005.truncationBody_coe' depends on axioms: [propext, Classical.choice.{u}, Quot.sound.{u}]
Entry005.truncationCoordinateIsometry_val {d : ℕ} (i : Fin (HAdd.hAdd.{0, 0, 0} d 1)) (x : Entry005.Space d) :
  Eq.{1} (↑((Entry005.truncationCoordinateIsometry i) x))
    (WithLp.toLp.{0} 2 (Fin.insertNth.{1} i 0 fun j => WithLp.ofLp.{0} x j))
'Entry005.truncationCoordinateIsometry_val' depends on axioms: [propext, Classical.choice.{u}, Quot.sound.{u}]
Entry005.truncationSet_convex (d : ℕ) (t : ℝ) : Convex.{0, 0} ℝ (Entry005.truncationSet d t)
'Entry005.truncationSet_convex' depends on axioms: [propext, Classical.choice.{u}, Quot.sound.{u}]
Entry005.truncationSet_eq_convexHull {d : ℕ} {t : ℝ} (ht0 : LT.lt.{0} 0 t) (ht1 : LT.lt.{0} t 1) :
  Eq.{1} (Entry005.truncationSet d t) ((convexHull.{0, 0} ℝ) (Set.range.{0, 1} (Entry005.truncationVertices t)))
'Entry005.truncationSet_eq_convexHull' depends on axioms: [propext, Classical.choice.{u}, Quot.sound.{u}]
Entry005.truncationSet_interior_nonempty {d : ℕ} (hd : LT.lt.{0} 0 d) {t : ℝ} (ht0 : LT.lt.{0} 0 t)
  (ht1 : LT.lt.{0} t 1) : Set.Nonempty.{0} (interior.{0} (Entry005.truncationSet d t))
'Entry005.truncationSet_interior_nonempty' depends on axioms: [propext, Classical.choice.{u}, Quot.sound.{u}]
Entry005.truncationSet_isCompact {d : ℕ} {t : ℝ} (ht0 : LT.lt.{0} 0 t) (ht1 : LT.lt.{0} t 1) :
  IsCompact.{0} (Entry005.truncationSet d t)
'Entry005.truncationSet_isCompact' depends on axioms: [propext, Classical.choice.{u}, Quot.sound.{u}]
Entry005.truncationSet_nonempty {d : ℕ} (hd : LT.lt.{0} 0 d) {t : ℝ} (ht0 : LE.le.{0} 0 t) (ht1 : LE.le.{0} t 1) :
  Set.Nonempty.{0} (Entry005.truncationSet d t)
'Entry005.truncationSet_nonempty' depends on axioms: [propext, Classical.choice.{u}, Quot.sound.{u}]
Entry005.truncationSharpness : Entry005.truncationSharpnessGoal
'Entry005.truncationSharpness' depends on axioms: [propext, Classical.choice.{u}, Quot.sound.{u}]
Entry005.truncationSimplexPoints_independent {d : ℕ} (t : ℝ) (i : Fin d) (ht : Ne.{1} t 1) :
  AffineIndependent.{0, 0, 0, 0} ℝ (Entry005.truncationSimplexPoints t i)
'Entry005.truncationSimplexPoints_independent' depends on axioms: [propext, Classical.choice.{u}, Quot.sound.{u}]
Entry005.truncationSimplex_augmented_det {d : ℕ} (t : ℝ) (i : Fin d) :
  Eq.{1} (Matrix.det.{0, 0} (Entry005.augmentedVertices (Entry005.truncationSimplexPoints t i)))
    (HSub.hSub.{0, 0, 0} 1 t)
'Entry005.truncationSimplex_augmented_det' depends on axioms: [propext, Classical.choice.{u}, Quot.sound.{u}]
Entry005.truncationSimplex_maximumInscribed {d : ℕ} (hd : LT.lt.{0} 0 d) (t : ℝ) (ht0 : LT.lt.{0} 0 t)
  (ht1 : LT.lt.{0} t 1) (i : Fin d) :
  Entry005.maximumInscribed (Entry005.truncationBody d t hd ht0 ht1) (Entry005.truncationSimplex t i ⋯)
'Entry005.truncationSimplex_maximumInscribed' depends on axioms: [propext, Classical.choice.{u}, Quot.sound.{u}]
Entry005.truncationSimplex_points {d : ℕ} (t : ℝ) (i : Fin d) (ht : Ne.{1} t 1) :
  Eq.{1} (Affine.Simplex.points.{0, 0, 0} (Entry005.truncationSimplex t i ht)) (Entry005.truncationSimplexPoints t i)
'Entry005.truncationSimplex_points' depends on axioms: [propext, Classical.choice.{u}, Quot.sound.{u}]
Entry005.truncationSimplex_subset {d : ℕ} (t : ℝ) (i : Fin d) (ht : Ne.{1} t 1) (ht0 : LE.le.{0} 0 t)
  (ht1 : LE.le.{0} t 1) : Entry005.simplexSet (Entry005.truncationSimplex t i ht) ⊆ Entry005.truncationSet d t
'Entry005.truncationSimplex_subset' depends on axioms: [propext, Classical.choice.{u}, Quot.sound.{u}]
Entry005.truncationSimplex_zero_set {d : ℕ} (i : Fin d) :
  Eq.{1} (Entry005.simplexSet (Entry005.truncationSimplex 0 i ⋯)) (Entry005.truncationSet d 0)
'Entry005.truncationSimplex_zero_set' depends on axioms: [propext, Classical.choice.{u}, Quot.sound.{u}]
Entry005.truncationVertex_apply {d : ℕ} (i j : Fin d) :
  Eq.{1} (WithLp.ofLp.{0} (Entry005.truncationVertex i) j) (ite.{1} (Eq.{1} i j) 1 0)
'Entry005.truncationVertex_apply' depends on axioms: [propext, Classical.choice.{u}, Quot.sound.{u}]
Entry005.truncationVertex_sum {d : ℕ} (i : Fin d) : Eq.{1} (∑ j, WithLp.ofLp.{0} (Entry005.truncationVertex i) j) 1
'Entry005.truncationVertex_sum' depends on axioms: [propext, Classical.choice.{u}, Quot.sound.{u}]
Entry005.truncationVertices_mem {d : ℕ} {t : ℝ} (ht0 : LE.le.{0} 0 t) (ht1 : LE.le.{0} t 1)
  (v : Sum.{0, 0} (Fin d) (Fin d)) :
  Membership.mem.{0, 0} (Entry005.truncationSet d t) (Entry005.truncationVertices t v)
'Entry005.truncationVertices_mem' depends on axioms: [propext, Classical.choice.{u}, Quot.sound.{u}]
Entry005.truncation_actual_defect_raw_facet_formula {d : ℕ} (hd : LE.le.{0} 2 d) (t : ℝ) (ht0 : LT.lt.{0} 0 t)
  (ht1 : LT.lt.{0} t 1) :
  Eq.{1} (Entry005.entryDefect.{0} (Entry005.truncationSet d t))
    (HSub.hSub.{0, 0, 0}
      (HDiv.hDiv.{0, 0, 0}
        (∑ b, abs.{0} (Matrix.det.{0, 0} (Entry005.sampledMatrix.{0} (Entry005.truncationRawLifted d t) b)))
        (HMul.hMul.{0, 0, 0}
          (HMul.hMul.{0, 0, 0} (HMul.hMul.{0, 0, 0} (HAdd.hAdd.{0, 0, 0} (↑d) 1) ↑d)
            (HDiv.hDiv.{0, 0, 0} (HSub.hSub.{0, 0, 0} 1 (HPow.hPow.{0, 0, 0} t d)) ↑d.factorial))
          (∑ b,
            abs.{0}
              (Entry005.horizontalDeterminant fun j k =>
                WithLp.ofLp.{0} (Entry005.truncationRawHorizontal d t (b j)) k))))
      (HDiv.hDiv.{0, 0, 0} 1 (HAdd.hAdd.{0, 0, 0} (↑d) 1)))
'Entry005.truncation_actual_defect_raw_facet_formula' depends on axioms: [propext, Classical.choice.{u}, Quot.sound.{u}]
Entry005.truncation_actual_facet_support {d : ℕ} (hd : LE.le.{0} 2 d) (t : ℝ) (ht0 : LT.lt.{0} 0 t)
  (ht1 : LT.lt.{0} t 1) (i : Entry005.TruncationFacetIndex d) :
  Eq.{1}
    (HMul.hMul.{0, 0, 0}
      (Entry005.finiteHalfspaceFacetArea.{0, 0} (Entry005.truncationFacetNormal d) (Entry005.truncationFacetHeight d t)
        i)
      (Entry005.truncationFacetHeight d t i))
    (Entry005.truncationRawSupport d t i)
'Entry005.truncation_actual_facet_support' depends on axioms: [propext, Classical.choice.{u}, Quot.sound.{u}]
Entry005.truncation_actual_facet_vector {d : ℕ} (hd : LE.le.{0} 2 d) (t : ℝ) (ht0 : LT.lt.{0} 0 t) (ht1 : LT.lt.{0} t 1)
  (i : Entry005.TruncationFacetIndex d) :
  Eq.{1}
    (HSMul.hSMul.{0, 0, 0}
      (Entry005.finiteHalfspaceFacetArea.{0, 0} (Entry005.truncationFacetNormal d) (Entry005.truncationFacetHeight d t)
        i)
      (Entry005.truncationFacetNormal d i))
    (Entry005.truncationRawHorizontal d t i)
'Entry005.truncation_actual_facet_vector' depends on axioms: [propext, Classical.choice.{u}, Quot.sound.{u}]
Entry005.truncation_actual_horizontal_row {d : ℕ} (hd : LE.le.{0} 2 d) (t : ℝ) (ht0 : LT.lt.{0} 0 t)
  (ht1 : LT.lt.{0} t 1) (i : Entry005.TruncationFacetIndex d) (j : Fin d) :
  Eq.{1}
    (HMul.hMul.{0, 0, 0}
      (Entry005.finiteHalfspaceFacetArea.{0, 0} (Entry005.truncationFacetNormal d) (Entry005.truncationFacetHeight d t)
        i)
      (WithLp.ofLp.{0} (Entry005.truncationFacetNormal d i) j))
    (WithLp.ofLp.{0} (Entry005.truncationRawHorizontal d t i) j)
'Entry005.truncation_actual_horizontal_row' depends on axioms: [propext, Classical.choice.{u}, Quot.sound.{u}]
Entry005.truncation_actual_lifted_row {d : ℕ} (hd : LE.le.{0} 2 d) (t : ℝ) (ht0 : LT.lt.{0} 0 t) (ht1 : LT.lt.{0} t 1)
  (i : Entry005.TruncationFacetIndex d) (j : Fin (HAdd.hAdd.{0, 0, 0} d 1)) :
  Eq.{1}
    (HMul.hMul.{0, 0, 0}
      (Entry005.finiteHalfspaceFacetArea.{0, 0} (Entry005.truncationFacetNormal d) (Entry005.truncationFacetHeight d t)
        i)
      (Entry005.finiteFacetLift.{0} (Entry005.truncationFacetHeight d t)
        (fun i k => WithLp.ofLp.{0} (Entry005.truncationFacetNormal d i) k) i j))
    (Entry005.truncationRawLifted d t i j)
'Entry005.truncation_actual_lifted_row' depends on axioms: [propext, Classical.choice.{u}, Quot.sound.{u}]
Entry005.truncation_actual_projection_body {d : ℕ} (hd : LE.le.{0} 2 d) (t : ℝ) (ht0 : LT.lt.{0} 0 t)
  (ht1 : LT.lt.{0} t 1) :
  Eq.{1} (Entry005.projectionBodySet.{0} (Entry005.truncationSet d t))
    (Entry005.finiteZonotope.{0, 0} fun i => HSMul.hSMul.{0, 0, 0} (1 / 2) (Entry005.truncationRawHorizontal d t i))
'Entry005.truncation_actual_projection_body' depends on axioms: [propext, Classical.choice.{u}, Quot.sound.{u}]
Entry005.truncation_actual_projection_volume {d : ℕ} (hd : LE.le.{0} 2 d) (t : ℝ) (ht0 : LT.lt.{0} 0 t)
  (ht1 : LT.lt.{0} t 1) (u : Entry005.Space d) (hu : Eq.{1} (norm.{0} u) 1) :
  Eq.{1} (Entry005.projectionVolumeSet.{0} (Entry005.truncationSet d t) u)
    (HMul.hMul.{0, 0, 0} (HDiv.hDiv.{0, 0, 0} (Entry005.truncationFacetScale d) 2)
      (HAdd.hAdd.{0, 0, 0}
        (HMul.hMul.{0, 0, 0} (HSub.hSub.{0, 0, 0} 1 (HPow.hPow.{0, 0, 0} t (HSub.hSub.{0, 0, 0} d 1)))
          (∑ i, abs.{0} (WithLp.ofLp.{0} u i)))
        (HMul.hMul.{0, 0, 0} (HAdd.hAdd.{0, 0, 0} 1 (HPow.hPow.{0, 0, 0} t (HSub.hSub.{0, 0, 0} d 1)))
          (abs.{0} (∑ i, WithLp.ofLp.{0} u i)))))
'Entry005.truncation_actual_projection_volume' depends on axioms: [propext, Classical.choice.{u}, Quot.sound.{u}]
Entry005.truncation_actual_volume {d : ℕ} (hd : LT.lt.{0} 0 d) (t : ℝ) (ht0 : LE.le.{0} 0 t) (ht1 : LE.le.{0} t 1) :
  Eq.{1} (MeasureTheory.volume.{0} (Entry005.truncationSet d t)).toReal
    (HDiv.hDiv.{0, 0, 0} (HSub.hSub.{0, 0, 0} 1 (HPow.hPow.{0, 0, 0} t d)) ↑d.factorial)
'Entry005.truncation_actual_volume' depends on axioms: [propext, Classical.choice.{u}, Quot.sound.{u}]
Entry005.truncation_ambient_simplex_measurable (d : ℕ) (r : ℝ) :
  MeasurableSet.{0} (Entry005.truncationAmbientSimplex d r)
'Entry005.truncation_ambient_simplex_measurable' depends on axioms: [propext, Classical.choice.{u}, Quot.sound.{u}]
Entry005.truncation_ambient_simplex_real_volume (d : ℕ) (r : ℝ) (hr : LE.le.{0} 0 r) :
  Eq.{1} (MeasureTheory.volume.{0} (Entry005.truncationAmbientSimplex d r)).toReal
    (HDiv.hDiv.{0, 0, 0} (HPow.hPow.{0, 0, 0} r d) ↑d.factorial)
'Entry005.truncation_ambient_simplex_real_volume' depends on axioms: [propext, Classical.choice.{u}, Quot.sound.{u}]
Entry005.truncation_ambient_simplex_volume (d : ℕ) (r : ℝ) (hr : LE.le.{0} 0 r) :
  Eq.{1} (MeasureTheory.volume.{0} (Entry005.truncationAmbientSimplex d r))
    (ENNReal.ofReal (HDiv.hDiv.{0, 0, 0} (HPow.hPow.{0, 0, 0} r d) ↑d.factorial))
'Entry005.truncation_ambient_simplex_volume' depends on axioms: [propext, Classical.choice.{u}, Quot.sound.{u}]
Entry005.truncation_asymptotic_coefficient_pos {d : ℕ} (hd : LE.le.{0} 3 d) :
  LT.lt.{0} 0
    (HDiv.hDiv.{0, 0, 0} (HMul.hMul.{0, 0, 0} (↑d) (HSub.hSub.{0, 0, 0} (↑d) 1))
      (HPow.hPow.{0, 0, 0} (HAdd.hAdd.{0, 0, 0} (↑d) 1) 2))
'Entry005.truncation_asymptotic_coefficient_pos' depends on axioms: [propext, Classical.choice.{u}, Quot.sound.{u}]
Entry005.truncation_beta_lower {d : ℕ} (t : ℝ) (ht0 : LE.le.{0} 0 t) (ht1 : LT.lt.{0} t 1) (i : Fin d)
  (x : Entry005.Space d) (hx : Membership.mem.{0, 0} (Entry005.truncationSet d t) x)
  (k : Fin (HAdd.hAdd.{0, 0, 0} d 1)) : LE.le.{0} (Neg.neg.{0} t) (Entry005.truncationBeta t i x k)
'Entry005.truncation_beta_lower' depends on axioms: [propext, Classical.choice.{u}, Quot.sound.{u}]
Entry005.truncation_beta_negative_at_lower_vertex {d : ℕ} (t : ℝ) (ht : LT.lt.{0} t 1) (i j : Fin d)
  (hij : Ne.{1} i j) :
  Eq.{1} (Entry005.truncationBeta t i (HSMul.hSMul.{0, 0, 0} t (Entry005.truncationVertex j)) i.succ) (Neg.neg.{0} t)
'Entry005.truncation_beta_negative_at_lower_vertex' depends on axioms: [propext, Classical.choice.{u}, Quot.sound.{u}]
Entry005.truncation_beta_zero_bounds {d : ℕ} (t : ℝ) (ht : LT.lt.{0} t 1) (x : Entry005.Space d)
  (hx : Membership.mem.{0, 0} (Entry005.truncationSet d t) x) :
  LE.le.{0} 0 (Entry005.truncationBetaZero t x) ∧ LE.le.{0} (Entry005.truncationBetaZero t x) 1
'Entry005.truncation_beta_zero_bounds' depends on axioms: [propext, Classical.choice.{u}, Quot.sound.{u}]
Entry005.truncation_bottom_area_support {d : ℕ} (hd : LT.lt.{0} 0 d) (t : ℝ) (ht0 : LT.lt.{0} 0 t)
  (ht1 : LT.lt.{0} t 1) :
  Eq.{1}
    (HMul.hMul.{0, 0, 0}
      (Entry005.finiteHalfspaceFacetArea.{0, 0} (Entry005.truncationFacetNormal d) (Entry005.truncationFacetHeight d t)
        (Sum.inr.{0, 0} true))
      (Entry005.truncationFacetHeight d t (Sum.inr.{0, 0} true)))
    (HMul.hMul.{0, 0, 0} (Neg.neg.{0} (Entry005.truncationFacetScale d)) (HPow.hPow.{0, 0, 0} t d))
'Entry005.truncation_bottom_area_support' depends on axioms: [propext, Classical.choice.{u}, Quot.sound.{u}]
Entry005.truncation_bottom_area_vector {d : ℕ} (hd : LT.lt.{0} 0 d) (t : ℝ) (ht0 : LT.lt.{0} 0 t)
  (ht1 : LT.lt.{0} t 1) :
  Eq.{1}
    (HSMul.hSMul.{0, 0, 0}
      (Entry005.finiteHalfspaceFacetArea.{0, 0} (Entry005.truncationFacetNormal d) (Entry005.truncationFacetHeight d t)
        (Sum.inr.{0, 0} true))
      (Entry005.truncationFacetNormal d (Sum.inr.{0, 0} true)))
    (HSMul.hSMul.{0, 0, 0}
      (HMul.hMul.{0, 0, 0} (Neg.neg.{0} (Entry005.truncationFacetScale d))
        (HPow.hPow.{0, 0, 0} t (HSub.hSub.{0, 0, 0} d 1)))
      (Entry005.truncationDiagonal d))
'Entry005.truncation_bottom_area_vector' depends on axioms: [propext, Classical.choice.{u}, Quot.sound.{u}]
Entry005.truncation_bottom_facet {d : ℕ} (hd : LT.lt.{0} 0 d) (t : ℝ) (ht1 : LE.le.{0} t 1) :
  Eq.{1}
    (Entry005.finiteHalfspaceFacet.{0, 0} (Entry005.truncationFacetNormal d) (Entry005.truncationFacetHeight d t)
      (Sum.inr.{0, 0} true))
    (Set.ofPred.{0} fun x => (∀ (i : Fin d), LE.le.{0} 0 (WithLp.ofLp.{0} x i)) ∧ Eq.{1} (∑ i, WithLp.ofLp.{0} x i) t)
'Entry005.truncation_bottom_facet' depends on axioms: [propext, Classical.choice.{u}, Quot.sound.{u}]
Entry005.truncation_bottom_facet_area {d : ℕ} (hd : LT.lt.{0} 0 d) (t : ℝ) (ht0 : LT.lt.{0} 0 t) (ht1 : LT.lt.{0} t 1) :
  Eq.{1}
    (Entry005.finiteHalfspaceFacetArea.{0, 0} (Entry005.truncationFacetNormal d) (Entry005.truncationFacetHeight d t)
      (Sum.inr.{0, 0} true))
    (HMul.hMul.{0, 0, 0} (HPow.hPow.{0, 0, 0} t (HSub.hSub.{0, 0, 0} d 1))
      (HDiv.hDiv.{0, 0, 0} √↑d ↑(HSub.hSub.{0, 0, 0} d 1).factorial))
'Entry005.truncation_bottom_facet_area' depends on axioms: [propext, Classical.choice.{u}, Quot.sound.{u}]
Entry005.truncation_bottom_facet_homothety {d : ℕ} (hd : LT.lt.{0} 0 d) (t : ℝ) (ht0 : LT.lt.{0} 0 t)
  (ht1 : LE.le.{0} t 1) :
  Eq.{1}
    (Entry005.finiteHalfspaceFacet.{0, 0} (Entry005.truncationFacetNormal d) (Entry005.truncationFacetHeight d t)
      (Sum.inr.{0, 0} true))
    (HSMul.hSMul.{0, 0, 0} t
      (Entry005.finiteHalfspaceFacet.{0, 0} (Entry005.truncationFacetNormal d) (Entry005.truncationFacetHeight d t)
        (Sum.inr.{0, 0} false)))
'Entry005.truncation_bottom_facet_homothety' depends on axioms: [propext, Classical.choice.{u}, Quot.sound.{u}]
Entry005.truncation_center_sum {d : ℕ} (hd : LT.lt.{0} 0 d) (t : ℝ) :
  Eq.{1} (∑ i, WithLp.ofLp.{0} (Entry005.truncationCenter d t) i) (HDiv.hDiv.{0, 0, 0} (HAdd.hAdd.{0, 0, 0} 1 t) 2)
'Entry005.truncation_center_sum' depends on axioms: [propext, Classical.choice.{u}, Quot.sound.{u}]
Entry005.truncation_centered_area_eq {d : ℕ} (hd : LT.lt.{0} 0 d) (t : ℝ) (i : Entry005.TruncationFacetIndex d) :
  Eq.{1}
    (Entry005.finiteHalfspaceFacetArea.{0, 0} (Entry005.truncationFacetNormal d) (Entry005.truncationCenteredHeight d t)
      i)
    (Entry005.finiteHalfspaceFacetArea.{0, 0} (Entry005.truncationFacetNormal d) (Entry005.truncationFacetHeight d t) i)
'Entry005.truncation_centered_area_eq' depends on axioms: [propext, Classical.choice.{u}, Quot.sound.{u}]
Entry005.truncation_centered_carrier {d : ℕ} (hd : LT.lt.{0} 0 d) (t : ℝ) :
  Eq.{1} (Entry005.finiteHalfspaceSet.{0, 0} (Entry005.truncationFacetNormal d) (Entry005.truncationCenteredHeight d t))
    (Set.image.{0, 0} (fun x => HSub.hSub.{0, 0, 0} x (Entry005.truncationCenter d t)) (Entry005.truncationSet d t))
'Entry005.truncation_centered_carrier' depends on axioms: [propext, Classical.choice.{u}, Quot.sound.{u}]
Entry005.truncation_centered_compact {d : ℕ} (hd : LT.lt.{0} 0 d) (t : ℝ) (ht0 : LT.lt.{0} 0 t) (ht1 : LT.lt.{0} t 1) :
  IsCompact.{0}
    (Entry005.finiteHalfspaceSet.{0, 0} (Entry005.truncationFacetNormal d) (Entry005.truncationCenteredHeight d t))
'Entry005.truncation_centered_compact' depends on axioms: [propext, Classical.choice.{u}, Quot.sound.{u}]
Entry005.truncation_centered_entryA {d : ℕ} (hd : LT.lt.{0} 0 d) (t : ℝ) :
  Eq.{1}
    (Entry005.entryA.{0}
      (Entry005.finiteHalfspaceSet.{0, 0} (Entry005.truncationFacetNormal d) (Entry005.truncationCenteredHeight d t)))
    (Entry005.entryA.{0} (Entry005.truncationSet d t))
'Entry005.truncation_centered_entryA' depends on axioms: [propext, Classical.choice.{u}, Quot.sound.{u}]
Entry005.truncation_centered_entryDefect {d : ℕ} (hd : LT.lt.{0} 0 d) (t : ℝ) :
  Eq.{1}
    (Entry005.entryDefect.{0}
      (Entry005.finiteHalfspaceSet.{0, 0} (Entry005.truncationFacetNormal d) (Entry005.truncationCenteredHeight d t)))
    (Entry005.entryDefect.{0} (Entry005.truncationSet d t))
'Entry005.truncation_centered_entryDefect' depends on axioms: [propext, Classical.choice.{u}, Quot.sound.{u}]
Entry005.truncation_centered_height_pos {d : ℕ} (hd : LT.lt.{0} 0 d) (t : ℝ) (ht0 : LT.lt.{0} 0 t) (ht1 : LT.lt.{0} t 1)
  (i : Entry005.TruncationFacetIndex d) : LT.lt.{0} 0 (Entry005.truncationCenteredHeight d t i)
'Entry005.truncation_centered_height_pos' depends on axioms: [propext, Classical.choice.{u}, Quot.sound.{u}]
Entry005.truncation_centered_horizontal_tuple {d : ℕ} (hd : LE.le.{0} 2 d) (t : ℝ) (ht0 : LT.lt.{0} 0 t)
  (ht1 : LT.lt.{0} t 1) :
  Eq.{1}
    (Entry005.actualFacetHorizontalTupleSum.{0} (Entry005.truncationFacetNormal d)
      (Entry005.truncationCenteredHeight d t))
    (∑ b,
      abs.{0}
        (Entry005.horizontalDeterminant fun j k => WithLp.ofLp.{0} (Entry005.truncationRawHorizontal d t (b j)) k))
'Entry005.truncation_centered_horizontal_tuple' depends on axioms: [propext, Classical.choice.{u}, Quot.sound.{u}]
Entry005.truncation_centered_lifted_tuple {d : ℕ} (hd : LE.le.{0} 2 d) (t : ℝ) (ht0 : LT.lt.{0} 0 t)
  (ht1 : LT.lt.{0} t 1) :
  Eq.{1}
    (Entry005.actualFacetLiftedTupleSum.{0} (Entry005.truncationFacetNormal d) (Entry005.truncationCenteredHeight d t))
    (∑ b, abs.{0} (Matrix.det.{0, 0} (Entry005.sampledMatrix.{0} (Entry005.truncationRawLifted d t) b)))
'Entry005.truncation_centered_lifted_tuple' depends on axioms: [propext, Classical.choice.{u}, Quot.sound.{u}]
Entry005.truncation_centered_volume {d : ℕ} (hd : LT.lt.{0} 0 d) (t : ℝ) :
  Eq.{1}
    (MeasureTheory.volume.{0}
      (Entry005.finiteHalfspaceSet.{0, 0} (Entry005.truncationFacetNormal d) (Entry005.truncationCenteredHeight d t)))
    (MeasureTheory.volume.{0} (Entry005.truncationSet d t))
'Entry005.truncation_centered_volume' depends on axioms: [propext, Classical.choice.{u}, Quot.sound.{u}]
Entry005.truncation_chosen_maximum_and_excess {d : ℕ} (hd : LE.le.{0} 2 d) (t : ℝ) (ht0 : LT.lt.{0} 0 t)
  (ht1 : LT.lt.{0} t 1) (i : Fin d) :
  Entry005.maximumInscribed (Entry005.truncationBody d t ⋯ ht0 ht1) (Entry005.truncationSimplex t i ⋯) ∧
    Eq.{1} (Entry005.excess (Entry005.truncationSet d t) (Entry005.truncationSimplex t i ⋯))
      (HMul.hMul.{0, 0, 0} (HAdd.hAdd.{0, 0, 0} (↑d) 1) t)
'Entry005.truncation_chosen_maximum_and_excess' depends on axioms: [propext, Classical.choice.{u}, Quot.sound.{u}]
Entry005.truncation_conditional_scalar_power_obstruction {d : ℕ} (hd : LE.le.{0} 3 d) (e : ℝ → ℝ)
  (he : ∀ (t : ℝ), LT.lt.{0} 0 t → LT.lt.{0} t 1 → Eq.{1} (e t) (Entry005.truncationRationalDefect d t)) {α : ℝ}
  (hα : LT.lt.{0} (HDiv.hDiv.{0, 0, 0} 1 ↑(HSub.hSub.{0, 0, 0} d 1)) α) (C : ℝ) {ε : ℝ} (hε : LT.lt.{0} 0 ε) :
  ∃ t,
    LT.lt.{0} 0 t ∧
      LT.lt.{0} t (min.{0} ε 1) ∧
        LT.lt.{0} 0 (e t) ∧
          LT.lt.{0} (e t) ε ∧
            LT.lt.{0} (HMul.hMul.{0, 0, 0} C (HPow.hPow.{0, 0, 0} (e t) α))
              (HMul.hMul.{0, 0, 0} (HAdd.hAdd.{0, 0, 0} (↑d) 1) t)
'Entry005.truncation_conditional_scalar_power_obstruction' depends on axioms: [propext,
 Classical.choice.{u},
 Quot.sound.{u}]
Entry005.truncation_conditional_scalar_quotient_tendsto {d : ℕ} (hd : LE.le.{0} 3 d) (e : ℝ → ℝ)
  (he : ∀ (t : ℝ), LT.lt.{0} 0 t → LT.lt.{0} t 1 → Eq.{1} (e t) (Entry005.truncationRationalDefect d t)) :
  Filter.Tendsto.{0, 0} (fun t => HDiv.hDiv.{0, 0, 0} (e t) (HPow.hPow.{0, 0, 0} t (HSub.hSub.{0, 0, 0} d 1)))
    (nhdsWithin.{0} 0 (Set.Ioi.{0} 0))
    (nhds.{0}
      (HDiv.hDiv.{0, 0, 0} (HMul.hMul.{0, 0, 0} (↑d) (HSub.hSub.{0, 0, 0} (↑d) 1))
        (HPow.hPow.{0, 0, 0} (HAdd.hAdd.{0, 0, 0} (↑d) 1) 2)))
'Entry005.truncation_conditional_scalar_quotient_tendsto' depends on axioms: [propext,
 Classical.choice.{u},
 Quot.sound.{u}]
Entry005.truncation_coordinate_area_support {d : ℕ} (t : ℝ) (i : Fin d) :
  Eq.{1}
    (HMul.hMul.{0, 0, 0}
      (Entry005.finiteHalfspaceFacetArea.{0, 0} (Entry005.truncationFacetNormal d) (Entry005.truncationFacetHeight d t)
        (Sum.inl.{0, 0} i))
      (Entry005.truncationFacetHeight d t (Sum.inl.{0, 0} i)))
    0
'Entry005.truncation_coordinate_area_support' depends on axioms: [propext, Classical.choice.{u}, Quot.sound.{u}]
Entry005.truncation_coordinate_area_vector {d : ℕ} (hd : LE.le.{0} 2 d) (t : ℝ) (ht0 : LT.lt.{0} 0 t)
  (ht1 : LT.lt.{0} t 1) (i : Fin d) :
  Eq.{1}
    (HSMul.hSMul.{0, 0, 0}
      (Entry005.finiteHalfspaceFacetArea.{0, 0} (Entry005.truncationFacetNormal d) (Entry005.truncationFacetHeight d t)
        (Sum.inl.{0, 0} i))
      (Entry005.truncationFacetNormal d (Sum.inl.{0, 0} i)))
    (HSMul.hSMul.{0, 0, 0}
      (HMul.hMul.{0, 0, 0} (Neg.neg.{0} (Entry005.truncationFacetScale d))
        (HSub.hSub.{0, 0, 0} 1 (HPow.hPow.{0, 0, 0} t (HSub.hSub.{0, 0, 0} d 1))))
      (Entry005.truncationVertex i))
'Entry005.truncation_coordinate_area_vector' depends on axioms: [propext, Classical.choice.{u}, Quot.sound.{u}]
Entry005.truncation_coordinate_embedding_abs_det (d : ℕ) (τ : Function.Embedding.{1, 1} (Fin d) (Fin d)) :
  Eq.{1} (abs.{0} ((Entry005.truncationRowDeterminant d) fun i => Entry005.truncationCoordinateVector d (τ i))) 1
'Entry005.truncation_coordinate_embedding_abs_det' depends on axioms: [propext, Classical.choice.{u}, Quot.sound.{u}]
Entry005.truncation_coordinate_facet_area {d : ℕ} (hd : LE.le.{0} 2 d) (i : Fin d) (t : ℝ) (ht0 : LE.le.{0} 0 t)
  (ht1 : LE.le.{0} t 1) :
  Eq.{1}
    (Entry005.finiteHalfspaceFacetArea.{0, 0} (Entry005.truncationFacetNormal d) (Entry005.truncationFacetHeight d t)
      (Sum.inl.{0, 0} i))
    (HDiv.hDiv.{0, 0, 0} (HSub.hSub.{0, 0, 0} 1 (HPow.hPow.{0, 0, 0} t (HSub.hSub.{0, 0, 0} d 1)))
      ↑(HSub.hSub.{0, 0, 0} d 1).factorial)
'Entry005.truncation_coordinate_facet_area' depends on axioms: [propext, Classical.choice.{u}, Quot.sound.{u}]
Entry005.truncation_coordinate_facet_area_succ {d : ℕ} (hd : LT.lt.{0} 0 d) (i : Fin (HAdd.hAdd.{0, 0, 0} d 1)) (t : ℝ)
  (ht0 : LE.le.{0} 0 t) (ht1 : LE.le.{0} t 1) :
  Eq.{1}
    (Entry005.finiteHalfspaceFacetArea.{0, 0} (Entry005.truncationFacetNormal (HAdd.hAdd.{0, 0, 0} d 1))
      (Entry005.truncationFacetHeight (HAdd.hAdd.{0, 0, 0} d 1) t) (Sum.inl.{0, 0} i))
    (HDiv.hDiv.{0, 0, 0} (HSub.hSub.{0, 0, 0} 1 (HPow.hPow.{0, 0, 0} t d)) ↑d.factorial)
'Entry005.truncation_coordinate_facet_area_succ' depends on axioms: [propext, Classical.choice.{u}, Quot.sound.{u}]
Entry005.truncation_coordinate_facet_chart {d : ℕ} (i : Fin (HAdd.hAdd.{0, 0, 0} d 1)) (t : ℝ) :
  Eq.{1}
    (Entry005.finiteHalfspaceFacetChart.{0, 0} (Entry005.truncationFacetNormal (HAdd.hAdd.{0, 0, 0} d 1))
      (Entry005.truncationFacetHeight (HAdd.hAdd.{0, 0, 0} d 1) t) (Sum.inl.{0, 0} i))
    (Set.image.{0, 0} (⇑(Entry005.truncationCoordinateIsometry i)) (Entry005.truncationSet d t))
'Entry005.truncation_coordinate_facet_chart' depends on axioms: [propext, Classical.choice.{u}, Quot.sound.{u}]
Entry005.truncation_coordinate_isometry_mem {d : ℕ} (i : Fin (HAdd.hAdd.{0, 0, 0} d 1)) (x : Entry005.Space d) (t : ℝ) :
  Membership.mem.{0, 0} (Entry005.truncationSet (HAdd.hAdd.{0, 0, 0} d 1) t)
      ↑((Entry005.truncationCoordinateIsometry i) x) ↔
    Membership.mem.{0, 0} (Entry005.truncationSet d t) x
'Entry005.truncation_coordinate_isometry_mem' depends on axioms: [propext, Classical.choice.{u}, Quot.sound.{u}]
Entry005.truncation_coordinate_isometry_sum {d : ℕ} (i : Fin (HAdd.hAdd.{0, 0, 0} d 1)) (x : Entry005.Space d) :
  Eq.{1} (∑ j, WithLp.ofLp.{0} (↑((Entry005.truncationCoordinateIsometry i) x)) j) (∑ j, WithLp.ofLp.{0} x j)
'Entry005.truncation_coordinate_isometry_sum' depends on axioms: [propext, Classical.choice.{u}, Quot.sound.{u}]
Entry005.truncation_diagonal_inner (d : ℕ) (x : Entry005.Space d) :
  Eq.{1} (inner.{0, 0} ℝ (Entry005.truncationDiagonal d) x) (∑ i, WithLp.ofLp.{0} x i)
'Entry005.truncation_diagonal_inner' depends on axioms: [propext, Classical.choice.{u}, Quot.sound.{u}]
Entry005.truncation_embedding_card_predecessor (d : ℕ) :
  Eq.{1} (Fintype.card.{0} (Function.Embedding.{1, 1} (Fin d) (Fin (HAdd.hAdd.{0, 0, 0} d 1))))
    (HAdd.hAdd.{0, 0, 0} d 1).factorial
'Entry005.truncation_embedding_card_predecessor' depends on axioms: [propext, Classical.choice.{u}, Quot.sound.{u}]
Entry005.truncation_entryDefect_exact {d : ℕ} (hd : LE.le.{0} 2 d) (t : ℝ) (ht0 : LT.lt.{0} 0 t) (ht1 : LT.lt.{0} t 1) :
  Eq.{1} (Entry005.entryDefect.{0} (Entry005.truncationSet d t)) (Entry005.truncationRationalDefect d t)
'Entry005.truncation_entryDefect_exact' depends on axioms: [propext, Classical.choice.{u}, Quot.sound.{u}]
Entry005.truncation_entryDefect_pos {d : ℕ} (hd : LE.le.{0} 3 d) (t : ℝ) (ht0 : LT.lt.{0} 0 t) (ht1 : LT.lt.{0} t 1) :
  LT.lt.{0} 0 (Entry005.entryDefect.{0} (Entry005.truncationSet d t))
'Entry005.truncation_entryDefect_pos' depends on axioms: [propext, Classical.choice.{u}, Quot.sound.{u}]
Entry005.truncation_entryDefect_quotient_tendsto {d : ℕ} (hd : LE.le.{0} 3 d) :
  Filter.Tendsto.{0, 0}
    (fun t =>
      HDiv.hDiv.{0, 0, 0} (Entry005.entryDefect.{0} (Entry005.truncationSet d t))
        (HPow.hPow.{0, 0, 0} t (HSub.hSub.{0, 0, 0} d 1)))
    (nhdsWithin.{0} 0 (Set.Ioi.{0} 0))
    (nhds.{0}
      (HDiv.hDiv.{0, 0, 0} (HMul.hMul.{0, 0, 0} (↑d) (HSub.hSub.{0, 0, 0} (↑d) 1))
        (HPow.hPow.{0, 0, 0} (HAdd.hAdd.{0, 0, 0} (↑d) 1) 2)))
'Entry005.truncation_entryDefect_quotient_tendsto' depends on axioms: [propext, Classical.choice.{u}, Quot.sound.{u}]
Entry005.truncation_facet_area_projection {d : ℕ} (hd : LT.lt.{0} 0 d) (t : ℝ) (i : Entry005.TruncationFacetIndex d) :
  Eq.{1}
    (Entry005.finiteHalfspaceFacetArea.{0, 0} (Entry005.truncationFacetNormal d) (Entry005.truncationFacetHeight d t) i)
    (Entry005.projectionVolumeSet.{0}
      (Entry005.finiteHalfspaceFacet.{0, 0} (Entry005.truncationFacetNormal d) (Entry005.truncationFacetHeight d t) i)
      (Entry005.truncationFacetNormal d i))
'Entry005.truncation_facet_area_projection' depends on axioms: [propext, Classical.choice.{u}, Quot.sound.{u}]
Entry005.truncation_facet_norm {d : ℕ} (hd : LT.lt.{0} 0 d) (i : Entry005.TruncationFacetIndex d) :
  Eq.{1} (norm.{0} (Entry005.truncationFacetNormal d i)) 1
'Entry005.truncation_facet_norm' depends on axioms: [propext, Classical.choice.{u}, Quot.sound.{u}]
Entry005.truncation_facet_normal_injective {d : ℕ} (hd : LE.le.{0} 2 d) :
  Function.Injective.{1, 1} (Entry005.truncationFacetNormal d)
'Entry005.truncation_facet_normal_injective' depends on axioms: [propext, Classical.choice.{u}, Quot.sound.{u}]
Entry005.truncation_facet_scale_sqrt_cancel {d : ℕ} (hd : LT.lt.{0} 0 d) :
  Eq.{1} (HMul.hMul.{0, 0, 0} (HDiv.hDiv.{0, 0, 0} √↑d ↑(HSub.hSub.{0, 0, 0} d 1).factorial) (Inv.inv.{0} √↑d))
    (Entry005.truncationFacetScale d)
'Entry005.truncation_facet_scale_sqrt_cancel' depends on axioms: [propext, Classical.choice.{u}, Quot.sound.{u}]
Entry005.truncation_halfspace_representation {d : ℕ} (hd : LT.lt.{0} 0 d) (t : ℝ) :
  Eq.{1} (Entry005.finiteHalfspaceSet.{0, 0} (Entry005.truncationFacetNormal d) (Entry005.truncationFacetHeight d t))
    (Entry005.truncationSet d t)
'Entry005.truncation_halfspace_representation' depends on axioms: [propext, Classical.choice.{u}, Quot.sound.{u}]
Entry005.truncation_lifted_coordinate_embedding_abs_det (d : ℕ) (a b r : ℝ) (hr : LE.le.{0} 0 r)
  (τ : Function.Embedding.{1, 1} (Fin d) (Fin d)) :
  Eq.{1}
    (abs.{0}
      ((Entry005.truncationRowDeterminant (HAdd.hAdd.{0, 0, 0} d 1))
        (Fin.cons.{1} (Entry005.truncationLiftVector a fun x => b) fun i =>
          Entry005.truncationLiftVector 0
            (HSMul.hSMul.{0, 0, 0} (Neg.neg.{0} r) (Entry005.truncationCoordinateVector d (τ i))))))
    (HMul.hMul.{0, 0, 0} (abs.{0} a) (HPow.hPow.{0, 0, 0} r d))
'Entry005.truncation_lifted_coordinate_embedding_abs_det' depends on axioms: [propext,
 Classical.choice.{u},
 Quot.sound.{u}]
Entry005.truncation_lifted_pair_embedding_abs_det (d : ℕ) (q s r : ℝ) (hr : LE.le.{0} 0 r) (hqs : LE.le.{0} s q)
  (τ : Function.Embedding.{1, 1} (Fin d) (Fin (HAdd.hAdd.{0, 0, 0} d 1))) :
  Eq.{1}
    (abs.{0}
      ((Entry005.truncationRowDeterminant (HAdd.hAdd.{0, 0, 0} d 2))
        (Fin.cons.{1} (Entry005.truncationLiftVector 1 fun x => 1)
          (Fin.cons.{1} (Entry005.truncationLiftVector (Neg.neg.{0} s) fun x => Neg.neg.{0} q) fun i =>
            Entry005.truncationLiftVector 0
              (HSMul.hSMul.{0, 0, 0} (Neg.neg.{0} r)
                (Entry005.truncationCoordinateVector (HAdd.hAdd.{0, 0, 0} d 1) (τ i)))))))
    (HMul.hMul.{0, 0, 0} (HSub.hSub.{0, 0, 0} q s) (HPow.hPow.{0, 0, 0} r d))
'Entry005.truncation_lifted_pair_embedding_abs_det' depends on axioms: [propext, Classical.choice.{u}, Quot.sound.{u}]
Entry005.truncation_ones_embedding_abs_det (d : ℕ)
  (τ : Function.Embedding.{1, 1} (Fin d) (Fin (HAdd.hAdd.{0, 0, 0} d 1))) :
  Eq.{1}
    (abs.{0}
      ((Entry005.truncationRowDeterminant (HAdd.hAdd.{0, 0, 0} d 1))
        (Fin.cons.{1} (fun x => 1) fun i => Entry005.truncationCoordinateVector (HAdd.hAdd.{0, 0, 0} d 1) (τ i))))
    1
'Entry005.truncation_ones_embedding_abs_det' depends on axioms: [propext, Classical.choice.{u}, Quot.sound.{u}]
Entry005.truncation_packed_horizontal_scalar (d : ℕ) (c r q : ℝ) :
  Eq.{1} (Entry005.truncationPackedHorizontal d c r q) fun i =>
    HSMul.hSMul.{0, 0, 0} c (Entry005.truncationPackedHorizontal d 1 r q i)
'Entry005.truncation_packed_horizontal_scalar' depends on axioms: [propext, Classical.choice.{u}, Quot.sound.{u}]
Entry005.truncation_packed_horizontal_tuple_sum {d : ℕ} (hd : LE.le.{0} 2 d) (c r q : ℝ) (hc : LE.le.{0} 0 c)
  (hr : LE.le.{0} 0 r) (hq : LE.le.{0} 0 q) :
  Eq.{1} (Entry005.truncationPackedTupleSum (Entry005.truncationPackedHorizontal d c r q))
    (HMul.hMul.{0, 0, 0} (HMul.hMul.{0, 0, 0} (↑d.factorial) (HPow.hPow.{0, 0, 0} c d))
      (HAdd.hAdd.{0, 0, 0} (HPow.hPow.{0, 0, 0} r d)
        (HMul.hMul.{0, 0, 0} (HMul.hMul.{0, 0, 0} (↑d) (HAdd.hAdd.{0, 0, 0} 1 q))
          (HPow.hPow.{0, 0, 0} r (HSub.hSub.{0, 0, 0} d 1)))))
'Entry005.truncation_packed_horizontal_tuple_sum' depends on axioms: [propext, Classical.choice.{u}, Quot.sound.{u}]
Entry005.truncation_packed_lifted_scalar (d : ℕ) (c r q s : ℝ) :
  Eq.{1} (Entry005.truncationPackedLifted d c r q s) fun i =>
    HSMul.hSMul.{0, 0, 0} c (Entry005.truncationPackedLifted d 1 r q s i)
'Entry005.truncation_packed_lifted_scalar' depends on axioms: [propext, Classical.choice.{u}, Quot.sound.{u}]
Entry005.truncation_packed_lifted_tuple_sum {d : ℕ} (hd : LE.le.{0} 1 d) (c r q s : ℝ) (hc : LE.le.{0} 0 c)
  (hr : LE.le.{0} 0 r) (hs : LE.le.{0} 0 s) (hqs : LE.le.{0} s q) :
  Eq.{1} (Entry005.truncationPackedTupleSum (Entry005.truncationPackedLifted d c r q s))
    (HMul.hMul.{0, 0, 0}
      (HMul.hMul.{0, 0, 0} (↑(HAdd.hAdd.{0, 0, 0} d 1).factorial) (HPow.hPow.{0, 0, 0} c (HAdd.hAdd.{0, 0, 0} d 1)))
      (HAdd.hAdd.{0, 0, 0} (HMul.hMul.{0, 0, 0} (HPow.hPow.{0, 0, 0} r d) (HAdd.hAdd.{0, 0, 0} 1 s))
        (HMul.hMul.{0, 0, 0} (HMul.hMul.{0, 0, 0} (↑d) (HPow.hPow.{0, 0, 0} r (HSub.hSub.{0, 0, 0} d 1)))
          (HSub.hSub.{0, 0, 0} q s))))
'Entry005.truncation_packed_lifted_tuple_sum' depends on axioms: [propext, Classical.choice.{u}, Quot.sound.{u}]
Entry005.truncation_parallel_horizontal_abs_det_zero (d : ℕ) (q : ℝ) (g : Fin d → Fin (HAdd.hAdd.{0, 0, 0} d 2) → ℝ) :
  Eq.{1}
    ((Entry005.truncationRowDeterminant (HAdd.hAdd.{0, 0, 0} d 2))
      (Fin.cons.{1} (fun x => 1) (Fin.cons.{1} (fun x => Neg.neg.{0} q) g)))
    0
'Entry005.truncation_parallel_horizontal_abs_det_zero' depends on axioms: [propext,
 Classical.choice.{u},
 Quot.sound.{u}]
Entry005.truncation_power_exponent_pos {d : ℕ} (hd : LE.le.{0} 3 d) {α : ℝ}
  (hα : LT.lt.{0} (HDiv.hDiv.{0, 0, 0} 1 ↑(HSub.hSub.{0, 0, 0} d 1)) α) :
  LT.lt.{0} 0 α ∧ LT.lt.{0} 0 (HSub.hSub.{0, 0, 0} (HMul.hMul.{0, 0, 0} (↑(HSub.hSub.{0, 0, 0} d 1)) α) 1)
'Entry005.truncation_power_exponent_pos' depends on axioms: [propext, Classical.choice.{u}, Quot.sound.{u}]
Entry005.truncation_rational_coefficient_pos {d : ℕ} (hd : LE.le.{0} 3 d) {t : ℝ} (ht : LT.lt.{0} 0 t)
  (ht1 : LT.lt.{0} t 1) : LT.lt.{0} 0 (Entry005.truncationRationalCoefficient d t)
'Entry005.truncation_rational_coefficient_pos' depends on axioms: [propext, Classical.choice.{u}, Quot.sound.{u}]
Entry005.truncation_rational_coefficient_tendsto {d : ℕ} (hd : LE.le.{0} 3 d) :
  Filter.Tendsto.{0, 0} (Entry005.truncationRationalCoefficient d) (nhds.{0} 0)
    (nhds.{0}
      (HDiv.hDiv.{0, 0, 0} (HMul.hMul.{0, 0, 0} (↑d) (HSub.hSub.{0, 0, 0} (↑d) 1))
        (HPow.hPow.{0, 0, 0} (HAdd.hAdd.{0, 0, 0} (↑d) 1) 2)))
'Entry005.truncation_rational_coefficient_tendsto' depends on axioms: [propext, Classical.choice.{u}, Quot.sound.{u}]
Entry005.truncation_rational_defect_factor (d : ℕ) (t : ℝ) :
  Eq.{1} (Entry005.truncationRationalDefect d t)
    (HMul.hMul.{0, 0, 0} (HPow.hPow.{0, 0, 0} t (HSub.hSub.{0, 0, 0} d 1)) (Entry005.truncationRationalCoefficient d t))
'Entry005.truncation_rational_defect_factor' depends on axioms: [propext, Classical.choice.{u}, Quot.sound.{u}]
Entry005.truncation_rational_defect_pos {d : ℕ} (hd : LE.le.{0} 3 d) {t : ℝ} (ht : LT.lt.{0} 0 t)
  (ht1 : LT.lt.{0} t 1) : LT.lt.{0} 0 (Entry005.truncationRationalDefect d t)
'Entry005.truncation_rational_defect_pos' depends on axioms: [propext, Classical.choice.{u}, Quot.sound.{u}]
Entry005.truncation_rational_defect_tendsto_zero {d : ℕ} (hd : LE.le.{0} 3 d) :
  Filter.Tendsto.{0, 0} (Entry005.truncationRationalDefect d) (nhds.{0} 0) (nhds.{0} 0)
'Entry005.truncation_rational_defect_tendsto_zero' depends on axioms: [propext, Classical.choice.{u}, Quot.sound.{u}]
Entry005.truncation_rational_power_obstruction {d : ℕ} (hd : LE.le.{0} 3 d) {α : ℝ}
  (hα : LT.lt.{0} (HDiv.hDiv.{0, 0, 0} 1 ↑(HSub.hSub.{0, 0, 0} d 1)) α) (C : ℝ) {ε : ℝ} (hε : LT.lt.{0} 0 ε) :
  ∃ t,
    LT.lt.{0} 0 t ∧
      LT.lt.{0} t (min.{0} ε 1) ∧
        LT.lt.{0} 0 (Entry005.truncationRationalDefect d t) ∧
          LT.lt.{0} (Entry005.truncationRationalDefect d t) ε ∧
            LT.lt.{0} (HMul.hMul.{0, 0, 0} C (HPow.hPow.{0, 0, 0} (Entry005.truncationRationalDefect d t) α))
              (HMul.hMul.{0, 0, 0} (HAdd.hAdd.{0, 0, 0} (↑d) 1) t)
'Entry005.truncation_rational_power_obstruction' depends on axioms: [propext, Classical.choice.{u}, Quot.sound.{u}]
Entry005.truncation_rational_power_ratio_tendsto_zero {d : ℕ} (hd : LE.le.{0} 3 d) {α : ℝ}
  (hα : LT.lt.{0} (HDiv.hDiv.{0, 0, 0} 1 ↑(HSub.hSub.{0, 0, 0} d 1)) α) (C : ℝ) :
  Filter.Tendsto.{0, 0}
    (fun t =>
      HDiv.hDiv.{0, 0, 0} (HMul.hMul.{0, 0, 0} C (HPow.hPow.{0, 0, 0} (Entry005.truncationRationalDefect d t) α))
        (HMul.hMul.{0, 0, 0} (HAdd.hAdd.{0, 0, 0} (↑d) 1) t))
    (nhdsWithin.{0} 0 (Set.Ioi.{0} 0)) (nhds.{0} 0)
'Entry005.truncation_rational_power_ratio_tendsto_zero' depends on axioms: [propext,
 Classical.choice.{u},
 Quot.sound.{u}]
Entry005.truncation_rational_quotient_tendsto {d : ℕ} (hd : LE.le.{0} 3 d) :
  Filter.Tendsto.{0, 0}
    (fun t =>
      HDiv.hDiv.{0, 0, 0} (Entry005.truncationRationalDefect d t) (HPow.hPow.{0, 0, 0} t (HSub.hSub.{0, 0, 0} d 1)))
    (nhdsWithin.{0} 0 (Set.Ioi.{0} 0))
    (nhds.{0}
      (HDiv.hDiv.{0, 0, 0} (HMul.hMul.{0, 0, 0} (↑d) (HSub.hSub.{0, 0, 0} (↑d) 1))
        (HPow.hPow.{0, 0, 0} (HAdd.hAdd.{0, 0, 0} (↑d) 1) 2)))
'Entry005.truncation_rational_quotient_tendsto' depends on axioms: [propext, Classical.choice.{u}, Quot.sound.{u}]
Entry005.truncation_raw_horizontal_packed (d : ℕ) (t : ℝ) :
  Eq.{1}
    (fun i j =>
      WithLp.ofLp.{0} (Entry005.truncationRawHorizontal d t ((Equiv.symm.{1, 1} (Entry005.truncationPackedIndex d)) i))
        j)
    (Entry005.truncationPackedHorizontal d (Entry005.truncationFacetScale d)
      (HSub.hSub.{0, 0, 0} 1 (HPow.hPow.{0, 0, 0} t (HSub.hSub.{0, 0, 0} d 1)))
      (HPow.hPow.{0, 0, 0} t (HSub.hSub.{0, 0, 0} d 1)))
'Entry005.truncation_raw_horizontal_packed' depends on axioms: [propext, Classical.choice.{u}, Quot.sound.{u}]
Entry005.truncation_raw_horizontal_tuple_sum {d : ℕ} (hd : LE.le.{0} 2 d) (t : ℝ) (ht0 : LT.lt.{0} 0 t)
  (ht1 : LT.lt.{0} t 1) :
  Eq.{1}
    (∑ b,
      abs.{0}
        (Entry005.horizontalDeterminant fun j k => WithLp.ofLp.{0} (Entry005.truncationRawHorizontal d t (b j)) k))
    (HMul.hMul.{0, 0, 0} (HMul.hMul.{0, 0, 0} (↑d.factorial) (HPow.hPow.{0, 0, 0} (Entry005.truncationFacetScale d) d))
      (HAdd.hAdd.{0, 0, 0}
        (HPow.hPow.{0, 0, 0} (HSub.hSub.{0, 0, 0} 1 (HPow.hPow.{0, 0, 0} t (HSub.hSub.{0, 0, 0} d 1))) d)
        (HMul.hMul.{0, 0, 0}
          (HMul.hMul.{0, 0, 0} (↑d) (HAdd.hAdd.{0, 0, 0} 1 (HPow.hPow.{0, 0, 0} t (HSub.hSub.{0, 0, 0} d 1))))
          (HPow.hPow.{0, 0, 0} (HSub.hSub.{0, 0, 0} 1 (HPow.hPow.{0, 0, 0} t (HSub.hSub.{0, 0, 0} d 1)))
            (HSub.hSub.{0, 0, 0} d 1)))))
'Entry005.truncation_raw_horizontal_tuple_sum' depends on axioms: [propext, Classical.choice.{u}, Quot.sound.{u}]
Entry005.truncation_raw_lifted_packed (d : ℕ) (t : ℝ) :
  Eq.{1} (fun i => Entry005.truncationRawLifted d t ((Equiv.symm.{1, 1} (Entry005.truncationPackedIndex d)) i))
    (Entry005.truncationPackedLifted d (Entry005.truncationFacetScale d)
      (HSub.hSub.{0, 0, 0} 1 (HPow.hPow.{0, 0, 0} t (HSub.hSub.{0, 0, 0} d 1)))
      (HPow.hPow.{0, 0, 0} t (HSub.hSub.{0, 0, 0} d 1)) (HPow.hPow.{0, 0, 0} t d))
'Entry005.truncation_raw_lifted_packed' depends on axioms: [propext, Classical.choice.{u}, Quot.sound.{u}]
Entry005.truncation_raw_lifted_tuple_sum {d : ℕ} (hd : LE.le.{0} 2 d) (t : ℝ) (ht0 : LT.lt.{0} 0 t)
  (ht1 : LT.lt.{0} t 1) :
  Eq.{1} (∑ b, abs.{0} (Matrix.det.{0, 0} (Entry005.sampledMatrix.{0} (Entry005.truncationRawLifted d t) b)))
    (HMul.hMul.{0, 0, 0}
      (HMul.hMul.{0, 0, 0} (↑(HAdd.hAdd.{0, 0, 0} d 1).factorial)
        (HPow.hPow.{0, 0, 0} (Entry005.truncationFacetScale d) (HAdd.hAdd.{0, 0, 0} d 1)))
      (HAdd.hAdd.{0, 0, 0}
        (HMul.hMul.{0, 0, 0}
          (HPow.hPow.{0, 0, 0} (HSub.hSub.{0, 0, 0} 1 (HPow.hPow.{0, 0, 0} t (HSub.hSub.{0, 0, 0} d 1))) d)
          (HAdd.hAdd.{0, 0, 0} 1 (HPow.hPow.{0, 0, 0} t d)))
        (HMul.hMul.{0, 0, 0}
          (HMul.hMul.{0, 0, 0} (↑d)
            (HPow.hPow.{0, 0, 0} (HSub.hSub.{0, 0, 0} 1 (HPow.hPow.{0, 0, 0} t (HSub.hSub.{0, 0, 0} d 1)))
              (HSub.hSub.{0, 0, 0} d 1)))
          (HSub.hSub.{0, 0, 0} (HPow.hPow.{0, 0, 0} t (HSub.hSub.{0, 0, 0} d 1)) (HPow.hPow.{0, 0, 0} t d)))))
'Entry005.truncation_raw_lifted_tuple_sum' depends on axioms: [propext, Classical.choice.{u}, Quot.sound.{u}]
Entry005.truncation_raw_tuple_reindex {d k : ℕ} (v : Entry005.TruncationFacetIndex d → Fin k → ℝ) :
  Eq.{1} (∑ b, abs.{0} (Entry005.horizontalDeterminant fun j => v (b j)))
    (∑ b,
      abs.{0}
        (Entry005.horizontalDeterminant fun j => v ((Equiv.symm.{1, 1} (Entry005.truncationPackedIndex d)) (b j))))
'Entry005.truncation_raw_tuple_reindex' depends on axioms: [propext, Classical.choice.{u}, Quot.sound.{u}]
Entry005.truncation_removed_overlap_volume_zero {d : ℕ} (hd : LT.lt.{0} 0 d) (t : ℝ) :
  Eq.{1}
    (MeasureTheory.volume.{0} (Inter.inter.{0} (Entry005.truncationSet d t) (Entry005.truncationAmbientSimplex d t))) 0
'Entry005.truncation_removed_overlap_volume_zero' depends on axioms: [propext, Classical.choice.{u}, Quot.sound.{u}]
Entry005.truncation_row_determinant_horizontal {d : ℕ} (v : Fin d → Fin d → ℝ) :
  Eq.{1} ((Entry005.truncationRowDeterminant d) v) (Entry005.horizontalDeterminant v)
'Entry005.truncation_row_determinant_horizontal' depends on axioms: [propext, Classical.choice.{u}, Quot.sound.{u}]
Entry005.truncation_scalar_cancellation {d : ℕ} (hd : LE.le.{0} 2 d) {t : ℝ} (ht : LT.lt.{0} 0 t)
  (ht1 : LT.lt.{0} t 1) :
  Eq.{1}
    (HSub.hSub.{0, 0, 0}
      (HDiv.hDiv.{0, 0, 0} (Entry005.truncationScalarLiftedSum d t)
        (HMul.hMul.{0, 0, 0}
          (HMul.hMul.{0, 0, 0} (HMul.hMul.{0, 0, 0} (HAdd.hAdd.{0, 0, 0} (↑d) 1) ↑d)
            (HDiv.hDiv.{0, 0, 0} (HSub.hSub.{0, 0, 0} 1 (HPow.hPow.{0, 0, 0} t d)) ↑d.factorial))
          (Entry005.truncationScalarHorizontalSum d t)))
      (HDiv.hDiv.{0, 0, 0} 1 (HAdd.hAdd.{0, 0, 0} (↑d) 1)))
    (Entry005.truncationRationalDefect d t)
'Entry005.truncation_scalar_cancellation' depends on axioms: [propext, Classical.choice.{u}, Quot.sound.{u}]
Entry005.truncation_scaled_coordinate_embedding_abs_det (d : ℕ) (r : ℝ) (hr : LE.le.{0} 0 r)
  (τ : Function.Embedding.{1, 1} (Fin d) (Fin d)) :
  Eq.{1}
    (abs.{0}
      ((Entry005.truncationRowDeterminant d) fun i =>
        HSMul.hSMul.{0, 0, 0} (Neg.neg.{0} r) (Entry005.truncationCoordinateVector d (τ i))))
    (HPow.hPow.{0, 0, 0} r d)
'Entry005.truncation_scaled_coordinate_embedding_abs_det' depends on axioms: [propext,
 Classical.choice.{u},
 Quot.sound.{u}]
Entry005.truncation_scaled_ones_embedding_abs_det (d : ℕ) (a r : ℝ) (hr : LE.le.{0} 0 r)
  (τ : Function.Embedding.{1, 1} (Fin d) (Fin (HAdd.hAdd.{0, 0, 0} d 1))) :
  Eq.{1}
    (abs.{0}
      ((Entry005.truncationRowDeterminant (HAdd.hAdd.{0, 0, 0} d 1))
        (Fin.cons.{1} (fun x => a) fun i =>
          HSMul.hSMul.{0, 0, 0} (Neg.neg.{0} r) (Entry005.truncationCoordinateVector (HAdd.hAdd.{0, 0, 0} d 1) (τ i)))))
    (HMul.hMul.{0, 0, 0} (abs.{0} a) (HPow.hPow.{0, 0, 0} r d))
'Entry005.truncation_scaled_ones_embedding_abs_det' depends on axioms: [propext, Classical.choice.{u}, Quot.sound.{u}]
Entry005.truncation_sharpness_from_actual_defect_formula
  (hformula :
    ∀ (d : ℕ),
      LE.le.{0} 3 d →
        ∀ (t : ℝ),
          LT.lt.{0} 0 t →
            LT.lt.{0} t 1 →
              Eq.{1} (Entry005.entryDefect.{0} (Entry005.truncationSet d t)) (Entry005.truncationRationalDefect d t)) :
  Entry005.truncationSharpnessGoal
'Entry005.truncation_sharpness_from_actual_defect_formula' depends on axioms: [propext,
 Classical.choice.{u},
 Quot.sound.{u}]
Entry005.truncation_simplex_actual_volume {d : ℕ} (hd : LT.lt.{0} 0 d) (t : ℝ) (ht0 : LE.le.{0} 0 t)
  (ht1 : LT.lt.{0} t 1) (i : Fin d) :
  Eq.{1} (MeasureTheory.volume.{0} (Entry005.simplexSet (Entry005.truncationSimplex t i ⋯))).toReal
    (HDiv.hDiv.{0, 0, 0} (HSub.hSub.{0, 0, 0} 1 t) ↑d.factorial)
'Entry005.truncation_simplex_actual_volume' depends on axioms: [propext, Classical.choice.{u}, Quot.sound.{u}]
Entry005.truncation_simplex_barycentric {d : ℕ} (t : ℝ) (ht : LT.lt.{0} t 1) (i : Fin d)
  (S : Affine.Simplex.{0, 0, 0} ℝ (Entry005.Space d) d)
  (hpoints : Eq.{1} (Affine.Simplex.points.{0, 0, 0} S) (Entry005.truncationSimplexPoints t i)) (x : Entry005.Space d)
  (j : Fin (HAdd.hAdd.{0, 0, 0} d 1)) :
  Eq.{1} ((AffineBasis.coord.{0, 0, 0, 0} (Entry005.truncationFullBasis S) j) x) (Entry005.truncationBeta t i x j)
'Entry005.truncation_simplex_barycentric' depends on axioms: [propext, Classical.choice.{u}, Quot.sound.{u}]
Entry005.truncation_simplex_centroid_containment_iff {d : ℕ} (hd : LE.le.{0} 2 d) (t : ℝ) (ht0 : LE.le.{0} 0 t)
  (ht1 : LT.lt.{0} t 1) (i : Fin d) (S : Affine.Simplex.{0, 0, 0} ℝ (Entry005.Space d) d)
  (hpoints : Eq.{1} (Affine.Simplex.points.{0, 0, 0} S) (Entry005.truncationSimplexPoints t i)) (ε : ℝ)
  (hε : LE.le.{0} 0 ε) :
  Entry005.truncationSet d t ⊆ Entry005.centeredDilation S ε ↔
    LE.le.{0} (HMul.hMul.{0, 0, 0} (HAdd.hAdd.{0, 0, 0} (↑d) 1) t) ε
'Entry005.truncation_simplex_centroid_containment_iff' depends on axioms: [propext,
 Classical.choice.{u},
 Quot.sound.{u}]
Entry005.truncation_simplex_excess_exact {d : ℕ} (hd : LE.le.{0} 2 d) (t : ℝ) (ht0 : LE.le.{0} 0 t)
  (ht1 : LT.lt.{0} t 1) (i : Fin d) (S : Affine.Simplex.{0, 0, 0} ℝ (Entry005.Space d) d)
  (hpoints : Eq.{1} (Affine.Simplex.points.{0, 0, 0} S) (Entry005.truncationSimplexPoints t i)) :
  Eq.{1} (Entry005.excess (Entry005.truncationSet d t) S) (HMul.hMul.{0, 0, 0} (HAdd.hAdd.{0, 0, 0} (↑d) 1) t)
'Entry005.truncation_simplex_excess_exact' depends on axioms: [propext, Classical.choice.{u}, Quot.sound.{u}]
Entry005.truncation_sum_level_volume_zero {d : ℕ} (hd : LT.lt.{0} 0 d) (r : ℝ) :
  Eq.{1} (MeasureTheory.volume.{0} (Set.ofPred.{0} fun x => Eq.{1} (∑ i, WithLp.ofLp.{0} x i) r)) 0
'Entry005.truncation_sum_level_volume_zero' depends on axioms: [propext, Classical.choice.{u}, Quot.sound.{u}]
Entry005.truncation_top_area_support {d : ℕ} (hd : LT.lt.{0} 0 d) (t : ℝ) (ht0 : LT.lt.{0} 0 t) (ht1 : LT.lt.{0} t 1) :
  Eq.{1}
    (HMul.hMul.{0, 0, 0}
      (Entry005.finiteHalfspaceFacetArea.{0, 0} (Entry005.truncationFacetNormal d) (Entry005.truncationFacetHeight d t)
        (Sum.inr.{0, 0} false))
      (Entry005.truncationFacetHeight d t (Sum.inr.{0, 0} false)))
    (Entry005.truncationFacetScale d)
'Entry005.truncation_top_area_support' depends on axioms: [propext, Classical.choice.{u}, Quot.sound.{u}]
Entry005.truncation_top_area_vector {d : ℕ} (hd : LT.lt.{0} 0 d) (t : ℝ) (ht0 : LT.lt.{0} 0 t) (ht1 : LT.lt.{0} t 1) :
  Eq.{1}
    (HSMul.hSMul.{0, 0, 0}
      (Entry005.finiteHalfspaceFacetArea.{0, 0} (Entry005.truncationFacetNormal d) (Entry005.truncationFacetHeight d t)
        (Sum.inr.{0, 0} false))
      (Entry005.truncationFacetNormal d (Sum.inr.{0, 0} false)))
    (HSMul.hSMul.{0, 0, 0} (Entry005.truncationFacetScale d) (Entry005.truncationDiagonal d))
'Entry005.truncation_top_area_vector' depends on axioms: [propext, Classical.choice.{u}, Quot.sound.{u}]
Entry005.truncation_top_facet {d : ℕ} (hd : LT.lt.{0} 0 d) (t : ℝ) (ht1 : LE.le.{0} t 1) :
  Eq.{1}
    (Entry005.finiteHalfspaceFacet.{0, 0} (Entry005.truncationFacetNormal d) (Entry005.truncationFacetHeight d t)
      (Sum.inr.{0, 0} false))
    (Set.ofPred.{0} fun x => (∀ (i : Fin d), LE.le.{0} 0 (WithLp.ofLp.{0} x i)) ∧ Eq.{1} (∑ i, WithLp.ofLp.{0} x i) 1)
'Entry005.truncation_top_facet' depends on axioms: [propext, Classical.choice.{u}, Quot.sound.{u}]
Entry005.truncation_top_facet_area {d : ℕ} (hd : LT.lt.{0} 0 d) (t : ℝ) (ht0 : LT.lt.{0} 0 t) (ht1 : LT.lt.{0} t 1) :
  Eq.{1}
    (Entry005.finiteHalfspaceFacetArea.{0, 0} (Entry005.truncationFacetNormal d) (Entry005.truncationFacetHeight d t)
      (Sum.inr.{0, 0} false))
    (HDiv.hDiv.{0, 0, 0} √↑d ↑(HSub.hSub.{0, 0, 0} d 1).factorial)
'Entry005.truncation_top_facet_area' depends on axioms: [propext, Classical.choice.{u}, Quot.sound.{u}]
Entry005.truncation_top_facet_cone {d : ℕ} (hd : LT.lt.{0} 0 d) (t : ℝ) (ht1 : LE.le.{0} t 1) :
  Eq.{1}
    (Entry005.finiteHalfspaceFacetCone.{0, 0} (Entry005.truncationFacetNormal d) (Entry005.truncationFacetHeight d t)
      (Sum.inr.{0, 0} false))
    (Entry005.truncationAmbientSimplex d 1)
'Entry005.truncation_top_facet_cone' depends on axioms: [propext, Classical.choice.{u}, Quot.sound.{u}]
Entry005.truncation_tuple_determinant_bound {d : ℕ} {t : ℝ} (ht0 : LT.lt.{0} 0 t) (ht1 : LT.lt.{0} t 1)
  (z : Fin (HAdd.hAdd.{0, 0, 0} d 1) → Entry005.Space d)
  (hz : ∀ (j : Fin (HAdd.hAdd.{0, 0, 0} d 1)), Membership.mem.{0, 0} (Entry005.truncationSet d t) (z j)) :
  LE.le.{0} (abs.{0} (Matrix.det.{0, 0} (Entry005.augmentedVertices z))) (HSub.hSub.{0, 0, 0} 1 t)
'Entry005.truncation_tuple_determinant_bound' depends on axioms: [propext, Classical.choice.{u}, Quot.sound.{u}]
Entry005.truncation_tuple_sum_eq_injection_sum {d m : ℕ} (v : Fin m → Fin d → ℝ) :
  Eq.{1} (Entry005.truncationPackedTupleSum v) (∑ σ, abs.{0} ((Entry005.truncationRowDeterminant d) fun j => v (σ j)))
'Entry005.truncation_tuple_sum_eq_injection_sum' depends on axioms: [propext, Classical.choice.{u}, Quot.sound.{u}]
Entry005.truncation_tuple_sum_smul {d m : ℕ} (v : Fin m → Fin d → ℝ) (c : ℝ) (hc : LE.le.{0} 0 c) :
  Eq.{1} (Entry005.truncationPackedTupleSum fun i => HSMul.hSMul.{0, 0, 0} c (v i))
    (HMul.hMul.{0, 0, 0} (HPow.hPow.{0, 0, 0} c d) (Entry005.truncationPackedTupleSum v))
'Entry005.truncation_tuple_sum_smul' depends on axioms: [propext, Classical.choice.{u}, Quot.sound.{u}]
Entry005.truncation_two_special_injection_sum {n k m : ℕ}
  (f : AlternatingMap.{0, 0, 0, 0} ℝ (Fin n → ℝ) ℝ (Fin (HAdd.hAdd.{0, 0, 0} k 2))) (v w : Fin n → ℝ)
  (g : Fin m → Fin n → ℝ) :
  Eq.{1} (∑ σ, abs.{0} (f fun i => Fin.cons.{1} v (Fin.cons.{1} w g) (σ i)))
    (HAdd.hAdd.{0, 0, 0}
      (HAdd.hAdd.{0, 0, 0}
        (HAdd.hAdd.{0, 0, 0} (∑ σ, abs.{0} (f fun i => g (σ i)))
          (HMul.hMul.{0, 0, 0} (HAdd.hAdd.{0, 0, 0} (↑k) 2) (∑ τ, abs.{0} (f (Fin.cons.{1} w fun i => g (τ i))))))
        (HMul.hMul.{0, 0, 0} (HAdd.hAdd.{0, 0, 0} (↑k) 2) (∑ τ, abs.{0} (f (Fin.cons.{1} v fun i => g (τ i))))))
      (HMul.hMul.{0, 0, 0} (HMul.hMul.{0, 0, 0} (HAdd.hAdd.{0, 0, 0} (↑k) 2) (HAdd.hAdd.{0, 0, 0} (↑k) 1))
        (∑ τ, abs.{0} (f (Fin.cons.{1} v (Fin.cons.{1} w fun i => g (τ i)))))))
'Entry005.truncation_two_special_injection_sum' depends on axioms: [propext, Classical.choice.{u}, Quot.sound.{u}]
Entry005.truncation_union_removed_simplex {d : ℕ} {t : ℝ} (ht : LE.le.{0} t 1) :
  Eq.{1} (Union.union.{0} (Entry005.truncationSet d t) (Entry005.truncationAmbientSimplex d t))
    (Entry005.truncationAmbientSimplex d 1)
'Entry005.truncation_union_removed_simplex' depends on axioms: [propext, Classical.choice.{u}, Quot.sound.{u}]
Entry005.truncation_unit_diagonal_inner (d : ℕ) (x : Entry005.Space d) :
  Eq.{1} (inner.{0, 0} ℝ (Entry005.truncationUnitDiagonal d) x)
    (HMul.hMul.{0, 0, 0} (Inv.inv.{0} √↑d) (∑ i, WithLp.ofLp.{0} x i))
'Entry005.truncation_unit_diagonal_inner' depends on axioms: [propext, Classical.choice.{u}, Quot.sound.{u}]
Entry005.truncation_unit_diagonal_norm {d : ℕ} (hd : LT.lt.{0} 0 d) :
  Eq.{1} (norm.{0} (Entry005.truncationUnitDiagonal d)) 1
'Entry005.truncation_unit_diagonal_norm' depends on axioms: [propext, Classical.choice.{u}, Quot.sound.{u}]
Entry005.truncation_vertex_tuple_determinant_bound {d : ℕ} {t : ℝ} (ht0 : LE.le.{0} 0 t) (ht1 : LE.le.{0} t 1)
  (v : Fin (HAdd.hAdd.{0, 0, 0} d 1) → Sum.{0, 0} (Fin d) (Fin d)) :
  LE.le.{0} (abs.{0} (Matrix.det.{0, 0} (Entry005.augmentedVertices fun j => Entry005.truncationVertices t (v j))))
    (HSub.hSub.{0, 0, 0} 1 t)
'Entry005.truncation_vertex_tuple_determinant_bound' depends on axioms: [propext, Classical.choice.{u}, Quot.sound.{u}]
Entry005.tuple_determinant_eq_zero_of_not_injective.{u_1} {ι : Type u_1} {d : ℕ} (v : ι → Fin d → ℝ) (σ : Fin d → ι)
  (hσ : ¬Function.Injective.{1, u_1 + 1} σ) : Eq.{1} (Matrix.det.{0, 0} (Matrix.of.{0, 0, 0} fun i j => v (σ j) i)) 0
'Entry005.tuple_determinant_eq_zero_of_not_injective' depends on axioms: [propext, Classical.choice.{u}, Quot.sound.{u}]
Entry005.unit_ball_actual_witness_assignment {d : ℕ} (hd : LE.le.{0} 1 d) (ν : MeasureTheory.Measure.{0} (Fin d → ℝ))
  [MeasureTheory.IsProbabilityMeasure.{0} ν]
  (hball : ∀ᵐ (x : Fin d → ℝ) ∂ν, LE.le.{0} (norm.{0} (WithLp.toLp.{0} 2 x)) 1)
  (w : Fin (HAdd.hAdd.{0, 0, 0} d 1) → Fin d → ℝ)
  (hw : ∀ (i : Fin (HAdd.hAdd.{0, 0, 0} d 1)), LE.le.{0} (norm.{0} (WithLp.toLp.{0} 2 (w i))) 1)
  (hdet : Ne.{1} (Matrix.det.{0, 0} (Entry005.anchorMatrix w)) 0) :
  (Measurable.{0, 0} fun x => Entry005.largestCoordinate (Entry005.anchorCoordinates w x)) ∧
    MeasureTheory.Integrable.{0, 0}
        (fun x =>
          norm.{0}
            (HSub.hSub.{0, 0, 0} (WithLp.toLp.{0} 2 x)
              (WithLp.toLp.{0} 2 (w (Entry005.largestCoordinate (Entry005.anchorCoordinates w x))))))
        ν ∧
      LE.le.{0}
        (∫ (x : Fin d → ℝ),
          norm.{0}
            (HSub.hSub.{0, 0, 0} (WithLp.toLp.{0} 2 x)
              (WithLp.toLp.{0} 2 (w (Entry005.largestCoordinate (Entry005.anchorCoordinates w x))))) ∂ν)
        (HMul.hMul.{0, 0, 0}
          (HMul.hMul.{0, 0, 0} 2
            (HDiv.hDiv.{0, 0, 0} (HPow.hPow.{0, 0, 0} 2 d) (abs.{0} (Matrix.det.{0, 0} (Entry005.anchorMatrix w)))))
          (HDiv.hDiv.{0, 0, 0} (∫ (x : Fin d → ℝ), Entry005.determinantAssignmentWitness w x ∂ν)
            (abs.{0} (Matrix.det.{0, 0} (Entry005.anchorMatrix w)))))
'Entry005.unit_ball_actual_witness_assignment' depends on axioms: [propext, Classical.choice.{u}, Quot.sound.{u}]
Entry005.unit_ball_anchor_coordinate_bound {d : ℕ} (hd : LE.le.{0} 1 d) (w : Fin (HAdd.hAdd.{0, 0, 0} d 1) → Fin d → ℝ)
  (hw : ∀ (i : Fin (HAdd.hAdd.{0, 0, 0} d 1)), LE.le.{0} (norm.{0} (WithLp.toLp.{0} 2 (w i))) 1)
  (hdet : Ne.{1} (Matrix.det.{0, 0} (Entry005.anchorMatrix w)) 0) (x : Fin d → ℝ)
  (hx : LE.le.{0} (norm.{0} (WithLp.toLp.{0} 2 x)) 1) (i : Fin (HAdd.hAdd.{0, 0, 0} d 1)) :
  LE.le.{0} (abs.{0} (Entry005.anchorCoordinates w x i))
    (HDiv.hDiv.{0, 0, 0} (HPow.hPow.{0, 0, 0} 2 d) (abs.{0} (Matrix.det.{0, 0} (Entry005.anchorMatrix w))))
'Entry005.unit_ball_anchor_coordinate_bound' depends on axioms: [propext, Classical.choice.{u}, Quot.sound.{u}]
Entry005.unit_ball_anchor_determinant {d : ℕ} (hd : LE.le.{0} 1 d) (w : Fin (HAdd.hAdd.{0, 0, 0} d 1) → Fin d → ℝ)
  (hw : ∀ (i : Fin (HAdd.hAdd.{0, 0, 0} d 1)), LE.le.{0} (norm.{0} (WithLp.toLp.{0} 2 (w i))) 1) :
  LE.le.{0} (abs.{0} (Matrix.det.{0, 0} (Entry005.anchorMatrix w))) (HPow.hPow.{0, 0, 0} 2 d)
'Entry005.unit_ball_anchor_determinant' depends on axioms: [propext, Classical.choice.{u}, Quot.sound.{u}]
Entry005.unit_ball_clipped_actual_witness_assignment {d : ℕ} (ν : MeasureTheory.Measure.{0} (Fin d → ℝ))
  [MeasureTheory.IsProbabilityMeasure.{0} ν]
  (hball : ∀ᵐ (x : Fin d → ℝ) ∂ν, LE.le.{0} (norm.{0} (WithLp.toLp.{0} 2 x)) 1)
  (w : Fin (HAdd.hAdd.{0, 0, 0} d 1) → Fin d → ℝ)
  (hw : ∀ (i : Fin (HAdd.hAdd.{0, 0, 0} d 1)), LE.le.{0} (norm.{0} (WithLp.toLp.{0} 2 (w i))) 1)
  (hdet : Ne.{1} (Matrix.det.{0, 0} (Entry005.anchorMatrix w)) 0) :
  (Measurable.{0, 0} fun x => Entry005.largestCoordinate (Entry005.anchorCoordinates w x)) ∧
    MeasureTheory.Integrable.{0, 0}
        (fun x =>
          norm.{0}
            (HSub.hSub.{0, 0, 0} (WithLp.toLp.{0} 2 x)
              (WithLp.toLp.{0} 2 (w (Entry005.largestCoordinate (Entry005.anchorCoordinates w x))))))
        ν ∧
      LE.le.{0}
        (∫ (x : Fin d → ℝ),
          norm.{0}
            (HSub.hSub.{0, 0, 0} (WithLp.toLp.{0} 2 x)
              (WithLp.toLp.{0} 2 (w (Entry005.largestCoordinate (Entry005.anchorCoordinates w x))))) ∂ν)
        (HMul.hMul.{0, 0, 0} 2
          (HDiv.hDiv.{0, 0, 0} (∫ (x : Fin d → ℝ), Entry005.determinantAssignmentWitness w x ∂ν)
            (abs.{0} (Matrix.det.{0, 0} (Entry005.anchorMatrix w)))))
'Entry005.unit_ball_clipped_actual_witness_assignment' depends on axioms: [propext,
 Classical.choice.{u},
 Quot.sound.{u}]
Entry005.unit_ball_clipped_assignment_error.{u_1} {n : ℕ} {E : Type u_1} [NormedAddCommGroup.{u_1} E]
  [NormedSpace.{0, u_1} ℝ E] {w : Fin (HAdd.hAdd.{0, 0, 0} n 1) → E} {x : E} {a : Fin (HAdd.hAdd.{0, 0, 0} n 1) → ℝ}
  (hw : ∀ (i : Fin (HAdd.hAdd.{0, 0, 0} n 1)), LE.le.{0} (norm.{u_1} (w i)) 1) (hball : LE.le.{0} (norm.{u_1} x) 1)
  (hsum : Eq.{1} (∑ i, a i) 1) (hx : Eq.{u_1 + 1} (∑ i, HSMul.hSMul.{0, u_1, u_1} (a i) (w i)) x) :
  LE.le.{0} (norm.{u_1} (HSub.hSub.{u_1, u_1, u_1} x (w (Entry005.largestCoordinate a))))
    (HMul.hMul.{0, 0, 0} 2 (Entry005.assignmentCost a))
'Entry005.unit_ball_clipped_assignment_error' depends on axioms: [propext, Classical.choice.{u}, Quot.sound.{u}]
Entry005.unit_ball_coordinate_integrable {d : ℕ} (ν : MeasureTheory.Measure.{0} (Fin d → ℝ))
  [MeasureTheory.IsProbabilityMeasure.{0} ν]
  (hball : ∀ᵐ (x : Fin d → ℝ) ∂ν, LE.le.{0} (norm.{0} (WithLp.toLp.{0} 2 x)) 1) (i : Fin d) :
  MeasureTheory.Integrable.{0, 0} (fun x => x i) ν
'Entry005.unit_ball_coordinate_integrable' depends on axioms: [propext, Classical.choice.{u}, Quot.sound.{u}]
Entry005.unit_ball_coordinate_product_integrable {d : ℕ} (ν : MeasureTheory.Measure.{0} (Fin d → ℝ))
  [MeasureTheory.IsProbabilityMeasure.{0} ν]
  (hball : ∀ᵐ (x : Fin d → ℝ) ∂ν, LE.le.{0} (norm.{0} (WithLp.toLp.{0} 2 x)) 1) (i j : Fin d) :
  MeasureTheory.Integrable.{0, 0} (fun x => HMul.hMul.{0, 0, 0} (x i) (x j)) ν
'Entry005.unit_ball_coordinate_product_integrable' depends on axioms: [propext, Classical.choice.{u}, Quot.sound.{u}]
Entry005.unit_ball_cube.{u_1} {E : Type u_1} [NormedAddCommGroup.{u_1} E] [InnerProductSpace.{0, u_1} ℝ E]
  [FiniteDimensional.{0, u_1} ℝ E] [MeasurableSpace.{u_1} E] [BorelSpace.{u_1} E]
  (hm : LE.le.{0} 1 (Module.finrank.{0, u_1} ℝ E)) :
  LE.le.{0}
    (ENNReal.ofReal
      (HPow.hPow.{0, 0, 0} (HDiv.hDiv.{0, 0, 0} 2 ↑(Module.finrank.{0, u_1} ℝ E)) (Module.finrank.{0, u_1} ℝ E)))
    (MeasureTheory.volume.{u_1} (Metric.closedBall.{u_1} 0 1))
'Entry005.unit_ball_cube' depends on axioms: [propext, Classical.choice.{u}, Quot.sound.{u}]
Entry005.unit_ball_determinant_law_defect_nonneg {d : ℕ} (ν : MeasureTheory.Measure.{0} (Fin d → ℝ))
  [MeasureTheory.IsProbabilityMeasure.{0} ν]
  (hball : ∀ᵐ (x : Fin d → ℝ) ∂ν, LE.le.{0} (norm.{0} (WithLp.toLp.{0} 2 x)) 1)
  (hcenter : ∀ (i : Fin d), Eq.{1} (∫ (x : Fin d → ℝ), x i ∂ν) 0) :
  LE.le.{0} 0 (Entry005.determinantLawDefect.{0, 0} (Entry005.iidLaw.{0} ν d) ν id.{1} id.{1})
'Entry005.unit_ball_determinant_law_defect_nonneg' depends on axioms: [propext, Classical.choice.{u}, Quot.sound.{u}]
Entry005.unit_ball_first_moment_assignment {d : ℕ} (ν : MeasureTheory.Measure.{0} (Fin d → ℝ))
  [MeasureTheory.IsProbabilityMeasure.{0} ν]
  (hball : ∀ᵐ (x : Fin d → ℝ) ∂ν, LE.le.{0} (norm.{0} (WithLp.toLp.{0} 2 x)) 1)
  (hcenter : ∀ (i : Fin d), Eq.{1} (∫ (x : Fin d → ℝ), x i ∂ν) 0)
  (hB :
    LT.lt.{0} 0
      (∫ (w : Fin (HAdd.hAdd.{0, 0, 0} d 1) → Fin d → ℝ),
        abs.{0} (Matrix.det.{0, 0} (Entry005.anchorMatrix w)) ∂Entry005.iidLaw.{0} ν (HAdd.hAdd.{0, 0, 0} d 1))) :
  ∃ w,
    ∃ (_ : Ne.{1} (Matrix.det.{0, 0} (Entry005.anchorMatrix w)) 0),
      (∀ (i : Fin (HAdd.hAdd.{0, 0, 0} d 1)),
          Membership.mem.{0, 0} (MeasureTheory.Measure.support.{0} ν) (w i) ∧
            LE.le.{0} (norm.{0} (WithLp.toLp.{0} 2 (w i))) 1) ∧
        (AffineIndependent.{0, 0, 0, 0} ℝ fun i => WithLp.toLp.{0} 2 (w i)) ∧
          (Measurable.{0, 0} fun x => Entry005.largestCoordinate (Entry005.anchorCoordinates w x)) ∧
            MeasureTheory.Integrable.{0, 0}
                (fun x =>
                  norm.{0}
                    (HSub.hSub.{0, 0, 0} (WithLp.toLp.{0} 2 x)
                      (WithLp.toLp.{0} 2 (w (Entry005.largestCoordinate (Entry005.anchorCoordinates w x))))))
                ν ∧
              LE.le.{0}
                (∫ (x : Fin d → ℝ),
                  norm.{0}
                    (HSub.hSub.{0, 0, 0} (WithLp.toLp.{0} 2 x)
                      (WithLp.toLp.{0} 2 (w (Entry005.largestCoordinate (Entry005.anchorCoordinates w x))))) ∂ν)
                (HDiv.hDiv.{0, 0, 0}
                  (HMul.hMul.{0, 0, 0} (HMul.hMul.{0, 0, 0} (HAdd.hAdd.{0, 0, 0} (↑d) 1) (HAdd.hAdd.{0, 0, 0} (↑d) 2))
                    (Entry005.determinantLawDefect.{0, 0} (Entry005.iidLaw.{0} ν d) ν id.{1} id.{1}))
                  (∫ (v : Fin (HAdd.hAdd.{0, 0, 0} d 1) → Fin d → ℝ),
                    abs.{0}
                      (Matrix.det.{0, 0} (Entry005.anchorMatrix v)) ∂Entry005.iidLaw.{0} ν (HAdd.hAdd.{0, 0, 0} d 1)))
'Entry005.unit_ball_first_moment_assignment' depends on axioms: [propext, Classical.choice.{u}, Quot.sound.{u}]
Entry005.unit_ball_iid_determinant_bound {d : ℕ} (hd : LE.le.{0} 1 d) (ν : MeasureTheory.Measure.{0} (Fin d → ℝ))
  [MeasureTheory.IsProbabilityMeasure.{0} ν]
  (hball : ∀ᵐ (x : Fin d → ℝ) ∂ν, LE.le.{0} (norm.{0} (WithLp.toLp.{0} 2 x)) 1) :
  ∀ᵐ (w : Fin (HAdd.hAdd.{0, 0, 0} d 1) → Fin d → ℝ) ∂Entry005.iidLaw.{0} ν (HAdd.hAdd.{0, 0, 0} d 1),
    LE.le.{0} (abs.{0} (Entry005.liftedDeterminant (fun i => w i.succ) (w 0))) (HPow.hPow.{0, 0, 0} 2 d)
'Entry005.unit_ball_iid_determinant_bound' depends on axioms: [propext, Classical.choice.{u}, Quot.sound.{u}]
Entry005.unit_ball_measure_exists_subsequence {d : ℕ} (ν : ℕ → MeasureTheory.Measure.{0} (Fin d → ℝ))
  (hprob : ∀ (k : ℕ), MeasureTheory.IsProbabilityMeasure.{0} (ν k))
  (hball : ∀ (k : ℕ), ∀ᵐ (x : Fin d → ℝ) ∂ν k, LE.le.{0} (norm.{0} (WithLp.toLp.{0} 2 x)) 1) :
  ∃ μ,
    (∀ᵐ (x : Fin d → ℝ) ∂↑μ, LE.le.{0} (norm.{0} (WithLp.toLp.{0} 2 x)) 1) ∧
      ∃ φ,
        StrictMono.{0, 0} φ ∧
          Filter.Tendsto.{0, 0} (fun k => Entry005.rawProbabilityLaw (ν (φ k)) ⋯) Filter.atTop.{0} (nhds.{0} μ) ∧
            ∀ (f : (Fin d → ℝ) → ℝ),
              Continuous.{0, 0} f →
                Filter.Tendsto.{0, 0} (fun k => ∫ (x : Fin d → ℝ), f x ∂ν (φ k)) Filter.atTop.{0}
                  (nhds.{0} (∫ (x : Fin d → ℝ), f x ∂↑μ))
'Entry005.unit_ball_measure_exists_subsequence' depends on axioms: [propext, Classical.choice.{u}, Quot.sound.{u}]
Entry005.unit_ball_replacement_determinant {d : ℕ} (hd : LE.le.{0} 1 d) (w : Fin (HAdd.hAdd.{0, 0, 0} d 1) → Fin d → ℝ)
  (hw : ∀ (i : Fin (HAdd.hAdd.{0, 0, 0} d 1)), LE.le.{0} (norm.{0} (WithLp.toLp.{0} 2 (w i))) 1) (x : Fin d → ℝ)
  (hx : LE.le.{0} (norm.{0} (WithLp.toLp.{0} 2 x)) 1) (i : Fin (HAdd.hAdd.{0, 0, 0} d 1)) :
  LE.le.{0} (abs.{0} (Entry005.replacementDeterminant w x i)) (HPow.hPow.{0, 0, 0} 2 d)
'Entry005.unit_ball_replacement_determinant' depends on axioms: [propext, Classical.choice.{u}, Quot.sound.{u}]
Entry005.unit_ball_round_actual_assignment {d : ℕ} (hd : LE.le.{0} 1 d) (ν : MeasureTheory.Measure.{0} (Fin d → ℝ))
  [MeasureTheory.IsProbabilityMeasure.{0} ν]
  (hball : ∀ᵐ (x : Fin d → ℝ) ∂ν, LE.le.{0} (norm.{0} (WithLp.toLp.{0} 2 x)) 1)
  (hcenter : ∀ (i : Fin d), Eq.{1} (∫ (x : Fin d → ℝ), x i ∂ν) 0) {β : ℝ} (hβ : LT.lt.{0} 0 β)
  (hround :
    ∀ (u : EuclideanSpace.{0, 0} ℝ (Fin d)),
      Eq.{1} (norm.{0} u) 1 →
        LE.le.{0} (HMul.hMul.{0, 0, 0} 2 β)
          (Entry005.negativeIntegral.{0} ν fun x => dotProduct.{0, 0} (WithLp.ofLp.{0} u) x)) :
  ∃ w,
    (∀ (i : Fin (HAdd.hAdd.{0, 0, 0} d 1)),
        Membership.mem.{0, 0} (MeasureTheory.Measure.support.{0} ν) (w i) ∧
          LE.le.{0} (norm.{0} (WithLp.toLp.{0} 2 (w i))) 1) ∧
      LE.le.{0} (HPow.hPow.{0, 0, 0} β d) (abs.{0} (Matrix.det.{0, 0} (Entry005.anchorMatrix w))) ∧
        (Measurable.{0, 0} fun x => Entry005.largestCoordinate (Entry005.anchorCoordinates w x)) ∧
          MeasureTheory.Integrable.{0, 0}
              (fun x =>
                norm.{0}
                  (HSub.hSub.{0, 0, 0} (WithLp.toLp.{0} 2 x)
                    (WithLp.toLp.{0} 2 (w (Entry005.largestCoordinate (Entry005.anchorCoordinates w x))))))
              ν ∧
            LE.le.{0}
              (∫ (x : Fin d → ℝ),
                norm.{0}
                  (HSub.hSub.{0, 0, 0} (WithLp.toLp.{0} 2 x)
                    (WithLp.toLp.{0} 2 (w (Entry005.largestCoordinate (Entry005.anchorCoordinates w x))))) ∂ν)
              (HMul.hMul.{0, 0, 0}
                (HDiv.hDiv.{0, 0, 0}
                  (HMul.hMul.{0, 0, 0} (HMul.hMul.{0, 0, 0} (HAdd.hAdd.{0, 0, 0} (↑d) 1) (HAdd.hAdd.{0, 0, 0} (↑d) 2))
                    (HPow.hPow.{0, 0, 0} 8 d))
                  (HPow.hPow.{0, 0, 0} β (HMul.hMul.{0, 0, 0} 4 d)))
                (Entry005.determinantLawDefect.{0, 0} (Entry005.iidLaw.{0} ν d) ν id.{1} id.{1}))
'Entry005.unit_ball_round_actual_assignment' depends on axioms: [propext, Classical.choice.{u}, Quot.sound.{u}]
Entry005.unit_ball_round_affine_first_moment_pos {d : ℕ} (hd : LE.le.{0} 1 d)
  (ν : MeasureTheory.Measure.{0} (Fin d → ℝ)) [MeasureTheory.IsProbabilityMeasure.{0} ν]
  (hball : ∀ᵐ (x : Fin d → ℝ) ∂ν, LE.le.{0} (norm.{0} (WithLp.toLp.{0} 2 x)) 1)
  (hcenter : ∀ (i : Fin d), Eq.{1} (∫ (x : Fin d → ℝ), x i ∂ν) 0) {β : ℝ} (hβ : LT.lt.{0} 0 β)
  (hround :
    ∀ (u : Entry005.Space d),
      Eq.{1} (norm.{0} u) 1 →
        LE.le.{0} (HMul.hMul.{0, 0, 0} 2 β)
          (Entry005.negativeIntegral.{0} ν fun x => dotProduct.{0, 0} (WithLp.ofLp.{0} u) x)) :
  LT.lt.{0} 0
    (∫ (w : Fin (HAdd.hAdd.{0, 0, 0} d 1) → Fin d → ℝ),
      abs.{0} (Matrix.det.{0, 0} (Entry005.anchorMatrix w)) ∂Entry005.iidLaw.{0} ν (HAdd.hAdd.{0, 0, 0} d 1))
'Entry005.unit_ball_round_affine_first_moment_pos' depends on axioms: [propext, Classical.choice.{u}, Quot.sound.{u}]
Entry005.unit_ball_round_witness_anchor.{u_1} {d : ℕ} (hd : LE.le.{0} 1 d) {ι : Type u_1} [Fintype.{u_1} ι]
  (ν : MeasureTheory.Measure.{0} (Fin d → ℝ)) [MeasureTheory.IsProbabilityMeasure.{0} ν]
  (hball : ∀ᵐ (x : Fin d → ℝ) ∂ν, LE.le.{0} (norm.{0} (WithLp.toLp.{0} 2 x)) 1)
  (hcenter : ∀ (i : Fin d), Eq.{1} (∫ (x : Fin d → ℝ), x i ∂ν) 0) {b : ℝ} (hb : LT.lt.{0} 0 b)
  (hround :
    ∀ (u : EuclideanSpace.{0, 0} ℝ (Fin d)),
      Eq.{1} (norm.{0} u) 1 →
        LE.le.{0} (HMul.hMul.{0, 0, 0} 2 b)
          (Entry005.negativeIntegral.{0} ν fun x => dotProduct.{0, 0} (WithLp.ofLp.{0} u) x))
  (p : ι → Equiv.Perm.{1} (Fin (HAdd.hAdd.{0, 0, 0} d 2))) :
  ∃ w,
    (∀ (i : Fin (HAdd.hAdd.{0, 0, 0} d 1)),
        Membership.mem.{0, 0} (MeasureTheory.Measure.support.{0} ν) (w i) ∧
          LE.le.{0} (norm.{0} (WithLp.toLp.{0} 2 (w i))) 1) ∧
      LE.le.{0} (HPow.hPow.{0, 0, 0} b d) (abs.{0} (Entry005.liftedDeterminant (fun i => w i.succ) (w 0))) ∧
        LE.le.{0}
          (Entry005.transportedWitnessSum.{0, 0, 0, u_1} ν (fun base x => Entry005.liftedDeterminant base x)
            (fun i => Entry005.iidWitnessTransport.{0} d (p i)) w)
          (HDiv.hDiv.{0, 0, 0}
            (HMul.hMul.{0, 0, 0}
              (HMul.hMul.{0, 0, 0} (↑(Fintype.card.{u_1} ι))
                (Entry005.determinantLawDefect.{0, 0} (Entry005.iidLaw.{0} ν d) ν id.{1} id.{1}))
              (HPow.hPow.{0, 0, 0} 4 d))
            (HPow.hPow.{0, 0, 0} (HPow.hPow.{0, 0, 0} b d) 2))
'Entry005.unit_ball_round_witness_anchor' depends on axioms: [propext, Classical.choice.{u}, Quot.sound.{u}]
Entry005.unit_ball_spanning_first_moment_assignment {d : ℕ} (ν : MeasureTheory.Measure.{0} (Fin d → ℝ))
  [MeasureTheory.IsProbabilityMeasure.{0} ν]
  (hball : ∀ᵐ (x : Fin d → ℝ) ∂ν, LE.le.{0} (norm.{0} (WithLp.toLp.{0} 2 x)) 1)
  (hcenter : ∀ (i : Fin d), Eq.{1} (∫ (x : Fin d → ℝ), x i ∂ν) 0)
  (hspan :
    Eq.{1} (affineSpan.{0, 0, 0} ℝ (Set.image.{0, 0} (WithLp.toLp.{0} 2) (MeasureTheory.Measure.support.{0} ν)))
      Top.top.{0}) :
  ∃ w,
    (∀ (i : Fin (HAdd.hAdd.{0, 0, 0} d 1)),
        Membership.mem.{0, 0} (MeasureTheory.Measure.support.{0} ν) (w i) ∧
          LE.le.{0} (norm.{0} (WithLp.toLp.{0} 2 (w i))) 1) ∧
      (AffineIndependent.{0, 0, 0, 0} ℝ fun i => WithLp.toLp.{0} 2 (w i)) ∧
        (Measurable.{0, 0} fun x => Entry005.largestCoordinate (Entry005.anchorCoordinates w x)) ∧
          MeasureTheory.Integrable.{0, 0}
              (fun x =>
                norm.{0}
                  (HSub.hSub.{0, 0, 0} (WithLp.toLp.{0} 2 x)
                    (WithLp.toLp.{0} 2 (w (Entry005.largestCoordinate (Entry005.anchorCoordinates w x))))))
              ν ∧
            LE.le.{0}
              (∫ (x : Fin d → ℝ),
                norm.{0}
                  (HSub.hSub.{0, 0, 0} (WithLp.toLp.{0} 2 x)
                    (WithLp.toLp.{0} 2 (w (Entry005.largestCoordinate (Entry005.anchorCoordinates w x))))) ∂ν)
              (HDiv.hDiv.{0, 0, 0}
                (HMul.hMul.{0, 0, 0} (HMul.hMul.{0, 0, 0} (HAdd.hAdd.{0, 0, 0} (↑d) 1) (HAdd.hAdd.{0, 0, 0} (↑d) 2))
                  (Entry005.determinantLawDefect.{0, 0} (Entry005.iidLaw.{0} ν d) ν id.{1} id.{1}))
                (∫ (v : Fin (HAdd.hAdd.{0, 0, 0} d 1) → Fin d → ℝ),
                  abs.{0}
                    (Matrix.det.{0, 0} (Entry005.anchorMatrix v)) ∂Entry005.iidLaw.{0} ν (HAdd.hAdd.{0, 0, 0} d 1)))
'Entry005.unit_ball_spanning_first_moment_assignment' depends on axioms: [propext, Classical.choice.{u}, Quot.sound.{u}]
Entry005.unit_ball_sqrt_cube.{u_1} {E : Type u_1} [NormedAddCommGroup.{u_1} E] [InnerProductSpace.{0, u_1} ℝ E]
  [FiniteDimensional.{0, u_1} ℝ E] [MeasurableSpace.{u_1} E] [BorelSpace.{u_1} E]
  (hm : LE.le.{0} 1 (Module.finrank.{0, u_1} ℝ E)) :
  LE.le.{0}
    (ENNReal.ofReal
      (HPow.hPow.{0, 0, 0} (HDiv.hDiv.{0, 0, 0} 2 √↑(Module.finrank.{0, u_1} ℝ E)) (Module.finrank.{0, u_1} ℝ E)))
    (MeasureTheory.volume.{u_1} (Metric.closedBall.{u_1} 0 1))
'Entry005.unit_ball_sqrt_cube' depends on axioms: [propext, Classical.choice.{u}, Quot.sound.{u}]
Entry005.unit_ball_support_bound {d : ℕ} (ν : MeasureTheory.Measure.{0} (Fin d → ℝ))
  (hball : ∀ᵐ (x : Fin d → ℝ) ∂ν, LE.le.{0} (norm.{0} (WithLp.toLp.{0} 2 x)) 1) (x : Fin d → ℝ) :
  Membership.mem.{0, 0} (MeasureTheory.Measure.support.{0} ν) x → LE.le.{0} (norm.{0} (WithLp.toLp.{0} 2 x)) 1
'Entry005.unit_ball_support_bound' depends on axioms: [propext, Classical.choice.{u}, Quot.sound.{u}]
Entry005.unit_ball_volume_weighted_paper_witness_anchor {d : ℕ} (ν : MeasureTheory.Measure.{0} (Fin d → ℝ))
  [MeasureTheory.IsProbabilityMeasure.{0} ν]
  (hball : ∀ᵐ (x : Fin d → ℝ) ∂ν, LE.le.{0} (norm.{0} (WithLp.toLp.{0} 2 x)) 1)
  (hcenter : ∀ (i : Fin d), Eq.{1} (∫ (x : Fin d → ℝ), x i ∂ν) 0)
  (hB :
    LT.lt.{0} 0
      (∫ (w : Fin (HAdd.hAdd.{0, 0, 0} d 1) → Fin d → ℝ),
        abs.{0} (Matrix.det.{0, 0} (Entry005.anchorMatrix w)) ∂Entry005.iidLaw.{0} ν (HAdd.hAdd.{0, 0, 0} d 1))) :
  ∃ w,
    (∀ (i : Fin (HAdd.hAdd.{0, 0, 0} d 1)),
        Membership.mem.{0, 0} (MeasureTheory.Measure.support.{0} ν) (w i) ∧
          LE.le.{0} (norm.{0} (WithLp.toLp.{0} 2 (w i))) 1) ∧
      LT.lt.{0} 0 (abs.{0} (Matrix.det.{0, 0} (Entry005.anchorMatrix w))) ∧
        LE.le.{0}
          (HDiv.hDiv.{0, 0, 0} (∫ (x : Fin d → ℝ), Entry005.determinantAssignmentWitness w x ∂ν)
            (abs.{0} (Matrix.det.{0, 0} (Entry005.anchorMatrix w))))
          (HDiv.hDiv.{0, 0, 0}
            (HMul.hMul.{0, 0, 0}
              (HDiv.hDiv.{0, 0, 0} (HMul.hMul.{0, 0, 0} (HAdd.hAdd.{0, 0, 0} (↑d) 1) (HAdd.hAdd.{0, 0, 0} (↑d) 2)) 2)
              (Entry005.determinantLawDefect.{0, 0} (Entry005.iidLaw.{0} ν d) ν id.{1} id.{1}))
            (∫ (v : Fin (HAdd.hAdd.{0, 0, 0} d 1) → Fin d → ℝ),
              abs.{0} (Matrix.det.{0, 0} (Entry005.anchorMatrix v)) ∂Entry005.iidLaw.{0} ν (HAdd.hAdd.{0, 0, 0} d 1)))
'Entry005.unit_ball_volume_weighted_paper_witness_anchor' depends on axioms: [propext,
 Classical.choice.{u},
 Quot.sound.{u}]
Entry005.unit_hyperplane_ball_volume {d : ℕ} [Nontrivial.{0} (Entry005.Space d)] (u : Entry005.Space d)
  (hu : Eq.{1} (norm.{0} u) 1) :
  Eq.{1} (MeasureTheory.volume.{0} (Metric.closedBall.{0} 0 1)) (MeasureTheory.volume.{0} (Metric.closedBall.{0} 0 1))
'Entry005.unit_hyperplane_ball_volume' depends on axioms: [propext, Classical.choice.{u}, Quot.sound.{u}]
Entry005.unit_normal_coordinates_affine.{u_1} {E : Type u_1} [NormedAddCommGroup.{u_1} E]
  [InnerProductSpace.{0, u_1} ℝ E] (u : E) (hu : Eq.{1} (norm.{u_1} u) 1) (h : ℝ)
  (z : ↥(Submodule.orthogonal.{0, u_1} (Submodule.span.{0, u_1} ℝ (singleton.{u_1, u_1} u)))) :
  Eq.{u_1 + 1}
    ((Entry005.unitNormalCoordinates.{u_1} u hu) (HAdd.hAdd.{u_1, u_1, u_1} (HSMul.hSMul.{0, u_1, u_1} h u) ↑z))
    (Prod.mk.{u_1, 0} z h)
'Entry005.unit_normal_coordinates_affine' depends on axioms: [propext, Classical.choice.{u}, Quot.sound.{u}]
Entry005.unit_normal_coordinates_extrusion.{u_1} {E : Type u_1} [NormedAddCommGroup.{u_1} E]
  [InnerProductSpace.{0, u_1} ℝ E] (K : Set.{u_1} E) (u : E) (hu : Eq.{1} (norm.{u_1} u) 1) (τ : ℝ) :
  Eq.{u_1 + 1}
    (Set.image.{u_1, u_1} (⇑(Entry005.unitNormalCoordinates.{u_1} u hu)) (Entry005.segmentExtrusion.{u_1} K u τ))
    (Entry005.verticalExtrusion.{u_1} (Set.image.{u_1, u_1} (⇑(Entry005.unitNormalCoordinates.{u_1} u hu)) K) τ)
'Entry005.unit_normal_coordinates_extrusion' depends on axioms: [propext, Classical.choice.{u}, Quot.sound.{u}]
Entry005.unit_normal_coordinates_fst.{u_1} {E : Type u_1} [NormedAddCommGroup.{u_1} E] [InnerProductSpace.{0, u_1} ℝ E]
  (u : E) (hu : Eq.{1} (norm.{u_1} u) 1) (x : E) :
  Eq.{u_1 + 1} ((Entry005.unitNormalCoordinates.{u_1} u hu) x).1
    ((Submodule.orthogonalProjectionOnto.{0, u_1}
        (Submodule.orthogonal.{0, u_1} (Submodule.span.{0, u_1} ℝ (singleton.{u_1, u_1} u))))
      x)
'Entry005.unit_normal_coordinates_fst' depends on axioms: [propext, Classical.choice.{u}, Quot.sound.{u}]
Entry005.unit_normal_coordinates_measurePreserving.{u_1} {E : Type u_1} [NormedAddCommGroup.{u_1} E]
  [InnerProductSpace.{0, u_1} ℝ E] [FiniteDimensional.{0, u_1} ℝ E] [MeasurableSpace.{u_1} E] [BorelSpace.{u_1} E]
  (u : E) (hu : Eq.{1} (norm.{u_1} u) 1) :
  MeasureTheory.MeasurePreserving.{u_1, u_1} (⇑(Entry005.unitNormalCoordinates.{u_1} u hu)) MeasureTheory.volume.{u_1}
    (MeasureTheory.Measure.prod.{u_1, 0} MeasureTheory.volume.{u_1} MeasureTheory.volume.{0})
'Entry005.unit_normal_coordinates_measurePreserving' depends on axioms: [propext, Classical.choice.{u}, Quot.sound.{u}]
Entry005.unit_normal_coordinates_orthogonal.{u_1} {E : Type u_1} [NormedAddCommGroup.{u_1} E]
  [InnerProductSpace.{0, u_1} ℝ E] (u : E) (hu : Eq.{1} (norm.{u_1} u) 1)
  (z : ↥(Submodule.orthogonal.{0, u_1} (Submodule.span.{0, u_1} ℝ (singleton.{u_1, u_1} u)))) :
  Eq.{u_1 + 1} ((Entry005.unitNormalCoordinates.{u_1} u hu) ↑z) (Prod.mk.{u_1, 0} z 0)
'Entry005.unit_normal_coordinates_orthogonal' depends on axioms: [propext, Classical.choice.{u}, Quot.sound.{u}]
Entry005.unit_normal_coordinates_self.{u_1} {E : Type u_1} [NormedAddCommGroup.{u_1} E] [InnerProductSpace.{0, u_1} ℝ E]
  (u : E) (hu : Eq.{1} (norm.{u_1} u) 1) :
  Eq.{u_1 + 1} ((Entry005.unitNormalCoordinates.{u_1} u hu) u) (Prod.mk.{u_1, 0} 0 1)
'Entry005.unit_normal_coordinates_self' depends on axioms: [propext, Classical.choice.{u}, Quot.sound.{u}]
Entry005.unit_normal_coordinates_volume.{u_1} {E : Type u_1} [NormedAddCommGroup.{u_1} E]
  [InnerProductSpace.{0, u_1} ℝ E] [FiniteDimensional.{0, u_1} ℝ E] [MeasurableSpace.{u_1} E] [BorelSpace.{u_1} E]
  (u : E) (hu : Eq.{1} (norm.{u_1} u) 1) {K : Set.{u_1} E} (hK : IsCompact.{u_1} K) :
  Eq.{1} (MeasureTheory.volume.{u_1} K)
    ((MeasureTheory.Measure.prod.{u_1, 0} MeasureTheory.volume.{u_1} MeasureTheory.volume.{0})
      (Set.image.{u_1, u_1} (⇑(Entry005.unitNormalCoordinates.{u_1} u hu)) K))
'Entry005.unit_normal_coordinates_volume' depends on axioms: [propext, Classical.choice.{u}, Quot.sound.{u}]
Entry005.unit_normal_hyperplane_finrank_add_one.{u_1} {E : Type u_1} [NormedAddCommGroup.{u_1} E]
  [InnerProductSpace.{0, u_1} ℝ E] [FiniteDimensional.{0, u_1} ℝ E] (u : E) (hu : Eq.{1} (norm.{u_1} u) 1) :
  Eq.{1}
    (HAdd.hAdd.{0, 0, 0}
      (Module.finrank.{0, u_1} ℝ ↥(Submodule.orthogonal.{0, u_1} (Submodule.span.{0, u_1} ℝ (singleton.{u_1, u_1} u))))
      1)
    (Module.finrank.{0, u_1} ℝ E)
'Entry005.unit_normal_hyperplane_finrank_add_one' depends on axioms: [propext, Classical.choice.{u}, Quot.sound.{u}]
Entry005.unit_normal_projection_decomposition.{u_2} {E : Type u_2} [NormedAddCommGroup.{u_2} E]
  [InnerProductSpace.{0, u_2} ℝ E] (u x : E) (hu : Eq.{1} (norm.{u_2} u) 1) :
  Eq.{u_2 + 1} x
    (HAdd.hAdd.{u_2, u_2, u_2}
      (↑((Submodule.orthogonalProjectionOnto.{0, u_2}
            (Submodule.orthogonal.{0, u_2} (Submodule.span.{0, u_2} ℝ (singleton.{u_2, u_2} u))))
          x))
      (HSMul.hSMul.{0, u_2, u_2} (inner.{0, u_2} ℝ u x) u))
'Entry005.unit_normal_projection_decomposition' depends on axioms: [propext, Classical.choice.{u}, Quot.sound.{u}]
Entry005.unit_projection_ball_volume_pos {d : ℕ} : LT.lt.{0} 0 (Entry005.unitProjectionBallVolume d)
'Entry005.unit_projection_ball_volume_pos' depends on axioms: [propext, Classical.choice.{u}, Quot.sound.{u}]
Entry005.upper_facets_same_fiber_eq.{u_1, u_2} {ι : Type u_1} {E : Type u_2} [NormedAddCommGroup.{u_2} E]
  [InnerProductSpace.{0, u_2} ℝ E] (n : ι → E) (h : ι → ℝ) (i j : ι) (u : E) (hu : Eq.{1} (norm.{u_2} u) 1)
  (hi : LT.lt.{0} 0 (inner.{0, u_2} ℝ (n i) u)) (hj : LT.lt.{0} 0 (inner.{0, u_2} ℝ (n j) u)) (x y : E)
  (hx : Membership.mem.{u_2, u_2} (Entry005.finiteHalfspaceFacet.{u_1, u_2} n h i) x)
  (hy : Membership.mem.{u_2, u_2} (Entry005.finiteHalfspaceFacet.{u_1, u_2} n h j) y)
  (hp :
    Eq.{u_2 + 1}
      ((Submodule.orthogonalProjectionOnto.{0, u_2}
          (Submodule.orthogonal.{0, u_2} (Submodule.span.{0, u_2} ℝ (singleton.{u_2, u_2} u))))
        x)
      ((Submodule.orthogonalProjectionOnto.{0, u_2}
          (Submodule.orthogonal.{0, u_2} (Submodule.span.{0, u_2} ℝ (singleton.{u_2, u_2} u))))
        y)) :
  Eq.{u_2 + 1} x y
'Entry005.upper_facets_same_fiber_eq' depends on axioms: [propext, Classical.choice.{u}, Quot.sound.{u}]
Entry005.upper_projected_facets_inter_volume_zero.{u_1, u_2} {ι : Type u_1} {E : Type u_2} [NormedAddCommGroup.{u_2} E]
  [InnerProductSpace.{0, u_2} ℝ E] [FiniteDimensional.{0, u_2} ℝ E] [MeasurableSpace.{u_2} E] [BorelSpace.{u_2} E]
  (n : ι → E) (h : ι → ℝ) (hn : ∀ (i : ι), Eq.{1} (norm.{u_2} (n i)) 1) (i j : ι) (hij : Ne.{u_2 + 1} (n i) (n j))
  (u : E) (hu : Eq.{1} (norm.{u_2} u) 1) (hi : LT.lt.{0} 0 (inner.{0, u_2} ℝ (n i) u))
  (hj : LT.lt.{0} 0 (inner.{0, u_2} ℝ (n j) u)) :
  Eq.{1}
    (MeasureTheory.volume.{u_2}
      (Inter.inter.{u_2}
        (Set.image.{u_2, u_2}
          (⇑(Submodule.orthogonalProjectionOnto.{0, u_2}
              (Submodule.orthogonal.{0, u_2} (Submodule.span.{0, u_2} ℝ (singleton.{u_2, u_2} u)))))
          (Entry005.finiteHalfspaceFacet.{u_1, u_2} n h i))
        (Set.image.{u_2, u_2}
          (⇑(Submodule.orthogonalProjectionOnto.{0, u_2}
              (Submodule.orthogonal.{0, u_2} (Submodule.span.{0, u_2} ℝ (singleton.{u_2, u_2} u)))))
          (Entry005.finiteHalfspaceFacet.{u_1, u_2} n h j))))
    0
'Entry005.upper_projected_facets_inter_volume_zero' depends on axioms: [propext, Classical.choice.{u}, Quot.sound.{u}]
Entry005.vertex_replacement_volume {d : ℕ} (hd : LE.le.{0} 1 d) (S : Affine.Simplex.{0, 0, 0} ℝ (Entry005.Space d) d)
  (i : Fin (HAdd.hAdd.{0, 0, 0} d 1)) (x : Entry005.Space d) (hx : Ne.{1} ((Entry005.simplexCoord S i) x) 0) :
  ∃ f,
    (∀ (j : Fin (HAdd.hAdd.{0, 0, 0} d 1)),
        Eq.{1} (f (Affine.Simplex.points.{0, 0, 0} S j))
          (ite.{1} (Eq.{1} j i) x (Affine.Simplex.points.{0, 0, 0} S j))) ∧
      Eq.{1} (MeasureTheory.volume.{0} (Entry005.simplexSet (Entry005.affineSimplex f S)))
        (HMul.hMul.{0, 0, 0} (ENNReal.ofReal (abs.{0} ((Entry005.simplexCoord S i) x)))
          (MeasureTheory.volume.{0} (Entry005.simplexSet S)))
'Entry005.vertex_replacement_volume' depends on axioms: [propext, Classical.choice.{u}, Quot.sound.{u}]
Entry005.vertical_extrusion_closed_band.{u_1} {α : Type u_1} (s : Set.{u_1} α) (f g : α → ℝ) (τ : ℝ)
  (hτ : LE.le.{0} 0 τ) (hfg : ∀ (x : α), Membership.mem.{u_1, u_1} s x → LE.le.{0} (f x) (g x)) :
  Eq.{u_1 + 1} (Entry005.verticalExtrusion.{u_1} (Entry005.closedVerticalBand.{u_1} s f g) τ)
    (Entry005.closedVerticalBand.{u_1} s f fun x => HAdd.hAdd.{0, 0, 0} (g x) τ)
'Entry005.vertical_extrusion_closed_band' depends on axioms: [propext, Classical.choice.{u}, Quot.sound.{u}]
Entry005.vertical_extrusion_volume.{u_1} {α : Type u_1} [MeasurableSpace.{u_1} α] (μ : MeasureTheory.Measure.{u_1} α)
  (s : Set.{u_1} α) (f g : α → ℝ) (τ : ℝ) (hs : MeasurableSet.{u_1} s) (hf : Measurable.{u_1, 0} f)
  (hg : Measurable.{u_1, 0} g) (hτ : LE.le.{0} 0 τ)
  (hfg : ∀ (x : α), Membership.mem.{u_1, u_1} s x → LE.le.{0} (f x) (g x)) :
  Eq.{1}
    ((MeasureTheory.Measure.prod.{u_1, 0} μ MeasureTheory.volume.{0})
      (Entry005.verticalExtrusion.{u_1} (Entry005.closedVerticalBand.{u_1} s f g) τ))
    (HAdd.hAdd.{0, 0, 0}
      ((MeasureTheory.Measure.prod.{u_1, 0} μ MeasureTheory.volume.{0}) (Entry005.closedVerticalBand.{u_1} s f g))
      (HMul.hMul.{0, 0, 0} (ENNReal.ofReal τ) (μ s)))
'Entry005.vertical_extrusion_volume' depends on axioms: [propext, Classical.choice.{u}, Quot.sound.{u}]
Entry005.volumeForm_height_orthogonal.{u_1} {E : Type u_1} [NormedAddCommGroup.{u_1} E] [InnerProductSpace.{0, u_1} ℝ E]
  {d : ℕ} [Fact (Eq.{1} (Module.finrank.{0, u_1} ℝ E) (HAdd.hAdd.{0, 0, 0} d 1))]
  (o : Orientation.{0, u_1, 0} ℝ E (Fin (HAdd.hAdd.{0, 0, 0} d 1))) (v : E)
  (b :
    OrthonormalBasis.{0, 0, u_1} (Fin d) ℝ
      ↥(Submodule.orthogonal.{0, u_1} (Submodule.span.{0, u_1} ℝ (singleton.{u_1, u_1} v))))
  (w : Fin d → ↥(Submodule.orthogonal.{0, u_1} (Submodule.span.{0, u_1} ℝ (singleton.{u_1, u_1} v)))) :
  Eq.{1} (abs.{0} ((Orientation.volumeForm.{u_1} o) (Fin.cons.{u_1 + 1} v fun i => ↑(w i))))
    (HMul.hMul.{0, 0, 0} (norm.{u_1} v)
      (abs.{0} ((Module.Basis.det.{0, u_1, 0} (OrthonormalBasis.toBasis.{0, 0, u_1} b)) w)))
'Entry005.volumeForm_height_orthogonal' depends on axioms: [propext, Classical.choice.{u}, Quot.sound.{u}]
Entry005.volume_affine_image {d : ℕ} (f : AffineEquiv.{0, 0, 0, 0, 0} ℝ (Entry005.Space d) (Entry005.Space d))
  (A : Set.{0} (Entry005.Space d)) :
  Eq.{1} (MeasureTheory.volume.{0} (Set.image.{0, 0} (⇑f) A))
    (HMul.hMul.{0, 0, 0} (ENNReal.ofReal (abs.{0} (LinearMap.det.{0, 0} ↑(AffineEquiv.linear.{0, 0, 0, 0, 0} f))))
      (MeasureTheory.volume.{0} A))
'Entry005.volume_affine_image' depends on axioms: [propext, Classical.choice.{u}, Quot.sound.{u}]
Entry005.volume_affine_image_general.{u_1} {E : Type u_1} [NormedAddCommGroup.{u_1} E] [InnerProductSpace.{0, u_1} ℝ E]
  [FiniteDimensional.{0, u_1} ℝ E] [MeasurableSpace.{u_1} E] [BorelSpace.{u_1} E]
  (f : AffineEquiv.{0, u_1, u_1, u_1, u_1} ℝ E E) (A : Set.{u_1} E) :
  Eq.{1} (MeasureTheory.volume.{u_1} (Set.image.{u_1, u_1} (⇑f) A))
    (HMul.hMul.{0, 0, 0}
      (ENNReal.ofReal (abs.{0} (LinearMap.det.{u_1, 0} ↑(AffineEquiv.linear.{0, u_1, u_1, u_1, u_1} f))))
      (MeasureTheory.volume.{u_1} A))
'Entry005.volume_affine_image_general' depends on axioms: [propext, Classical.choice.{u}, Quot.sound.{u}]
Entry005.volume_pyramidSet_affine_image.{u_1} {E : Type u_1} [NormedAddCommGroup.{u_1} E]
  [InnerProductSpace.{0, u_1} ℝ E] [FiniteDimensional.{0, u_1} ℝ E] [MeasurableSpace.{u_1} E] [BorelSpace.{u_1} E]
  (f : AffineEquiv.{0, u_1, u_1, u_1, u_1} ℝ E E) (K : Set.{u_1} E) :
  Eq.{1} (MeasureTheory.volume.{u_1} (Entry005.pyramidSet.{u_1} (Set.image.{u_1, u_1} (⇑f) K)))
    (HMul.hMul.{0, 0, 0}
      (ENNReal.ofReal (abs.{0} (LinearMap.det.{u_1, 0} ↑(AffineEquiv.linear.{0, u_1, u_1, u_1, u_1} f))))
      (MeasureTheory.volume.{u_1} (Entry005.pyramidSet.{u_1} K)))
'Entry005.volume_pyramidSet_affine_image' depends on axioms: [propext, Classical.choice.{u}, Quot.sound.{u}]
Entry005.volume_weighted_density_mul_ratio.{u_1} {α : Type u_1} {V H : α → ℝ} {B : ℝ} (hB : LT.lt.{0} 0 B)
  (hV0 : ∀ (x : α), LE.le.{0} 0 (V x)) (x : α) :
  Eq.{1} (HMul.hMul.{0, 0, 0} (ENNReal.ofReal (HDiv.hDiv.{0, 0, 0} (V x) B)).toReal (HDiv.hDiv.{0, 0, 0} (H x) (V x)))
    (Set.indicator.{u_1, 0} (Set.ofPred.{u_1} fun y => Ne.{1} (V y) 0) (fun y => HDiv.hDiv.{0, 0, 0} (H y) B) x)
'Entry005.volume_weighted_density_mul_ratio' depends on axioms: [propext, Classical.choice.{u}, Quot.sound.{u}]
Entry005.volume_weighted_law_ae_good.{u_1} {α : Type u_1} [MeasurableSpace.{u_1} α] (μ : MeasureTheory.Measure.{u_1} α)
  {V : α → ℝ} (hmV : Measurable.{u_1, 0} V) (hB : LT.lt.{0} 0 (∫ (x : α), V x ∂μ)) {G : α → Prop}
  (hG : ∀ᵐ (x : α) ∂μ, G x) : ∀ᵐ (x : α) ∂Entry005.volumeWeightedLaw.{u_1} μ V, G x ∧ LT.lt.{0} 0 (V x)
'Entry005.volume_weighted_law_ae_good' depends on axioms: [propext, Classical.choice.{u}, Quot.sound.{u}]
Entry005.volume_weighted_law_probability.{u_1} {α : Type u_1} [MeasurableSpace.{u_1} α]
  (μ : MeasureTheory.Measure.{u_1} α) {V : α → ℝ} (_hmV : Measurable.{u_1, 0} V)
  (hiV : MeasureTheory.Integrable.{0, u_1} V μ) (hV0 : ∀ (x : α), LE.le.{0} 0 (V x))
  (hB : LT.lt.{0} 0 (∫ (x : α), V x ∂μ)) :
  MeasureTheory.IsProbabilityMeasure.{u_1} (Entry005.volumeWeightedLaw.{u_1} μ V)
'Entry005.volume_weighted_law_probability' depends on axioms: [propext, Classical.choice.{u}, Quot.sound.{u}]
Entry005.volume_weighted_ratio_integrable.{u_1} {α : Type u_1} [MeasurableSpace.{u_1} α]
  (μ : MeasureTheory.Measure.{u_1} α) {V H : α → ℝ} (hmV : Measurable.{u_1, 0} V) (hV0 : ∀ (x : α), LE.le.{0} 0 (V x))
  (hiH : MeasureTheory.Integrable.{0, u_1} H μ) (hB : LT.lt.{0} 0 (∫ (x : α), V x ∂μ)) :
  MeasureTheory.Integrable.{0, u_1} (fun x => HDiv.hDiv.{0, 0, 0} (H x) (V x)) (Entry005.volumeWeightedLaw.{u_1} μ V)
'Entry005.volume_weighted_ratio_integrable' depends on axioms: [propext, Classical.choice.{u}, Quot.sound.{u}]
Entry005.volume_weighted_ratio_integral_eq.{u_1} {α : Type u_1} [MeasurableSpace.{u_1} α]
  (μ : MeasureTheory.Measure.{u_1} α) {V H : α → ℝ} (hmV : Measurable.{u_1, 0} V) (hV0 : ∀ (x : α), LE.le.{0} 0 (V x))
  (hB : LT.lt.{0} 0 (∫ (x : α), V x ∂μ)) :
  Eq.{1} (∫ (x : α), HDiv.hDiv.{0, 0, 0} (H x) (V x) ∂Entry005.volumeWeightedLaw.{u_1} μ V)
    (∫ (x : α),
      Set.indicator.{u_1, 0} (Set.ofPred.{u_1} fun y => Ne.{1} (V y) 0)
        (fun y => HDiv.hDiv.{0, 0, 0} (H y) (∫ (z : α), V z ∂μ)) x ∂μ)
'Entry005.volume_weighted_ratio_integral_eq' depends on axioms: [propext, Classical.choice.{u}, Quot.sound.{u}]
Entry005.volume_weighted_ratio_integral_le.{u_1} {α : Type u_1} [MeasurableSpace.{u_1} α]
  (μ : MeasureTheory.Measure.{u_1} α) {V H : α → ℝ} (hmV : Measurable.{u_1, 0} V) (hV0 : ∀ (x : α), LE.le.{0} 0 (V x))
  (hiH : MeasureTheory.Integrable.{0, u_1} H μ) (hH0 : ∀ (x : α), LE.le.{0} 0 (H x))
  (hB : LT.lt.{0} 0 (∫ (x : α), V x ∂μ)) :
  LE.le.{0} (∫ (x : α), HDiv.hDiv.{0, 0, 0} (H x) (V x) ∂Entry005.volumeWeightedLaw.{u_1} μ V)
    (HDiv.hDiv.{0, 0, 0} (∫ (x : α), H x ∂μ) (∫ (x : α), V x ∂μ))
'Entry005.volume_weighted_ratio_integral_le' depends on axioms: [propext, Classical.choice.{u}, Quot.sound.{u}]
Entry005.volume_weighted_selection.{u_1} {α : Type u_1} [MeasurableSpace.{u_1} α] (μ : MeasureTheory.Measure.{u_1} α)
  {V H : α → ℝ} (hmV : Measurable.{u_1, 0} V) (hiV : MeasureTheory.Integrable.{0, u_1} V μ)
  (hV0 : ∀ (x : α), LE.le.{0} 0 (V x)) (hiH : MeasureTheory.Integrable.{0, u_1} H μ)
  (hH0 : ∀ (x : α), LE.le.{0} 0 (H x)) {G : α → Prop} (hG : ∀ᵐ (x : α) ∂μ, G x) (hB : LT.lt.{0} 0 (∫ (x : α), V x ∂μ))
  {K : ℝ} (hbudget : LE.le.{0} (∫ (x : α), H x ∂μ) K) :
  ∃ x, G x ∧ LT.lt.{0} 0 (V x) ∧ LE.le.{0} (HDiv.hDiv.{0, 0, 0} (H x) (V x)) (HDiv.hDiv.{0, 0, 0} K (∫ (y : α), V y ∂μ))
'Entry005.volume_weighted_selection' depends on axioms: [propext, Classical.choice.{u}, Quot.sound.{u}]
Entry005.zonotope_alternating_abs_swap.{u_1} {E : Type u_1} [AddCommGroup.{u_1} E] [Module.{0, u_1} ℝ E] {d : ℕ}
  (f : AlternatingMap.{0, u_1, 0, 0} ℝ E ℝ (Fin (HAdd.hAdd.{0, 0, 0} d 1))) (u : Fin (HAdd.hAdd.{0, 0, 0} d 1) → E)
  (i : Fin (HAdd.hAdd.{0, 0, 0} d 1)) :
  Eq.{1} (abs.{0} (f (Function.comp.{1, 1, u_1 + 1} u ⇑(Equiv.swap.{1} 0 i)))) (abs.{0} (f u))
'Entry005.zonotope_alternating_abs_swap' depends on axioms: [propext, Classical.choice.{u}, Quot.sound.{u}]
Entry005.zonotope_alternating_projection_congr.{u_1} {E : Type u_1} [NormedAddCommGroup.{u_1} E]
  [InnerProductSpace.{0, u_1} ℝ E] {d : ℕ} (e : Module.Basis.{0, 0, u_1} (Fin (HAdd.hAdd.{0, 0, 0} d 1)) ℝ E)
  (f : AlternatingMap.{0, u_1, 0, 0} ℝ E ℝ (Fin (HAdd.hAdd.{0, 0, 0} d 1))) (v : E) (w : Fin d → E) :
  Eq.{1} (f (Fin.cons.{u_1 + 1} v w))
    (f
      (Fin.cons.{u_1 + 1} v fun i =>
        ↑((Submodule.orthogonalProjectionOnto.{0, u_1}
              (Submodule.orthogonal.{0, u_1} (Submodule.span.{0, u_1} ℝ (singleton.{u_1, u_1} v))))
            (w i))))
'Entry005.zonotope_alternating_projection_congr' depends on axioms: [propext, Classical.choice.{u}, Quot.sound.{u}]
Entry005.zonotope_coefficient_mul_succ (d : ℕ) :
  Eq.{1} (HMul.hMul.{0, 0, 0} (Entry005.zonotopeCoefficient (HAdd.hAdd.{0, 0, 0} d 1)) (HAdd.hAdd.{0, 0, 0} (↑d) 1))
    (HMul.hMul.{0, 0, 0} 2 (Entry005.zonotopeCoefficient d))
'Entry005.zonotope_coefficient_mul_succ' depends on axioms: [propext, Classical.choice.{u}, Quot.sound.{u}]
Entry005.zonotope_determinant_sum_height.{u_1} {E : Type u_1} [NormedAddCommGroup.{u_1} E]
  [InnerProductSpace.{0, u_1} ℝ E] {d m : ℕ} (b : OrthonormalBasis.{0, 0, u_1} (Fin (HAdd.hAdd.{0, 0, 0} d 1)) ℝ E)
  (v : E)
  (bH :
    OrthonormalBasis.{0, 0, u_1} (Fin d) ℝ
      ↥(Submodule.orthogonal.{0, u_1} (Submodule.span.{0, u_1} ℝ (singleton.{u_1, u_1} v))))
  (g : Fin m → E) :
  Eq.{1}
    (∑ τ,
      abs.{0}
        ((Module.Basis.det.{0, u_1, 0} (OrthonormalBasis.toBasis.{0, 0, u_1} b))
          (Fin.cons.{u_1 + 1} v fun i => g (τ i))))
    (HMul.hMul.{0, 0, 0} (norm.{u_1} v)
      (Entry005.zonotopeDeterminantSum.{u_1} bH fun i =>
        (Submodule.orthogonalProjectionOnto.{0, u_1}
            (Submodule.orthogonal.{0, u_1} (Submodule.span.{0, u_1} ℝ (singleton.{u_1, u_1} v))))
          (g i)))
'Entry005.zonotope_determinant_sum_height' depends on axioms: [propext, Classical.choice.{u}, Quot.sound.{u}]
Entry005.zonotope_embedding_sum_partition_zero (d m : ℕ)
  (F : Function.Embedding.{1, 1} (Fin (HAdd.hAdd.{0, 0, 0} d 1)) (Fin (HAdd.hAdd.{0, 0, 0} m 1)) → ℝ) :
  Eq.{1} (∑ σ, F σ) (HAdd.hAdd.{0, 0, 0} (∑ σ, F ↑σ) (∑ i, ∑ σ, F ↑σ))
'Entry005.zonotope_embedding_sum_partition_zero' depends on axioms: [propext, Classical.choice.{u}, Quot.sound.{u}]
Entry005.zonotope_orthogonal_finrank.{u_1} {E : Type u_1} [NormedAddCommGroup.{u_1} E] [InnerProductSpace.{0, u_1} ℝ E]
  {d : ℕ} [Fact (Eq.{1} (Module.finrank.{0, u_1} ℝ E) (HAdd.hAdd.{0, 0, 0} d 1))] {v : E} (hv : Ne.{u_1 + 1} v 0) :
  Eq.{1}
    (Module.finrank.{0, u_1} ℝ ↥(Submodule.orthogonal.{0, u_1} (Submodule.span.{0, u_1} ℝ (singleton.{u_1, u_1} v)))) d
'Entry005.zonotope_orthogonal_finrank' depends on axioms: [propext, Classical.choice.{u}, Quot.sound.{u}]
Entry005.zonotope_orthogonal_projection_formula.{u_1} {E : Type u_1} [NormedAddCommGroup.{u_1} E]
  [InnerProductSpace.{0, u_1} ℝ E] (v x : E) :
  Eq.{u_1 + 1}
    (↑((Submodule.orthogonalProjectionOnto.{0, u_1}
          (Submodule.orthogonal.{0, u_1} (Submodule.span.{0, u_1} ℝ (singleton.{u_1, u_1} v))))
        x))
    (HSub.hSub.{u_1, u_1, u_1} x
      (HSMul.hSMul.{0, u_1, u_1} (HDiv.hDiv.{0, 0, 0} (inner.{0, u_1} ℝ v x) (HPow.hPow.{0, 0, 0} (norm.{u_1} v) 2)) v))
'Entry005.zonotope_orthogonal_projection_formula' depends on axioms: [propext, Classical.choice.{u}, Quot.sound.{u}]
Mxym.StochasticRigidity.abs_det_le_column_l1_product.{u_1} {ι : Type u_1} [Fintype.{u_1} ι] [DecidableEq.{u_1 + 1} ι]
  (A : Matrix.{u_1, u_1, 0} ι ι ℝ) : LE.le.{0} (abs.{0} (Matrix.det.{0, u_1} A)) (∏ j, ∑ i, abs.{0} (A i j))
'Mxym.StochasticRigidity.abs_det_le_column_l1_product' depends on axioms: [propext,
 Classical.choice.{u},
 Quot.sound.{u}]
Mxym.StochasticRigidity.abs_det_le_column_max.{u_1} {ι : Type u_1} [Fintype.{u_1} ι] [DecidableEq.{u_1 + 1} ι]
  (W : Matrix.{u_1, u_1, 0} ι ι ℝ) (hnonneg : ∀ (i j : ι), LE.le.{0} 0 (W i j))
  (hsum : ∀ (j : ι), Eq.{1} (∑ i, W i j) 1) (j : ι) (m : ℝ) (hmax : ∀ (i : ι), LE.le.{0} (W i j) m) :
  LE.le.{0} (abs.{0} (Matrix.det.{0, u_1} W)) m
'Mxym.StochasticRigidity.abs_det_le_column_max' depends on axioms: [propext, Classical.choice.{u}, Quot.sound.{u}]
Mxym.StochasticRigidity.abs_det_le_of_shared_row.{u_1} {ι : Type u_1} [Fintype.{u_1} ι] [DecidableEq.{u_1 + 1} ι]
  (W : Matrix.{u_1, u_1, 0} ι ι ℝ) (hnonneg : ∀ (i j : ι), LE.le.{0} 0 (W i j))
  (hsum : ∀ (j : ι), Eq.{1} (∑ i, W i j) 1) (i j k : ι) (hjk : Ne.{u_1 + 1} j k) (δ : ℝ)
  (hj : LE.le.{0} (HSub.hSub.{0, 0, 0} 1 δ) (W i j)) (hk : LE.le.{0} (HSub.hSub.{0, 0, 0} 1 δ) (W i k)) :
  LE.le.{0} (abs.{0} (Matrix.det.{0, u_1} W)) (HMul.hMul.{0, 0, 0} 4 δ)
'Mxym.StochasticRigidity.abs_det_le_of_shared_row' depends on axioms: [propext, Classical.choice.{u}, Quot.sound.{u}]
Mxym.StochasticRigidity.column_l1_distance.{u_1} {ι : Type u_1} [Fintype.{u_1} ι] [DecidableEq.{u_1 + 1} ι]
  (W : Matrix.{u_1, u_1, 0} ι ι ℝ) (hnonneg : ∀ (i j : ι), LE.le.{0} 0 (W i j))
  (hsum : ∀ (j : ι), Eq.{1} (∑ i, W i j) 1) (i j : ι) :
  Eq.{1} (∑ r, abs.{0} (HSub.hSub.{0, 0, 0} (W r j) (ite.{1} (Eq.{u_1 + 1} r i) 1 0)))
    (HMul.hMul.{0, 0, 0} 2 (HSub.hSub.{0, 0, 0} 1 (W i j)))
'Mxym.StochasticRigidity.column_l1_distance' depends on axioms: [propext, Classical.choice.{u}, Quot.sound.{u}]
Mxym.StochasticRigidity.exact_permutation.{u_1} {ι : Type u_1} [Fintype.{u_1} ι] [DecidableEq.{u_1 + 1} ι]
  (W : Matrix.{u_1, u_1, 0} ι ι ℝ) (hnonneg : ∀ (i j : ι), LE.le.{0} 0 (W i j))
  (hsum : ∀ (j : ι), Eq.{1} (∑ i, W i j) 1) (hdet : LE.le.{0} 1 (abs.{0} (Matrix.det.{0, u_1} W))) :
  ∃ σ, ∀ (i j : ι), Eq.{1} (W i j) (ite.{1} (Eq.{u_1 + 1} i (σ j)) 1 0)
'Mxym.StochasticRigidity.exact_permutation' depends on axioms: [propext, Classical.choice.{u}, Quot.sound.{u}]
Mxym.StochasticRigidity.near_permutation.{u_1} {ι : Type u_1} [Fintype.{u_1} ι] [DecidableEq.{u_1 + 1} ι]
  (W : Matrix.{u_1, u_1, 0} ι ι ℝ) (hnonneg : ∀ (i j : ι), LE.le.{0} 0 (W i j))
  (hsum : ∀ (j : ι), Eq.{1} (∑ i, W i j) 1) (δ : ℝ) (hδ0 : LE.le.{0} 0 δ) (hδ : LE.le.{0} δ (1 / 8))
  (hdet : LE.le.{0} (HSub.hSub.{0, 0, 0} 1 δ) (abs.{0} (Matrix.det.{0, u_1} W))) :
  ∃ σ,
    ∀ (j : ι),
      LE.le.{0} (HSub.hSub.{0, 0, 0} 1 (HMul.hMul.{0, 0, 0} 2 δ)) (W (σ j) j) ∧
        LE.le.{0} (∑ i, abs.{0} (HSub.hSub.{0, 0, 0} (W i j) (ite.{1} (Eq.{u_1 + 1} i (σ j)) 1 0)))
          (HMul.hMul.{0, 0, 0} 4 δ)
'Mxym.StochasticRigidity.near_permutation' depends on axioms: [propext, Classical.choice.{u}, Quot.sound.{u}]
Mxym.StochasticRigidity.near_permutation_sharp.{u_1} {ι : Type u_1} [Fintype.{u_1} ι] [DecidableEq.{u_1 + 1} ι]
  (W : Matrix.{u_1, u_1, 0} ι ι ℝ) (hnonneg : ∀ (i j : ι), LE.le.{0} 0 (W i j))
  (hsum : ∀ (j : ι), Eq.{1} (∑ i, W i j) 1) (δ : ℝ) (_hδ0 : LE.le.{0} 0 δ) (hδ : LE.le.{0} δ (1 / 8))
  (hdet : LE.le.{0} (HSub.hSub.{0, 0, 0} 1 δ) (abs.{0} (Matrix.det.{0, u_1} W))) :
  ∃ σ,
    ∀ (j : ι),
      LE.le.{0} (HSub.hSub.{0, 0, 0} 1 δ) (W (σ j) j) ∧
        LE.le.{0} (∑ i, abs.{0} (HSub.hSub.{0, 0, 0} (W i j) (ite.{1} (Eq.{u_1 + 1} i (σ j)) 1 0)))
          (HMul.hMul.{0, 0, 0} 2 δ)
'Mxym.StochasticRigidity.near_permutation_sharp' depends on axioms: [propext, Classical.choice.{u}, Quot.sound.{u}]
OAI.Paper092.brightness_body_smul {n : ℕ} (K : Set.{0} (OAI.Paper092.Euclidean n)) (u : OAI.Paper092.Euclidean n)
  (c : ℝ) :
  Eq.{1} (OAI.Paper092.brightness (HSMul.hSMul.{0, 0, 0} c K) u)
    (HMul.hMul.{0, 0, 0} (HPow.hPow.{0, 0, 0} (abs.{0} c) (HSub.hSub.{0, 0, 0} n 1)) (OAI.Paper092.brightness K u))
'OAI.Paper092.brightness_body_smul' depends on axioms: [propext, Classical.choice.{u}, Quot.sound.{u}]
OAI.Paper092.brightness_mono {n : ℕ} {A B : Set.{0} (OAI.Paper092.Euclidean n)} (h : A ⊆ B) (hB : IsCompact.{0} B)
  (u : OAI.Paper092.Euclidean n) : LE.le.{0} (OAI.Paper092.brightness A u) (OAI.Paper092.brightness B u)
'OAI.Paper092.brightness_mono' depends on axioms: [propext, Classical.choice.{u}, Quot.sound.{u}]
OAI.Paper092.brightness_neg {n : ℕ} (K : Set.{0} (OAI.Paper092.Euclidean n)) (u : OAI.Paper092.Euclidean n) :
  Eq.{1} (OAI.Paper092.brightness K (Neg.neg.{0} u)) (OAI.Paper092.brightness K u)
'OAI.Paper092.brightness_neg' depends on axioms: [propext, Classical.choice.{u}, Quot.sound.{u}]
OAI.Paper092.brightness_nonneg {n : ℕ} (K : Set.{0} (OAI.Paper092.Euclidean n)) (u : OAI.Paper092.Euclidean n) :
  LE.le.{0} 0 (OAI.Paper092.brightness K u)
'OAI.Paper092.brightness_nonneg' depends on axioms: [propext, Classical.choice.{u}, Quot.sound.{u}]
OAI.Paper092.brightness_smul {n : ℕ} (K : Set.{0} (OAI.Paper092.Euclidean n)) (u : OAI.Paper092.Euclidean n) (c : ℝ) :
  Eq.{1} (OAI.Paper092.brightness K (HSMul.hSMul.{0, 0, 0} c u))
    (HMul.hMul.{0, 0, 0} (abs.{0} c) (OAI.Paper092.brightness K u))
'OAI.Paper092.brightness_smul' depends on axioms: [propext, Classical.choice.{u}, Quot.sound.{u}]
OAI.Paper092.neg_mem_projectionBody_iff {n : ℕ} (K : Set.{0} (OAI.Paper092.Euclidean n))
  (y : OAI.Paper092.Euclidean n) :
  Membership.mem.{0, 0} (OAI.Paper092.projectionBody K) (Neg.neg.{0} y) ↔
    Membership.mem.{0, 0} (OAI.Paper092.projectionBody K) y
'OAI.Paper092.neg_mem_projectionBody_iff' depends on axioms: [propext, Classical.choice.{u}, Quot.sound.{u}]
OAI.Paper092.normalHyperplane_finrank {n : ℕ} (u : OAI.Paper092.Euclidean n) (hu : Ne.{1} u 0) :
  Eq.{1} (Module.finrank.{0, 0} ℝ ↥(OAI.Paper092.normalHyperplane u)) (HSub.hSub.{0, 0, 0} n 1)
'OAI.Paper092.normalHyperplane_finrank' depends on axioms: [propext, Classical.choice.{u}, Quot.sound.{u}]
OAI.Paper092.normalHyperplane_smul {n : ℕ} (u : OAI.Paper092.Euclidean n) {c : ℝ} (hc : Ne.{1} c 0) :
  Eq.{1} (OAI.Paper092.normalHyperplane (HSMul.hSMul.{0, 0, 0} c u)) (OAI.Paper092.normalHyperplane u)
'OAI.Paper092.normalHyperplane_smul' depends on axioms: [propext, Classical.choice.{u}, Quot.sound.{u}]
OAI.Paper092.normalHyperplane_volume_is_canonical {n : ℕ} (u : OAI.Paper092.Euclidean n) :
  Eq.{1} MeasureTheory.volume.{0}
    (Module.Basis.addHaar.{0, 0}
      (OrthonormalBasis.toBasis.{0, 0, 0} (stdOrthonormalBasis.{0, 0} ℝ ↥(OAI.Paper092.normalHyperplane u))))
'OAI.Paper092.normalHyperplane_volume_is_canonical' depends on axioms: [propext, Classical.choice.{u}, Quot.sound.{u}]
OAI.Paper092.projectionBody_body_smul {n : ℕ} (K : Set.{0} (OAI.Paper092.Euclidean n)) (c : ℝ) (hc : Ne.{1} c 0) :
  Eq.{1} (OAI.Paper092.projectionBody (HSMul.hSMul.{0, 0, 0} c K))
    (HSMul.hSMul.{0, 0, 0} (HPow.hPow.{0, 0, 0} (abs.{0} c) (HSub.hSub.{0, 0, 0} n 1)) (OAI.Paper092.projectionBody K))
'OAI.Paper092.projectionBody_body_smul' depends on axioms: [propext, Classical.choice.{u}, Quot.sound.{u}]
OAI.Paper092.projectionBody_convex {n : ℕ} (K : Set.{0} (OAI.Paper092.Euclidean n)) :
  Convex.{0, 0} ℝ (OAI.Paper092.projectionBody K)
'OAI.Paper092.projectionBody_convex' depends on axioms: [propext, Classical.choice.{u}, Quot.sound.{u}]
OAI.Paper092.projectionBody_isClosed {n : ℕ} (K : Set.{0} (OAI.Paper092.Euclidean n)) :
  IsClosed.{0} (OAI.Paper092.projectionBody K)
'OAI.Paper092.projectionBody_isClosed' depends on axioms: [propext, Classical.choice.{u}, Quot.sound.{u}]
OAI.Paper092.projectionBody_isCompact {n : ℕ} (K : Set.{0} (OAI.Paper092.Euclidean n)) :
  IsCompact.{0} (OAI.Paper092.projectionBody K)
'OAI.Paper092.projectionBody_isCompact' depends on axioms: [propext, Classical.choice.{u}, Quot.sound.{u}]
OAI.Paper092.projectionBody_mono {n : ℕ} {A B : Set.{0} (OAI.Paper092.Euclidean n)} (h : A ⊆ B) (hB : IsCompact.{0} B) :
  OAI.Paper092.projectionBody A ⊆ OAI.Paper092.projectionBody B
'OAI.Paper092.projectionBody_mono' depends on axioms: [propext, Classical.choice.{u}, Quot.sound.{u}]
OAI.Paper092.projectionBody_neg_eq {n : ℕ} (K : Set.{0} (OAI.Paper092.Euclidean n)) :
  Eq.{1} (Neg.neg.{0} (OAI.Paper092.projectionBody K)) (OAI.Paper092.projectionBody K)
'OAI.Paper092.projectionBody_neg_eq' depends on axioms: [propext, Classical.choice.{u}, Quot.sound.{u}]
OAI.Paper092.projectionBody_norm_le {n : ℕ} (K : Set.{0} (OAI.Paper092.Euclidean n)) {y : OAI.Paper092.Euclidean n}
  (hy : Membership.mem.{0, 0} (OAI.Paper092.projectionBody K) y) :
  LE.le.{0} (norm.{0} y) (∑ i, OAI.Paper092.brightness K ((EuclideanSpace.basisFun.{0, 0} (Fin n) ℝ) i))
'OAI.Paper092.projectionBody_norm_le' depends on axioms: [propext, Classical.choice.{u}, Quot.sound.{u}]
OAI.Paper092.projectionVolume_body_smul {n : ℕ} (K : Set.{0} (OAI.Paper092.Euclidean n)) (u : OAI.Paper092.Euclidean n)
  (hu : Ne.{1} u 0) (c : ℝ) :
  Eq.{1} (OAI.Paper092.projectionVolume (HSMul.hSMul.{0, 0, 0} c K) u)
    (HMul.hMul.{0, 0, 0} (ENNReal.ofReal (HPow.hPow.{0, 0, 0} (abs.{0} c) (HSub.hSub.{0, 0, 0} n 1)))
      (OAI.Paper092.projectionVolume K u))
'OAI.Paper092.projectionVolume_body_smul' depends on axioms: [propext, Classical.choice.{u}, Quot.sound.{u}]
OAI.Paper092.projectionVolume_lt_top {n : ℕ} {K : Set.{0} (OAI.Paper092.Euclidean n)} (hK : IsCompact.{0} K)
  (u : OAI.Paper092.Euclidean n) : LT.lt.{0} (OAI.Paper092.projectionVolume K u) Top.top.{0}
'OAI.Paper092.projectionVolume_lt_top' depends on axioms: [propext, Classical.choice.{u}, Quot.sound.{u}]
OAI.Paper092.projectionVolume_mono {n : ℕ} {A B : Set.{0} (OAI.Paper092.Euclidean n)} (h : A ⊆ B)
  (u : OAI.Paper092.Euclidean n) : LE.le.{0} (OAI.Paper092.projectionVolume A u) (OAI.Paper092.projectionVolume B u)
'OAI.Paper092.projectionVolume_mono' depends on axioms: [propext, Classical.choice.{u}, Quot.sound.{u}]
OAI.Paper092.projectionVolume_smul {n : ℕ} (K : Set.{0} (OAI.Paper092.Euclidean n)) (u : OAI.Paper092.Euclidean n)
  {c : ℝ} (hc : Ne.{1} c 0) :
  Eq.{1} (OAI.Paper092.projectionVolume K (HSMul.hSMul.{0, 0, 0} c u)) (OAI.Paper092.projectionVolume K u)
'OAI.Paper092.projectionVolume_smul' depends on axioms: [propext, Classical.choice.{u}, Quot.sound.{u}]
OAI.Paper092.zero_mem_projectionBody {n : ℕ} (K : Set.{0} (OAI.Paper092.Euclidean n)) :
  Membership.mem.{0, 0} (OAI.Paper092.projectionBody K) 0
'OAI.Paper092.zero_mem_projectionBody' depends on axioms: [propext, Classical.choice.{u}, Quot.sound.{u}]
OAI.ProjectionCounterexample.coordinateSimplex_eq_empty_of_neg (n : ℕ) {r : ℝ} (hr : LT.lt.{0} r 0) :
  Eq.{1} (OAI.ProjectionCounterexample.coordinateSimplex n r) EmptyCollection.emptyCollection.{0}
'OAI.ProjectionCounterexample.coordinateSimplex_eq_empty_of_neg' depends on axioms: [propext,
 Classical.choice.{u},
 Quot.sound.{u}]
OAI.ProjectionCounterexample.coordinateSimplex_measurableSet (n : ℕ) (r : ℝ) :
  MeasurableSet.{0} (OAI.ProjectionCounterexample.coordinateSimplex n r)
'OAI.ProjectionCounterexample.coordinateSimplex_measurableSet' depends on axioms: [propext,
 Classical.choice.{u},
 Quot.sound.{u}]
OAI.ProjectionCounterexample.integral_simplex_slice (n : ℕ) {r : ℝ} (hr : LE.le.{0} 0 r) :
  Eq.{1}
    (∫⁻ (t : ℝ) in Set.Icc.{0} 0 r,
      ENNReal.ofReal (HDiv.hDiv.{0, 0, 0} (HPow.hPow.{0, 0, 0} (HSub.hSub.{0, 0, 0} r t) n) ↑n.factorial))
    (ENNReal.ofReal
      (HDiv.hDiv.{0, 0, 0} (HPow.hPow.{0, 0, 0} r (HAdd.hAdd.{0, 0, 0} n 1)) ↑(HAdd.hAdd.{0, 0, 0} n 1).factorial))
'OAI.ProjectionCounterexample.integral_simplex_slice' depends on axioms: [propext, Classical.choice.{u}, Quot.sound.{u}]
OAI.ProjectionCounterexample.realVolume_unit_euclideanSimplex (n : ℕ) :
  Eq.{1}
    (MeasureTheory.volume.{0}
        (Set.ofPred.{0} fun x =>
          (∀ (i : Fin n), LE.le.{0} 0 (WithLp.ofLp.{0} x i)) ∧ LE.le.{0} (∑ i, WithLp.ofLp.{0} x i) 1)).toReal
    (HDiv.hDiv.{0, 0, 0} 1 ↑n.factorial)
'OAI.ProjectionCounterexample.realVolume_unit_euclideanSimplex' depends on axioms: [propext,
 Classical.choice.{u},
 Quot.sound.{u}]
OAI.ProjectionCounterexample.volume_coordinateSimplex (n : ℕ) (r : ℝ) (hr : LE.le.{0} 0 r) :
  Eq.{1} (MeasureTheory.volume.{0} (OAI.ProjectionCounterexample.coordinateSimplex n r))
    (ENNReal.ofReal (HDiv.hDiv.{0, 0, 0} (HPow.hPow.{0, 0, 0} r n) ↑n.factorial))
'OAI.ProjectionCounterexample.volume_coordinateSimplex' depends on axioms: [propext,
 Classical.choice.{u},
 Quot.sound.{u}]
OAI.ProjectionCounterexample.volume_linearImage_unit_coordinateSimplex (n : ℕ)
  (f : LinearMap.{0, 0, 0, 0} (RingHom.id.{0} ℝ) (Fin n → ℝ) (Fin n → ℝ)) :
  Eq.{1} (MeasureTheory.volume.{0} (Set.image.{0, 0} (⇑f) (OAI.ProjectionCounterexample.coordinateSimplex n 1)))
    (ENNReal.ofReal (HDiv.hDiv.{0, 0, 0} (abs.{0} (LinearMap.det.{0, 0} f)) ↑n.factorial))
'OAI.ProjectionCounterexample.volume_linearImage_unit_coordinateSimplex' depends on axioms: [propext,
 Classical.choice.{u},
 Quot.sound.{u}]
OAI.ProjectionCounterexample.volume_unit_coordinateSimplex (n : ℕ) :
  Eq.{1} (MeasureTheory.volume.{0} (OAI.ProjectionCounterexample.coordinateSimplex n 1))
    (ENNReal.ofReal (HDiv.hDiv.{0, 0, 0} 1 ↑n.factorial))
'OAI.ProjectionCounterexample.volume_unit_coordinateSimplex' depends on axioms: [propext,
 Classical.choice.{u},
 Quot.sound.{u}]
OAI.ProjectionCounterexample.volume_unit_euclideanSimplex (n : ℕ) :
  Eq.{1}
    (MeasureTheory.volume.{0}
      (Set.ofPred.{0} fun x =>
        (∀ (i : Fin n), LE.le.{0} 0 (WithLp.ofLp.{0} x i)) ∧ LE.le.{0} (∑ i, WithLp.ofLp.{0} x i) 1))
    (ENNReal.ofReal (HDiv.hDiv.{0, 0, 0} 1 ↑n.factorial))
'OAI.ProjectionCounterexample.volume_unit_euclideanSimplex' depends on axioms: [propext,
 Classical.choice.{u},
 Quot.sound.{u}]
