name,source,paper_statement,coverage_kind,assumptions_summary,description,axioms,unformalized_application_dependencies,exact_lean_signature
Mxym.BalancedRecursion.shifted_dimension,Mxym/BalancedRecursion.lean,entry005 v5 §2 (2.1)-(2.2),complete explicitly defined scalar recurrence,"Natural t,p,j with t≥2. p≥1 is not needed for this algebraic formula.","dimension_0=p, dimension_(j+1)=t^2 dimension_j+t-1; then dimension_j+1/(t+1)=(p+1/(t+1))(t^2)^j. Nat subtraction is justified in the proof.",propext; Classical.choice; Quot.sound,"Geometric product/join dimension and invariant identities connecting these defined scalars to actual convex bodies are not formalized.; R recurrence, Stirling/Robbins estimates, infinite logarithmic limit/tail bounds, rational-log/large-integer screening, Bellman work, and global uniqueness of (2,5) are not formalized.","Mxym.BalancedRecursion.shifted_dimension (t p j : ℕ) (ht : 2 ≤ t) :
  ↑(Mxym.BalancedRecursion.dimension t p j) + 1 / (↑t + 1) = (↑p + 1 / (↑t + 1)) * (↑t ^ 2) ^ j"
Mxym.BalancedRecursion.invariant_closed_form,Mxym/BalancedRecursion.lean,entry005 v5 §2 (2.1)-(2.2),complete explicitly defined scalar recurrence,"Any natural t,p,j. Division is Lean real division, including its defined zero-denominator behavior; the paper only uses t≥2,p≥1.","invariant_0=1/(p+1), invariant_(j+1)=invariant_j/t; then invariant_j=1/((p+1)t^j).",propext; Classical.choice; Quot.sound,"Geometric product/join dimension and invariant identities connecting these defined scalars to actual convex bodies are not formalized.; R recurrence, Stirling/Robbins estimates, infinite logarithmic limit/tail bounds, rational-log/large-integer screening, Bellman work, and global uniqueness of (2,5) are not formalized.","Mxym.BalancedRecursion.invariant_closed_form (t p j : ℕ) :
  Mxym.BalancedRecursion.invariant t p j = 1 / ((↑p + 1) * ↑t ^ j)"
Mxym.BalancedRecursion.dimension_binary,Mxym/BalancedRecursion.lean,"entry005 v5 §2 (2.1)-(2.2), t=2",scalar recurrence corollary,"Any natural p,j.","3 dimension(2,p,j)+1=(3p+1)4^j.",propext; Classical.choice; Quot.sound,"Geometric product/join dimension and invariant identities connecting these defined scalars to actual convex bodies are not formalized.; R recurrence, Stirling/Robbins estimates, infinite logarithmic limit/tail bounds, rational-log/large-integer screening, Bellman work, and global uniqueness of (2,5) are not formalized.",Mxym.BalancedRecursion.dimension_binary (p j : ℕ) : 3 * Mxym.BalancedRecursion.dimension 2 p j + 1 = (3 * p + 1) * 4 ^ j
Mxym.BalancedRecursion.winning_dimension_level_six,Mxym/BalancedRecursion.lean,"entry005 v5 §2 (2.1)-(2.2), (t,p,j)=(2,5,6)",exact scalar instance,No hypotheses.,"dimension(2,5,6)=21845. The name does not certify that the pair is optimal.",propext,"Geometric product/join dimension and invariant identities connecting these defined scalars to actual convex bodies are not formalized.; R recurrence, Stirling/Robbins estimates, infinite logarithmic limit/tail bounds, rational-log/large-integer screening, Bellman work, and global uniqueness of (2,5) are not formalized.",Mxym.BalancedRecursion.winning_dimension_level_six : Mxym.BalancedRecursion.dimension 2 5 6 = 21845
Mxym.BalancedRecursion.winning_invariant_level_six,Mxym/BalancedRecursion.lean,"entry005 v5 §2 (2.1)-(2.2), (t,p,j)=(2,5,6)",exact scalar instance,No hypotheses.,"invariant(2,5,6)=1/384. The name does not certify that the pair is optimal.",propext; Classical.choice; Quot.sound,"Geometric product/join dimension and invariant identities connecting these defined scalars to actual convex bodies are not formalized.; R recurrence, Stirling/Robbins estimates, infinite logarithmic limit/tail bounds, rational-log/large-integer screening, Bellman work, and global uniqueness of (2,5) are not formalized.",Mxym.BalancedRecursion.winning_invariant_level_six : Mxym.BalancedRecursion.invariant 2 5 6 = 1 / 384
Mxym.Determinant.cofactor_vector_relation,Mxym/CofactorNormedBalance.lean,entry005 v3 §6 proof of Theorem 6.2; v4 §3 (3.1),unconditional vector identity,"Any natural d and real d×(d+1) matrix; no norm, rank or coefficient normalization hypothesis.",The proved row-wise horizontal cofactor relation is assembled into sum_j cofactor_j • column_j=0.,propext; Classical.choice; Quot.sound,"A convex body or its Minkowski functional is not constructed; the real normed space, linear equivalence where used, and active-vector unit norms are supplied.; Boundary-law normalization/evenness, measure integration, exposed-point rigidity, rank/circuit classification and geometric equality/stability remain unformalized. The half-mass equality branch remains present.","Mxym.Determinant.cofactor_vector_relation {d : ℕ} (x : Matrix (Fin d) (Fin (d + 1)) ℝ) :
  ∑ j : Fin (d + 1), Mxym.Determinant.cofactor x j • Mxym.Determinant.column x j = 0"
Mxym.Determinant.mapped_cofactor_relation,Mxym/CofactorNormedBalance.lean,"entry005 v4 section 3, norm argument immediately after equation (3.1); v3 section 6 proof of Theorem 6.2",unconditional linear image identity,Any natural d and real matrix x; a supplied real linear equivalence phi:(Fin d→Real)≃ₗE into a real normed space. No unit norm or balance assumption.,"Linear mapping preserves the cofactor zero-sum vector relation. The normed structure is printed in the signature, although the identity uses only linearity.",propext; Classical.choice; Quot.sound,"A convex body or its Minkowski functional is not constructed; the real normed space, linear equivalence where used, and active-vector unit norms are supplied.; Boundary-law normalization/evenness, measure integration, exposed-point rigidity, rank/circuit classification and geometric equality/stability remain unformalized. The half-mass equality branch remains present.","Mxym.Determinant.mapped_cofactor_relation.{u_1} {E : Type u_1} [NormedAddCommGroup E] [NormedSpace ℝ E] {d : ℕ}
  (x : Matrix (Fin d) (Fin (d + 1)) ℝ) (φ : (Fin d → ℝ) ≃ₗ[ℝ] E) :
  ∑ j : Fin (d + 1), Mxym.Determinant.cofactor x j • φ (Mxym.Determinant.column x j) = 0"
Mxym.Determinant.cofactor_balance_of_normalized_columns,Mxym/CofactorNormedBalance.lean,"entry005 v4 section 3, norm argument immediately after equation (3.1); v3 section 6 proof of Theorem 6.2",pointwise normed cofactor bridge,"Any natural d and real d×(d+1) matrix x; a supplied real linear equivalence phi:(Fin d→Real)≃ₗE into a real normed space; norm(phi(column_j))=1 for every nonzero cofactor. No balance hypothesis, rank assumption or unit condition on zero-cofactor columns.",Derives cofactor balance from the mapped algebraic relation and unit norms on active columns. The actual convex-body Minkowski norm and boundary-point normalization are not constructed.,propext; Classical.choice; Quot.sound,"A convex body or its Minkowski functional is not constructed; the real normed space, linear equivalence where used, and active-vector unit norms are supplied.; Boundary-law normalization/evenness, measure integration, exposed-point rigidity, rank/circuit classification and geometric equality/stability remain unformalized. The half-mass equality branch remains present.","Mxym.Determinant.cofactor_balance_of_normalized_columns.{u_1} {E : Type u_1} [NormedAddCommGroup E] [NormedSpace ℝ E]
  {d : ℕ} (x : Matrix (Fin d) (Fin (d + 1)) ℝ) (φ : (Fin d → ℝ) ≃ₗ[ℝ] E)
  (hunit : ∀ (j : Fin (d + 1)), Mxym.Determinant.cofactor x j ≠ 0 → ‖φ (Mxym.Determinant.column x j)‖ = 1)
  (i : Fin (d + 1)) : |Mxym.Determinant.cofactor x i| ≤ (∑ j : Fin (d + 1), |Mxym.Determinant.cofactor x j|) / 2"
Mxym.Determinant.normalized_sign_average_bound,Mxym/CofactorNormedBalance.lean,"entry005 v4 section 3, norm argument immediately after equation (3.1); v3 section 6 proof of Theorem 6.2; v4 (2.2)",pointwise normalized-column cofactor corollary,"Any natural d and real d×(d+1) matrix x; a supplied real linear equivalence phi:(Fin d→Real)≃ₗE into a real normed space; norm(phi(column_j))=1 for every nonzero cofactor. No balance hypothesis, rank assumption or unit condition on zero-cofactor columns.",The signed lifted determinant average is bounded by half the total cofactor mass using derived balance; no balance inequality is assumed.,propext; Classical.choice; Quot.sound,"A convex body or its Minkowski functional is not constructed; the real normed space, linear equivalence where used, and active-vector unit norms are supplied.; Boundary-law normalization/evenness, measure integration, exposed-point rigidity, rank/circuit classification and geometric equality/stability remain unformalized. The half-mass equality branch remains present.","Mxym.Determinant.normalized_sign_average_bound.{u_1} {E : Type u_1} [NormedAddCommGroup E] [NormedSpace ℝ E] {d : ℕ}
  (x : Matrix (Fin d) (Fin (d + 1)) ℝ) (φ : (Fin d → ℝ) ≃ₗ[ℝ] E)
  (hunit : ∀ (j : Fin (d + 1)), Mxym.Determinant.cofactor x j ≠ 0 → ‖φ (Mxym.Determinant.column x j)‖ = 1) :
  (∑ ε : Fin (d + 1) → Bool,
        |(Mxym.Determinant.lift (fun (i : Fin d) (j : Fin (d + 1)) => Mxym.Rademacher.sign (ε j) * x i j)
              fun (x : Fin (d + 1)) => 1).det|) /
      ↑(Fintype.card (Fin (d + 1) → Bool)) ≤
    (∑ j : Fin (d + 1), |Mxym.Determinant.cofactor x j|) / 2"
Mxym.Determinant.normalized_sign_average_equality_iff,Mxym/CofactorNormedBalance.lean,"entry005 v4 section 3, norm argument immediately after equation (3.1); v3 section 6 proof of Theorem 6.2; v4 Lemma 2.1",pointwise normalized-column cofactor equality criterion,"Any natural d and real d×(d+1) matrix x; a supplied real linear equivalence phi:(Fin d→Real)≃ₗE into a real normed space; norm(phi(column_j))=1 for every nonzero cofactor. No balance hypothesis, rank assumption or unit condition on zero-cofactor columns.",The complete finite sign-average equality criterion under active-column normalization: support<=3 OR a half-mass cofactor. Exposedness and elimination of the half-mass branch are not formalized.,propext; Classical.choice; Quot.sound,"A convex body or its Minkowski functional is not constructed; the real normed space, linear equivalence where used, and active-vector unit norms are supplied.; Boundary-law normalization/evenness, measure integration, exposed-point rigidity, rank/circuit classification and geometric equality/stability remain unformalized. The half-mass equality branch remains present.","Mxym.Determinant.normalized_sign_average_equality_iff.{u_1} {E : Type u_1} [NormedAddCommGroup E] [NormedSpace ℝ E]
  {d : ℕ} (x : Matrix (Fin d) (Fin (d + 1)) ℝ) (φ : (Fin d → ℝ) ≃ₗ[ℝ] E)
  (hunit : ∀ (j : Fin (d + 1)), Mxym.Determinant.cofactor x j ≠ 0 → ‖φ (Mxym.Determinant.column x j)‖ = 1) :
  (∑ ε : Fin (d + 1) → Bool,
          |(Mxym.Determinant.lift (fun (i : Fin d) (j : Fin (d + 1)) => Mxym.Rademacher.sign (ε j) * x i j)
                fun (x : Fin (d + 1)) => 1).det|) /
        ↑(Fintype.card (Fin (d + 1) → Bool)) =
      (∑ j : Fin (d + 1), |Mxym.Determinant.cofactor x j|) / 2 ↔
    Fintype.card { j : Fin (d + 1) // Mxym.Determinant.cofactor x j ≠ 0 } ≤ 3 ∨
      ∃ (j : Fin (d + 1)), |Mxym.Determinant.cofactor x j| = (∑ k : Fin (d + 1), |Mxym.Determinant.cofactor x k|) / 2"
Mxym.Determinant.lift_expansion,Mxym/Determinant.lean,entry005 v3 §6 proof of Theorem 6.2; v4 §3 (3.1),unconditional algebraic identity,"Any natural d, real d×(d+1) matrix x, and real top-row vector a.",Laplace expansion of the lift along its first row in terms of the explicitly defined signed cofactors.,propext; Classical.choice; Quot.sound,"The two original balanced corollaries assume balance explicitly. The new normalized-column corollaries derive it; constructing the actual convex-body Minkowski norm and proving boundary-unit normalization are not formalized.; Even boundary-law sign averaging, integration, A/B identification, and convex-body equality classification are not formalized.","Mxym.Determinant.lift_expansion {d : ℕ} (x : Matrix (Fin d) (Fin (d + 1)) ℝ) (a : Fin (d + 1) → ℝ) :
  (Mxym.Determinant.lift x a).det = ∑ j : Fin (d + 1), a j * Mxym.Determinant.cofactor x j"
Mxym.Determinant.horizontal_cofactor_relation,Mxym/Determinant.lean,entry005 v3 §6 proof of Theorem 6.2; v4 §3 (3.1),complete algebraic paper statement,"Any natural d, real d×(d+1) matrix x, and row i:Fin(d).","For each row, sum_j c_j x_ij=0. All ranks and singular cases are allowed; no geometric identity is assumed.",propext; Classical.choice; Quot.sound,"The two original balanced corollaries assume balance explicitly. The new normalized-column corollaries derive it; constructing the actual convex-body Minkowski norm and proving boundary-unit normalization are not formalized.; Even boundary-law sign averaging, integration, A/B identification, and convex-body equality classification are not formalized.","Mxym.Determinant.horizontal_cofactor_relation {d : ℕ} (x : Matrix (Fin d) (Fin (d + 1)) ℝ) (i : Fin d) :
  ∑ j : Fin (d + 1), Mxym.Determinant.cofactor x j * x i j = 0"
Mxym.Determinant.sign_cancellation,Mxym/Determinant.lean,entry005 v3 §6 proof of Theorem 6.2; v4 §3 (3.1),complete algebraic paper statement,"Any natural d, real horizontal matrix x and Boolean sign vector ε.",The absolute lifted determinant after independent column signs equals |sum_j ε_j c_j|. The common product of signs is proved to cancel.,propext; Classical.choice; Quot.sound,"The two original balanced corollaries assume balance explicitly. The new normalized-column corollaries derive it; constructing the actual convex-body Minkowski norm and proving boundary-unit normalization are not formalized.; Even boundary-law sign averaging, integration, A/B identification, and convex-body equality classification are not formalized.","Mxym.Determinant.sign_cancellation {d : ℕ} (x : Matrix (Fin d) (Fin (d + 1)) ℝ) (ε : Fin (d + 1) → Bool) :
  |(Mxym.Determinant.lift (fun (i : Fin d) (j : Fin (d + 1)) => Mxym.Rademacher.sign (ε j) * x i j)
          fun (x : Fin (d + 1)) => 1).det| =
    |Mxym.Rademacher.signedSum (Mxym.Determinant.cofactor x) ε|"
Mxym.Determinant.sign_average_eq,Mxym/Determinant.lean,entry005 v3 §6 proof of Theorem 6.2; v4 §3 (3.1),complete algebraic paper statement,Any natural d and real horizontal matrix x.,Exact average of signed lifted determinants equals the Rademacher mean of the cofactor family.,propext; Classical.choice; Quot.sound,"The two original balanced corollaries assume balance explicitly. The new normalized-column corollaries derive it; constructing the actual convex-body Minkowski norm and proving boundary-unit normalization are not formalized.; Even boundary-law sign averaging, integration, A/B identification, and convex-body equality classification are not formalized.","Mxym.Determinant.sign_average_eq {d : ℕ} (x : Matrix (Fin d) (Fin (d + 1)) ℝ) :
  (∑ ε : Fin (d + 1) → Bool,
        |(Mxym.Determinant.lift (fun (i : Fin d) (j : Fin (d + 1)) => Mxym.Rademacher.sign (ε j) * x i j)
              fun (x : Fin (d + 1)) => 1).det|) /
      ↑(Fintype.card (Fin (d + 1) → Bool)) =
    Mxym.Rademacher.mean (Mxym.Determinant.cofactor x)"
Mxym.Determinant.balanced_sign_average_bound,Mxym/Determinant.lean,entry005 v3 §6 proof of Theorem 6.2; v4 §3 (3.1),conditional pointwise corollary,Any natural d and real horizontal matrix x; every |cofactor_i|≤half the total absolute cofactor mass.,The pointwise cofactor sign-average upper bound. The balance assumption is explicit.,propext; Classical.choice; Quot.sound,"The two original balanced corollaries assume balance explicitly. The new normalized-column corollaries derive it; constructing the actual convex-body Minkowski norm and proving boundary-unit normalization are not formalized.; Even boundary-law sign averaging, integration, A/B identification, and convex-body equality classification are not formalized.","Mxym.Determinant.balanced_sign_average_bound {d : ℕ} (x : Matrix (Fin d) (Fin (d + 1)) ℝ)
  (hbal :
    ∀ (i : Fin (d + 1)), |Mxym.Determinant.cofactor x i| ≤ (∑ j : Fin (d + 1), |Mxym.Determinant.cofactor x j|) / 2) :
  (∑ ε : Fin (d + 1) → Bool,
        |(Mxym.Determinant.lift (fun (i : Fin d) (j : Fin (d + 1)) => Mxym.Rademacher.sign (ε j) * x i j)
              fun (x : Fin (d + 1)) => 1).det|) /
      ↑(Fintype.card (Fin (d + 1) → Bool)) ≤
    (∑ j : Fin (d + 1), |Mxym.Determinant.cofactor x j|) / 2"
Mxym.Determinant.balanced_sign_average_equality_iff,Mxym/Determinant.lean,entry005 v3 §6 proof of Theorem 6.2; v4 §3 (3.1); entry005 v4 §2 Lemma 2.1,conditional pointwise corollary,Any natural d and real horizontal matrix x; every |cofactor_i|≤half the total absolute cofactor mass.,Complete pointwise equality criterion under the explicit balance assumption.,propext; Classical.choice; Quot.sound,"The two original balanced corollaries assume balance explicitly. The new normalized-column corollaries derive it; constructing the actual convex-body Minkowski norm and proving boundary-unit normalization are not formalized.; Even boundary-law sign averaging, integration, A/B identification, and convex-body equality classification are not formalized.","Mxym.Determinant.balanced_sign_average_equality_iff {d : ℕ} (x : Matrix (Fin d) (Fin (d + 1)) ℝ)
  (hbal :
    ∀ (i : Fin (d + 1)), |Mxym.Determinant.cofactor x i| ≤ (∑ j : Fin (d + 1), |Mxym.Determinant.cofactor x j|) / 2) :
  (∑ ε : Fin (d + 1) → Bool,
          |(Mxym.Determinant.lift (fun (i : Fin d) (j : Fin (d + 1)) => Mxym.Rademacher.sign (ε j) * x i j)
                fun (x : Fin (d + 1)) => 1).det|) /
        ↑(Fintype.card (Fin (d + 1) → Bool)) =
      (∑ j : Fin (d + 1), |Mxym.Determinant.cofactor x j|) / 2 ↔
    Fintype.card { i : Fin (d + 1) // Mxym.Determinant.cofactor x i ≠ 0 } ≤ 3 ∨
      ∃ (i : Fin (d + 1)), |Mxym.Determinant.cofactor x i| = (∑ j : Fin (d + 1), |Mxym.Determinant.cofactor x j|) / 2"
Mxym.FiniteDefect.mean_decomposition,Mxym/FiniteDefect.lean,"entry005 v3 §3 (3.1)-(3.2), finite inner-law mechanism",finite algebraic mechanism,"Finite index type, real values and weights; Fintype instance. Probability normalization is not required. Weights may even be signed.","sum_i p_i z_i=P-Q for P=sum p_i max(z_i,0), Q=sum p_i max(-z_i,0).",propext; Classical.choice; Quot.sound,"General measure integrability/Fubini, determinant inner-mean identification, and the outer law integral in B-A are not formalized.; The outer d! permutations/product-weight factor of (3.2), simplex rigidity, and geometric stability are not formalized.","Mxym.FiniteDefect.mean_decomposition.{u_1} {ι : Type u_1} [Fintype ι] (p z : ι → ℝ) :
  ∑ i : ι, p i * z i = Mxym.FiniteDefect.positiveMass p z - Mxym.FiniteDefect.negativeMass p z"
Mxym.FiniteDefect.absolute_decomposition,Mxym/FiniteDefect.lean,"entry005 v3 §3 (3.1)-(3.2), finite inner-law mechanism",finite algebraic mechanism,"Finite index type, real values and weights; Fintype instance. Probability normalization is not required. Weights may even be signed.",sum_i p_i |z_i|=P+Q.,propext; Classical.choice; Quot.sound,"General measure integrability/Fubini, determinant inner-mean identification, and the outer law integral in B-A are not formalized.; The outer d! permutations/product-weight factor of (3.2), simplex rigidity, and geometric stability are not formalized.","Mxym.FiniteDefect.absolute_decomposition.{u_1} {ι : Type u_1} [Fintype ι] (p z : ι → ℝ) :
  ∑ i : ι, p i * |z i| = Mxym.FiniteDefect.positiveMass p z + Mxym.FiniteDefect.negativeMass p z"
Mxym.FiniteDefect.defect_identity,Mxym/FiniteDefect.lean,"entry005 v3 §3 (3.1)-(3.2), finite inner-law mechanism",finite inner-law specialization,"Finite index type, real values and weights; Fintype instance. Probability normalization is not required. Weights may even be signed.","sum_i p_i|z_i|-|sum_i p_i z_i|=2 min(P,Q). The outer determinant-law integral in the paper is not part of this statement.",propext; Classical.choice; Quot.sound,"General measure integrability/Fubini, determinant inner-mean identification, and the outer law integral in B-A are not formalized.; The outer d! permutations/product-weight factor of (3.2), simplex rigidity, and geometric stability are not formalized.","Mxym.FiniteDefect.defect_identity.{u_1} {ι : Type u_1} [Fintype ι] (p z : ι → ℝ) :
  ∑ i : ι, p i * |z i| - |∑ i : ι, p i * z i| =
    2 * min (Mxym.FiniteDefect.positiveMass p z) (Mxym.FiniteDefect.negativeMass p z)"
Mxym.FiniteDefect.finite_jensen,Mxym/FiniteDefect.lean,"entry005 v3 §3 (3.1)-(3.2), finite inner-law mechanism",finite inner-law specialization,"Finite index type, real values and weights; Fintype instance. Probability normalization is not required. Every p_i≥0.",Weighted finite triangle/Jensen inequality.,propext; Classical.choice; Quot.sound,"General measure integrability/Fubini, determinant inner-mean identification, and the outer law integral in B-A are not formalized.; The outer d! permutations/product-weight factor of (3.2), simplex rigidity, and geometric stability are not formalized.","Mxym.FiniteDefect.finite_jensen.{u_1} {ι : Type u_1} [Fintype ι] (p z : ι → ℝ) (hp : ∀ (i : ι), 0 ≤ p i) :
  |∑ i : ι, p i * z i| ≤ ∑ i : ι, p i * |z i|"
Mxym.FiniteDefect.defect_lower_bound,Mxym/FiniteDefect.lean,"entry005 v3 §3 (3.1)-(3.2), finite inner-law mechanism",finite witness mechanism,"Finite index type, real values and weights; Fintype instance. Probability normalization is not required. Every p_i≥0; chosen i,j with z_i≥0 and z_j≤0.","Defect ≥2 min(p_i z_i,p_j(-z_j)); this is the inner-law factor in (3.2), without the outer d! product factor.",propext; Classical.choice; Quot.sound,"General measure integrability/Fubini, determinant inner-mean identification, and the outer law integral in B-A are not formalized.; The outer d! permutations/product-weight factor of (3.2), simplex rigidity, and geometric stability are not formalized.","Mxym.FiniteDefect.defect_lower_bound.{u_1} {ι : Type u_1} [Fintype ι] (p z : ι → ℝ) (hp : ∀ (i : ι), 0 ≤ p i) (i j : ι)
  (hi : 0 ≤ z i) (hj : z j ≤ 0) : 2 * min (p i * z i) (p j * -z j) ≤ ∑ k : ι, p k * |z k| - |∑ k : ι, p k * z k|"
Mxym.FiniteDefect.strict_of_opposite_signs,Mxym/FiniteDefect.lean,"entry005 v3 §3 (3.1)-(3.2), finite inner-law mechanism",finite strictness mechanism,"Finite index type, real values and weights; Fintype instance. Probability normalization is not required. Every p_i≥0; chosen i,j with p_i,p_j>0 and z_i>0>z_j.",Strict Jensen inequality whenever positive-weight values have opposite strict signs.,propext; Classical.choice; Quot.sound,"General measure integrability/Fubini, determinant inner-mean identification, and the outer law integral in B-A are not formalized.; The outer d! permutations/product-weight factor of (3.2), simplex rigidity, and geometric stability are not formalized.","Mxym.FiniteDefect.strict_of_opposite_signs.{u_1} {ι : Type u_1} [Fintype ι] (p z : ι → ℝ) (hp : ∀ (i : ι), 0 ≤ p i)
  (i j : ι) (hpi : 0 < p i) (hpj : 0 < p j) (hi : 0 < z i) (hj : z j < 0) : |∑ k : ι, p k * z k| < ∑ k : ι, p k * |z k|"
Mxym.FiniteDefect.positive_mass_eq_zero_iff,Mxym/FiniteDefect.lean,"entry005 v3 §3 (3.1)-(3.2), finite inner-law mechanism",helper,"Finite index type, real values and weights; Fintype instance. Probability normalization is not required. Every p_i≥0.",P=0 iff all positive-weight values are nonpositive.,propext; Classical.choice; Quot.sound,"General measure integrability/Fubini, determinant inner-mean identification, and the outer law integral in B-A are not formalized.; The outer d! permutations/product-weight factor of (3.2), simplex rigidity, and geometric stability are not formalized.","Mxym.FiniteDefect.positive_mass_eq_zero_iff.{u_1} {ι : Type u_1} [Fintype ι] (p z : ι → ℝ) (hp : ∀ (i : ι), 0 ≤ p i) :
  Mxym.FiniteDefect.positiveMass p z = 0 ↔ ∀ (i : ι), 0 < p i → z i ≤ 0"
Mxym.FiniteDefect.negative_mass_eq_zero_iff,Mxym/FiniteDefect.lean,"entry005 v3 §3 (3.1)-(3.2), finite inner-law mechanism",helper,"Finite index type, real values and weights; Fintype instance. Probability normalization is not required. Every p_i≥0.",Q=0 iff all positive-weight values are nonnegative.,propext; Classical.choice; Quot.sound,"General measure integrability/Fubini, determinant inner-mean identification, and the outer law integral in B-A are not formalized.; The outer d! permutations/product-weight factor of (3.2), simplex rigidity, and geometric stability are not formalized.","Mxym.FiniteDefect.negative_mass_eq_zero_iff.{u_1} {ι : Type u_1} [Fintype ι] (p z : ι → ℝ) (hp : ∀ (i : ι), 0 ≤ p i) :
  Mxym.FiniteDefect.negativeMass p z = 0 ↔ ∀ (i : ι), 0 < p i → 0 ≤ z i"
Mxym.FiniteDefect.finite_jensen_eq_iff,Mxym/FiniteDefect.lean,"entry005 v3 §3 (3.1)-(3.2), finite inner-law mechanism; v3 §2 sign condition after (2.2)",finite equality mechanism,"Finite index type, real values and weights; Fintype instance. Probability normalization is not required. Every p_i≥0.",Weighted finite Jensen equality iff all positive-weight values have one common weak sign; zero weights impose no restriction.,propext; Classical.choice; Quot.sound,"General measure integrability/Fubini, determinant inner-mean identification, and the outer law integral in B-A are not formalized.; The outer d! permutations/product-weight factor of (3.2), simplex rigidity, and geometric stability are not formalized.","Mxym.FiniteDefect.finite_jensen_eq_iff.{u_1} {ι : Type u_1} [Fintype ι] (p z : ι → ℝ) (hp : ∀ (i : ι), 0 ≤ p i) :
  |∑ i : ι, p i * z i| = ∑ i : ι, p i * |z i| ↔ (∀ (i : ι), 0 < p i → 0 ≤ z i) ∨ ∀ (i : ι), 0 < p i → z i ≤ 0"
Mxym.NormedBalance.coefficient_balance,Mxym/NormedBalance.lean,"entry005 v4 section 3, norm argument immediately after equation (3.1); v3 section 6 proof of Theorem 6.2",complete finite normed relation mechanism,Finite real coefficients c and vectors x in a real normed space E; sum_j c_j • x_j = 0; norm(x_j)=1 whenever c_j is nonzero. No coefficient-balance hypothesis.,"Derives |c_i|<=half the total absolute coefficient mass using the zero-sum relation, norm homogeneity and the triangle inequality. Unit normalization is required only on active coefficients.",propext; Classical.choice; Quot.sound,"A convex body or its Minkowski functional is not constructed; the real normed space, linear equivalence where used, and active-vector unit norms are supplied.; Boundary-law normalization/evenness, measure integration, exposed-point rigidity, rank/circuit classification and geometric equality/stability remain unformalized. The half-mass equality branch remains present.","Mxym.NormedBalance.coefficient_balance.{u_1, u_2} {ι : Type u_1} {E : Type u_2} [Fintype ι] [DecidableEq ι]
  [NormedAddCommGroup E] [NormedSpace ℝ E] (c : ι → ℝ) (x : ι → E) (hrelation : ∑ j : ι, c j • x j = 0)
  (hunit : ∀ (j : ι), c j ≠ 0 → ‖x j‖ = 1) (i : ι) : |c i| ≤ (∑ j : ι, |c j|) / 2"
Mxym.NormedBalance.rademacher_bound,Mxym/NormedBalance.lean,"entry005 v4 section 3, norm argument immediately after equation (3.1); v3 section 6 proof of Theorem 6.2; v4 (2.2)",finite normed relation corollary,Finite real coefficients c and vectors x in a real normed space E; sum_j c_j • x_j = 0; norm(x_j)=1 whenever c_j is nonzero. No coefficient-balance hypothesis.,The finite independent-sign upper bound follows from the derived coefficient balance.,propext; Classical.choice; Quot.sound,"A convex body or its Minkowski functional is not constructed; the real normed space, linear equivalence where used, and active-vector unit norms are supplied.; Boundary-law normalization/evenness, measure integration, exposed-point rigidity, rank/circuit classification and geometric equality/stability remain unformalized. The half-mass equality branch remains present.","Mxym.NormedBalance.rademacher_bound.{u_1, u_2} {ι : Type u_1} {E : Type u_2} [Fintype ι] [DecidableEq ι]
  [NormedAddCommGroup E] [NormedSpace ℝ E] (c : ι → ℝ) (x : ι → E) (hrelation : ∑ j : ι, c j • x j = 0)
  (hunit : ∀ (j : ι), c j ≠ 0 → ‖x j‖ = 1) : Mxym.Rademacher.mean c ≤ (∑ j : ι, |c j|) / 2"
Mxym.NormedBalance.rademacher_equality_iff,Mxym/NormedBalance.lean,"entry005 v4 section 3, norm argument immediately after equation (3.1); v3 section 6 proof of Theorem 6.2; v4 Lemma 2.1",finite normed relation equality criterion,Finite real coefficients c and vectors x in a real normed space E; sum_j c_j • x_j = 0; norm(x_j)=1 whenever c_j is nonzero. No coefficient-balance hypothesis.,The full finite equality criterion follows from derived balance: support size<=3 OR a coefficient has half the total absolute mass. It retains the half-mass branch and is not the exposed-point rigidity conclusion of v4 Lemma 3.1.,propext; Classical.choice; Quot.sound,"A convex body or its Minkowski functional is not constructed; the real normed space, linear equivalence where used, and active-vector unit norms are supplied.; Boundary-law normalization/evenness, measure integration, exposed-point rigidity, rank/circuit classification and geometric equality/stability remain unformalized. The half-mass equality branch remains present.","Mxym.NormedBalance.rademacher_equality_iff.{u_1, u_2} {ι : Type u_1} {E : Type u_2} [Fintype ι] [DecidableEq ι]
  [NormedAddCommGroup E] [NormedSpace ℝ E] (c : ι → ℝ) (x : ι → E) (hrelation : ∑ j : ι, c j • x j = 0)
  (hunit : ∀ (j : ι), c j ≠ 0 → ‖x j‖ = 1) :
  Mxym.Rademacher.mean c = (∑ j : ι, |c j|) / 2 ↔
    Fintype.card { j : ι // c j ≠ 0 } ≤ 3 ∨ ∃ (j : ι), |c j| = (∑ k : ι, |c k|) / 2"
Mxym.Rademacher.abs_sign,Mxym/Rademacher.lean,entry005 v3 §6 Lemma 6.1 / (6.1); v4 §2 (2.2),helper,Any Boolean b.,Each sign has absolute value one.,propext; Classical.choice; Quot.sound,"The finite Rademacher statement itself has no unformalized mathematical dependency beyond the compiled pinned libraries.; Its application to convex-body boundary laws, exposed-point circuits, rank-two decomposition, and the full v4 equality classification is not formalized.",Mxym.Rademacher.abs_sign (b : Bool) : |Mxym.Rademacher.sign b| = 1
Mxym.Rademacher.sign_not,Mxym/Rademacher.lean,entry005 v3 §6 Lemma 6.1 / (6.1); v4 §2 (2.2),helper,Any Boolean b.,Flipping a Boolean negates its real sign.,propext; Classical.choice; Quot.sound,"The finite Rademacher statement itself has no unformalized mathematical dependency beyond the compiled pinned libraries.; Its application to convex-body boundary laws, exposed-point circuits, rank-two decomposition, and the full v4 equality classification is not formalized.",Mxym.Rademacher.sign_not (b : Bool) : (Mxym.Rademacher.sign !b) = -Mxym.Rademacher.sign b
Mxym.Rademacher.sign_space_card,Mxym/Rademacher.lean,entry005 v3 §6 Lemma 6.1 / (6.1); v4 §2 (2.2),helper,"Finite index type, real coefficients; Fintype and DecidableEq instances as printed in the exact signature.",The independent sign space has cardinality 2^N.,propext; Classical.choice; Quot.sound,"The finite Rademacher statement itself has no unformalized mathematical dependency beyond the compiled pinned libraries.; Its application to convex-body boundary laws, exposed-point circuits, rank-two decomposition, and the full v4 equality classification is not formalized.","Mxym.Rademacher.sign_space_card.{u_1} {ι : Type u_1} [Fintype ι] [DecidableEq ι] :
  Fintype.card (ι → Bool) = 2 ^ Fintype.card ι"
Mxym.Rademacher.mean_nonneg,Mxym/Rademacher.lean,entry005 v3 §6 Lemma 6.1 / (6.1); v4 §2 (2.2),helper,"Finite index type, real coefficients; Fintype and DecidableEq instances as printed in the exact signature.",Uniform sign average is nonnegative.,propext; Classical.choice; Quot.sound,"The finite Rademacher statement itself has no unformalized mathematical dependency beyond the compiled pinned libraries.; Its application to convex-body boundary laws, exposed-point circuits, rank-two decomposition, and the full v4 equality classification is not formalized.",Mxym.Rademacher.mean_nonneg.{u_1} {ι : Type u_1} [Fintype ι] [DecidableEq ι] (c : ι → ℝ) : 0 ≤ Mxym.Rademacher.mean c
Mxym.Rademacher.mean_smul,Mxym/Rademacher.lean,entry005 v3 §6 Lemma 6.1 / (6.1); v4 §2 (2.2),helper,"Finite index type, real coefficients; Fintype and DecidableEq instances as printed in the exact signature. Any real scalar a.",Absolute homogeneity of the sign average.,propext; Classical.choice; Quot.sound,"The finite Rademacher statement itself has no unformalized mathematical dependency beyond the compiled pinned libraries.; Its application to convex-body boundary laws, exposed-point circuits, rank-two decomposition, and the full v4 equality classification is not formalized.","Mxym.Rademacher.mean_smul.{u_1} {ι : Type u_1} [Fintype ι] [DecidableEq ι] (a : ℝ) (c : ι → ℝ) :
  Mxym.Rademacher.mean (a • c) = |a| * Mxym.Rademacher.mean c"
Mxym.Rademacher.convex_mean,Mxym/Rademacher.lean,entry005 v3 §6 Lemma 6.1 / (6.1); v4 §2 (2.2),helper,"Finite index type, real coefficients; Fintype and DecidableEq instances as printed in the exact signature.",The sign average is convex on the entire real coefficient space.,propext; Classical.choice; Quot.sound,"The finite Rademacher statement itself has no unformalized mathematical dependency beyond the compiled pinned libraries.; Its application to convex-body boundary laws, exposed-point circuits, rank-two decomposition, and the full v4 equality classification is not formalized.",Mxym.Rademacher.convex_mean.{u_1} {ι : Type u_1} [Fintype ι] [DecidableEq ι] : ConvexOn ℝ Set.univ Mxym.Rademacher.mean
Mxym.Rademacher.continuous_mean,Mxym/Rademacher.lean,entry005 v3 §6 Lemma 6.1 / (6.1); v4 §2 (2.2),helper,"Finite index type, real coefficients; Fintype and DecidableEq instances as printed in the exact signature.",Continuity of the finite sign average.,propext; Classical.choice; Quot.sound,"The finite Rademacher statement itself has no unformalized mathematical dependency beyond the compiled pinned libraries.; Its application to convex-body boundary laws, exposed-point circuits, rank-two decomposition, and the full v4 equality classification is not formalized.",Mxym.Rademacher.continuous_mean.{u_1} {ι : Type u_1} [Fintype ι] [DecidableEq ι] : Continuous Mxym.Rademacher.mean
Mxym.Rademacher.abs_pair,Mxym/Rademacher.lean,entry005 v4 §2 Lemma 2.1,helper,"Real a,z with |z| ≤ |a|.",|a+z|+|-a+z| = 2|a|.,propext; Classical.choice; Quot.sound,"The finite Rademacher statement itself has no unformalized mathematical dependency beyond the compiled pinned libraries.; Its application to convex-body boundary laws, exposed-point circuits, rank-two decomposition, and the full v4 equality classification is not formalized.",Mxym.Rademacher.abs_pair (a z : ℝ) (hz : |z| ≤ |a|) : |a + z| + |-a + z| = 2 * |a|
Mxym.Rademacher.mean_eq_of_dominant,Mxym/Rademacher.lean,entry005 v4 §2 Lemma 2.1,proved extension,"Finite index type, real coefficients; Fintype and DecidableEq instances as printed in the exact signature. A chosen k satisfies sum_i |c_i| - |c_k| ≤ |c_k|.","The sign average equals the absolute value of a dominant coefficient, for arbitrary N.",propext; Classical.choice; Quot.sound,"The finite Rademacher statement itself has no unformalized mathematical dependency beyond the compiled pinned libraries.; Its application to convex-body boundary laws, exposed-point circuits, rank-two decomposition, and the full v4 equality classification is not formalized.","Mxym.Rademacher.mean_eq_of_dominant.{u_1} {ι : Type u_1} [Fintype ι] [DecidableEq ι] (c : ι → ℝ) (k : ι)
  (hk : ∑ i : ι, |c i| - |c k| ≤ |c k|) : Mxym.Rademacher.mean c = |c k|"
Mxym.Rademacher.compact_balancedPolytope,Mxym/Rademacher.lean,entry005 v3 §6 Lemma 6.1 / (6.1); v4 §2 (2.2),helper,Finite real coefficient space; no nonemptiness assumption.,Compactness of the normalized capped simplex.,propext; Classical.choice; Quot.sound,"The finite Rademacher statement itself has no unformalized mathematical dependency beyond the compiled pinned libraries.; Its application to convex-body boundary laws, exposed-point circuits, rank-two decomposition, and the full v4 equality classification is not formalized.",Mxym.Rademacher.compact_balancedPolytope.{u_1} {ι : Type u_1} [Fintype ι] : IsCompact Mxym.Rademacher.balancedPolytope
Mxym.Rademacher.convex_balancedPolytope,Mxym/Rademacher.lean,entry005 v3 §6 Lemma 6.1 / (6.1); v4 §2 (2.2),helper,Finite real coefficient space.,Convexity of the normalized capped simplex.,propext; Classical.choice; Quot.sound,"The finite Rademacher statement itself has no unformalized mathematical dependency beyond the compiled pinned libraries.; Its application to convex-body boundary laws, exposed-point circuits, rank-two decomposition, and the full v4 equality classification is not formalized.",Mxym.Rademacher.convex_balancedPolytope.{u_1} {ι : Type u_1} [Fintype ι] : Convex ℝ Mxym.Rademacher.balancedPolytope
Mxym.Rademacher.extreme_has_half,Mxym/Rademacher.lean,entry005 v3 §6 Lemma 6.1 / (6.1); v4 §2 (2.2),helper,"Finite index type, real coefficients; Fintype and DecidableEq instances as printed in the exact signature. t is an extreme point of balancedPolytope.",An extreme point saturates the 1/2 cap. This uses a proved perturbation argument.,propext; Classical.choice; Quot.sound,"The finite Rademacher statement itself has no unformalized mathematical dependency beyond the compiled pinned libraries.; Its application to convex-body boundary laws, exposed-point circuits, rank-two decomposition, and the full v4 equality classification is not formalized.","Mxym.Rademacher.extreme_has_half.{u_1} {ι : Type u_1} [Fintype ι] [DecidableEq ι] (t : ι → ℝ)
  (ht : t ∈ Set.extremePoints ℝ Mxym.Rademacher.balancedPolytope) : ∃ (i : ι), t i = 1 / 2"
Mxym.Rademacher.normalized_bound,Mxym/Rademacher.lean,entry005 v3 §6 Lemma 6.1 / (6.1); v4 §2 (2.2),normalized paper statement,"Finite index type, real coefficients; Fintype and DecidableEq instances as printed in the exact signature. t lies in balancedPolytope: every 0 ≤ t_i ≤ 1/2 and sum_i t_i = 1.","mean(t) ≤ 1/2, proved using the audited mathlib Krein-Milman theorem; this theorem is not assumed as a custom axiom.",propext; Classical.choice; Quot.sound,"The finite Rademacher statement itself has no unformalized mathematical dependency beyond the compiled pinned libraries.; Its application to convex-body boundary laws, exposed-point circuits, rank-two decomposition, and the full v4 equality classification is not formalized.","Mxym.Rademacher.normalized_bound.{u_1} {ι : Type u_1} [Fintype ι] [DecidableEq ι] (t : ι → ℝ)
  (ht : t ∈ Mxym.Rademacher.balancedPolytope) : Mxym.Rademacher.mean t ≤ 1 / 2"
Mxym.Rademacher.mean_abs,Mxym/Rademacher.lean,entry005 v4 §2 Lemma 2.1,helper,"Finite index type, real coefficients; Fintype and DecidableEq instances as printed in the exact signature.",Absorbing all coefficient signs leaves the average unchanged.,propext; Classical.choice; Quot.sound,"The finite Rademacher statement itself has no unformalized mathematical dependency beyond the compiled pinned libraries.; Its application to convex-body boundary laws, exposed-point circuits, rank-two decomposition, and the full v4 equality classification is not formalized.","Mxym.Rademacher.mean_abs.{u_1} {ι : Type u_1} [Fintype ι] [DecidableEq ι] (c : ι → ℝ) :
  (Mxym.Rademacher.mean fun (i : ι) => |c i|) = Mxym.Rademacher.mean c"
Mxym.Rademacher.mean_zero,Mxym/Rademacher.lean,entry005 v4 §2 Lemma 2.1,helper,"Finite index type, real coefficients; Fintype and DecidableEq instances as printed in the exact signature.",The average of the zero coefficient vector is zero.,propext; Classical.choice; Quot.sound,"The finite Rademacher statement itself has no unformalized mathematical dependency beyond the compiled pinned libraries.; Its application to convex-body boundary laws, exposed-point circuits, rank-two decomposition, and the full v4 equality classification is not formalized.",Mxym.Rademacher.mean_zero.{u_1} {ι : Type u_1} [Fintype ι] [DecidableEq ι] : Mxym.Rademacher.mean 0 = 0
Mxym.Rademacher.balanced_bound,Mxym/Rademacher.lean,entry005 v3 §6 Lemma 6.1 / (6.1); v4 §2 (2.2),complete finite paper statement,"Finite index type, real coefficients; Fintype and DecidableEq instances as printed in the exact signature. Every |c_i| ≤ (sum_j |c_j|)/2; all-zero and empty-index cases are included.",mean(c) ≤ (sum_i |c_i|)/2 for every finite family of real coefficients.,propext; Classical.choice; Quot.sound,"The finite Rademacher statement itself has no unformalized mathematical dependency beyond the compiled pinned libraries.; Its application to convex-body boundary laws, exposed-point circuits, rank-two decomposition, and the full v4 equality classification is not formalized.","Mxym.Rademacher.balanced_bound.{u_1} {ι : Type u_1} [Fintype ι] [DecidableEq ι] (c : ι → ℝ)
  (hbal : ∀ (i : ι), |c i| ≤ (∑ j : ι, |c j|) / 2) : Mxym.Rademacher.mean c ≤ (∑ j : ι, |c j|) / 2"
Mxym.Rademacher.mean_eq_half_of_half_mass,Mxym/Rademacher.lean,entry005 v4 §2 Lemma 2.1,paper equality mechanism,"Finite index type, real coefficients; Fintype and DecidableEq instances as printed in the exact signature. A chosen k satisfies |c_k| = (sum_i |c_i|)/2.","A half-mass coefficient gives equality, for arbitrary N. No separate balance assumption is needed.",propext; Classical.choice; Quot.sound,"The finite Rademacher statement itself has no unformalized mathematical dependency beyond the compiled pinned libraries.; Its application to convex-body boundary laws, exposed-point circuits, rank-two decomposition, and the full v4 equality classification is not formalized.","Mxym.Rademacher.mean_eq_half_of_half_mass.{u_1} {ι : Type u_1} [Fintype ι] [DecidableEq ι] (c : ι → ℝ) (k : ι)
  (hk : |c k| = (∑ i : ι, |c i|) / 2) : Mxym.Rademacher.mean c = (∑ i : ι, |c i|) / 2"
Mxym.Rademacher.normalized_defect_lower_bound,Mxym/RademacherDefect.lean,"quantitative-symmetric-projection-stability supplement, Lemma 3.1 equation (3.1), mxym/math dd5c29fc50c3e0694591260f60f3030d551d304d",finite coefficient defect bound,"Finite index type, real coefficients; Fintype and DecidableEq instances as printed in the exact signature. t lies in balancedPolytope: every 0 ≤ t_i ≤ 1/2 and sum_i t_i = 1. Nonnegative real thresholds t,g; an embedding e:Fin(4)↪ι selects four distinct coefficients each at least t; every coefficient is at most 1/2-g.","Defect 1/2-mean(a) is at least min(t/2,g/4). Taking t to be the fourth-largest coefficient and g=1/2-max(a) recovers equation (3.1), provided the sorted-coordinate witness is supplied. No order-statistic selector, coefficient-distance estimate, determinant-law integration or geometric stability theorem is proved.",propext; Classical.choice; Quot.sound,"Only Lemma 3.1 equation (3.1) is proved in witness form; its additional l1-distance bound 8(N-3)D is not formalized.; Construction of sorted coefficient order statistics and their witness, geometric cofactor normalization, boundary-law integration and subsequent quantitative geometric stability are not formalized.","Mxym.Rademacher.normalized_defect_lower_bound.{u_1} {ι : Type u_1} [Fintype ι] [DecidableEq ι] (a : ι → ℝ)
  (ha : a ∈ Mxym.Rademacher.balancedPolytope) (t g : ℝ) (ht : 0 ≤ t) (hg : 0 ≤ g) (e : Fin 4 ↪ ι)
  (het : ∀ (k : Fin 4), t ≤ a (e k)) (hgap : ∀ (i : ι), a i ≤ 1 / 2 - g) :
  min (t / 2) (g / 4) ≤ 1 / 2 - Mxym.Rademacher.mean a"
Mxym.Rademacher.normalized_defect_lower_bound_or_zero,Mxym/RademacherDefect.lean,"quantitative-symmetric-projection-stability supplement, Lemma 3.1 equation (3.1), mxym/math dd5c29fc50c3e0694591260f60f3030d551d304d","finite coefficient defect bound, zero-threshold extension","Finite index type, real coefficients; Fintype and DecidableEq instances as printed in the exact signature. t lies in balancedPolytope: every 0 ≤ t_i ≤ 1/2 and sum_i t_i = 1. Nonnegative t,g; every coefficient at most 1/2-g; either t=0 or an embedding selects four distinct coefficients each at least t.","The same defect bound permits t=0 without a four-coordinate witness, including index types with fewer than four elements. The family is still normalized to mass one: this is not a theorem about an all-zero normalized family. No coefficient-distance estimate or geometric result is included.",propext; Classical.choice; Quot.sound,"Only Lemma 3.1 equation (3.1) is proved in witness form; its additional l1-distance bound 8(N-3)D is not formalized.; Construction of sorted coefficient order statistics and their witness, geometric cofactor normalization, boundary-law integration and subsequent quantitative geometric stability are not formalized.","Mxym.Rademacher.normalized_defect_lower_bound_or_zero.{u_1} {ι : Type u_1} [Fintype ι] [DecidableEq ι] (a : ι → ℝ)
  (ha : a ∈ Mxym.Rademacher.balancedPolytope) (t g : ℝ) (ht : 0 ≤ t) (hg : 0 ≤ g) (hgap : ∀ (i : ι), a i ≤ 1 / 2 - g)
  (hwitness : t = 0 ∨ ∃ (e : Fin 4 ↪ ι), ∀ (k : Fin 4), t ≤ a (e k)) :
  min (t / 2) (g / 4) ≤ 1 / 2 - Mxym.Rademacher.mean a"
Mxym.Rademacher.mean_reindex,Mxym/RademacherEquality.lean,entry005 v4 §2 Lemma 2.1,helper,"Finite types ι,κ with Fintype and DecidableEq; an equivalence e:ι≃κ; real c on κ.",Reindexing preserves the uniform sign average.,propext; Classical.choice; Quot.sound,"The finite Rademacher statement itself has no unformalized mathematical dependency beyond the compiled pinned libraries.; Its application to convex-body boundary laws, exposed-point circuits, rank-two decomposition, and the full v4 equality classification is not formalized.","Mxym.Rademacher.mean_reindex.{u_1, u_2} {ι : Type u_1} {κ : Type u_2} [Fintype ι] [Fintype κ] [DecidableEq ι]
  [DecidableEq κ] (e : ι ≃ κ) (c : κ → ℝ) : (Mxym.Rademacher.mean fun (i : ι) => c (e i)) = Mxym.Rademacher.mean c"
Mxym.Rademacher.mean_sum_zero,Mxym/RademacherEquality.lean,entry005 v4 §2 Lemma 2.1,helper,"Finite types ι,κ with Fintype and DecidableEq; real c on ι.",Padding a coefficient family with any finite set of zero coefficients preserves its average.,propext; Classical.choice; Quot.sound,"The finite Rademacher statement itself has no unformalized mathematical dependency beyond the compiled pinned libraries.; Its application to convex-body boundary laws, exposed-point circuits, rank-two decomposition, and the full v4 equality classification is not formalized.","Mxym.Rademacher.mean_sum_zero.{u_1, u_2} {ι : Type u_1} {κ : Type u_2} [Fintype ι] [Fintype κ] [DecidableEq ι]
  [DecidableEq κ] (c : ι → ℝ) : Mxym.Rademacher.mean (Sum.elim c fun (x : κ) => 0) = Mxym.Rademacher.mean c"
Mxym.Rademacher.mean_restrict,Mxym/RademacherEquality.lean,entry005 v4 §2 Lemma 2.1,helper,"Finite index type, real coefficients; Fintype and DecidableEq instances as printed in the exact signature. A decidable predicate p; c_i=0 whenever not p(i).",Restricting to a set containing the support preserves the average.,propext; Classical.choice; Quot.sound,"The finite Rademacher statement itself has no unformalized mathematical dependency beyond the compiled pinned libraries.; Its application to convex-body boundary laws, exposed-point circuits, rank-two decomposition, and the full v4 equality classification is not formalized.","Mxym.Rademacher.mean_restrict.{u_1} {ι : Type u_1} [Fintype ι] [DecidableEq ι] (c : ι → ℝ) (p : ι → Prop)
  [DecidablePred p] (hc : ∀ (i : ι), ¬p i → c i = 0) :
  Mxym.Rademacher.mean c = Mxym.Rademacher.mean fun (i : { i : ι // p i }) => c ↑i"
Mxym.Rademacher.sum_signs_succ,Mxym/RademacherEquality.lean,entry005 v4 §2 Lemma 2.1,helper,Any n:Nat and any real function on Fin(n+1)→Bool.,Exact finite sign-sum recursion into the true and false first-coordinate cases.,propext; Classical.choice; Quot.sound,"The finite Rademacher statement itself has no unformalized mathematical dependency beyond the compiled pinned libraries.; Its application to convex-body boundary laws, exposed-point circuits, rank-two decomposition, and the full v4 equality classification is not formalized.","Mxym.Rademacher.sum_signs_succ {n : ℕ} (f : (Fin (n + 1) → Bool) → ℝ) :
  ∑ ε : Fin (n + 1) → Bool, f ε = ∑ ε : Fin n → Bool, f (Fin.cons true ε) + ∑ ε : Fin n → Bool, f (Fin.cons false ε)"
Mxym.Rademacher.mean_three_nonneg,Mxym/RademacherEquality.lean,entry005 v3 §6 Lemma 6.1 / (6.1); v4 §2 (2.2); entry005 v4 §2 Lemma 2.1,paper three-variable identity,"Real a,b,c ≥0 with a≤b+c, b≤a+c, c≤a+b.",The three-coefficient sign average equals (a+b+c)/2; signs are enumerated through proven finite equivalences.,propext; Classical.choice; Quot.sound,"The finite Rademacher statement itself has no unformalized mathematical dependency beyond the compiled pinned libraries.; Its application to convex-body boundary laws, exposed-point circuits, rank-two decomposition, and the full v4 equality classification is not formalized.","Mxym.Rademacher.mean_three_nonneg (a b c : ℝ) (ha : 0 ≤ a) (hb : 0 ≤ b) (hc : 0 ≤ c) (ha' : a ≤ b + c) (hb' : b ≤ a + c)
  (hc' : c ≤ a + b) : Mxym.Rademacher.mean ![a, b, c] = (a + b + c) / 2"
Mxym.Rademacher.mean_four_quarters,Mxym/RademacherEquality.lean,"entry005 v4 §2 Lemma 2.1, strictness witness",paper strictness witness,"Exactly four coefficients, each 1/4.","Exact kernel-checked value 3/8, without native_decide.",propext; Classical.choice; Quot.sound,"The finite Rademacher statement itself has no unformalized mathematical dependency beyond the compiled pinned libraries.; Its application to convex-body boundary laws, exposed-point circuits, rank-two decomposition, and the full v4 equality classification is not formalized.",Mxym.Rademacher.mean_four_quarters : (Mxym.Rademacher.mean fun (x : Fin 4) => 1 / 4) = 3 / 8
Mxym.Rademacher.normalized_strict_positive,Mxym/RademacherEquality.lean,entry005 v4 §2 Lemma 2.1,paper strictness mechanism,"Finite index type, real coefficients; Fintype and DecidableEq instances as printed in the exact signature. t lies in balancedPolytope: every 0 ≤ t_i ≤ 1/2 and sum_i t_i = 1. All t_i>0, all t_i<1/2, and card(ι)≥4.",Strict inequality mean(t)<1/2 using an explicit convex mixture with the four-quarter witness.,propext; Classical.choice; Quot.sound,"The finite Rademacher statement itself has no unformalized mathematical dependency beyond the compiled pinned libraries.; Its application to convex-body boundary laws, exposed-point circuits, rank-two decomposition, and the full v4 equality classification is not formalized.","Mxym.Rademacher.normalized_strict_positive.{u_1} {ι : Type u_1} [Fintype ι] [DecidableEq ι] (t : ι → ℝ)
  (ht : t ∈ Mxym.Rademacher.balancedPolytope) (hpos : ∀ (i : ι), 0 < t i) (hlt : ∀ (i : ι), t i < 1 / 2)
  (hcard : 4 ≤ Fintype.card ι) : Mxym.Rademacher.mean t < 1 / 2"
Mxym.Rademacher.restrict_balanced,Mxym/RademacherEquality.lean,entry005 v4 §2 Lemma 2.1,helper,Finite real family t with t lies in balancedPolytope: every 0 ≤ t_i ≤ 1/2 and sum_i t_i = 1.,Restricting to nonzero coordinates preserves the normalized constraints.,propext; Classical.choice; Quot.sound,"The finite Rademacher statement itself has no unformalized mathematical dependency beyond the compiled pinned libraries.; Its application to convex-body boundary laws, exposed-point circuits, rank-two decomposition, and the full v4 equality classification is not formalized.","Mxym.Rademacher.restrict_balanced.{u_1} {ι : Type u_1} [Fintype ι] (t : ι → ℝ)
  (ht : t ∈ Mxym.Rademacher.balancedPolytope) :
  (fun (i : { i : ι // t i ≠ 0 }) => t ↑i) ∈ Mxym.Rademacher.balancedPolytope"
Mxym.Rademacher.normalized_strict,Mxym/RademacherEquality.lean,entry005 v4 §2 Lemma 2.1,paper strictness mechanism,"Finite index type, real coefficients; Fintype and DecidableEq instances as printed in the exact signature. t lies in balancedPolytope: every 0 ≤ t_i ≤ 1/2 and sum_i t_i = 1. All t_i<1/2 and at least four nonzero coordinates.",Strict inequality after reduction to the support.,propext; Classical.choice; Quot.sound,"The finite Rademacher statement itself has no unformalized mathematical dependency beyond the compiled pinned libraries.; Its application to convex-body boundary laws, exposed-point circuits, rank-two decomposition, and the full v4 equality classification is not formalized.","Mxym.Rademacher.normalized_strict.{u_1} {ι : Type u_1} [Fintype ι] [DecidableEq ι] (t : ι → ℝ)
  (ht : t ∈ Mxym.Rademacher.balancedPolytope) (hlt : ∀ (i : ι), t i < 1 / 2)
  (hcard : 4 ≤ Fintype.card { i : ι // t i ≠ 0 }) : Mxym.Rademacher.mean t < 1 / 2"
Mxym.Rademacher.normalized_small_finite,Mxym/RademacherEquality.lean,entry005 v4 §2 Lemma 2.1,helper,v:Fin(n)→Real lies in balancedPolytope and n≤3.,Exact equality for a normalized family with at most three coordinates; impossible low-dimensional normalized cases are handled by their hypotheses.,propext; Classical.choice; Quot.sound,"The finite Rademacher statement itself has no unformalized mathematical dependency beyond the compiled pinned libraries.; Its application to convex-body boundary laws, exposed-point circuits, rank-two decomposition, and the full v4 equality classification is not formalized.","Mxym.Rademacher.normalized_small_finite {n : ℕ} (v : Fin n → ℝ) (hv : v ∈ Mxym.Rademacher.balancedPolytope)
  (hn : n ≤ 3) : Mxym.Rademacher.mean v = 1 / 2"
Mxym.Rademacher.normalized_small_support,Mxym/RademacherEquality.lean,entry005 v4 §2 Lemma 2.1,paper equality mechanism,"Finite index type, real coefficients; Fintype and DecidableEq instances as printed in the exact signature. t lies in balancedPolytope: every 0 ≤ t_i ≤ 1/2 and sum_i t_i = 1. At most three nonzero coordinates.",Exact equality for normalized families with small support.,propext; Classical.choice; Quot.sound,"The finite Rademacher statement itself has no unformalized mathematical dependency beyond the compiled pinned libraries.; Its application to convex-body boundary laws, exposed-point circuits, rank-two decomposition, and the full v4 equality classification is not formalized.","Mxym.Rademacher.normalized_small_support.{u_1} {ι : Type u_1} [Fintype ι] [DecidableEq ι] (t : ι → ℝ)
  (ht : t ∈ Mxym.Rademacher.balancedPolytope) (hcard : Fintype.card { i : ι // t i ≠ 0 } ≤ 3) :
  Mxym.Rademacher.mean t = 1 / 2"
Mxym.Rademacher.normalized_equality_iff,Mxym/RademacherEquality.lean,entry005 v4 §2 Lemma 2.1,normalized paper statement,"Finite index type, real coefficients; Fintype and DecidableEq instances as printed in the exact signature. t lies in balancedPolytope: every 0 ≤ t_i ≤ 1/2 and sum_i t_i = 1.",mean(t)=1/2 iff at most three coordinates are nonzero or a coordinate equals 1/2.,propext; Classical.choice; Quot.sound,"The finite Rademacher statement itself has no unformalized mathematical dependency beyond the compiled pinned libraries.; Its application to convex-body boundary laws, exposed-point circuits, rank-two decomposition, and the full v4 equality classification is not formalized.","Mxym.Rademacher.normalized_equality_iff.{u_1} {ι : Type u_1} [Fintype ι] [DecidableEq ι] (t : ι → ℝ)
  (ht : t ∈ Mxym.Rademacher.balancedPolytope) :
  Mxym.Rademacher.mean t = 1 / 2 ↔ Fintype.card { i : ι // t i ≠ 0 } ≤ 3 ∨ ∃ (i : ι), t i = 1 / 2"
Mxym.Rademacher.balanced_equality_iff,Mxym/RademacherEquality.lean,entry005 v4 §2 Lemma 2.1,complete finite paper statement,"Finite index type, real coefficients; Fintype and DecidableEq instances as printed in the exact signature. Every |c_i| ≤ (sum_j |c_j|)/2; all-zero and empty-index cases are included.","mean(c)=(sum_i |c_i|)/2 iff at most three coefficients are nonzero or one has half the total absolute mass. This is the full published Lemma 2.1, including the zero case.",propext; Classical.choice; Quot.sound,"The finite Rademacher statement itself has no unformalized mathematical dependency beyond the compiled pinned libraries.; Its application to convex-body boundary laws, exposed-point circuits, rank-two decomposition, and the full v4 equality classification is not formalized.","Mxym.Rademacher.balanced_equality_iff.{u_1} {ι : Type u_1} [Fintype ι] [DecidableEq ι] (c : ι → ℝ)
  (hbal : ∀ (i : ι), |c i| ≤ (∑ j : ι, |c j|) / 2) :
  Mxym.Rademacher.mean c = (∑ j : ι, |c j|) / 2 ↔
    Fintype.card { i : ι // c i ≠ 0 } ≤ 3 ∨ ∃ (i : ι), |c i| = (∑ j : ι, |c j|) / 2"
Mxym.Transport.signed_square,Mxym/SignedSquare.lean,"entry001 v5 proof of Lemma lem:minimum, eq:signed-square; entry008 v1 §2 proof of thm:interpolation",complete scalar paper statement,"Any real a,b with a≤b.",(b-a)^2≤2(b|b|-a|a|).,propext; Classical.choice; Quot.sound,"Convex derivative/secant monotonicity, almost-everywhere endpoint legitimacy, minimum-density integration, translation changes of variables, and transport/potential estimates are not formalized.",Mxym.Transport.signed_square (a b : ℝ) (hab : a ≤ b) : (b - a) ^ 2 ≤ 2 * (b * |b| - a * |a|)
Mxym.Transport.signed_square_eq_iff,Mxym/SignedSquare.lean,"entry001 v5 proof of Lemma lem:minimum, eq:signed-square; entry008 v1 §2 proof of thm:interpolation",proved extension,"Any real a,b with a≤b.",Equality in the scalar signed-square bound iff a=b or a=-b; the paper does not assert this extension explicitly.,propext; Classical.choice; Quot.sound,"Convex derivative/secant monotonicity, almost-everywhere endpoint legitimacy, minimum-density integration, translation changes of variables, and transport/potential estimates are not formalized.",Mxym.Transport.signed_square_eq_iff (a b : ℝ) (hab : a ≤ b) : (b - a) ^ 2 = 2 * (b * |b| - a * |a|) ↔ a = b ∨ a = -b
Mxym.Transport.intermediate_square,Mxym/SignedSquare.lean,"entry001 v5 proof of Lemma lem:minimum, eq:signed-square; entry008 v1 §2 proof of thm:interpolation, subsequent pointwise error bound",complete scalar mechanism,"Any real a,q,b with a≤q≤b.",(q-a)^2≤2(b|b|-a|a|). Establishing derivative/secant order analytically is outside this scalar statement.,propext; Classical.choice; Quot.sound,"Convex derivative/secant monotonicity, almost-everywhere endpoint legitimacy, minimum-density integration, translation changes of variables, and transport/potential estimates are not formalized.",Mxym.Transport.intermediate_square (a q b : ℝ) (haq : a ≤ q) (hqb : q ≤ b) : (q - a) ^ 2 ≤ 2 * (b * |b| - a * |a|)
Mxym.Transport.three_term_square,Mxym/SignedSquare.lean,"entry001 v5 proof of Lemma lem:minimum, eq:signed-square; entry008 v1 §2 proof of thm:interpolation, three-term decomposition",complete scalar mechanism,"Any real x,y,z.",(x+y+z)^2≤3(x^2+y^2+z^2).,propext; Classical.choice; Quot.sound,"Convex derivative/secant monotonicity, almost-everywhere endpoint legitimacy, minimum-density integration, translation changes of variables, and transport/potential estimates are not formalized.",Mxym.Transport.three_term_square (x y z : ℝ) : (x + y + z) ^ 2 ≤ 3 * (x ^ 2 + y ^ 2 + z ^ 2)
Mxym.StochasticRigidity.abs_det_le_column_l1_product,Mxym/StochasticRigidity.lean,"mxym/math 72d04aba5744ad940702e88a58073eb126229b6c, notes/integrated-witness-simplex-stability/paper.md, Explicit geometric conversion, prescribed-maximum-simplex stochastic-matrix paragraph.",necessary algebraic helper,"An arbitrary finite index type ι with Fintype and DecidableEq, and a square real matrix A. No nonempty/cardinality premise. No stochastic or sign assumptions.","The absolute determinant is bounded by the product of column l1 norms, proved by the full Leibniz expansion and finite function-product identity.",propext; Classical.choice; Quot.sound,"This is a genuine finite matrix theorem. Construction of a barycentric matrix from actual maximum simplices, proof of stochasticity and determinant versus real simplex-volume correspondence are not supplied.; Cone-law construction, Cauchy/Minkowski identities, integrated witness assignment, same-centroid geometric conversion, full sharp stability assembly and truncation sharpness remain unproved.","Mxym.StochasticRigidity.abs_det_le_column_l1_product.{u_1} {ι : Type u_1} [Fintype ι] [DecidableEq ι]
  (A : Matrix ι ι ℝ) : |A.det| ≤ ∏ j : ι, ∑ i : ι, |A i j|"
Mxym.StochasticRigidity.abs_det_le_column_max,Mxym/StochasticRigidity.lean,"mxym/math 72d04aba5744ad940702e88a58073eb126229b6c, notes/integrated-witness-simplex-stability/paper.md, Explicit geometric conversion, prescribed-maximum-simplex stochastic-matrix paragraph.",necessary stochastic helper,"An arbitrary finite index type ι with Fintype and DecidableEq, and a square real matrix W. No nonempty/cardinality premise. All entries nonnegative and each column sums to one. A chosen column j, a real upper bound m, and every entry in column j <= m.",The absolute determinant is at most every common upper bound on any chosen column; partial-permutation injection is proved.,propext; Classical.choice; Quot.sound,"This is a genuine finite matrix theorem. Construction of a barycentric matrix from actual maximum simplices, proof of stochasticity and determinant versus real simplex-volume correspondence are not supplied.; Cone-law construction, Cauchy/Minkowski identities, integrated witness assignment, same-centroid geometric conversion, full sharp stability assembly and truncation sharpness remain unproved.","Mxym.StochasticRigidity.abs_det_le_column_max.{u_1} {ι : Type u_1} [Fintype ι] [DecidableEq ι] (W : Matrix ι ι ℝ)
  (hnonneg : ∀ (i j : ι), 0 ≤ W i j) (hsum : ∀ (j : ι), ∑ i : ι, W i j = 1) (j : ι) (m : ℝ)
  (hmax : ∀ (i : ι), W i j ≤ m) : |W.det| ≤ m"
Mxym.StochasticRigidity.column_l1_distance,Mxym/StochasticRigidity.lean,"mxym/math 72d04aba5744ad940702e88a58073eb126229b6c, notes/integrated-witness-simplex-stability/paper.md, Explicit geometric conversion, prescribed-maximum-simplex stochastic-matrix paragraph.",exact finite distance identity,"An arbitrary finite index type ι with Fintype and DecidableEq, and a square real matrix W. No nonempty/cardinality premise. All entries nonnegative and each column sums to one. Chosen row i and column j.","The l1 distance from column j to coordinate vector e_i is exactly 2(1-W(i,j)).",propext; Classical.choice; Quot.sound,"This is a genuine finite matrix theorem. Construction of a barycentric matrix from actual maximum simplices, proof of stochasticity and determinant versus real simplex-volume correspondence are not supplied.; Cone-law construction, Cauchy/Minkowski identities, integrated witness assignment, same-centroid geometric conversion, full sharp stability assembly and truncation sharpness remain unproved.","Mxym.StochasticRigidity.column_l1_distance.{u_1} {ι : Type u_1} [Fintype ι] [DecidableEq ι] (W : Matrix ι ι ℝ)
  (hnonneg : ∀ (i j : ι), 0 ≤ W i j) (hsum : ∀ (j : ι), ∑ i : ι, W i j = 1) (i j : ι) :
  ∑ r : ι, |W r j - if r = i then 1 else 0| = 2 * (1 - W i j)"
Mxym.StochasticRigidity.abs_det_le_of_shared_row,Mxym/StochasticRigidity.lean,"mxym/math 72d04aba5744ad940702e88a58073eb126229b6c, notes/integrated-witness-simplex-stability/paper.md, Explicit geometric conversion, prescribed-maximum-simplex stochastic-matrix paragraph.",necessary collision helper,"An arbitrary finite index type ι with Fintype and DecidableEq, and a square real matrix W. No nonempty/cardinality premise. All entries nonnegative and each column sums to one. Distinct columns j,k; common row i; any real δ; both W(i,j),W(i,k)>=1-δ. No smallness or δ>=0 premise.","If two columns concentrate on one row, |det W|<=4δ by a determinant-preserving column difference and the column-l1 product bound.",propext; Classical.choice; Quot.sound,"This is a genuine finite matrix theorem. Construction of a barycentric matrix from actual maximum simplices, proof of stochasticity and determinant versus real simplex-volume correspondence are not supplied.; Cone-law construction, Cauchy/Minkowski identities, integrated witness assignment, same-centroid geometric conversion, full sharp stability assembly and truncation sharpness remain unproved.","Mxym.StochasticRigidity.abs_det_le_of_shared_row.{u_1} {ι : Type u_1} [Fintype ι] [DecidableEq ι] (W : Matrix ι ι ℝ)
  (hnonneg : ∀ (i j : ι), 0 ≤ W i j) (hsum : ∀ (j : ι), ∑ i : ι, W i j = 1) (i j k : ι) (hjk : j ≠ k) (δ : ℝ)
  (hj : 1 - δ ≤ W i j) (hk : 1 - δ ≤ W i k) : |W.det| ≤ 4 * δ"
Mxym.StochasticRigidity.near_permutation_sharp,Mxym/StochasticRigidity.lean,"mxym/math 72d04aba5744ad940702e88a58073eb126229b6c, notes/integrated-witness-simplex-stability/paper.md, Explicit geometric conversion, prescribed-maximum-simplex stochastic-matrix paragraph.",complete finite conversion; stronger constants,"An arbitrary finite index type ι with Fintype and DecidableEq, and a square real matrix W. No nonempty/cardinality premise. All entries nonnegative and each column sums to one. Real δ with 0<=δ<=1/8 and 1-δ<=|det W|. The δ>=0 binder is explicitly present but redundant in this stronger proof.","There is a row permutation σ with W(σ(j),j)>=1-δ and column l1 distance from e_σ(j)<=2δ, simultaneously for every j.",propext; Classical.choice; Quot.sound,"This is a genuine finite matrix theorem. Construction of a barycentric matrix from actual maximum simplices, proof of stochasticity and determinant versus real simplex-volume correspondence are not supplied.; Cone-law construction, Cauchy/Minkowski identities, integrated witness assignment, same-centroid geometric conversion, full sharp stability assembly and truncation sharpness remain unproved.","Mxym.StochasticRigidity.near_permutation_sharp.{u_1} {ι : Type u_1} [Fintype ι] [DecidableEq ι] (W : Matrix ι ι ℝ)
  (hnonneg : ∀ (i j : ι), 0 ≤ W i j) (hsum : ∀ (j : ι), ∑ i : ι, W i j = 1) (δ : ℝ) (_hδ0 : 0 ≤ δ) (hδ : δ ≤ 1 / 8)
  (hdet : 1 - δ ≤ |W.det|) :
  ∃ (σ : Equiv.Perm ι), ∀ (j : ι), 1 - δ ≤ W (σ j) j ∧ ∑ i : ι, |W i j - if i = σ j then 1 else 0| ≤ 2 * δ"
Mxym.StochasticRigidity.near_permutation,Mxym/StochasticRigidity.lean,"mxym/math 72d04aba5744ad940702e88a58073eb126229b6c, notes/integrated-witness-simplex-stability/paper.md, Explicit geometric conversion, prescribed-maximum-simplex stochastic-matrix paragraph.",complete requested finite paper conversion,"An arbitrary finite index type ι with Fintype and DecidableEq, and a square real matrix W. No nonempty/cardinality premise. All entries nonnegative and each column sums to one. Real δ with 0<=δ<=1/8 and 1-δ<=|det W|.","There is a row permutation σ with W(σ(j),j)>=1-2δ and column l1 distance from e_σ(j)<=4δ, simultaneously for every j.",propext; Classical.choice; Quot.sound,"This is a genuine finite matrix theorem. Construction of a barycentric matrix from actual maximum simplices, proof of stochasticity and determinant versus real simplex-volume correspondence are not supplied.; Cone-law construction, Cauchy/Minkowski identities, integrated witness assignment, same-centroid geometric conversion, full sharp stability assembly and truncation sharpness remain unproved.","Mxym.StochasticRigidity.near_permutation.{u_1} {ι : Type u_1} [Fintype ι] [DecidableEq ι] (W : Matrix ι ι ℝ)
  (hnonneg : ∀ (i j : ι), 0 ≤ W i j) (hsum : ∀ (j : ι), ∑ i : ι, W i j = 1) (δ : ℝ) (hδ0 : 0 ≤ δ) (hδ : δ ≤ 1 / 8)
  (hdet : 1 - δ ≤ |W.det|) :
  ∃ (σ : Equiv.Perm ι), ∀ (j : ι), 1 - 2 * δ ≤ W (σ j) j ∧ ∑ i : ι, |W i j - if i = σ j then 1 else 0| ≤ 4 * δ"
Mxym.StochasticRigidity.exact_permutation,Mxym/StochasticRigidity.lean,"mxym/math 72d04aba5744ad940702e88a58073eb126229b6c, notes/integrated-witness-simplex-stability/paper.md, Explicit geometric conversion, prescribed-maximum-simplex stochastic-matrix paragraph.",complete zero-defect endpoint,"An arbitrary finite index type ι with Fintype and DecidableEq, and a square real matrix W. No nonempty/cardinality premise. All entries nonnegative and each column sums to one. 1<=|det W|; no other determinant, rank or invertibility hypothesis.","W is exactly a permutation matrix: W(i,j)=1 if i=σ(j), and zero otherwise for one permutation σ.",propext; Classical.choice; Quot.sound,"This is a genuine finite matrix theorem. Construction of a barycentric matrix from actual maximum simplices, proof of stochasticity and determinant versus real simplex-volume correspondence are not supplied.; Cone-law construction, Cauchy/Minkowski identities, integrated witness assignment, same-centroid geometric conversion, full sharp stability assembly and truncation sharpness remain unproved.","Mxym.StochasticRigidity.exact_permutation.{u_1} {ι : Type u_1} [Fintype ι] [DecidableEq ι] (W : Matrix ι ι ℝ)
  (hnonneg : ∀ (i j : ι), 0 ≤ W i j) (hsum : ∀ (j : ι), ∑ i : ι, W i j = 1) (hdet : 1 ≤ |W.det|) :
  ∃ (σ : Equiv.Perm ι), ∀ (i j : ι), W i j = if i = σ j then 1 else 0"
OAI.Paper092.twice_sum_negative_eq_sum_abs,Mxym/UpstreamCancellation.lean,OpenAI/math lean/OAI/Geometry/ProjectionVolume/ProjectionCoefficients.lean:twice_sum_negative_eq_sum_abs,audited exact upstream reuse,Finite real family v with sum_i v_i=0.,"Twice the total negative mass equals the total absolute mass. This is a finite cancellation identity, not a geometric volume identity.",propext; Classical.choice; Quot.sound,No full upstream geometric theorem is certified here; the excerpt is independent finite/scalar algebra.; Identifying simplexConstant with an actual projection-volume invariant and the geometric product/join laws is not formalized in this project.,"OAI.Paper092.twice_sum_negative_eq_sum_abs.{uι} {ι : Type uι} [Fintype ι] (v : ι → ℝ) (hv : ∑ i : ι, v i = 0) :
  2 * ∑ i : { i : ι // v i < 0 }, -v ↑i = ∑ i : ι, |v i|"
OAI.Paper092.simplex_constant_product_ratio,OAI/Geometry/ProjectionVolume/Arithmetic.lean,OpenAI/math lean/OAI/Geometry/ProjectionVolume/Arithmetic.lean:simplex_constant_product_ratio,audited exact upstream reuse,"Natural r,s>0; simplexConstant(d) is explicitly (d+1)d^d/d!.",Exact factorial/binomial scalar product ratio; no equality with an actual convex-body invariant is asserted here.,propext; Classical.choice; Quot.sound,No full upstream geometric theorem is certified here; the excerpt is independent finite/scalar algebra.; Identifying simplexConstant with an actual projection-volume invariant and the geometric product/join laws is not formalized in this project.,"OAI.Paper092.simplex_constant_product_ratio (r s : ℕ) (hr : 0 < r) (hs : 0 < s) :
  OAI.Paper092.simplexConstant r * OAI.Paper092.simplexConstant s / OAI.Paper092.simplexConstant (r + s) =
    (↑r + 1) * (↑s + 1) / (↑r + ↑s + 1) * ↑((r + s).choose r) * (↑r ^ r * ↑s ^ s / ↑(r + s) ^ (r + s))"
OAI.Paper092.dimension_twenty_ratio,OAI/Geometry/ProjectionVolume/Arithmetic.lean,OpenAI/math lean/OAI/Geometry/ProjectionVolume/Arithmetic.lean:dimension_twenty_ratio,audited exact upstream reuse,No hypotheses; the same explicit scalar definition.,C_10^2/C_20=22355476/22020096 by kernel-checked exact arithmetic.,propext; Classical.choice; Quot.sound,No full upstream geometric theorem is certified here; the excerpt is independent finite/scalar algebra.; Identifying simplexConstant with an actual projection-volume invariant and the geometric product/join laws is not formalized in this project.,"OAI.Paper092.dimension_twenty_ratio :
  OAI.Paper092.simplexConstant 10 * OAI.Paper092.simplexConstant 10 / OAI.Paper092.simplexConstant 20 =
    22355476 / 22020096"
OAI.Paper092.dimension_twenty_strict,OAI/Geometry/ProjectionVolume/Arithmetic.lean,OpenAI/math lean/OAI/Geometry/ProjectionVolume/Arithmetic.lean:dimension_twenty_strict,audited exact upstream reuse,No hypotheses; the same explicit scalar definition.,C_20<C_10^2. This does not itself prove a geometric product or projection-volume formula.,propext; Classical.choice; Quot.sound,No full upstream geometric theorem is certified here; the excerpt is independent finite/scalar algebra.; Identifying simplexConstant with an actual projection-volume invariant and the geometric product/join laws is not formalized in this project.,"OAI.Paper092.dimension_twenty_strict :
  OAI.Paper092.simplexConstant 20 < OAI.Paper092.simplexConstant 10 * OAI.Paper092.simplexConstant 10"
Entry005.euclidean_unit_ball_cube,Entry005/BallVolume.lean,"mxym/math 3a1dbb9bab7ef72db726e8221deec925e0938c8d, notes/sharp-simplex-stability/proof.tex (snapshot references/projection-cap/public-proof.tex), Projection-cap proof, lines 380–384 (cube inside the intrinsic unit ball after rescaling).",proved Euclidean volume helper,An integer m ≥ 1; actual EuclideanSpace ℝ (Fin m) with its canonical Euclidean volume.,"Proves ENNReal.ofReal((2/m)^m) ≤ volume(closedBall(0,1)). The coordinate cube [−1/m,1/m]^m is proved to lie in the Euclidean unit ball; its actual product-box measure is transported by the volume-preserving PiLp map. No synthetic volume or exact unit-ball volume formula is assumed.",propext; Classical.choice; Quot.sound,"Applying the cap chain to the entry005 defect remains unproved: arbitrary-body cone-law and random-determinant representation; nonatomic integrated witness/assignment and polar-simplex centering/weights; Cauchy brightness; Minkowski/first-variation scale control yielding an actual uniform intrinsic projection deficit η = Jh ≤ JQ(d+1)entryDefect(K). These are application obligations, not extra assumptions of this export.; Completing sharp simplex stability remains unproved: affine invariance and normalization of every maximum inscribed simplex; actual simplex-matrix/Lebesgue-volume correspondence; shrink containment, maximality and the geometric invocation of the proved stochastic lemma; vertex matching and dilation about the original chosen simplex centroid; defect nonnegativity, exact threshold gate and local/global assembly.","Entry005.euclidean_unit_ball_cube (m : ℕ) (hm : 1 ≤ m) :
  ENNReal.ofReal ((2 / ↑m) ^ m) ≤ MeasureTheory.volume (Metric.closedBall 0 1)"
Entry005.unit_ball_cube,Entry005/BallVolume.lean,"mxym/math 3a1dbb9bab7ef72db726e8221deec925e0938c8d, notes/sharp-simplex-stability/proof.tex (snapshot references/projection-cap/public-proof.tex), Projection-cap proof, lines 368–370 and 380–384 (intrinsic dimension m and cube lower bound).",proved intrinsic volume helper,"A finite-dimensional real inner product space E (NormedAddCommGroup, InnerProductSpace ℝ, and FiniteDimensional ℝ). A measurable space with its Borel-space instance; volume is canonical Euclidean Haar volume. The dimension m = finrank ℝ E satisfies m ≥ 1.","Proves ENNReal.ofReal((2/m)^m) ≤ volume(closedBall(0:E,1)) for the actual intrinsic volume. It transports the Euclidean cube bound through a volume-preserving orthonormal-coordinate isometry.",propext; Classical.choice; Quot.sound,"Applying the cap chain to the entry005 defect remains unproved: arbitrary-body cone-law and random-determinant representation; nonatomic integrated witness/assignment and polar-simplex centering/weights; Cauchy brightness; Minkowski/first-variation scale control yielding an actual uniform intrinsic projection deficit η = Jh ≤ JQ(d+1)entryDefect(K). These are application obligations, not extra assumptions of this export.; Completing sharp simplex stability remains unproved: affine invariance and normalization of every maximum inscribed simplex; actual simplex-matrix/Lebesgue-volume correspondence; shrink containment, maximality and the geometric invocation of the proved stochastic lemma; vertex matching and dilation about the original chosen simplex centroid; defect nonnegativity, exact threshold gate and local/global assembly.","Entry005.unit_ball_cube.{u_1} {E : Type u_1} [NormedAddCommGroup E] [InnerProductSpace ℝ E] [FiniteDimensional ℝ E]
  [MeasurableSpace E] [BorelSpace E] (hm : 1 ≤ Module.finrank ℝ E) :
  ENNReal.ofReal ((2 / ↑(Module.finrank ℝ E)) ^ Module.finrank ℝ E) ≤ MeasureTheory.volume (Metric.closedBall 0 1)"
Entry005.closest_support,Entry005/Cap.lean,"mxym/math 3a1dbb9bab7ef72db726e8221deec925e0938c8d, notes/sharp-simplex-stability/proof.tex (snapshot references/projection-cap/public-proof.tex), Projection-cap proof, lines 362–365 (closest point and supporting unit normal).",proved geometric support helper,"A real inner product space E (NormedAddCommGroup and InnerProductSpace ℝ). K is a nonempty complete convex subset of E; q ∉ K. No finite-dimensionality, enclosing body, ball, projection-deficit or supporting-normal assumption.","Produces k ∈ K and a unit normal n with s = ‖q−k‖ > 0, inner(n,q)−inner(n,k)=s, inner(n,x) ≤ inner(n,k) for every x ∈ K, and ‖q−k‖ ≤ ‖q−x‖ for every x ∈ K. The nearest point and whole-set supporting inequality are derived.",propext; Classical.choice; Quot.sound,"Applying the cap chain to the entry005 defect remains unproved: arbitrary-body cone-law and random-determinant representation; nonatomic integrated witness/assignment and polar-simplex centering/weights; Cauchy brightness; Minkowski/first-variation scale control yielding an actual uniform intrinsic projection deficit η = Jh ≤ JQ(d+1)entryDefect(K). These are application obligations, not extra assumptions of this export.; Completing sharp simplex stability remains unproved: affine invariance and normalization of every maximum inscribed simplex; actual simplex-matrix/Lebesgue-volume correspondence; shrink containment, maximality and the geometric invocation of the proved stochastic lemma; vertex matching and dilation about the original chosen simplex centroid; defect nonnegativity, exact threshold gate and local/global assembly.","Entry005.closest_support.{u_1} {E : Type u_1} [NormedAddCommGroup E] [InnerProductSpace ℝ E] (K : Set E)
  (hK : Convex ℝ K) (hc : IsComplete K) (hne : K.Nonempty) (q : E) (hq : q ∉ K) :
  ∃ k ∈ K,
    ∃ (n : E),
      0 < ‖q - k‖ ∧
        ‖n‖ = 1 ∧
          inner ℝ n q - inner ℝ n k = ‖q - k‖ ∧ (∀ x ∈ K, inner ℝ n x ≤ inner ℝ n k) ∧ ∀ x ∈ K, ‖q - k‖ ≤ ‖q - x‖"
Entry005.cap_ball,Entry005/Cap.lean,"mxym/math 3a1dbb9bab7ef72db726e8221deec925e0938c8d, notes/sharp-simplex-stability/proof.tex (snapshot references/projection-cap/public-proof.tex), Projection-cap proof, lines 373–379 (actual disjoint cap ball).",proved geometric cap construction,"A real inner product space E (NormedAddCommGroup and InnerProductSpace ℝ). Actual sets K,P; P convex and containing the closed unit ball; q ∈ P; ‖n‖=1; M ≥ 0; ‖q‖ ≤ M; 0 < s ≤ M; inner(n,q)−inner(n,k)=s; every x ∈ K satisfies inner(n,x) ≤ inner(n,k). No convexity/completeness of K or inclusion K ⊆ P is required by this helper.","For τ=s/[2(M+1)], proves closedBall((1−τ)q,τ) ⊆ P and disjointness of this actual ball from K. The support gap is a stated helper input; the terminal nested-body/projection theorems derive it.",propext; Classical.choice; Quot.sound,"Applying the cap chain to the entry005 defect remains unproved: arbitrary-body cone-law and random-determinant representation; nonatomic integrated witness/assignment and polar-simplex centering/weights; Cauchy brightness; Minkowski/first-variation scale control yielding an actual uniform intrinsic projection deficit η = Jh ≤ JQ(d+1)entryDefect(K). These are application obligations, not extra assumptions of this export.; Completing sharp simplex stability remains unproved: affine invariance and normalization of every maximum inscribed simplex; actual simplex-matrix/Lebesgue-volume correspondence; shrink containment, maximality and the geometric invocation of the proved stochastic lemma; vertex matching and dilation about the original chosen simplex centroid; defect nonnegativity, exact threshold gate and local/global assembly.","Entry005.cap_ball.{u_1} {E : Type u_1} [NormedAddCommGroup E] [InnerProductSpace ℝ E] (K P : Set E) (n q k : E)
  (M s : ℝ) (hP : Convex ℝ P) (hball : Metric.closedBall 0 1 ⊆ P) (hq : q ∈ P) (hn : ‖n‖ = 1) (hM : 0 ≤ M)
  (hqM : ‖q‖ ≤ M) (hs : 0 < s) (hsM : s ≤ M) (hgap : inner ℝ n q - inner ℝ n k = s)
  (hsep : ∀ x ∈ K, inner ℝ n x ≤ inner ℝ n k) :
  have τ := s / (2 * (M + 1));
  Metric.closedBall ((1 - τ) • q) τ ⊆ P ∧ Disjoint K (Metric.closedBall ((1 - τ) • q) τ)"
Entry005.cap_measure_gain,Entry005/Cap.lean,"mxym/math 3a1dbb9bab7ef72db726e8221deec925e0938c8d, notes/sharp-simplex-stability/proof.tex (snapshot references/projection-cap/public-proof.tex), Projection-cap proof, lines 373–384 (cap inclusion, disjoint additivity and actual volume gain).",proved Haar-volume cap helper,"A finite-dimensional real inner product space E (NormedAddCommGroup, InnerProductSpace ℝ, and FiniteDimensional ℝ). A measurable space with its Borel-space instance; volume is canonical Euclidean Haar volume. Any additive Haar measure μ on E. Actual sets K ⊆ P, P convex and containing the closed unit ball, q ∈ P, ‖n‖=1, M ≥ 0, ‖q‖ ≤ M, 0 < s ≤ M, exact supporting gap inner(n,q)−inner(n,k)=s, and inner(n,x) ≤ inner(n,k) for all x ∈ K.","Proves μ(K)+ENNReal.ofReal((s/[2(M+1)])^finrank(ℝ,E)) μ(closedBall(0,1)) ≤ μ(P). The summand is the Haar measure of the actual constructed disjoint cap ball, derived using Haar scaling and measure additivity; it is not a conclusion-shaped assumed gain.",propext; Classical.choice; Quot.sound,"Applying the cap chain to the entry005 defect remains unproved: arbitrary-body cone-law and random-determinant representation; nonatomic integrated witness/assignment and polar-simplex centering/weights; Cauchy brightness; Minkowski/first-variation scale control yielding an actual uniform intrinsic projection deficit η = Jh ≤ JQ(d+1)entryDefect(K). These are application obligations, not extra assumptions of this export.; Completing sharp simplex stability remains unproved: affine invariance and normalization of every maximum inscribed simplex; actual simplex-matrix/Lebesgue-volume correspondence; shrink containment, maximality and the geometric invocation of the proved stochastic lemma; vertex matching and dilation about the original chosen simplex centroid; defect nonnegativity, exact threshold gate and local/global assembly.","Entry005.cap_measure_gain.{u_1} {E : Type u_1} [NormedAddCommGroup E] [InnerProductSpace ℝ E] [MeasurableSpace E]
  [BorelSpace E] [FiniteDimensional ℝ E] (μ : MeasureTheory.Measure E) [μ.IsAddHaarMeasure] (K P : Set E) (n q k : E)
  (M s : ℝ) (hKP : K ⊆ P) (hP : Convex ℝ P) (hball : Metric.closedBall 0 1 ⊆ P) (hq : q ∈ P) (hn : ‖n‖ = 1) (hM : 0 ≤ M)
  (hqM : ‖q‖ ≤ M) (hs : 0 < s) (hsM : s ≤ M) (hgap : inner ℝ n q - inner ℝ n k = s)
  (hsep : ∀ x ∈ K, inner ℝ n x ≤ inner ℝ n k) :
  μ K + ENNReal.ofReal ((s / (2 * (M + 1))) ^ Module.finrank ℝ E) * μ (Metric.closedBall 0 1) ≤ μ P"
Entry005.nested_body_cap_gain,Entry005/Cap.lean,"mxym/math 3a1dbb9bab7ef72db726e8221deec925e0938c8d, notes/sharp-simplex-stability/proof.tex (snapshot references/projection-cap/public-proof.tex), Projection-cap proof, lines 362–365 and 373–384 (support construction followed by actual cap-volume gain).",proved nested-body cap-volume theorem,"A finite-dimensional real inner product space E (NormedAddCommGroup, InnerProductSpace ℝ, and FiniteDimensional ℝ). A measurable space with its Borel-space instance; volume is canonical Euclidean Haar volume. Genuine compact nonempty convex bodies K,P; M ≥ 0; closed unit ball B ⊆ K ⊆ P ⊆ closedBall(0,M); q ∈ P and q ∉ K. Any additive Haar measure μ on E. No assumed nearest point, normal, cap inequality or projection deficit.","Produces a closest k ∈ K and proves μ(K)+ENNReal.ofReal((‖q−k‖/[2(M+1)])^finrank(ℝ,E)) μ(B) ≤ μ(P). The supporting normal and gap are derived from compact convex K, and ‖q−k‖ ≤ M follows by comparing with 0 ∈ K.",propext; Classical.choice; Quot.sound,"Applying the cap chain to the entry005 defect remains unproved: arbitrary-body cone-law and random-determinant representation; nonatomic integrated witness/assignment and polar-simplex centering/weights; Cauchy brightness; Minkowski/first-variation scale control yielding an actual uniform intrinsic projection deficit η = Jh ≤ JQ(d+1)entryDefect(K). These are application obligations, not extra assumptions of this export.; Completing sharp simplex stability remains unproved: affine invariance and normalization of every maximum inscribed simplex; actual simplex-matrix/Lebesgue-volume correspondence; shrink containment, maximality and the geometric invocation of the proved stochastic lemma; vertex matching and dilation about the original chosen simplex centroid; defect nonnegativity, exact threshold gate and local/global assembly.","Entry005.nested_body_cap_gain.{u_1} {E : Type u_1} [NormedAddCommGroup E] [InnerProductSpace ℝ E] [MeasurableSpace E]
  [BorelSpace E] [FiniteDimensional ℝ E] (μ : MeasureTheory.Measure E) [μ.IsAddHaarMeasure] (K P : ConvexBody E) (M : ℝ)
  (hM : 0 ≤ M) (hball : Metric.closedBall 0 1 ⊆ ↑K) (hKP : K ≤ P) (hPM : ↑P ⊆ Metric.closedBall 0 M) (q : E)
  (hq : q ∈ P) (hqK : q ∉ K) :
  ∃ k ∈ K,
    (∀ x ∈ K, ‖q - k‖ ≤ ‖q - x‖) ∧
      μ ↑K + ENNReal.ofReal ((‖q - k‖ / (2 * (M + 1))) ^ Module.finrank ℝ E) * μ (Metric.closedBall 0 1) ≤ μ ↑P"
Entry005.R0_pos,Entry005/Constants.lean,"mxym/math 3a1dbb9bab7ef72db726e8221deec925e0938c8d, notes/sharp-simplex-stability/proof.tex (snapshot references/projection-cap/public-proof.tex), Definitions and explicit constants, lines 57 and 72.",proved constant positivity only,A natural dimension d with 1 ≤ d; the constants are the concrete real expressions in Entry005.Constants. No geometric or defect assumptions.,"Proves 0 < R0(d)=d(d+1). This proves positivity only, not the sharp stability estimate, the threshold inequality, a best-possible multiplicative constant, or truncation sharpness.",propext; Classical.choice; Quot.sound,"Only the displayed constant positivity is proved. The exact dimension-only gate aSharp(d) * eSharp(d)^(1/(d−1)) ≤ 1/2 for d ≥ 3, and the local/global sharp-stability assembly, remain unproved. thresholdGateGoal is a proposed, independently typechecked Prop definition, not an exported theorem and not an added premise of sharpLocalGoal.; The positivity result does not establish the upstream arbitrary-body cone law, nonatomic integrated assignment, Cauchy/Minkowski projection-deficit bridge, maximum-simplex normalization, or actual simplex-matrix/volume and original-centroid conversion.",Entry005.R0_pos {d : ℕ} (hd : 1 ≤ d) : 0 < Entry005.R0 d
Entry005.b_pos,Entry005/Constants.lean,"mxym/math 3a1dbb9bab7ef72db726e8221deec925e0938c8d, notes/sharp-simplex-stability/proof.tex (snapshot references/projection-cap/public-proof.tex), Definitions and explicit constants, lines 58 and 72.",proved constant positivity only,A natural dimension d with 1 ≤ d; the constants are the concrete real expressions in Entry005.Constants. No geometric or defect assumptions.,"Proves 0 < b(d)=1/[4(dR0(d))^d]. This proves positivity only, not the sharp stability estimate, the threshold inequality, a best-possible multiplicative constant, or truncation sharpness.",propext; Classical.choice; Quot.sound,"Only the displayed constant positivity is proved. The exact dimension-only gate aSharp(d) * eSharp(d)^(1/(d−1)) ≤ 1/2 for d ≥ 3, and the local/global sharp-stability assembly, remain unproved. thresholdGateGoal is a proposed, independently typechecked Prop definition, not an exported theorem and not an added premise of sharpLocalGoal.; The positivity result does not establish the upstream arbitrary-body cone law, nonatomic integrated assignment, Cauchy/Minkowski projection-deficit bridge, maximum-simplex normalization, or actual simplex-matrix/volume and original-centroid conversion.",Entry005.b_pos {d : ℕ} (hd : 1 ≤ d) : 0 < Entry005.b d
Entry005.M_pos,Entry005/Constants.lean,"mxym/math 3a1dbb9bab7ef72db726e8221deec925e0938c8d, notes/sharp-simplex-stability/proof.tex (snapshot references/projection-cap/public-proof.tex), Definitions and explicit constants, lines 59 and 72.",proved constant positivity only,A natural dimension d with 1 ≤ d; the constants are the concrete real expressions in Entry005.Constants. No geometric or defect assumptions.,"Proves 0 < M(d)=1/b(d). This proves positivity only, not the sharp stability estimate, the threshold inequality, a best-possible multiplicative constant, or truncation sharpness.",propext; Classical.choice; Quot.sound,"Only the displayed constant positivity is proved. The exact dimension-only gate aSharp(d) * eSharp(d)^(1/(d−1)) ≤ 1/2 for d ≥ 3, and the local/global sharp-stability assembly, remain unproved. thresholdGateGoal is a proposed, independently typechecked Prop definition, not an exported theorem and not an added premise of sharpLocalGoal.; The positivity result does not establish the upstream arbitrary-body cone law, nonatomic integrated assignment, Cauchy/Minkowski projection-deficit bridge, maximum-simplex normalization, or actual simplex-matrix/volume and original-centroid conversion.",Entry005.M_pos {d : ℕ} (hd : 1 ≤ d) : 0 < Entry005.M d
Entry005.Q_pos,Entry005/Constants.lean,"mxym/math 3a1dbb9bab7ef72db726e8221deec925e0938c8d, notes/sharp-simplex-stability/proof.tex (snapshot references/projection-cap/public-proof.tex), Definitions and explicit constants, lines 60 and 72.",proved constant positivity only,A natural dimension d with 1 ≤ d; the constants are the concrete real expressions in Entry005.Constants. No geometric or defect assumptions.,"Proves 0 < Q(d)=(d+1)(d+2)8^d M(d)^(4d), exactly the written b(d)^(−4d) expression. This proves positivity only, not the sharp stability estimate, the threshold inequality, a best-possible multiplicative constant, or truncation sharpness.",propext; Classical.choice; Quot.sound,"Only the displayed constant positivity is proved. The exact dimension-only gate aSharp(d) * eSharp(d)^(1/(d−1)) ≤ 1/2 for d ≥ 3, and the local/global sharp-stability assembly, remain unproved. thresholdGateGoal is a proposed, independently typechecked Prop definition, not an exported theorem and not an added premise of sharpLocalGoal.; The positivity result does not establish the upstream arbitrary-body cone law, nonatomic integrated assignment, Cauchy/Minkowski projection-deficit bridge, maximum-simplex normalization, or actual simplex-matrix/volume and original-centroid conversion.",Entry005.Q_pos {d : ℕ} (hd : 1 ≤ d) : 0 < Entry005.Q d
Entry005.L_pos,Entry005/Constants.lean,"mxym/math 3a1dbb9bab7ef72db726e8221deec925e0938c8d, notes/sharp-simplex-stability/proof.tex (snapshot references/projection-cap/public-proof.tex), Definitions and explicit constants, lines 61–62 and 72.",proved constant positivity only,A natural dimension d with 2 ≤ d; the constants are the concrete real expressions in Entry005.Constants. No geometric or defect assumptions.,"Proves 0 < L(d)=(d−1)(M(d)+1). This proves positivity only, not the sharp stability estimate, the threshold inequality, a best-possible multiplicative constant, or truncation sharpness.",propext; Classical.choice; Quot.sound,"Only the displayed constant positivity is proved. The exact dimension-only gate aSharp(d) * eSharp(d)^(1/(d−1)) ≤ 1/2 for d ≥ 3, and the local/global sharp-stability assembly, remain unproved. thresholdGateGoal is a proposed, independently typechecked Prop definition, not an exported theorem and not an added premise of sharpLocalGoal.; The positivity result does not establish the upstream arbitrary-body cone law, nonatomic integrated assignment, Cauchy/Minkowski projection-deficit bridge, maximum-simplex normalization, or actual simplex-matrix/volume and original-centroid conversion.",Entry005.L_pos {d : ℕ} (hd : 2 ≤ d) : 0 < Entry005.L d
Entry005.J_pos,Entry005/Constants.lean,"mxym/math 3a1dbb9bab7ef72db726e8221deec925e0938c8d, notes/sharp-simplex-stability/proof.tex (snapshot references/projection-cap/public-proof.tex), Definitions and explicit constants, lines 63–64 and 72.",proved constant positivity only,A natural dimension d with 1 ≤ d; the constants are the concrete real expressions in Entry005.Constants. No geometric or defect assumptions.,"Proves 0 < J(d)=(d/2)(2R0(d))^d[1+M(d)+d·2^(d−1)M(d)]. This proves positivity only, not the sharp stability estimate, the threshold inequality, a best-possible multiplicative constant, or truncation sharpness.",propext; Classical.choice; Quot.sound,"Only the displayed constant positivity is proved. The exact dimension-only gate aSharp(d) * eSharp(d)^(1/(d−1)) ≤ 1/2 for d ≥ 3, and the local/global sharp-stability assembly, remain unproved. thresholdGateGoal is a proposed, independently typechecked Prop definition, not an exported theorem and not an added premise of sharpLocalGoal.; The positivity result does not establish the upstream arbitrary-body cone law, nonatomic integrated assignment, Cauchy/Minkowski projection-deficit bridge, maximum-simplex normalization, or actual simplex-matrix/volume and original-centroid conversion.",Entry005.J_pos {d : ℕ} (hd : 1 ≤ d) : 0 < Entry005.J d
Entry005.rSharp_pos,Entry005/Constants.lean,"mxym/math 3a1dbb9bab7ef72db726e8221deec925e0938c8d, notes/sharp-simplex-stability/proof.tex (snapshot references/projection-cap/public-proof.tex), Definitions and explicit constants, lines 65–66 and 72.",proved constant positivity only,A natural dimension d with 2 ≤ d; the constants are the concrete real expressions in Entry005.Constants. No geometric or defect assumptions.,"Proves 0 < rSharp(d)=min{b(d), 1/[J(d)(8M(d)dL(d))^(d−1)]}. This proves positivity only, not the sharp stability estimate, the threshold inequality, a best-possible multiplicative constant, or truncation sharpness.",propext; Classical.choice; Quot.sound,"Only the displayed constant positivity is proved. The exact dimension-only gate aSharp(d) * eSharp(d)^(1/(d−1)) ≤ 1/2 for d ≥ 3, and the local/global sharp-stability assembly, remain unproved. thresholdGateGoal is a proposed, independently typechecked Prop definition, not an exported theorem and not an added premise of sharpLocalGoal.; The positivity result does not establish the upstream arbitrary-body cone law, nonatomic integrated assignment, Cauchy/Minkowski projection-deficit bridge, maximum-simplex normalization, or actual simplex-matrix/volume and original-centroid conversion.",Entry005.rSharp_pos {d : ℕ} (hd : 2 ≤ d) : 0 < Entry005.rSharp d
Entry005.eSharp_pos,Entry005/Constants.lean,"mxym/math 3a1dbb9bab7ef72db726e8221deec925e0938c8d, notes/sharp-simplex-stability/proof.tex (snapshot references/projection-cap/public-proof.tex), Definitions and explicit constants, lines 67 and 72.",proved constant positivity only,A natural dimension d with 2 ≤ d; the constants are the concrete real expressions in Entry005.Constants. No geometric or defect assumptions.,"Proves 0 < eSharp(d)=rSharp(d)/[Q(d)(d+1)]. This proves positivity only, not the sharp stability estimate, the threshold inequality, a best-possible multiplicative constant, or truncation sharpness.",propext; Classical.choice; Quot.sound,"Only the displayed constant positivity is proved. The exact dimension-only gate aSharp(d) * eSharp(d)^(1/(d−1)) ≤ 1/2 for d ≥ 3, and the local/global sharp-stability assembly, remain unproved. thresholdGateGoal is a proposed, independently typechecked Prop definition, not an exported theorem and not an added premise of sharpLocalGoal.; The positivity result does not establish the upstream arbitrary-body cone law, nonatomic integrated assignment, Cauchy/Minkowski projection-deficit bridge, maximum-simplex normalization, or actual simplex-matrix/volume and original-centroid conversion.",Entry005.eSharp_pos {d : ℕ} (hd : 2 ≤ d) : 0 < Entry005.eSharp d
Entry005.aSharp_pos,Entry005/Constants.lean,"mxym/math 3a1dbb9bab7ef72db726e8221deec925e0938c8d, notes/sharp-simplex-stability/proof.tex (snapshot references/projection-cap/public-proof.tex), Definitions and explicit constants, lines 68 and 72.",proved constant positivity only,A natural dimension d with 2 ≤ d; the constants are the concrete real expressions in Entry005.Constants. No geometric or defect assumptions.,"Proves 0 < aSharp(d)=4M(d)dL(d)[J(d)Q(d)(d+1)]^(1/(d−1)). This proves positivity only, not the sharp stability estimate, the threshold inequality, a best-possible multiplicative constant, or truncation sharpness.",propext; Classical.choice; Quot.sound,"Only the displayed constant positivity is proved. The exact dimension-only gate aSharp(d) * eSharp(d)^(1/(d−1)) ≤ 1/2 for d ≥ 3, and the local/global sharp-stability assembly, remain unproved. thresholdGateGoal is a proposed, independently typechecked Prop definition, not an exported theorem and not an added premise of sharpLocalGoal.; The positivity result does not establish the upstream arbitrary-body cone law, nonatomic integrated assignment, Cauchy/Minkowski projection-deficit bridge, maximum-simplex normalization, or actual simplex-matrix/volume and original-centroid conversion.",Entry005.aSharp_pos {d : ℕ} (hd : 2 ≤ d) : 0 < Entry005.aSharp d
Entry005.gSharp_pos,Entry005/Constants.lean,"mxym/math 3a1dbb9bab7ef72db726e8221deec925e0938c8d, notes/sharp-simplex-stability/proof.tex (snapshot references/projection-cap/public-proof.tex), Definitions and explicit constants, lines 69–70 and 72.",proved constant positivity only,A natural dimension d with 2 ≤ d; the constants are the concrete real expressions in Entry005.Constants. No geometric or defect assumptions.,"Proves 0 < gSharp(d)=max{aSharp(d),(R0(d)−1)eSharp(d)^(−1/(d−1))}. This proves positivity only, not the sharp stability estimate, the threshold inequality, a best-possible multiplicative constant, or truncation sharpness.",propext; Classical.choice; Quot.sound,"Only the displayed constant positivity is proved. The exact dimension-only gate aSharp(d) * eSharp(d)^(1/(d−1)) ≤ 1/2 for d ≥ 3, and the local/global sharp-stability assembly, remain unproved. thresholdGateGoal is a proposed, independently typechecked Prop definition, not an exported theorem and not an added premise of sharpLocalGoal.; The positivity result does not establish the upstream arbitrary-body cone law, nonatomic integrated assignment, Cauchy/Minkowski projection-deficit bridge, maximum-simplex normalization, or actual simplex-matrix/volume and original-centroid conversion.",Entry005.gSharp_pos {d : ℕ} (hd : 2 ≤ d) : 0 < Entry005.gSharp d
Entry005.project_body_mono,Entry005/ProjectionCap.lean,"mxym/math 3a1dbb9bab7ef72db726e8221deec925e0938c8d, notes/sharp-simplex-stability/proof.tex (snapshot references/projection-cap/public-proof.tex), Projection-cap hypothesis and proof, lines 352 and 366–371 (nested actual projected bodies).",proved orthogonal-projection inclusion helper,"A finite-dimensional real inner product space E (NormedAddCommGroup, InnerProductSpace ℝ, and FiniteDimensional ℝ). A submodule U ⊆ E, genuine compact nonempty convex bodies K,P, and K ⊆ P. No dimension lower bound or measure hypothesis.","Proves projectBody(U,K) ⊆ projectBody(U,P) for the genuine image under orthogonalProjectionOnto U. No formal surrogate projected body is used.",propext; Classical.choice; Quot.sound,"Applying the cap chain to the entry005 defect remains unproved: arbitrary-body cone-law and random-determinant representation; nonatomic integrated witness/assignment and polar-simplex centering/weights; Cauchy brightness; Minkowski/first-variation scale control yielding an actual uniform intrinsic projection deficit η = Jh ≤ JQ(d+1)entryDefect(K). These are application obligations, not extra assumptions of this export.; Completing sharp simplex stability remains unproved: affine invariance and normalization of every maximum inscribed simplex; actual simplex-matrix/Lebesgue-volume correspondence; shrink containment, maximality and the geometric invocation of the proved stochastic lemma; vertex matching and dilation about the original chosen simplex centroid; defect nonnegativity, exact threshold gate and local/global assembly.","Entry005.project_body_mono.{u_1} {E : Type u_1} [NormedAddCommGroup E] [InnerProductSpace ℝ E] [FiniteDimensional ℝ E]
  (U : Submodule ℝ E) (K P : ConvexBody E) (h : K ≤ P) : Entry005.projectBody U K ≤ Entry005.projectBody U P"
Entry005.project_body_unit_ball,Entry005/ProjectionCap.lean,"mxym/math 3a1dbb9bab7ef72db726e8221deec925e0938c8d, notes/sharp-simplex-stability/proof.tex (snapshot references/projection-cap/public-proof.tex), Projection-cap proof, lines 369–370 (intrinsic unit ball survives projection).",proved orthogonal-projection inner-ball helper,"A finite-dimensional real inner product space E (NormedAddCommGroup, InnerProductSpace ℝ, and FiniteDimensional ℝ). A submodule U ⊆ E and a genuine compact nonempty convex body K containing closedBall(0:E,1). No dimension lower bound or projection deficit.","Proves closedBall(0:U,1) ⊆ projectBody(U,K), using the actual orthogonal projection and its identity on U.",propext; Classical.choice; Quot.sound,"Applying the cap chain to the entry005 defect remains unproved: arbitrary-body cone-law and random-determinant representation; nonatomic integrated witness/assignment and polar-simplex centering/weights; Cauchy brightness; Minkowski/first-variation scale control yielding an actual uniform intrinsic projection deficit η = Jh ≤ JQ(d+1)entryDefect(K). These are application obligations, not extra assumptions of this export.; Completing sharp simplex stability remains unproved: affine invariance and normalization of every maximum inscribed simplex; actual simplex-matrix/Lebesgue-volume correspondence; shrink containment, maximality and the geometric invocation of the proved stochastic lemma; vertex matching and dilation about the original chosen simplex centroid; defect nonnegativity, exact threshold gate and local/global assembly.","Entry005.project_body_unit_ball.{u_1} {E : Type u_1} [NormedAddCommGroup E] [InnerProductSpace ℝ E]
  [FiniteDimensional ℝ E] (U : Submodule ℝ E) (K : ConvexBody E) (hball : Metric.closedBall 0 1 ⊆ ↑K) :
  Metric.closedBall 0 1 ⊆ ↑(Entry005.projectBody U K)"
Entry005.project_body_outer_ball,Entry005/ProjectionCap.lean,"mxym/math 3a1dbb9bab7ef72db726e8221deec925e0938c8d, notes/sharp-simplex-stability/proof.tex (snapshot references/projection-cap/public-proof.tex), Projection-cap proof, lines 369–370 (projected enclosing radius M).",proved orthogonal-projection outer-ball helper,"A finite-dimensional real inner product space E (NormedAddCommGroup, InnerProductSpace ℝ, and FiniteDimensional ℝ). A submodule U ⊆ E, a genuine compact nonempty convex body P, a real M, and P ⊆ closedBall(0:E,M). No separate M ≥ 0 assumption is present.","Proves projectBody(U,P) ⊆ closedBall(0:U,M) by the actual orthogonal projection contraction.",propext; Classical.choice; Quot.sound,"Applying the cap chain to the entry005 defect remains unproved: arbitrary-body cone-law and random-determinant representation; nonatomic integrated witness/assignment and polar-simplex centering/weights; Cauchy brightness; Minkowski/first-variation scale control yielding an actual uniform intrinsic projection deficit η = Jh ≤ JQ(d+1)entryDefect(K). These are application obligations, not extra assumptions of this export.; Completing sharp simplex stability remains unproved: affine invariance and normalization of every maximum inscribed simplex; actual simplex-matrix/Lebesgue-volume correspondence; shrink containment, maximality and the geometric invocation of the proved stochastic lemma; vertex matching and dilation about the original chosen simplex centroid; defect nonnegativity, exact threshold gate and local/global assembly.","Entry005.project_body_outer_ball.{u_1} {E : Type u_1} [NormedAddCommGroup E] [InnerProductSpace ℝ E]
  [FiniteDimensional ℝ E] (U : Submodule ℝ E) (P : ConvexBody E) (M : ℝ) (hPM : ↑P ⊆ Metric.closedBall 0 M) :
  ↑(Entry005.projectBody U P) ⊆ Metric.closedBall 0 M"
Entry005.inner_project,Entry005/ProjectionCap.lean,"mxym/math 3a1dbb9bab7ef72db726e8221deec925e0938c8d, notes/sharp-simplex-stability/proof.tex (snapshot references/projection-cap/public-proof.tex), Projection-cap proof, lines 366–371 (support gap preserved in the target subspace).",proved orthogonal-projection support identity,"A finite-dimensional real inner product space E (NormedAddCommGroup, InnerProductSpace ℝ, and FiniteDimensional ℝ). A submodule U ⊆ E, n ∈ U, and arbitrary x ∈ E. No unit-normal, ball, body or measure assumption.","Proves inner(⟨n,hnU⟩, orthogonalProjectionOnto(U,x)) = inner(n,x). This supplies the exact linear-functional identity that preserves the supporting gap after projection.",propext; Classical.choice; Quot.sound,"Applying the cap chain to the entry005 defect remains unproved: arbitrary-body cone-law and random-determinant representation; nonatomic integrated witness/assignment and polar-simplex centering/weights; Cauchy brightness; Minkowski/first-variation scale control yielding an actual uniform intrinsic projection deficit η = Jh ≤ JQ(d+1)entryDefect(K). These are application obligations, not extra assumptions of this export.; Completing sharp simplex stability remains unproved: affine invariance and normalization of every maximum inscribed simplex; actual simplex-matrix/Lebesgue-volume correspondence; shrink containment, maximality and the geometric invocation of the proved stochastic lemma; vertex matching and dilation about the original chosen simplex centroid; defect nonnegativity, exact threshold gate and local/global assembly.","Entry005.inner_project.{u_1} {E : Type u_1} [NormedAddCommGroup E] [InnerProductSpace ℝ E] [FiniteDimensional ℝ E]
  (U : Submodule ℝ E) (n : E) (hnU : n ∈ U) (x : E) : inner ℝ ⟨n, hnU⟩ (U.orthogonalProjectionOnto x) = inner ℝ n x"
Entry005.exists_perpendicular_unit,Entry005/ProjectionCap.lean,"mxym/math 3a1dbb9bab7ef72db726e8221deec925e0938c8d, notes/sharp-simplex-stability/proof.tex (snapshot references/projection-cap/public-proof.tex), Projection-cap proof, line 366 (unit projection direction perpendicular to the normal).",proved perpendicular-direction helper,"A finite-dimensional real inner product space E (NormedAddCommGroup, InnerProductSpace ℝ, and FiniteDimensional ℝ). finrank ℝ E ≥ 2 and a vector n with ‖n‖=1. No convex-body or measure assumptions.","Produces a unit u with inner(u,n)=0 by using the positive-dimensional orthogonal complement of the span of n.",propext; Classical.choice; Quot.sound,"Applying the cap chain to the entry005 defect remains unproved: arbitrary-body cone-law and random-determinant representation; nonatomic integrated witness/assignment and polar-simplex centering/weights; Cauchy brightness; Minkowski/first-variation scale control yielding an actual uniform intrinsic projection deficit η = Jh ≤ JQ(d+1)entryDefect(K). These are application obligations, not extra assumptions of this export.; Completing sharp simplex stability remains unproved: affine invariance and normalization of every maximum inscribed simplex; actual simplex-matrix/Lebesgue-volume correspondence; shrink containment, maximality and the geometric invocation of the proved stochastic lemma; vertex matching and dilation about the original chosen simplex centroid; defect nonnegativity, exact threshold gate and local/global assembly.","Entry005.exists_perpendicular_unit.{u_1} {E : Type u_1} [NormedAddCommGroup E] [InnerProductSpace ℝ E]
  [FiniteDimensional ℝ E] (hd : 2 ≤ Module.finrank ℝ E) (n : E) (hn : ‖n‖ = 1) : ∃ (u : E), ‖u‖ = 1 ∧ inner ℝ u n = 0"
Entry005.hyperplane_dimension,Entry005/ProjectionCap.lean,"mxym/math 3a1dbb9bab7ef72db726e8221deec925e0938c8d, notes/sharp-simplex-stability/proof.tex (snapshot references/projection-cap/public-proof.tex), Projection-cap proof, line 368 (true intrinsic dimension m=d−1).",proved codimension-one identity,"A finite-dimensional real inner product space E (NormedAddCommGroup, InnerProductSpace ℝ, and FiniteDimensional ℝ). A vector u with ‖u‖=1. No explicit ambient-dimension lower bound, body or measure assumptions.","Proves finrank ℝ ((ℝ ∙ u)ᗮ) = finrank ℝ E − 1. The exponent and coefficient in the final cap theorem therefore use the actual hyperplane dimension, not ambient dimension.",propext; Classical.choice; Quot.sound,"Applying the cap chain to the entry005 defect remains unproved: arbitrary-body cone-law and random-determinant representation; nonatomic integrated witness/assignment and polar-simplex centering/weights; Cauchy brightness; Minkowski/first-variation scale control yielding an actual uniform intrinsic projection deficit η = Jh ≤ JQ(d+1)entryDefect(K). These are application obligations, not extra assumptions of this export.; Completing sharp simplex stability remains unproved: affine invariance and normalization of every maximum inscribed simplex; actual simplex-matrix/Lebesgue-volume correspondence; shrink containment, maximality and the geometric invocation of the proved stochastic lemma; vertex matching and dilation about the original chosen simplex centroid; defect nonnegativity, exact threshold gate and local/global assembly.","Entry005.hyperplane_dimension.{u_1} {E : Type u_1} [NormedAddCommGroup E] [InnerProductSpace ℝ E]
  [FiniteDimensional ℝ E] (u : E) (hu : ‖u‖ = 1) : Module.finrank ℝ ↥(ℝ ∙ u)ᗮ = Module.finrank ℝ E - 1"
Entry005.projection_cap_gain,Entry005/ProjectionCap.lean,"mxym/math 3a1dbb9bab7ef72db726e8221deec925e0938c8d, notes/sharp-simplex-stability/proof.tex (snapshot references/projection-cap/public-proof.tex), Projection-cap proof, lines 366–384 (gap-preserving projection and intrinsic cap-volume gain).",proved intrinsic projected-cap volume helper,"A finite-dimensional real inner product space E (NormedAddCommGroup, InnerProductSpace ℝ, and FiniteDimensional ℝ). A measurable space with its Borel-space instance; volume is canonical Euclidean Haar volume. Genuine compact nonempty convex bodies B ⊆ K ⊆ P ⊆ closedBall(0,M), M ≥ 0; a submodule U; q ∈ P; ‖n‖=1 and n ∈ U; s=‖q−k‖ satisfies 0 < s ≤ M; inner(n,q)−inner(n,k)=s; every x ∈ K satisfies inner(n,x) ≤ inner(n,k). The helper takes k,n and their gap/support properties as inputs, and does not require k ∈ K.","Writing m=finrank ℝ U, proves projectedVolume(U,K)+ENNReal.ofReal((s/[2(M+1)])^m) volume(closedBall(0:U,1)) ≤ projectedVolume(U,P). projectedVolume is actual canonical Haar volume on U of the image convex body, never ambient-dimensional volume of a hyperplane.",propext; Classical.choice; Quot.sound,"Applying the cap chain to the entry005 defect remains unproved: arbitrary-body cone-law and random-determinant representation; nonatomic integrated witness/assignment and polar-simplex centering/weights; Cauchy brightness; Minkowski/first-variation scale control yielding an actual uniform intrinsic projection deficit η = Jh ≤ JQ(d+1)entryDefect(K). These are application obligations, not extra assumptions of this export.; Completing sharp simplex stability remains unproved: affine invariance and normalization of every maximum inscribed simplex; actual simplex-matrix/Lebesgue-volume correspondence; shrink containment, maximality and the geometric invocation of the proved stochastic lemma; vertex matching and dilation about the original chosen simplex centroid; defect nonnegativity, exact threshold gate and local/global assembly.","Entry005.projection_cap_gain.{u_1} {E : Type u_1} [NormedAddCommGroup E] [InnerProductSpace ℝ E] [FiniteDimensional ℝ E]
  [MeasurableSpace E] [BorelSpace E] (K P : ConvexBody E) (U : Submodule ℝ E) (M : ℝ) (hM : 0 ≤ M)
  (hball : Metric.closedBall 0 1 ⊆ ↑K) (hKP : K ≤ P) (hPM : ↑P ⊆ Metric.closedBall 0 M) (q k n : E) (hq : q ∈ P)
  (hn : ‖n‖ = 1) (hnU : n ∈ U) (hs : 0 < ‖q - k‖) (hsM : ‖q - k‖ ≤ M) (hgap : inner ℝ n q - inner ℝ n k = ‖q - k‖)
  (hsep : ∀ x ∈ K, inner ℝ n x ≤ inner ℝ n k) :
  Entry005.projectedVolume U K +
      ENNReal.ofReal ((‖q - k‖ / (2 * (M + 1))) ^ Module.finrank ℝ ↥U) * MeasureTheory.volume (Metric.closedBall 0 1) ≤
    Entry005.projectedVolume U P"
Entry005.projection_cap_cube_gain,Entry005/ProjectionCap.lean,"mxym/math 3a1dbb9bab7ef72db726e8221deec925e0938c8d, notes/sharp-simplex-stability/proof.tex (snapshot references/projection-cap/public-proof.tex), Projection-cap proof, lines 380–384 (explicit coarse cube coefficient).",proved explicit intrinsic projected-cap lower bound,"A finite-dimensional real inner product space E (NormedAddCommGroup, InnerProductSpace ℝ, and FiniteDimensional ℝ). A measurable space with its Borel-space instance; volume is canonical Euclidean Haar volume. Genuine compact nonempty convex bodies B ⊆ K ⊆ P ⊆ closedBall(0,M), M ≥ 0; a submodule U; q ∈ P; ‖n‖=1 and n ∈ U; s=‖q−k‖ satisfies 0 < s ≤ M; inner(n,q)−inner(n,k)=s; every x ∈ K satisfies inner(n,x) ≤ inner(n,k). The helper takes k,n and their gap/support properties as inputs, and does not require k ∈ K. In addition m=finrank ℝ U ≥ 1.","Proves projectedVolume(U,K)+ENNReal.ofReal((s/[m(M+1)])^m) ≤ projectedVolume(U,P). The exact coefficient follows from the proved actual unit-ball cube bound, not an assumed scalar cap formula.",propext; Classical.choice; Quot.sound,"Applying the cap chain to the entry005 defect remains unproved: arbitrary-body cone-law and random-determinant representation; nonatomic integrated witness/assignment and polar-simplex centering/weights; Cauchy brightness; Minkowski/first-variation scale control yielding an actual uniform intrinsic projection deficit η = Jh ≤ JQ(d+1)entryDefect(K). These are application obligations, not extra assumptions of this export.; Completing sharp simplex stability remains unproved: affine invariance and normalization of every maximum inscribed simplex; actual simplex-matrix/Lebesgue-volume correspondence; shrink containment, maximality and the geometric invocation of the proved stochastic lemma; vertex matching and dilation about the original chosen simplex centroid; defect nonnegativity, exact threshold gate and local/global assembly.","Entry005.projection_cap_cube_gain.{u_1} {E : Type u_1} [NormedAddCommGroup E] [InnerProductSpace ℝ E]
  [FiniteDimensional ℝ E] [MeasurableSpace E] [BorelSpace E] (K P : ConvexBody E) (U : Submodule ℝ E)
  (hm : 1 ≤ Module.finrank ℝ ↥U) (M : ℝ) (hM : 0 ≤ M) (hball : Metric.closedBall 0 1 ⊆ ↑K) (hKP : K ≤ P)
  (hPM : ↑P ⊆ Metric.closedBall 0 M) (q k n : E) (hq : q ∈ P) (hn : ‖n‖ = 1) (hnU : n ∈ U) (hs : 0 < ‖q - k‖)
  (hsM : ‖q - k‖ ≤ M) (hgap : inner ℝ n q - inner ℝ n k = ‖q - k‖) (hsep : ∀ x ∈ K, inner ℝ n x ≤ inner ℝ n k) :
  Entry005.projectedVolume U K + ENNReal.ofReal ((‖q - k‖ / (↑(Module.finrank ℝ ↥U) * (M + 1))) ^ Module.finrank ℝ ↥U) ≤
    Entry005.projectedVolume U P"
Entry005.exists_projection_cap,Entry005/ProjectionCap.lean,"mxym/math 3a1dbb9bab7ef72db726e8221deec925e0938c8d, notes/sharp-simplex-stability/proof.tex (snapshot references/projection-cap/public-proof.tex), Projection-cap proof, lines 362–384 (closest point, codimension-one projection and explicit cap lower bound).",proved complete geometric projection-cap lower bound,"A finite-dimensional real inner product space E (NormedAddCommGroup, InnerProductSpace ℝ, and FiniteDimensional ℝ). A measurable space with its Borel-space instance; volume is canonical Euclidean Haar volume. Ambient dimension d=finrank ℝ E ≥ 2; genuine compact nonempty convex bodies B ⊆ K ⊆ P ⊆ closedBall(0,M), M ≥ 0; q ∈ P and q ∉ K. No nearest point, supporting normal, projection direction, deficit or cap conclusion is assumed.","Produces k ∈ K closest to q and a unit u such that projectedVolume(uᗮ,K)+ENNReal.ofReal((‖q−k‖/[(d−1)(M+1)])^(d−1)) ≤ projectedVolume(uᗮ,P). The proof constructs the supporting normal and perpendicular projection direction and derives the actual codimension-one cap geometry and volume.",propext; Classical.choice; Quot.sound,"Applying the cap chain to the entry005 defect remains unproved: arbitrary-body cone-law and random-determinant representation; nonatomic integrated witness/assignment and polar-simplex centering/weights; Cauchy brightness; Minkowski/first-variation scale control yielding an actual uniform intrinsic projection deficit η = Jh ≤ JQ(d+1)entryDefect(K). These are application obligations, not extra assumptions of this export.; Completing sharp simplex stability remains unproved: affine invariance and normalization of every maximum inscribed simplex; actual simplex-matrix/Lebesgue-volume correspondence; shrink containment, maximality and the geometric invocation of the proved stochastic lemma; vertex matching and dilation about the original chosen simplex centroid; defect nonnegativity, exact threshold gate and local/global assembly.","Entry005.exists_projection_cap.{u_1} {E : Type u_1} [NormedAddCommGroup E] [InnerProductSpace ℝ E]
  [FiniteDimensional ℝ E] [MeasurableSpace E] [BorelSpace E] (hd : 2 ≤ Module.finrank ℝ E) (K P : ConvexBody E) (M : ℝ)
  (hM : 0 ≤ M) (hball : Metric.closedBall 0 1 ⊆ ↑K) (hKP : K ≤ P) (hPM : ↑P ⊆ Metric.closedBall 0 M) (q : E)
  (hq : q ∈ P) (hqK : q ∉ K) :
  ∃ k ∈ K,
    ∃ (u : E),
      ‖u‖ = 1 ∧
        (∀ x ∈ K, ‖q - k‖ ≤ ‖q - x‖) ∧
          Entry005.projectedVolume (ℝ ∙ u)ᗮ K +
              ENNReal.ofReal ((‖q - k‖ / (↑(Module.finrank ℝ E - 1) * (M + 1))) ^ (Module.finrank ℝ E - 1)) ≤
            Entry005.projectedVolume (ℝ ∙ u)ᗮ P"
Entry005.hausdorff_from_projection_deficit,Entry005/ProjectionCap.lean,"mxym/math 3a1dbb9bab7ef72db726e8221deec925e0938c8d, notes/sharp-simplex-stability/proof.tex (snapshot references/projection-cap/public-proof.tex), Projection-cap Lemma (lem:projection-cap), lines 351–357, and its proof lines 360–387.",complete natural geometric lemma under genuine projection-deficit hypothesis,"A finite-dimensional real inner product space E (NormedAddCommGroup, InnerProductSpace ℝ, and FiniteDimensional ℝ). A measurable space with its Borel-space instance; volume is canonical Euclidean Haar volume. Ambient dimension d=finrank ℝ E ≥ 2; genuine compact nonempty convex bodies B ⊆ K ⊆ P ⊆ closedBall(0,M); M ≥ 0 and η ≥ 0. For every actual unit u ∈ E, projectedVolume(uᗮ,P).toReal − projectedVolume(uᗮ,K).toReal ≤ η, where each projectedVolume is actual canonical intrinsic volume on the orthogonal hyperplane. No simplex, cone-law, Cauchy, Minkowski, nearest-point, supporting-normal, cap-gain or Hausdorff-conclusion hypothesis.","Proves Metric.hausdorffDist(K,P) ≤ (d−1)(M+1)η^(1/(d−1)), including η=0, with exactly the written coarse cube coefficient and exponent. Nearest points, support normals, codimension-one projection directions, cap inclusion/disjointness and volume gain are derived; compactness establishes finite projected volumes before ENNReal.toReal conversion. This is the natural geometric projection-cap lemma, not the end-to-end entryDefect stability theorem or a best-possible multiplicative-constant claim.",propext; Classical.choice; Quot.sound,"Projection-body support/functional properties, entryDefect nonnegativity, affine invariance and normalization of an arbitrary initially chosen maximum-volume inscribed simplex.; Arbitrary-convex-body centered cone law, surface-area/Gauss-map foundations and the random-determinant representation relating entryDefect to determinant deficit.; Nonatomic integrated witness/assignment with well-conditioned anchors, polar-simplex centering and weights, and centered transport/weight correction.; Cauchy brightness and normalized projection control; Minkowski/first-variation and Brunn–Minkowski scale control deriving the genuine uniform absolute intrinsic projection deficit η=Jh ≤ JQ(d+1)entryDefect(K). This hdef bridge is not proved by this endpoint.; The concrete unproved simplexMatrixVolumeInterfaceGoal: W=A(P)^(-1)A(S) from actual simplex points must be proved column stochastic, reconstruct vertices, and have |det W| equal to the positive finite actual Lebesgue-volume ratio. Determinant-defined model volume or assuming these outputs would not close the bridge.; Hausdorff-to-shrink containment; maximum-simplex actual volume/determinant lower bound; geometric invocation of the already proved stochastic near-permutation theorem at cardinality d+1; vertex matching and dilation around the original chosen maximum simplex centroid.; Exact threshold algebra aSharp(d)eSharp(d)^(1/(d−1)) ≤ 1/2 for d ≥ 3 and full local/global sharp-stability assembly. Proposed thresholdGateGoal is an unproved auxiliary definition, never an extra hypothesis of sharpLocalGoal.; Actual truncation-family defect, maximum simplex, excess and asymptotics proving exponent sharpness arbitrarily near defect zero. The proposed correction requires 0 < entryDefect(K) < ε as well as 0 < t < min(ε,1); truncationSharpnessGoal remains a definition without a proof.","Entry005.hausdorff_from_projection_deficit.{u_1} {E : Type u_1} [NormedAddCommGroup E] [InnerProductSpace ℝ E]
  [FiniteDimensional ℝ E] [MeasurableSpace E] [BorelSpace E] (hd : 2 ≤ Module.finrank ℝ E) (K P : ConvexBody E)
  (M η : ℝ) (hM : 0 ≤ M) (hη : 0 ≤ η) (hball : Metric.closedBall 0 1 ⊆ ↑K) (hKP : K ≤ P)
  (hPM : ↑P ⊆ Metric.closedBall 0 M)
  (hdef :
    ∀ (u : E),
      ‖u‖ = 1 → (Entry005.projectedVolume (ℝ ∙ u)ᗮ P).toReal - (Entry005.projectedVolume (ℝ ∙ u)ᗮ K).toReal ≤ η) :
  Metric.hausdorffDist ↑K ↑P ≤ ↑(Module.finrank ℝ E - 1) * (M + 1) * η ^ (1 / ↑(Module.finrank ℝ E - 1))"
