'Entry005.CompactConeBall' depends on axioms: [propext, Classical.choice, Quot.sound]
'Entry005.IntrinsicLinearImageReuse.isometry_volume_image' depends on axioms: [propext, Classical.choice, Quot.sound]
'Entry005.IntrinsicLinearImageReuse.orthonormal_linear_image_volume' depends on axioms: [propext,
 Classical.choice,
 Quot.sound]
'Entry005.IntrinsicLinearImageReuse.translation_volume_image' depends on axioms: [propext, Classical.choice, Quot.sound]
'Entry005.J' depends on axioms: [propext, Classical.choice, Quot.sound]
'Entry005.J_pos' depends on axioms: [propext, Classical.choice, Quot.sound]
'Entry005.L' depends on axioms: [propext, Classical.choice, Quot.sound]
'Entry005.L_pos' depends on axioms: [propext, Classical.choice, Quot.sound]
'Entry005.L_pos._proof_1_1' depends on axioms: [propext, Quot.sound]
'Entry005.M' depends on axioms: [propext, Classical.choice, Quot.sound]
'Entry005.M_pos' depends on axioms: [propext, Classical.choice, Quot.sound]
'Entry005.PaperWitnessIndex' does not depend on any axioms
'Entry005.PyramidIidMomentReuse.iid_anchor_volume_integrable' depends on axioms: [propext, Classical.choice, Quot.sound]
'Entry005.PyramidIidMomentReuse.iid_anchor_volume_integral_eq' depends on axioms: [propext,
 Classical.choice,
 Quot.sound]
'Entry005.PyramidIidMomentReuse.measurable_iid_anchor_volume' depends on axioms: [propext, Classical.choice, Quot.sound]
'Entry005.Q' depends on axioms: [propext, Classical.choice, Quot.sound]
'Entry005.Q._proof_1' depends on axioms: [propext]
'Entry005.Q._proof_2' depends on axioms: [propext]
'Entry005.Q_pos' depends on axioms: [propext, Classical.choice, Quot.sound]
'Entry005.R0' depends on axioms: [propext, Classical.choice, Quot.sound]
'Entry005.R0.eq_1' depends on axioms: [propext, Classical.choice, Quot.sound]
'Entry005.R0_pos' depends on axioms: [propext, Classical.choice, Quot.sound]
'Entry005.Space' depends on axioms: [propext, Classical.choice, Quot.sound]
'Entry005.aSharp' depends on axioms: [propext, Classical.choice, Quot.sound]
'Entry005.aSharp_mul_eSharp_root_le_half' depends on axioms: [propext, Classical.choice, Quot.sound]
'Entry005.aSharp_mul_eSharp_root_le_half._proof_1_1' depends on axioms: [propext, Quot.sound]
'Entry005.aSharp_mul_eSharp_root_le_half._proof_1_2' depends on axioms: [propext, Quot.sound]
'Entry005.aSharp_pos' depends on axioms: [propext, Classical.choice, Quot.sound]
'Entry005.actualPolarBoundaryCompact' depends on axioms: [propext, Classical.choice, Quot.sound]
'Entry005.actualPolarBoundaryRaw' depends on axioms: [propext, Classical.choice, Quot.sound]
'Entry005.actualPolarBoundaryRaw._proof_1' depends on axioms: [propext]
'Entry005.actual_body_brightness_law_affine_first_moment_pos' depends on axioms: [propext, Classical.choice, Quot.sound]
'Entry005.actual_body_brightness_law_affine_first_moment_pos._proof_1_1' depends on axioms: [propext, Quot.sound]
'Entry005.actual_body_compact_cone_law_exists' depends on axioms: [propext, Classical.choice, Quot.sound]
'Entry005.actual_body_compact_cone_law_exists_with_polar_boundary' depends on axioms: [propext,
 Classical.choice,
 Quot.sound]
'Entry005.actual_body_compact_limit_ae_polar_boundary' depends on axioms: [propext, Classical.choice, Quot.sound]
'Entry005.actual_body_compact_limit_compact_support_polar_boundary' depends on axioms: [propext,
 Classical.choice,
 Quot.sound]
'Entry005.actual_body_compact_limit_raw_ae_polar_boundary' depends on axioms: [propext, Classical.choice, Quot.sound]
'Entry005.actual_body_compact_limit_support_polar_boundary' depends on axioms: [propext, Classical.choice, Quot.sound]
'Entry005.actual_body_cone_first_moment_assignment' depends on axioms: [propext, Classical.choice, Quot.sound]
'Entry005.actual_body_cone_law_with_horizontal_first_moment' depends on axioms: [propext, Classical.choice, Quot.sound]
'Entry005.actual_body_cone_law_with_pyramid_defect' depends on axioms: [propext, Classical.choice, Quot.sound]
'Entry005.actual_body_cone_law_with_pyramid_first_moment' depends on axioms: [propext, Classical.choice, Quot.sound]
'Entry005.actual_body_entryA_of_compact_limit' depends on axioms: [propext, Classical.choice, Quot.sound]
'Entry005.actual_body_entryDefect_nonnegative' depends on axioms: [propext, Classical.choice, Quot.sound]
'Entry005.actual_body_geometric_first_moment_assignment' depends on axioms: [propext, Classical.choice, Quot.sound]
'Entry005.actual_body_horizontal_first_moment_of_compact_limit' depends on axioms: [propext,
 Classical.choice,
 Quot.sound]
'Entry005.actual_body_horizontal_moment_pos_of_compact_limit' depends on axioms: [propext, Classical.choice, Quot.sound]
'Entry005.actual_body_joint_polar_horizontal_assignment' depends on axioms: [propext, Classical.choice, Quot.sound]
'Entry005.actual_body_joint_polar_pyramid_assignment' depends on axioms: [propext, Classical.choice, Quot.sound]
'Entry005.actual_body_lifted_first_moment_of_compact_limit' depends on axioms: [propext, Classical.choice, Quot.sound]
'Entry005.actual_determinant_assignment_cost' depends on axioms: [propext, Classical.choice, Quot.sound]
'Entry005.actual_determinant_assignment_cost._simp_1_1' depends on axioms: [propext, Quot.sound]
'Entry005.actual_polar_boundary_compact_isClosed' depends on axioms: [propext, Classical.choice, Quot.sound]
'Entry005.actual_polar_boundary_raw_isClosed' depends on axioms: [propext, Classical.choice, Quot.sound]
'Entry005.actual_projection_body_compact_general' depends on axioms: [propext, Classical.choice, Quot.sound]
'Entry005.actual_projection_body_compact_via_official' depends on axioms: [propext, Classical.choice, Quot.sound]
'Entry005.affineBody' depends on axioms: [propext, Classical.choice, Quot.sound]
'Entry005.affineBody._proof_1' depends on axioms: [propext, Classical.choice, Quot.sound]
'Entry005.affineBody._proof_2' depends on axioms: [propext, Classical.choice, Quot.sound]
'Entry005.affineBody._proof_3' depends on axioms: [propext, Classical.choice, Quot.sound]
'Entry005.affineSimplex' depends on axioms: [propext, Classical.choice, Quot.sound]
'Entry005.affineSimplex._proof_1' depends on axioms: [propext, Classical.choice, Quot.sound]
'Entry005.affine_hyperplane_projection_volume' depends on axioms: [propext, Classical.choice, Quot.sound]
'Entry005.affine_hyperplane_projection_volume_zero' depends on axioms: [propext, Classical.choice, Quot.sound]
'Entry005.alternating_cons_projection_congr' depends on axioms: [propext, Classical.choice, Quot.sound]
'Entry005.alternating_injection_sum_cons' depends on axioms: [propext, Classical.choice, Quot.sound]
'Entry005.anchorCoordinates' depends on axioms: [propext, Classical.choice, Quot.sound]
'Entry005.anchorCoordinates.eq_1' depends on axioms: [propext, Classical.choice, Quot.sound]
'Entry005.anchorMatrix' depends on axioms: [propext, Classical.choice, Quot.sound]
'Entry005.anchorMatrix._proof_1' depends on axioms: [propext]
'Entry005.anchorMatrix.eq_1' depends on axioms: [propext, Classical.choice, Quot.sound]
'Entry005.anchor_coordinates_reconstruct' depends on axioms: [propext, Classical.choice, Quot.sound]
'Entry005.anchor_coordinates_sum' depends on axioms: [propext, Classical.choice, Quot.sound]
'Entry005.anchor_matrix_entry' depends on axioms: [propext, Classical.choice, Quot.sound]
'Entry005.anchor_matrix_mul_coordinates' depends on axioms: [propext, Classical.choice, Quot.sound]
'Entry005.assignmentCost' depends on axioms: [propext, Classical.choice, Quot.sound]
'Entry005.assignment_cost_integrable' depends on axioms: [propext, Classical.choice, Quot.sound]
'Entry005.assignment_cost_nonneg' depends on axioms: [propext, Classical.choice, Quot.sound]
'Entry005.augmentedVertices' depends on axioms: [propext, Classical.choice, Quot.sound]
'Entry005.augmentedVertices.eq_1' depends on axioms: [propext, Classical.choice, Quot.sound]
'Entry005.b' depends on axioms: [propext, Classical.choice, Quot.sound]
'Entry005.b._proof_1' depends on axioms: [propext]
'Entry005.b_pos' depends on axioms: [propext, Classical.choice, Quot.sound]
'Entry005.bodies_eq_of_zero_projection_deficit' depends on axioms: [propext, Classical.choice, Quot.sound]
'Entry005.bodies_eq_of_zero_projection_deficit._proof_1_1' depends on axioms: [propext, Classical.choice, Quot.sound]
'Entry005.body_outer_ball_from_hausdorff' depends on axioms: [propext, Classical.choice, Quot.sound]
'Entry005.body_outer_ball_from_hausdorff._simp_1_1' depends on axioms: [propext, Classical.choice, Quot.sound]
'Entry005.bounded_body_brightness_upper' depends on axioms: [propext, Classical.choice, Quot.sound]
'Entry005.bounded_projection_body_compact' depends on axioms: [propext, Classical.choice, Quot.sound]
'Entry005.bounded_projection_body_subset_ball' depends on axioms: [propext, Classical.choice, Quot.sound]
'Entry005.bounded_projection_body_subset_ball._simp_1_1' depends on axioms: [propext, Classical.choice, Quot.sound]
'Entry005.cancellationDefect' depends on axioms: [propext, Classical.choice, Quot.sound]
'Entry005.cancellationDefect.eq_1' depends on axioms: [propext, Classical.choice, Quot.sound]
'Entry005.cancellation_defect_nonneg' depends on axioms: [propext, Classical.choice, Quot.sound]
'Entry005.cap_ball' depends on axioms: [propext, Classical.choice, Quot.sound]
'Entry005.cap_ball._simp_1_1' depends on axioms: [propext, Classical.choice, Quot.sound]
'Entry005.cap_measure_gain' depends on axioms: [propext, Classical.choice, Quot.sound]
'Entry005.centeredDilation' depends on axioms: [propext, Classical.choice, Quot.sound]
'Entry005.centeredDilation.eq_1' depends on axioms: [propext, Classical.choice, Quot.sound]
'Entry005.centeredDilation_affine_map' depends on axioms: [propext, Classical.choice, Quot.sound]
'Entry005.centered_determinant_cancellation' depends on axioms: [propext, Classical.choice, Quot.sound]
'Entry005.centered_determinant_family_budget' depends on axioms: [propext, Classical.choice, Quot.sound]
'Entry005.centered_determinant_witness_le' depends on axioms: [propext, Classical.choice, Quot.sound]
'Entry005.centered_dot_integral' depends on axioms: [propext, Classical.choice, Quot.sound]
'Entry005.centered_iid_lifted_moment_ge_horizontal' depends on axioms: [propext, Classical.choice, Quot.sound]
'Entry005.centered_iid_lifted_moment_ge_horizontal._simp_1_1' depends on axioms: [propext]
'Entry005.centered_lifted_determinant_second_moment' depends on axioms: [propext, Classical.choice, Quot.sound]
'Entry005.centered_lifted_moment_det' depends on axioms: [propext, Classical.choice, Quot.sound]
'Entry005.closedVerticalBand' depends on axioms: [propext, Classical.choice, Quot.sound]
'Entry005.closedVerticalBand.eq_1' depends on axioms: [propext, Classical.choice, Quot.sound]
'Entry005.closed_vertical_band_measure' depends on axioms: [propext, Classical.choice, Quot.sound]
'Entry005.closest_support' depends on axioms: [propext, Classical.choice, Quot.sound]
'Entry005.closest_support.match_1_1' depends on axioms: [propext, Classical.choice, Quot.sound]
'Entry005.compactBallLaw' depends on axioms: [propext, Classical.choice, Quot.sound]
'Entry005.compactBallLaw.eq_1' depends on axioms: [propext, Classical.choice, Quot.sound]
'Entry005.compactBallLaw_coordinate_integral_tendsto' depends on axioms: [propext, Classical.choice, Quot.sound]
'Entry005.compactBallLaw_exists_subsequence' depends on axioms: [propext, Classical.choice, Quot.sound]
'Entry005.compactBallLaw_integral_raw' depends on axioms: [propext, Classical.choice, Quot.sound]
'Entry005.compactBallLaw_integral_tendsto' depends on axioms: [propext, Classical.choice, Quot.sound]
'Entry005.compactBallLaw_negative_direction_integral_tendsto' depends on axioms: [propext, Classical.choice, Quot.sound]
'Entry005.compactBallLaw_raw_integral_tendsto' depends on axioms: [propext, Classical.choice, Quot.sound]
'Entry005.compactBallLaw_raw_probability_pushforward' depends on axioms: [propext, Classical.choice, Quot.sound]
'Entry005.compactBallLaw_raw_pushforward' depends on axioms: [propext, Classical.choice, Quot.sound]
'Entry005.compactBallLaw_raw_tendsto' depends on axioms: [propext, Classical.choice, Quot.sound]
'Entry005.compactBallRaw' depends on axioms: [propext, Classical.choice, Quot.sound]
'Entry005.compactBallRaw.eq_1' depends on axioms: [propext, Classical.choice, Quot.sound]
'Entry005.compactBallRawLaw' depends on axioms: [propext, Classical.choice, Quot.sound]
'Entry005.compactBallRawLaw.eq_1' depends on axioms: [propext, Classical.choice, Quot.sound]
'Entry005.compactBallRawLaw_ae_unit_ball' depends on axioms: [propext, Classical.choice, Quot.sound]
'Entry005.compactBallRawLaw_integral' depends on axioms: [propext, Classical.choice, Quot.sound]
'Entry005.compactBallRaw_retraction_of_norm_le' depends on axioms: [propext, Classical.choice, Quot.sound]
'Entry005.compactConeBall_compactSpace' depends on axioms: [propext, Classical.choice, Quot.sound]
'Entry005.compactConeBall_inhabited' depends on axioms: [propext, Classical.choice, Quot.sound]
'Entry005.compactConeBall_inhabited._proof_1' depends on axioms: [propext, Classical.choice, Quot.sound]
'Entry005.compactSupportHeight' depends on axioms: [propext, Classical.choice, Quot.sound]
'Entry005.compact_body_normalization_pos_of_unit_ball' depends on axioms: [propext, Classical.choice, Quot.sound]
'Entry005.compact_body_volume_pos_of_unit_ball' depends on axioms: [propext, Classical.choice, Quot.sound]
'Entry005.compact_convex_eq_support_halfspaces' depends on axioms: [propext, Classical.choice, Quot.sound]
'Entry005.compact_convex_extrusion_fiber_volume' depends on axioms: [propext, Classical.choice, Quot.sound]
'Entry005.compact_convex_extrusion_volume' depends on axioms: [propext, Classical.choice, Quot.sound]
'Entry005.compact_convex_unit_extrusion_volume' depends on axioms: [propext, Classical.choice, Quot.sound]
'Entry005.compact_convex_vertical_extrusion_volume' depends on axioms: [propext, Classical.choice, Quot.sound]
'Entry005.compact_convex_vertical_fiber' depends on axioms: [propext, Classical.choice, Quot.sound]
'Entry005.compact_convex_vertical_fiber._simp_1_1' depends on axioms: [propext]
'Entry005.compact_convex_vertical_fiber._simp_1_2' does not depend on any axioms
'Entry005.compact_normalized_projection_ratio_pos' depends on axioms: [propext, Classical.choice, Quot.sound]
'Entry005.compact_probability_subsequence_integrals' depends on axioms: [propext, Classical.choice, Quot.sound]
'Entry005.compact_probability_tendsto_subseq' depends on axioms: [propext, Classical.choice, Quot.sound]
'Entry005.compact_projection_body_dilation_sandwich' depends on axioms: [propext, Classical.choice, Quot.sound]
'Entry005.compact_projection_body_of_compact_body' depends on axioms: [propext, Classical.choice, Quot.sound]
'Entry005.compact_projection_body_of_dilation_sandwich' depends on axioms: [propext, Classical.choice, Quot.sound]
'Entry005.compact_projection_body_volume_dilation_sandwich' depends on axioms: [propext, Classical.choice, Quot.sound]
'Entry005.compact_projection_volume_dilation_sandwich' depends on axioms: [propext, Classical.choice, Quot.sound]
'Entry005.compact_real_volume_dilation_sandwich' depends on axioms: [propext, Classical.choice, Quot.sound]
'Entry005.compact_real_volume_mono' depends on axioms: [propext, Classical.choice, Quot.sound]
'Entry005.compact_segment_extrusion' depends on axioms: [propext, Classical.choice, Quot.sound]
'Entry005.compact_support_height_attained' depends on axioms: [propext, Classical.choice, Quot.sound]
'Entry005.compact_support_height_bound' depends on axioms: [propext, Classical.choice, Quot.sound]
'Entry005.compact_support_height_direction_nonnegative_smul' depends on axioms: [propext, Classical.choice, Quot.sound]
'Entry005.compact_support_height_lipschitz' depends on axioms: [propext, Classical.choice, Quot.sound]
'Entry005.compact_support_height_nonnegative_smul' depends on axioms: [propext, Classical.choice, Quot.sound]
'Entry005.compact_support_height_radius' depends on axioms: [propext, Classical.choice, Quot.sound]
'Entry005.compact_support_height_unit_ball' depends on axioms: [propext, Classical.choice, Quot.sound]
'Entry005.compact_support_height_unit_ball._simp_1_1' depends on axioms: [propext, Classical.choice, Quot.sound]
'Entry005.compact_vertical_extrusion' depends on axioms: [propext, Classical.choice, Quot.sound]
'Entry005.compact_vertical_fiber' depends on axioms: [propext, Classical.choice, Quot.sound]
'Entry005.continuous_compactBallRaw' depends on axioms: [propext, Classical.choice, Quot.sound]
'Entry005.continuous_compact_support_height' depends on axioms: [propext, Classical.choice, Quot.sound]
'Entry005.continuous_compact_support_height._simp_1_1' depends on axioms: [propext, Classical.choice, Quot.sound]
'Entry005.continuous_fin_cons' depends on axioms: [propext, Classical.choice, Quot.sound]
'Entry005.continuous_horizontal_iid_first_moment' depends on axioms: [propext, Classical.choice, Quot.sound]
'Entry005.continuous_horizontal_mapped_iid_first_moment' depends on axioms: [propext, Classical.choice, Quot.sound]
'Entry005.continuous_iidProbabilityMeasure' depends on axioms: [propext, Classical.choice, Quot.sound]
'Entry005.continuous_iid_anchor_determinant' depends on axioms: [propext, Classical.choice, Quot.sound]
'Entry005.continuous_iid_anchor_volume' depends on axioms: [propext, Classical.choice, Quot.sound]
'Entry005.continuous_iid_integral' depends on axioms: [propext, Classical.choice, Quot.sound]
'Entry005.continuous_lifted_iid_first_moment' depends on axioms: [propext, Classical.choice, Quot.sound]
'Entry005.continuous_lifted_mapped_iid_first_moment' depends on axioms: [propext, Classical.choice, Quot.sound]
'Entry005.contractFirst' depends on axioms: [propext, Classical.choice, Quot.sound]
'Entry005.contractFirst._proof_1' depends on axioms: [propext, Classical.choice, Quot.sound]
'Entry005.contractFirst._proof_2' depends on axioms: [propext, Classical.choice, Quot.sound]
'Entry005.contractFirst_apply' depends on axioms: [propext, Classical.choice, Quot.sound]
'Entry005.convex_nonnegative_dilation_mono' depends on axioms: [propext, Classical.choice, Quot.sound]
'Entry005.coordinateMaximizers' depends on axioms: [propext, Classical.choice, Quot.sound]
'Entry005.coordinateMaximizers.eq_1' depends on axioms: [propext, Classical.choice, Quot.sound]
'Entry005.coordinate_maximizers_nonempty' depends on axioms: [propext, Classical.choice, Quot.sound]
'Entry005.coordinate_maximizers_nonempty._simp_1_2' depends on axioms: [propext, Classical.choice, Quot.sound]
'Entry005.coordinate_maximizers_nonempty._simp_1_3' depends on axioms: [propext, Classical.choice, Quot.sound]
'Entry005.covariance_determinant_lower' depends on axioms: [propext, Classical.choice, Quot.sound]
'Entry005.covariance_direction_lower' depends on axioms: [propext, Classical.choice, Quot.sound]
'Entry005.det_adjoint_general' depends on axioms: [propext, Classical.choice, Quot.sound]
'Entry005.det_projectionBody_transform_general' depends on axioms: [propext, Classical.choice, Quot.sound]
'Entry005.det_projectionBody_transform_general._proof_1_1' depends on axioms: [propext, Classical.choice, Quot.sound]
'Entry005.determinantAssignmentWitness' depends on axioms: [propext, Classical.choice, Quot.sound]
'Entry005.determinantAssignmentWitness._proof_1' depends on axioms: [propext]
'Entry005.determinantLawDefect' depends on axioms: [propext, Classical.choice, Quot.sound]
'Entry005.determinantLawDefect.eq_1' depends on axioms: [propext, Classical.choice, Quot.sound]
'Entry005.determinantLawDefect_iid_eq' depends on axioms: [propext, Classical.choice, Quot.sound]
'Entry005.determinant_assignment_witness_eq_paper_sum' depends on axioms: [propext, Classical.choice, Quot.sound]
'Entry005.determinant_assignment_witness_integrable' depends on axioms: [propext, Classical.choice, Quot.sound]
'Entry005.determinant_moment_integral_expansion' depends on axioms: [propext, Classical.choice, Quot.sound]
'Entry005.determinant_permutation_second_moment' depends on axioms: [propext, Classical.choice, Quot.sound]
'Entry005.determinant_square_expansion' depends on axioms: [propext, Classical.choice, Quot.sound]
'Entry005.dot_square_expansion' depends on axioms: [propext, Classical.choice, Quot.sound]
'Entry005.dot_square_integrable' depends on axioms: [propext, Classical.choice, Quot.sound]
'Entry005.eSharp' depends on axioms: [propext, Classical.choice, Quot.sound]
'Entry005.eSharp_pos' depends on axioms: [propext, Classical.choice, Quot.sound]
'Entry005.entryA' depends on axioms: [propext, Classical.choice, Quot.sound]
'Entry005.entryA._proof_1' depends on axioms: [propext, Classical.choice, Quot.sound]
'Entry005.entryA._proof_2' depends on axioms: [propext, Classical.choice, Quot.sound]
'Entry005.entryA.congr_simp' depends on axioms: [propext, Classical.choice, Quot.sound]
'Entry005.entryA_affineBody' depends on axioms: [propext, Classical.choice, Quot.sound]
'Entry005.entryA_affine_image' depends on axioms: [propext, Classical.choice, Quot.sound]
'Entry005.entryDefect' depends on axioms: [propext, Classical.choice, Quot.sound]
'Entry005.entryDefect.congr_simp' depends on axioms: [propext, Classical.choice, Quot.sound]
'Entry005.entryDefect_affineBody' depends on axioms: [propext, Classical.choice, Quot.sound]
'Entry005.entryDefect_affine_image' depends on axioms: [propext, Classical.choice, Quot.sound]
'Entry005.entryDefect_iid_defect_ratio' depends on axioms: [propext, Classical.choice, Quot.sound]
'Entry005.entryDefect_iid_moment_identity' depends on axioms: [propext, Classical.choice, Quot.sound]
'Entry005.entryDefect_iid_moment_identity._simp_1_1' depends on axioms: [propext]
'Entry005.entryDefect_iid_moment_identity._simp_1_2' depends on axioms: [propext]
'Entry005.entryDefect_iid_moment_identity._simp_1_3' depends on axioms: [propext]
'Entry005.entryDefect_iid_moment_identity._simp_1_4' depends on axioms: [propext]
'Entry005.entryDefect_iid_moment_identity._simp_1_5' depends on axioms: [propext]
'Entry005.entryDefect_iid_moment_identity._simp_1_6' depends on axioms: [propext, Classical.choice, Quot.sound]
'Entry005.entryDefect_iid_moment_identity._simp_1_7' depends on axioms: [propext]
'Entry005.entryDefect_iid_nonnegative' depends on axioms: [propext, Classical.choice, Quot.sound]
'Entry005.euclideanOneCoordinates' depends on axioms: [propext, Classical.choice, Quot.sound]
'Entry005.euclideanOneCoordinates._proof_1' depends on axioms: [propext]
'Entry005.euclidean_matrix_hadamard' depends on axioms: [propext, Classical.choice, Quot.sound]
'Entry005.euclidean_one_coordinates_apply' depends on axioms: [propext, Classical.choice, Quot.sound]
'Entry005.euclidean_unit_ball_cube' depends on axioms: [propext, Classical.choice, Quot.sound]
'Entry005.euclidean_unit_ball_cube._simp_1_1' depends on axioms: [propext, Classical.choice, Quot.sound]
'Entry005.euclidean_unit_ball_cube._simp_1_2' depends on axioms: [propext]
'Entry005.euclidean_unit_ball_sqrt_cube' depends on axioms: [propext, Classical.choice, Quot.sound]
'Entry005.euclidean_unit_ball_sqrt_cube._simp_1_1' depends on axioms: [propext, Classical.choice, Quot.sound]
'Entry005.euclidean_unit_ball_sqrt_cube._simp_1_2' depends on axioms: [propext]
'Entry005.excess' depends on axioms: [propext, Classical.choice, Quot.sound]
'Entry005.excess_affine_image' depends on axioms: [propext, Classical.choice, Quot.sound]
'Entry005.excess_eq_zero_of_zero_projection_deficit' depends on axioms: [propext, Classical.choice, Quot.sound]
'Entry005.excess_eq_zero_of_zero_projection_deficit._proof_1_1' depends on axioms: [propext, Quot.sound]
'Entry005.excess_eq_zero_of_zero_projection_deficit._proof_1_3' depends on axioms: [propext,
 Classical.choice,
 Quot.sound]
'Entry005.excess_le_outer_radius_sub_one' depends on axioms: [propext, Classical.choice, Quot.sound]
'Entry005.excess_le_outer_radius_sub_one._simp_1_1' depends on axioms: [propext, Classical.choice, Quot.sound]
'Entry005.excess_nonnegative_of_maximum' depends on axioms: [propext, Classical.choice, Quot.sound]
'Entry005.excess_of_hausdorff_at_centroid' depends on axioms: [propext, Classical.choice, Quot.sound]
'Entry005.excess_of_inner_radius_projection_deficit' depends on axioms: [propext, Classical.choice, Quot.sound]
'Entry005.excess_of_inner_radius_projection_deficit._proof_1_1' depends on axioms: [propext, Quot.sound]
'Entry005.excess_of_inner_radius_projection_deficit._simp_1_2' depends on axioms: [propext,
 Classical.choice,
 Quot.sound]
'Entry005.excess_of_projection_deficit_after_affine' depends on axioms: [propext, Classical.choice, Quot.sound]
'Entry005.exists_affineIndependent_anchor_tuple_of_affineSpan_top' depends on axioms: [propext,
 Classical.choice,
 Quot.sound]
'Entry005.exists_centered_unit_normalization' depends on axioms: [propext, Classical.choice, Quot.sound]
'Entry005.exists_centered_unit_normalization._simp_1_2' depends on axioms: [propext, Classical.choice, Quot.sound]
'Entry005.exists_conditioned_low_witness' depends on axioms: [propext, Classical.choice, Quot.sound]
'Entry005.exists_conditioned_low_witness_ae_good' depends on axioms: [propext, Classical.choice, Quot.sound]
'Entry005.exists_determinant_witness_anchor' depends on axioms: [propext, Classical.choice, Quot.sound]
'Entry005.exists_determinant_witness_anchor_ae_good' depends on axioms: [propext, Classical.choice, Quot.sound]
'Entry005.exists_finite_support_halfspace_approximation' depends on axioms: [propext, Classical.choice, Quot.sound]
'Entry005.exists_finite_support_halfspace_approximation._simp_1_1' depends on axioms: [propext,
 Classical.choice,
 Quot.sound]
'Entry005.exists_finite_support_halfspace_approximation._simp_1_2' depends on axioms: [propext,
 Classical.choice,
 Quot.sound]
'Entry005.exists_finite_support_halfspace_approximation._simp_1_3' depends on axioms: [propext,
 Classical.choice,
 Quot.sound]
'Entry005.exists_nonsingular_support_anchor_tuple_of_affineSpan_top' depends on axioms: [propext,
 Classical.choice,
 Quot.sound]
'Entry005.exists_perpendicular_unit' depends on axioms: [propext, Classical.choice, Quot.sound]
'Entry005.exists_perpendicular_unit._proof_1_1' depends on axioms: [propext, Classical.choice, Quot.sound]
'Entry005.exists_projection_cap' depends on axioms: [propext, Classical.choice, Quot.sound]
'Entry005.exists_projection_cap._proof_1_1' depends on axioms: [propext, Classical.choice, Quot.sound]
'Entry005.exists_projection_cap._simp_1_2' depends on axioms: [propext, Classical.choice, Quot.sound]
'Entry005.exists_projection_sqrt_cap' depends on axioms: [propext, Classical.choice, Quot.sound]
'Entry005.exists_projection_sqrt_cap._proof_1_1' depends on axioms: [propext, Classical.choice, Quot.sound]
'Entry005.exists_projection_sqrt_cap._simp_1_2' depends on axioms: [propext, Classical.choice, Quot.sound]
'Entry005.exists_regular_unit_normalization' depends on axioms: [propext, Classical.choice, Quot.sound]
'Entry005.exists_well_conditioned_low_witness' depends on axioms: [propext, Classical.choice, Quot.sound]
'Entry005.exists_well_conditioned_low_witness._simp_1_1' depends on axioms: [propext]
'Entry005.exists_well_conditioned_low_witness._simp_1_2' depends on axioms: [propext]
'Entry005.exists_well_conditioned_low_witness._simp_1_3' depends on axioms: [propext]
'Entry005.exists_well_conditioned_low_witness._simp_1_4' depends on axioms: [propext]
'Entry005.exists_well_conditioned_low_witness._simp_1_5' depends on axioms: [propext]
'Entry005.exists_well_conditioned_low_witness._simp_1_6' depends on axioms: [propext, Classical.choice, Quot.sound]
'Entry005.exists_well_conditioned_low_witness._simp_1_7' depends on axioms: [propext]
'Entry005.exists_well_conditioned_low_witness_ae_good' depends on axioms: [propext, Classical.choice, Quot.sound]
'Entry005.exists_well_conditioned_low_witness_ae_good._simp_1_1' depends on axioms: [propext]
'Entry005.exists_well_conditioned_low_witness_ae_good._simp_1_2' depends on axioms: [propext]
'Entry005.exists_well_conditioned_low_witness_ae_good._simp_1_3' depends on axioms: [propext]
'Entry005.exists_well_conditioned_low_witness_ae_good._simp_1_4' depends on axioms: [propext]
'Entry005.exists_well_conditioned_low_witness_ae_good._simp_1_5' depends on axioms: [propext]
'Entry005.exists_well_conditioned_low_witness_ae_good._simp_1_6' depends on axioms: [propext,
 Classical.choice,
 Quot.sound]
'Entry005.exists_well_conditioned_low_witness_ae_good._simp_1_7' depends on axioms: [propext]
'Entry005.exists_well_conditioned_low_witness_in_support' depends on axioms: [propext, Classical.choice, Quot.sound]
'Entry005.familyDefect' depends on axioms: [propext, Classical.choice, Quot.sound]
'Entry005.familyDefect.eq_1' depends on axioms: [propext, Classical.choice, Quot.sound]
'Entry005.family_cancellation_identity' depends on axioms: [propext, Classical.choice, Quot.sound]
'Entry005.family_defect_nonneg' depends on axioms: [propext, Classical.choice, Quot.sound]
'Entry005.family_witness_integrable' depends on axioms: [propext, Classical.choice, Quot.sound]
'Entry005.finiteAtomLaw' depends on axioms: [propext, Classical.choice, Quot.sound]
'Entry005.finiteAtomLaw._proof_1' depends on axioms: [propext, Classical.choice, Quot.sound]
'Entry005.finiteAtomLaw.eq_1' depends on axioms: [propext, Classical.choice, Quot.sound]
'Entry005.finiteConeIndexLaw' depends on axioms: [propext, Classical.choice, Quot.sound]
'Entry005.finiteConeIndexLaw.eq_1' depends on axioms: [propext, Classical.choice, Quot.sound]
'Entry005.finiteConeLaw' depends on axioms: [propext, Classical.choice, Quot.sound]
'Entry005.finiteConeLaw._proof_1' depends on axioms: [propext, Classical.choice, Quot.sound]
'Entry005.finiteConeLaw.eq_1' depends on axioms: [propext, Classical.choice, Quot.sound]
'Entry005.finiteConePoint' depends on axioms: [propext, Classical.choice, Quot.sound]
'Entry005.finiteConePoint.eq_1' depends on axioms: [propext, Classical.choice, Quot.sound]
'Entry005.finiteFacetLift' depends on axioms: [propext, Classical.choice, Quot.sound]
'Entry005.finiteFacetLift.eq_1' depends on axioms: [propext, Classical.choice, Quot.sound]
'Entry005.finiteHalfspaceCompactConeLaw' depends on axioms: [propext, Classical.choice, Quot.sound]
'Entry005.finiteHalfspaceConeLaw' depends on axioms: [propext, Classical.choice, Quot.sound]
'Entry005.finiteHalfspaceConeLaw._proof_1' depends on axioms: [propext, Classical.choice, Quot.sound]
'Entry005.finiteHalfspaceConeLaw._proof_2' depends on axioms: [propext, Classical.choice, Quot.sound]
'Entry005.finiteHalfspaceConeLaw.eq_1' depends on axioms: [propext, Classical.choice, Quot.sound]
'Entry005.finiteHalfspaceConeProbability' depends on axioms: [propext, Classical.choice, Quot.sound]
'Entry005.finiteHalfspaceFacet' depends on axioms: [propext, Classical.choice, Quot.sound]
'Entry005.finiteHalfspaceFacetArea' depends on axioms: [propext, Classical.choice, Quot.sound]
'Entry005.finiteHalfspaceFacetArea._proof_1' depends on axioms: [propext, Classical.choice, Quot.sound]
'Entry005.finiteHalfspaceFacetArea._proof_2' depends on axioms: [propext, Classical.choice, Quot.sound]
'Entry005.finiteHalfspaceFacetArea.congr_simp' depends on axioms: [propext, Classical.choice, Quot.sound]
'Entry005.finiteHalfspaceFacetChart' depends on axioms: [propext, Classical.choice, Quot.sound]
'Entry005.finiteHalfspaceFacetCone' depends on axioms: [propext, Classical.choice, Quot.sound]
'Entry005.finiteHalfspaceSet' depends on axioms: [propext, Classical.choice, Quot.sound]
'Entry005.finiteHalfspaceSet.eq_1' depends on axioms: [propext, Classical.choice, Quot.sound]
'Entry005.finiteLawZonotope' depends on axioms: [propext, Classical.choice, Quot.sound]
'Entry005.finiteLawZonotope._proof_1' depends on axioms: [propext]
'Entry005.finiteLiftedLawZonotope' depends on axioms: [propext, Classical.choice, Quot.sound]
'Entry005.finiteZonotope' depends on axioms: [propext, Classical.choice, Quot.sound]
'Entry005.finiteZonotopeLinear' depends on axioms: [propext, Classical.choice, Quot.sound]
'Entry005.finiteZonotopeLinear._proof_1' depends on axioms: [propext, Classical.choice, Quot.sound]
'Entry005.finiteZonotopeLinear._proof_2' depends on axioms: [propext, Classical.choice, Quot.sound]
'Entry005.finite_abs_area_split' depends on axioms: [propext, Classical.choice, Quot.sound]
'Entry005.finite_atom_law_eq_cone' depends on axioms: [propext, Classical.choice, Quot.sound]
'Entry005.finite_atom_lifted_zonotope_volume_first_moment' depends on axioms: [propext, Classical.choice, Quot.sound]
'Entry005.finite_atom_mem_support_of_pos' depends on axioms: [propext, Classical.choice, Quot.sound]
'Entry005.finite_atom_probability' depends on axioms: [propext, Classical.choice, Quot.sound]
'Entry005.finite_atom_zonotope_volume_first_moment' depends on axioms: [propext, Classical.choice, Quot.sound]
'Entry005.finite_body_cone_affine_first_moment_pos' depends on axioms: [propext, Classical.choice, Quot.sound]
'Entry005.finite_body_cone_affine_first_moment_pos._proof_1_1' depends on axioms: [propext, Quot.sound]
'Entry005.finite_body_cone_first_moment_assignment' depends on axioms: [propext, Classical.choice, Quot.sound]
'Entry005.finite_cone_absolute_direction' depends on axioms: [propext, Classical.choice, Quot.sound]
'Entry005.finite_cone_absolute_direction._simp_1_2' depends on axioms: [propext]
'Entry005.finite_cone_absolute_direction._simp_1_3' depends on axioms: [propext]
'Entry005.finite_cone_absolute_direction._simp_1_4' depends on axioms: [propext]
'Entry005.finite_cone_absolute_direction._simp_1_5' depends on axioms: [propext]
'Entry005.finite_cone_absolute_direction._simp_1_6' depends on axioms: [propext]
'Entry005.finite_cone_absolute_direction._simp_1_7' depends on axioms: [propext, Classical.choice, Quot.sound]
'Entry005.finite_cone_absolute_direction._simp_1_8' depends on axioms: [propext]
'Entry005.finite_cone_ae_unit_ball' depends on axioms: [propext, Classical.choice, Quot.sound]
'Entry005.finite_cone_centered' depends on axioms: [propext, Classical.choice, Quot.sound]
'Entry005.finite_cone_coordinate_mean' depends on axioms: [propext, Classical.choice, Quot.sound]
'Entry005.finite_cone_coordinate_mean._simp_1_1' depends on axioms: [propext]
'Entry005.finite_cone_coordinate_mean._simp_1_2' depends on axioms: [propext]
'Entry005.finite_cone_coordinate_mean._simp_1_3' depends on axioms: [propext]
'Entry005.finite_cone_coordinate_mean._simp_1_4' depends on axioms: [propext]
'Entry005.finite_cone_coordinate_mean._simp_1_5' depends on axioms: [propext]
'Entry005.finite_cone_coordinate_mean._simp_1_6' depends on axioms: [propext, Classical.choice, Quot.sound]
'Entry005.finite_cone_coordinate_mean._simp_1_7' depends on axioms: [propext]
'Entry005.finite_cone_direction_mean_zero' depends on axioms: [propext, Classical.choice, Quot.sound]
'Entry005.finite_cone_horizontal_determinant_expectation' depends on axioms: [propext, Classical.choice, Quot.sound]
'Entry005.finite_cone_iid_integral' depends on axioms: [propext, Classical.choice, Quot.sound]
'Entry005.finite_cone_index_map' depends on axioms: [propext, Classical.choice, Quot.sound]
'Entry005.finite_cone_index_probability' depends on axioms: [propext, Classical.choice, Quot.sound]
'Entry005.finite_cone_index_singleton' depends on axioms: [propext, Classical.choice, Quot.sound]
'Entry005.finite_cone_integrable' depends on axioms: [propext, Classical.choice, Quot.sound]
'Entry005.finite_cone_integral' depends on axioms: [propext, Classical.choice, Quot.sound]
'Entry005.finite_cone_lifted_determinant_expectation' depends on axioms: [propext, Classical.choice, Quot.sound]
'Entry005.finite_cone_lifted_zonotope_volume_first_moment' depends on axioms: [propext, Classical.choice, Quot.sound]
'Entry005.finite_cone_negative_direction' depends on axioms: [propext, Classical.choice, Quot.sound]
'Entry005.finite_cone_point_height_one' depends on axioms: [propext, Classical.choice, Quot.sound]
'Entry005.finite_cone_point_norm' depends on axioms: [propext, Classical.choice, Quot.sound]
'Entry005.finite_cone_probability' depends on axioms: [propext, Classical.choice, Quot.sound]
'Entry005.finite_cone_support_unit_ball' depends on axioms: [propext, Classical.choice, Quot.sound]
'Entry005.finite_cone_weighted_sample_determinant' depends on axioms: [propext, Classical.choice, Quot.sound]
'Entry005.finite_cone_weighted_sample_determinant._simp_1_2' depends on axioms: [propext]
'Entry005.finite_cone_weighted_sample_determinant._simp_1_3' depends on axioms: [propext]
'Entry005.finite_cone_weighted_sample_determinant._simp_1_4' depends on axioms: [propext]
'Entry005.finite_cone_weighted_sample_determinant._simp_1_5' depends on axioms: [propext]
'Entry005.finite_cone_weighted_sample_determinant._simp_1_6' depends on axioms: [propext]
'Entry005.finite_cone_weighted_sample_determinant._simp_1_7' depends on axioms: [propext, Classical.choice, Quot.sound]
'Entry005.finite_cone_weighted_sample_determinant._simp_1_8' depends on axioms: [propext]
'Entry005.finite_cone_weighted_zonotope_eq_normalized_generators' depends on axioms: [propext,
 Classical.choice,
 Quot.sound]
'Entry005.finite_cone_weighted_zonotope_eq_normalized_generators._simp_1_1' depends on axioms: [propext]
'Entry005.finite_cone_weighted_zonotope_eq_normalized_generators._simp_1_2' depends on axioms: [propext]
'Entry005.finite_cone_weighted_zonotope_eq_normalized_generators._simp_1_3' depends on axioms: [propext]
'Entry005.finite_cone_weighted_zonotope_eq_normalized_generators._simp_1_4' depends on axioms: [propext]
'Entry005.finite_cone_weighted_zonotope_eq_normalized_generators._simp_1_5' depends on axioms: [propext]
'Entry005.finite_cone_weighted_zonotope_eq_normalized_generators._simp_1_6' depends on axioms: [propext,
 Classical.choice,
 Quot.sound]
'Entry005.finite_cone_weighted_zonotope_eq_normalized_generators._simp_1_7' depends on axioms: [propext]
'Entry005.finite_cone_zonotope_volume_first_moment' depends on axioms: [propext, Classical.choice, Quot.sound]
'Entry005.finite_determinant_tuple_sum_eq_injection_sum' depends on axioms: [propext, Classical.choice, Quot.sound]
'Entry005.finite_halfspace_brightness_lower_of_unit_ball' depends on axioms: [propext, Classical.choice, Quot.sound]
'Entry005.finite_halfspace_brightness_lower_of_unit_ball._simp_1_1' depends on axioms: [propext,
 Classical.choice,
 Quot.sound]
'Entry005.finite_halfspace_brightness_normal_sum' depends on axioms: [propext, Classical.choice, Quot.sound]
'Entry005.finite_halfspace_cauchy' depends on axioms: [propext, Classical.choice, Quot.sound]
'Entry005.finite_halfspace_closed' depends on axioms: [propext, Classical.choice, Quot.sound]
'Entry005.finite_halfspace_compact_cone_raw_pushforward' depends on axioms: [propext, Classical.choice, Quot.sound]
'Entry005.finite_halfspace_cone_absolute_brightness' depends on axioms: [propext, Classical.choice, Quot.sound]
'Entry005.finite_halfspace_cone_ae_unit_ball' depends on axioms: [propext, Classical.choice, Quot.sound]
'Entry005.finite_halfspace_cone_centered' depends on axioms: [propext, Classical.choice, Quot.sound]
'Entry005.finite_halfspace_cone_law_exists_subsequence' depends on axioms: [propext, Classical.choice, Quot.sound]
'Entry005.finite_halfspace_cone_negative_brightness' depends on axioms: [propext, Classical.choice, Quot.sound]
'Entry005.finite_halfspace_cone_probability' depends on axioms: [propext, Classical.choice, Quot.sound]
'Entry005.finite_halfspace_cone_round_coefficient_pos' depends on axioms: [propext, Classical.choice, Quot.sound]
'Entry005.finite_halfspace_cone_round_lower' depends on axioms: [propext, Classical.choice, Quot.sound]
'Entry005.finite_halfspace_cone_support_unit_ball' depends on axioms: [propext, Classical.choice, Quot.sound]
'Entry005.finite_halfspace_cone_zonotope_eq_scaled_projection_body' depends on axioms: [propext,
 Classical.choice,
 Quot.sound]
'Entry005.finite_halfspace_cone_zonotope_eq_scaled_projection_body._simp_1_1' depends on axioms: [propext]
'Entry005.finite_halfspace_cone_zonotope_eq_scaled_projection_body._simp_1_2' depends on axioms: [propext]
'Entry005.finite_halfspace_cone_zonotope_eq_scaled_projection_body._simp_1_3' depends on axioms: [propext]
'Entry005.finite_halfspace_cone_zonotope_eq_scaled_projection_body._simp_1_4' depends on axioms: [propext]
'Entry005.finite_halfspace_cone_zonotope_eq_scaled_projection_body._simp_1_5' depends on axioms: [propext]
'Entry005.finite_halfspace_cone_zonotope_eq_scaled_projection_body._simp_1_6' depends on axioms: [propext,
 Classical.choice,
 Quot.sound]
'Entry005.finite_halfspace_cone_zonotope_eq_scaled_projection_body._simp_1_7' depends on axioms: [propext]
'Entry005.finite_halfspace_convex' depends on axioms: [propext, Classical.choice, Quot.sound]
'Entry005.finite_halfspace_defect_over_first_moment' depends on axioms: [propext, Classical.choice, Quot.sound]
'Entry005.finite_halfspace_directional_balance' depends on axioms: [propext, Classical.choice, Quot.sound]
'Entry005.finite_halfspace_entryA_lifted_moment' depends on axioms: [propext, Classical.choice, Quot.sound]
'Entry005.finite_halfspace_entryA_lifted_moment._proof_1_1' depends on axioms: [propext, Classical.choice, Quot.sound]
'Entry005.finite_halfspace_entryDefect_moment' depends on axioms: [propext, Classical.choice, Quot.sound]
'Entry005.finite_halfspace_entryDefect_moment._simp_1_1' depends on axioms: [propext]
'Entry005.finite_halfspace_entryDefect_moment._simp_1_2' depends on axioms: [propext]
'Entry005.finite_halfspace_entryDefect_moment._simp_1_3' depends on axioms: [propext]
'Entry005.finite_halfspace_entryDefect_moment._simp_1_4' depends on axioms: [propext]
'Entry005.finite_halfspace_entryDefect_moment._simp_1_5' depends on axioms: [propext]
'Entry005.finite_halfspace_entryDefect_moment._simp_1_6' depends on axioms: [propext, Classical.choice, Quot.sound]
'Entry005.finite_halfspace_entryDefect_moment._simp_1_7' depends on axioms: [propext]
'Entry005.finite_halfspace_facet_area_nonneg' depends on axioms: [propext, Classical.choice, Quot.sound]
'Entry005.finite_halfspace_facet_area_of_empty' depends on axioms: [propext, Classical.choice, Quot.sound]
'Entry005.finite_halfspace_facet_chart_compact' depends on axioms: [propext, Classical.choice, Quot.sound]
'Entry005.finite_halfspace_facet_chart_image' depends on axioms: [propext, Classical.choice, Quot.sound]
'Entry005.finite_halfspace_facet_chart_projection_image' depends on axioms: [propext, Classical.choice, Quot.sound]
'Entry005.finite_halfspace_facet_compact' depends on axioms: [propext, Classical.choice, Quot.sound]
'Entry005.finite_halfspace_facet_cone_compact' depends on axioms: [propext, Classical.choice, Quot.sound]
'Entry005.finite_halfspace_facet_cone_coordinates' depends on axioms: [propext, Classical.choice, Quot.sound]
'Entry005.finite_halfspace_facet_cone_subset' depends on axioms: [propext, Classical.choice, Quot.sound]
'Entry005.finite_halfspace_facet_cone_volume' depends on axioms: [propext, Classical.choice, Quot.sound]
'Entry005.finite_halfspace_facet_cones_inter_volume_zero' depends on axioms: [propext, Classical.choice, Quot.sound]
'Entry005.finite_halfspace_facet_mass' depends on axioms: [propext, Classical.choice, Quot.sound]
'Entry005.finite_halfspace_facet_mass._proof_1_1' depends on axioms: [propext, Classical.choice, Quot.sound]
'Entry005.finite_halfspace_facet_mass._simp_1_2' depends on axioms: [propext]
'Entry005.finite_halfspace_facet_mass._simp_1_3' depends on axioms: [propext]
'Entry005.finite_halfspace_facet_mass._simp_1_4' depends on axioms: [propext]
'Entry005.finite_halfspace_facet_mass._simp_1_5' depends on axioms: [propext]
'Entry005.finite_halfspace_facet_mass._simp_1_6' depends on axioms: [propext]
'Entry005.finite_halfspace_facet_mass._simp_1_7' depends on axioms: [propext, Classical.choice, Quot.sound]
'Entry005.finite_halfspace_facet_mass._simp_1_8' depends on axioms: [propext]
'Entry005.finite_halfspace_facet_projection_volume' depends on axioms: [propext, Classical.choice, Quot.sound]
'Entry005.finite_halfspace_facet_projection_volume_real' depends on axioms: [propext, Classical.choice, Quot.sound]
'Entry005.finite_halfspace_homogeneous_eq_zero' depends on axioms: [propext, Classical.choice, Quot.sound]
'Entry005.finite_halfspace_horizontal_first_moment' depends on axioms: [propext, Classical.choice, Quot.sound]
'Entry005.finite_halfspace_horizontal_moment_pos' depends on axioms: [propext, Classical.choice, Quot.sound]
'Entry005.finite_halfspace_index_nonempty' depends on axioms: [propext, Classical.choice, Quot.sound]
'Entry005.finite_halfspace_interior_nonempty_of_positive_heights' depends on axioms: [propext,
 Classical.choice,
 Quot.sound]
'Entry005.finite_halfspace_interior_nonempty_of_positive_heights._simp_1_1' depends on axioms: [propext,
 Classical.choice,
 Quot.sound]
'Entry005.finite_halfspace_lifted_moment_pos' depends on axioms: [propext, Classical.choice, Quot.sound]
'Entry005.finite_halfspace_lower_area_sum' depends on axioms: [propext, Classical.choice, Quot.sound]
'Entry005.finite_halfspace_lower_projection_cover' depends on axioms: [propext, Classical.choice, Quot.sound]
'Entry005.finite_halfspace_nonzero_radial_cover' depends on axioms: [propext, Classical.choice, Quot.sound]
'Entry005.finite_halfspace_normal_balance' depends on axioms: [propext, Classical.choice, Quot.sound]
'Entry005.finite_halfspace_normal_balance_coordinates' depends on axioms: [propext, Classical.choice, Quot.sound]
'Entry005.finite_halfspace_normalization_pos' depends on axioms: [propext, Classical.choice, Quot.sound]
'Entry005.finite_halfspace_projection_body_eq_zonotope' depends on axioms: [propext, Classical.choice, Quot.sound]
'Entry005.finite_halfspace_projection_body_volume_pos' depends on axioms: [propext, Classical.choice, Quot.sound]
'Entry005.finite_halfspace_projection_body_volume_pos._simp_1_1' depends on axioms: [propext,
 Classical.choice,
 Quot.sound]
'Entry005.finite_halfspace_radial_cover_ae' depends on axioms: [propext, Classical.choice, Quot.sound]
'Entry005.finite_halfspace_radial_cover_ae._simp_1_1' depends on axioms: [propext]
'Entry005.finite_halfspace_sphere_net_norm_bound' depends on axioms: [propext, Classical.choice, Quot.sound]
'Entry005.finite_halfspace_unit_ball_heights' depends on axioms: [propext, Classical.choice, Quot.sound]
'Entry005.finite_halfspace_unit_ball_heights._simp_1_1' depends on axioms: [propext, Classical.choice, Quot.sound]
'Entry005.finite_halfspace_upper_active' depends on axioms: [propext, Classical.choice, Quot.sound]
'Entry005.finite_halfspace_upper_area_sum' depends on axioms: [propext, Classical.choice, Quot.sound]
'Entry005.finite_halfspace_upper_projection_cover' depends on axioms: [propext, Classical.choice, Quot.sound]
'Entry005.finite_halfspace_volume_eq_sum_cone_volumes' depends on axioms: [propext, Classical.choice, Quot.sound]
'Entry005.finite_halfspace_volume_eq_sum_cone_volumes._simp_1_1' depends on axioms: [propext]
'Entry005.finite_halfspace_volume_pos' depends on axioms: [propext, Classical.choice, Quot.sound]
'Entry005.finite_law_zonotope_volume_weighted_tuple_sum' depends on axioms: [propext, Classical.choice, Quot.sound]
'Entry005.finite_signed_area_split' depends on axioms: [propext, Classical.choice, Quot.sound]
'Entry005.finite_support_net_direction_bound' depends on axioms: [propext, Classical.choice, Quot.sound]
'Entry005.finite_support_net_subset_dilation' depends on axioms: [propext, Classical.choice, Quot.sound]
'Entry005.finite_tuple_determinant_eq_zero_of_not_injective' depends on axioms: [propext, Classical.choice, Quot.sound]
'Entry005.finite_uniform_positive' depends on axioms: [propext, Classical.choice, Quot.sound]
'Entry005.finite_weighted_determinant_tuple_sum_eq_injection_sum' depends on axioms: [propext,
 Classical.choice,
 Quot.sound]
'Entry005.finite_weighted_horizontal_determinant' depends on axioms: [propext, Classical.choice, Quot.sound]
'Entry005.finite_zonotope_compact' depends on axioms: [propext, Classical.choice, Quot.sound]
'Entry005.finite_zonotope_cons' depends on axioms: [propext, Classical.choice, Quot.sound]
'Entry005.finite_zonotope_convex' depends on axioms: [propext, Classical.choice, Quot.sound]
'Entry005.finite_zonotope_eq_support_halfspaces' depends on axioms: [propext, Classical.choice, Quot.sound]
'Entry005.finite_zonotope_euclidean_one_volume' depends on axioms: [propext, Classical.choice, Quot.sound]
'Entry005.finite_zonotope_euclidean_zero_volume' depends on axioms: [propext, Classical.choice, Quot.sound]
'Entry005.finite_zonotope_linear_image' depends on axioms: [propext, Classical.choice, Quot.sound]
'Entry005.finite_zonotope_nonempty' depends on axioms: [propext, Classical.choice, Quot.sound]
'Entry005.finite_zonotope_option' depends on axioms: [propext, Classical.choice, Quot.sound]
'Entry005.finite_zonotope_option.match_1_1' does not depend on any axioms
'Entry005.finite_zonotope_option_volume' depends on axioms: [propext, Classical.choice, Quot.sound]
'Entry005.finite_zonotope_projection_volume_coordinates' depends on axioms: [propext, Classical.choice, Quot.sound]
'Entry005.finite_zonotope_real_eq_interval' depends on axioms: [propext, Classical.choice, Quot.sound]
'Entry005.finite_zonotope_real_volume' depends on axioms: [propext, Classical.choice, Quot.sound]
'Entry005.finite_zonotope_reindex' depends on axioms: [propext, Classical.choice, Quot.sound]
'Entry005.finite_zonotope_scalar_image' depends on axioms: [propext, Classical.choice, Quot.sound]
'Entry005.finite_zonotope_scaled_generators' depends on axioms: [propext, Classical.choice, Quot.sound]
'Entry005.finite_zonotope_subset_generator_span' depends on axioms: [propext, Classical.choice, Quot.sound]
'Entry005.finite_zonotope_support_attained' depends on axioms: [propext, Classical.choice, Quot.sound]
'Entry005.finite_zonotope_support_bound' depends on axioms: [propext, Classical.choice, Quot.sound]
'Entry005.finite_zonotope_volume_cons' depends on axioms: [propext, Classical.choice, Quot.sound]
'Entry005.finite_zonotope_volume_cons_projected' depends on axioms: [propext, Classical.choice, Quot.sound]
'Entry005.finite_zonotope_volume_cons_toReal' depends on axioms: [propext, Classical.choice, Quot.sound]
'Entry005.finite_zonotope_volume_determinant_sum' depends on axioms: [propext, Classical.choice, Quot.sound]
'Entry005.finite_zonotope_volume_horizontal_tuple_sum' depends on axioms: [propext, Classical.choice, Quot.sound]
'Entry005.finite_zonotope_volume_isometry' depends on axioms: [propext, Classical.choice, Quot.sound]
'Entry005.finite_zonotope_volume_matrix' depends on axioms: [propext, Classical.choice, Quot.sound]
'Entry005.finite_zonotope_volume_matrix_fintype' depends on axioms: [propext, Classical.choice, Quot.sound]
'Entry005.finite_zonotope_volume_no_generators' depends on axioms: [propext, Classical.choice, Quot.sound]
'Entry005.finite_zonotope_volume_zero_dimensional' depends on axioms: [propext, Classical.choice, Quot.sound]
'Entry005.finite_zonotope_volume_zero_of_card_lt' depends on axioms: [propext, Classical.choice, Quot.sound]
'Entry005.finrank_lifted_space' depends on axioms: [propext, Classical.choice, Quot.sound]
'Entry005.fintype_determinant_tuple_sum_eq_injection_sum' depends on axioms: [propext, Classical.choice, Quot.sound]
'Entry005.fintype_weighted_determinant_tuple_sum_eq_injection_sum' depends on axioms: [propext,
 Classical.choice,
 Quot.sound]
'Entry005.first_replacement_witness' depends on axioms: [propext, Classical.choice, Quot.sound]
'Entry005.gSharp' depends on axioms: [propext, Classical.choice, Quot.sound]
'Entry005.gSharp_pos' depends on axioms: [propext, Classical.choice, Quot.sound]
'Entry005.geometricSupport' depends on axioms: [propext, Classical.choice, Quot.sound]
'Entry005.geometricSupport_le_iff' depends on axioms: [propext, Classical.choice, Quot.sound]
'Entry005.geometricSupport_le_of_hausdorff' depends on axioms: [propext, Classical.choice, Quot.sound]
'Entry005.halfspaceApproximationBody' depends on axioms: [propext, Classical.choice, Quot.sound]
'Entry005.halfspaceApproximationBody.congr_simp' depends on axioms: [propext, Classical.choice, Quot.sound]
'Entry005.halfspaceApproximationLaw' depends on axioms: [propext, Classical.choice, Quot.sound]
'Entry005.halfspaceApproximationLaw._proof_1' depends on axioms: [propext, Classical.choice, Quot.sound]
'Entry005.halfspaceApproximationLaw.congr_simp' depends on axioms: [propext, Classical.choice, Quot.sound]
'Entry005.halfspaceApproximationNormals' depends on axioms: [propext, Classical.choice, Quot.sound]
'Entry005.halfspaceApproximationNormals._proof_1' depends on axioms: [propext, Classical.choice, Quot.sound]
'Entry005.halfspaceApproximationProbability' depends on axioms: [propext, Classical.choice, Quot.sound]
'Entry005.halfspaceApproximationTolerance' depends on axioms: [propext, Classical.choice, Quot.sound]
'Entry005.halfspace_approximation_atom_polar_boundary' depends on axioms: [propext, Classical.choice, Quot.sound]
'Entry005.halfspace_approximation_body_compact' depends on axioms: [propext, Classical.choice, Quot.sound]
'Entry005.halfspace_approximation_body_contains_unit_ball' depends on axioms: [propext, Classical.choice, Quot.sound]
'Entry005.halfspace_approximation_body_subset_dilation' depends on axioms: [propext, Classical.choice, Quot.sound]
'Entry005.halfspace_approximation_compact_law_ae_polar_boundary' depends on axioms: [propext,
 Classical.choice,
 Quot.sound]
'Entry005.halfspace_approximation_entryA_tendsto' depends on axioms: [propext, Classical.choice, Quot.sound]
'Entry005.halfspace_approximation_heights_pos' depends on axioms: [propext, Classical.choice, Quot.sound]
'Entry005.halfspace_approximation_horizontal_first_moment' depends on axioms: [propext, Classical.choice, Quot.sound]
'Entry005.halfspace_approximation_iid_moments_tendsto' depends on axioms: [propext, Classical.choice, Quot.sound]
'Entry005.halfspace_approximation_law_ae_polar_boundary' depends on axioms: [propext, Classical.choice, Quot.sound]
'Entry005.halfspace_approximation_law_ae_unit_ball' depends on axioms: [propext, Classical.choice, Quot.sound]
'Entry005.halfspace_approximation_law_centered' depends on axioms: [propext, Classical.choice, Quot.sound]
'Entry005.halfspace_approximation_law_negative_brightness' depends on axioms: [propext, Classical.choice, Quot.sound]
'Entry005.halfspace_approximation_law_negative_tendsto' depends on axioms: [propext, Classical.choice, Quot.sound]
'Entry005.halfspace_approximation_law_probability' depends on axioms: [propext, Classical.choice, Quot.sound]
'Entry005.halfspace_approximation_law_support_unit_ball' depends on axioms: [propext, Classical.choice, Quot.sound]
'Entry005.halfspace_approximation_normals_injective' depends on axioms: [propext, Classical.choice, Quot.sound]
'Entry005.halfspace_approximation_normals_unit' depends on axioms: [propext, Classical.choice, Quot.sound]
'Entry005.halfspace_approximation_projection_body_volume_tendsto' depends on axioms: [propext,
 Classical.choice,
 Quot.sound]
'Entry005.halfspace_approximation_projection_ratio_tendsto' depends on axioms: [propext, Classical.choice, Quot.sound]
'Entry005.halfspace_approximation_projection_volume_tendsto' depends on axioms: [propext, Classical.choice, Quot.sound]
'Entry005.halfspace_approximation_spec' depends on axioms: [propext, Classical.choice, Quot.sound]
'Entry005.halfspace_approximation_tolerance_pos' depends on axioms: [propext, Classical.choice, Quot.sound]
'Entry005.halfspace_approximation_tolerance_tendsto' depends on axioms: [propext, Classical.choice, Quot.sound]
'Entry005.halfspace_approximation_volume_tendsto' depends on axioms: [propext, Classical.choice, Quot.sound]
'Entry005.hausdorff_from_inner_radius_projection_deficit' depends on axioms: [propext, Classical.choice, Quot.sound]
'Entry005.hausdorff_from_projection_deficit' depends on axioms: [propext, Classical.choice, Quot.sound]
'Entry005.hausdorff_from_projection_deficit._proof_1_1' depends on axioms: [propext, Classical.choice, Quot.sound]
'Entry005.hausdorff_from_projection_deficit_sqrt' depends on axioms: [propext, Classical.choice, Quot.sound]
'Entry005.hausdorff_from_projection_deficit_sqrt._proof_1_1' depends on axioms: [propext, Classical.choice, Quot.sound]
'Entry005.horizontalAbsoluteDeterminantTest' depends on axioms: [propext, Classical.choice, Quot.sound]
'Entry005.horizontalAbsoluteDeterminantTest._proof_1' depends on axioms: [propext, Classical.choice, Quot.sound]
'Entry005.horizontalDeterminant' depends on axioms: [propext, Classical.choice, Quot.sound]
'Entry005.horizontalDeterminant.eq_1' depends on axioms: [propext, Classical.choice, Quot.sound]
'Entry005.horizontal_iid_first_moment_map' depends on axioms: [propext, Classical.choice, Quot.sound]
'Entry005.hyperplaneProjection' depends on axioms: [propext, Classical.choice, Quot.sound]
'Entry005.hyperplaneProjection._proof_1' depends on axioms: [propext, Classical.choice, Quot.sound]
'Entry005.hyperplaneProjection._proof_2' depends on axioms: [propext, Classical.choice, Quot.sound]
'Entry005.hyperplane_dimension' depends on axioms: [propext, Classical.choice, Quot.sound]
'Entry005.hyperplane_dimension._proof_1_1' depends on axioms: [propext, Classical.choice, Quot.sound]
'Entry005.hyperplane_projection_basis_determinant' depends on axioms: [propext, Classical.choice, Quot.sound]
'Entry005.hyperplane_projection_volume' depends on axioms: [propext, Classical.choice, Quot.sound]
'Entry005.hyperplane_projection_volume._proof_1_1' depends on axioms: [propext, Classical.choice, Quot.sound]
'Entry005.iidAnchorTestSplit' depends on axioms: [propext, Classical.choice, Quot.sound]
'Entry005.iidAnchorTestSplit.eq_1' depends on axioms: [propext, Classical.choice, Quot.sound]
'Entry005.iidAnchorVolumeWeightedLaw' depends on axioms: [propext, Classical.choice, Quot.sound]
'Entry005.iidBasePairSplit' depends on axioms: [propext, Classical.choice, Quot.sound]
'Entry005.iidBasePairSplit.eq_1' depends on axioms: [propext, Classical.choice, Quot.sound]
'Entry005.iidLaw' depends on axioms: [propext, Classical.choice, Quot.sound]
'Entry005.iidLaw.eq_1' depends on axioms: [propext, Classical.choice, Quot.sound]
'Entry005.iidLaw_probability' depends on axioms: [propext, Classical.choice, Quot.sound]
'Entry005.iidProbabilityMeasure' depends on axioms: [propext, Classical.choice, Quot.sound]
'Entry005.iidProbabilityMeasure._proof_1' depends on axioms: [propext, Classical.choice, Quot.sound]
'Entry005.iidProbabilityMeasure_cons' depends on axioms: [propext, Classical.choice, Quot.sound]
'Entry005.iidProbabilityMeasure_map' depends on axioms: [propext, Classical.choice, Quot.sound]
'Entry005.iidProbabilityMeasure_toMeasure' depends on axioms: [propext, Classical.choice, Quot.sound]
'Entry005.iidSplit' depends on axioms: [propext, Classical.choice, Quot.sound]
'Entry005.iidSplit._proof_1' depends on axioms: [propext]
'Entry005.iidSplit.eq_1' depends on axioms: [propext, Classical.choice, Quot.sound]
'Entry005.iidWitnessTransport' depends on axioms: [propext, Classical.choice, Quot.sound]
'Entry005.iidWitnessTransport.eq_1' depends on axioms: [propext, Classical.choice, Quot.sound]
'Entry005.iid_anchor_support_ae' depends on axioms: [propext, Classical.choice, Quot.sound]
'Entry005.iid_anchor_test_preserving' depends on axioms: [propext, Classical.choice, Quot.sound]
'Entry005.iid_anchor_volume_integrable' depends on axioms: [propext, Classical.choice, Quot.sound]
'Entry005.iid_anchor_volume_integral_eq' depends on axioms: [propext, Classical.choice, Quot.sound]
'Entry005.iid_anchor_volume_integral_pos_of_euclidean_support_affineSpan_top' depends on axioms: [propext,
 Classical.choice,
 Quot.sound]
'Entry005.iid_anchor_volume_integral_pos_of_support_affineIndependent' depends on axioms: [propext,
 Classical.choice,
 Quot.sound]
'Entry005.iid_anchor_volume_integral_pos_of_support_affineSpan_top' depends on axioms: [propext,
 Classical.choice,
 Quot.sound]
'Entry005.iid_anchor_volume_integral_pos_of_support_det_ne_zero' depends on axioms: [propext,
 Classical.choice,
 Quot.sound]
'Entry005.iid_anchor_volume_integral_pos_of_support_det_ne_zero._simp_1_1' depends on axioms: [propext]
'Entry005.iid_anchor_volume_integral_pos_of_support_det_ne_zero._simp_1_2' depends on axioms: [propext, Quot.sound]
'Entry005.iid_anchor_volume_integral_pos_of_support_raw_affineIndependent' depends on axioms: [propext,
 Classical.choice,
 Quot.sound]
'Entry005.iid_anchor_volume_weighted_law_ae_support_pos' depends on axioms: [propext, Classical.choice, Quot.sound]
'Entry005.iid_anchor_volume_weighted_law_probability' depends on axioms: [propext, Classical.choice, Quot.sound]
'Entry005.iid_anchor_volume_weighted_witness_ratio_budget' depends on axioms: [propext, Classical.choice, Quot.sound]
'Entry005.iid_base_pair_preserving' depends on axioms: [propext, Classical.choice, Quot.sound]
'Entry005.iid_determinant_second_moment' depends on axioms: [propext, Classical.choice, Quot.sound]
'Entry005.iid_determinant_witness_anchor' depends on axioms: [propext, Classical.choice, Quot.sound]
'Entry005.iid_integral_map' depends on axioms: [propext, Classical.choice, Quot.sound]
'Entry005.iid_lifted_determinant_integrable' depends on axioms: [propext, Classical.choice, Quot.sound]
'Entry005.iid_paper_assignment_witness_budget' depends on axioms: [propext, Classical.choice, Quot.sound]
'Entry005.iid_split_preserving' depends on axioms: [propext, Classical.choice, Quot.sound]
'Entry005.iid_support_tuple_mem_support' depends on axioms: [propext, Classical.choice, Quot.sound]
'Entry005.iid_volume_weighted_paper_witness_anchor' depends on axioms: [propext, Classical.choice, Quot.sound]
'Entry005.iid_witness_transport_preserving' depends on axioms: [propext, Classical.choice, Quot.sound]
'Entry005.innerProjectionRadius' depends on axioms: [propext, Classical.choice, Quot.sound]
'Entry005.innerProjectionRadius.eq_1' depends on axioms: [propext, Classical.choice, Quot.sound]
'Entry005.inner_level_volume_zero' depends on axioms: [propext, Classical.choice, Quot.sound]
'Entry005.inner_project' depends on axioms: [propext, Classical.choice, Quot.sound]
'Entry005.inner_pyramidBaseNormal' depends on axioms: [propext, Classical.choice, Quot.sound]
'Entry005.inner_pyramidSideNormal' depends on axioms: [propext, Classical.choice, Quot.sound]
'Entry005.instDecidableEqPaperWitnessIndex' does not depend on any axioms
'Entry005.instFintypePaperWitnessIndex' depends on axioms: [propext, Classical.choice, Quot.sound]
'Entry005.integrable_anchor_coordinates' depends on axioms: [propext, Classical.choice, Quot.sound]
'Entry005.integrable_family_defect' depends on axioms: [propext, Classical.choice, Quot.sound]
'Entry005.integral_absolute_decomposition' depends on axioms: [propext, Classical.choice, Quot.sound]
'Entry005.integral_absolute_decomposition._proof_1_1' depends on axioms: [propext, Classical.choice, Quot.sound]
'Entry005.integral_cancellation_identity' depends on axioms: [propext, Classical.choice, Quot.sound]
'Entry005.integral_determinant_assignment_witness_eq_transportedWitnessSum' depends on axioms: [propext,
 Classical.choice,
 Quot.sound]
'Entry005.integral_dot_square' depends on axioms: [propext, Classical.choice, Quot.sound]
'Entry005.integral_lifted_determinant' depends on axioms: [propext, Classical.choice, Quot.sound]
'Entry005.integral_mean_decomposition' depends on axioms: [propext, Classical.choice, Quot.sound]
'Entry005.integral_mean_decomposition._proof_1_1' depends on axioms: [propext, Classical.choice, Quot.sound]
'Entry005.integrated_actual_determinant_assignment_cost' depends on axioms: [propext, Classical.choice, Quot.sound]
'Entry005.integrated_clipped_largest_assignment_error' depends on axioms: [propext, Classical.choice, Quot.sound]
'Entry005.integrated_family_witness_le' depends on axioms: [propext, Classical.choice, Quot.sound]
'Entry005.integrated_largest_assignment_error' depends on axioms: [propext, Classical.choice, Quot.sound]
'Entry005.integrated_opposite_witness_le' depends on axioms: [propext, Classical.choice, Quot.sound]
'Entry005.isometry_volume_image' depends on axioms: [propext, Classical.choice, Quot.sound]
'Entry005.largestCoordinate' depends on axioms: [propext, Classical.choice, Quot.sound]
'Entry005.largest_coordinate_assignment_error' depends on axioms: [propext, Classical.choice, Quot.sound]
'Entry005.largest_coordinate_clipped_assignment_error' depends on axioms: [propext, Classical.choice, Quot.sound]
'Entry005.largest_coordinate_fiber' depends on axioms: [propext, Classical.choice, Quot.sound]
'Entry005.largest_coordinate_max' depends on axioms: [propext, Classical.choice, Quot.sound]
'Entry005.largest_coordinate_positive' depends on axioms: [propext, Classical.choice, Quot.sound]
'Entry005.liftedAbsoluteDeterminantTest' depends on axioms: [propext, Classical.choice, Quot.sound]
'Entry005.liftedAbsoluteDeterminantTest._proof_1' depends on axioms: [propext]
'Entry005.liftedAbsoluteDeterminantTest._proof_2' depends on axioms: [propext, Classical.choice, Quot.sound]
'Entry005.liftedAffineEquiv' depends on axioms: [propext, Classical.choice, Quot.sound]
'Entry005.liftedAffineEquiv._proof_1' depends on axioms: [propext]
'Entry005.liftedAffineEquiv._proof_2' depends on axioms: [propext, Classical.choice, Quot.sound]
'Entry005.liftedAffineEquiv._proof_3' depends on axioms: [propext, Classical.choice, Quot.sound]
'Entry005.liftedAffineEquiv.eq_1' depends on axioms: [propext, Classical.choice, Quot.sound]
'Entry005.liftedAffineEquiv_apex' depends on axioms: [propext, Classical.choice, Quot.sound]
'Entry005.liftedAffineEquiv_apply' depends on axioms: [propext, Classical.choice, Quot.sound]
'Entry005.liftedAffineEquiv_apply._abel_1_2' depends on axioms: [propext, Classical.choice, Quot.sound]
'Entry005.liftedAffineEquiv_base' depends on axioms: [propext, Classical.choice, Quot.sound]
'Entry005.liftedAffineEquiv_det' depends on axioms: [propext, Classical.choice, Quot.sound]
'Entry005.liftedAffineEquiv_symm_apply' depends on axioms: [propext, Classical.choice, Quot.sound]
'Entry005.liftedCoordinates' depends on axioms: [propext, Classical.choice, Quot.sound]
'Entry005.liftedCoordinates.eq_1' depends on axioms: [propext, Classical.choice, Quot.sound]
'Entry005.liftedDeterminant' depends on axioms: [propext, Classical.choice, Quot.sound]
'Entry005.liftedDeterminant.eq_1' depends on axioms: [propext, Classical.choice, Quot.sound]
'Entry005.lifted_determinant_expansion' depends on axioms: [propext, Classical.choice, Quot.sound]
'Entry005.lifted_determinant_integrable' depends on axioms: [propext, Classical.choice, Quot.sound]
'Entry005.lifted_iid_first_moment_map' depends on axioms: [propext, Classical.choice, Quot.sound]
'Entry005.lifted_unit_column_norm' depends on axioms: [propext, Classical.choice, Quot.sound]
'Entry005.lower_projected_facets_inter_volume_zero' depends on axioms: [propext, Classical.choice, Quot.sound]
'Entry005.maximumInscribed' depends on axioms: [propext, Classical.choice, Quot.sound]
'Entry005.maximumInscribed._proof_1' depends on axioms: [propext, Classical.choice, Quot.sound]
'Entry005.maximumInscribed._proof_2' depends on axioms: [propext, Classical.choice, Quot.sound]
'Entry005.maximumInscribed_R0_ball' depends on axioms: [propext, Classical.choice, Quot.sound]
'Entry005.maximumInscribed_affine_iff' depends on axioms: [propext, Classical.choice, Quot.sound]
'Entry005.maximumInscribed_centered_bound' depends on axioms: [propext, Classical.choice, Quot.sound]
'Entry005.maximumInscribed_centered_bound._abel_1_1' depends on axioms: [propext, Classical.choice, Quot.sound]
'Entry005.maximumInscribed_coord_abs_le_one' depends on axioms: [propext, Classical.choice, Quot.sound]
'Entry005.maximumInscribed_excess_le_dim_add_one' depends on axioms: [propext, Classical.choice, Quot.sound]
'Entry005.maximumInscribed_outer_ball' depends on axioms: [propext, Classical.choice, Quot.sound]
'Entry005.maximumInscribed_outer_ball._simp_1_1' depends on axioms: [propext, Classical.choice, Quot.sound]
'Entry005.maximumInscribed_regular_norm_sq' depends on axioms: [propext, Classical.choice, Quot.sound]
'Entry005.maximumInscribed_regular_sharp_ball' depends on axioms: [propext, Classical.choice, Quot.sound]
'Entry005.maximumInscribed_regular_sharp_ball._simp_1_1' depends on axioms: [propext, Classical.choice, Quot.sound]
'Entry005.maximum_simplex_excess_le_R0_sub_one' depends on axioms: [propext, Classical.choice, Quot.sound]
'Entry005.maximum_simplex_normalized_geometric_endpoint' depends on axioms: [propext, Classical.choice, Quot.sound]
'Entry005.maximum_simplex_regular_geometric_endpoint' depends on axioms: [propext, Classical.choice, Quot.sound]
'Entry005.maximum_simplex_regular_geometric_endpoint._proof_1_1' depends on axioms: [propext, Quot.sound]
'Entry005.maximum_simplex_regular_normalization' depends on axioms: [propext, Classical.choice, Quot.sound]
'Entry005.maximum_simplex_sharp_radius_normalization' depends on axioms: [propext, Classical.choice, Quot.sound]
'Entry005.maximum_simplex_strong_geometric_endpoint' depends on axioms: [propext, Classical.choice, Quot.sound]
'Entry005.maximum_simplex_strong_geometric_endpoint._proof_1_1' depends on axioms: [propext, Quot.sound]
'Entry005.maximum_simplex_strong_normalization_invariants' depends on axioms: [propext, Classical.choice, Quot.sound]
'Entry005.maximum_simplex_volume_ratio' depends on axioms: [propext, Classical.choice, Quot.sound]
'Entry005.maximum_simplex_zero_hausdorff' depends on axioms: [propext, Classical.choice, Quot.sound]
'Entry005.measurable_anchor_coordinates' depends on axioms: [propext, Classical.choice, Quot.sound]
'Entry005.measurable_compactBallRaw' depends on axioms: [propext, Classical.choice, Quot.sound]
'Entry005.measurable_iid_anchor_volume' depends on axioms: [propext, Classical.choice, Quot.sound]
'Entry005.measurable_largest_coordinate' depends on axioms: [propext, Classical.choice, Quot.sound]
'Entry005.measurable_largest_coordinate._simp_1_1' depends on axioms: [propext]
'Entry005.measurable_lifted_determinant' depends on axioms: [propext, Classical.choice, Quot.sound]
'Entry005.measurable_rawToCompactBall' depends on axioms: [propext, Classical.choice, Quot.sound]
'Entry005.mem_iff_geometricSupport' depends on axioms: [propext, Classical.choice, Quot.sound]
'Entry005.mem_projectionBodySet_iff_brightness' depends on axioms: [propext, Classical.choice, Quot.sound]
'Entry005.mem_projectionBodySet_iff_brightness._simp_1_3' does not depend on any axioms
'Entry005.mem_pyramidHalfspace_iff' depends on axioms: [propext, Classical.choice, Quot.sound]
'Entry005.mem_pyramidSet_iff' depends on axioms: [propext, Classical.choice, Quot.sound]
'Entry005.negativeAssignmentCost' depends on axioms: [propext, Classical.choice, Quot.sound]
'Entry005.negativeAssignmentCost.eq_1' depends on axioms: [propext, Classical.choice, Quot.sound]
'Entry005.negativeIntegral' depends on axioms: [propext, Classical.choice, Quot.sound]
'Entry005.negativeIntegral.eq_1' depends on axioms: [propext, Classical.choice, Quot.sound]
'Entry005.nested_body_cap_gain' depends on axioms: [propext, Classical.choice, Quot.sound]
'Entry005.nested_body_cap_gain._simp_1_1' depends on axioms: [propext, Classical.choice, Quot.sound]
'Entry005.normalHyperplane' depends on axioms: [propext, Classical.choice, Quot.sound]
'Entry005.normalHyperplane.eq_1' depends on axioms: [propext, Classical.choice, Quot.sound]
'Entry005.normalHyperplane_finrank' depends on axioms: [propext, Classical.choice, Quot.sound]
'Entry005.normalHyperplane_finrank._proof_1_1' depends on axioms: [propext, Classical.choice, Quot.sound]
'Entry005.normal_contraction_factor' depends on axioms: [propext, Classical.choice, Quot.sound]
'Entry005.normal_contraction_factor._proof_1_1' depends on axioms: [propext, Classical.choice, Quot.sound]
'Entry005.normalized_body_brightness_lower' depends on axioms: [propext, Classical.choice, Quot.sound]
'Entry005.normalized_projection_body_contains_ball' depends on axioms: [propext, Classical.choice, Quot.sound]
'Entry005.normalized_projection_body_contains_ball._simp_1_1' depends on axioms: [propext, Classical.choice, Quot.sound]
'Entry005.normalized_projection_body_volume_pos' depends on axioms: [propext, Classical.choice, Quot.sound]
'Entry005.normalized_projection_body_volume_pos._simp_1_1' depends on axioms: [propext, Classical.choice, Quot.sound]
'Entry005.normalized_projection_ratio_pos' depends on axioms: [propext, Classical.choice, Quot.sound]
'Entry005.normalized_support_height_eq_one' depends on axioms: [propext, Classical.choice, Quot.sound]
'Entry005.off_max_l1_le_cost' depends on axioms: [propext, Classical.choice, Quot.sound]
'Entry005.off_max_l1_le_cost._proof_1_1' depends on axioms: [propext, Classical.choice, Quot.sound]
'Entry005.off_max_l1_le_cost_of_no_clipping' depends on axioms: [propext, Classical.choice, Quot.sound]
'Entry005.off_max_l1_le_cost_of_no_clipping._proof_1_2' depends on axioms: [propext, Classical.choice, Quot.sound]
'Entry005.official_brightness_eq_norm_mul' depends on axioms: [propext, Classical.choice, Quot.sound]
'Entry005.official_normal_hyperplane_eq' depends on axioms: [propext, Classical.choice, Quot.sound]
'Entry005.official_normalized_projection_volume_eq' depends on axioms: [propext, Classical.choice, Quot.sound]
'Entry005.official_projection_body_eq' depends on axioms: [propext, Classical.choice, Quot.sound]
'Entry005.official_projection_volume_eq' depends on axioms: [propext, Classical.choice, Quot.sound]
'Entry005.official_projection_volume_real_eq' depends on axioms: [propext, Classical.choice, Quot.sound]
'Entry005.official_unit_brightness_eq' depends on axioms: [propext, Classical.choice, Quot.sound]
'Entry005.oppositeWitness' depends on axioms: [propext, Classical.choice, Quot.sound]
'Entry005.oppositeWitness.eq_1' depends on axioms: [propext, Classical.choice, Quot.sound]
'Entry005.opposite_witness_integrable' depends on axioms: [propext, Classical.choice, Quot.sound]
'Entry005.opposite_witness_integrable_same' depends on axioms: [propext, Classical.choice, Quot.sound]
'Entry005.opposite_witness_mul' depends on axioms: [propext, Classical.choice, Quot.sound]
'Entry005.opposite_witness_mul_nonneg' depends on axioms: [propext, Classical.choice, Quot.sound]
'Entry005.opposite_witness_mul_nonneg._simp_1_2' does not depend on any axioms
'Entry005.opposite_witness_neg_neg' depends on axioms: [propext, Classical.choice, Quot.sound]
'Entry005.opposite_witness_nonneg' depends on axioms: [propext, Classical.choice, Quot.sound]
'Entry005.original_Q_assignment' depends on axioms: [propext, Classical.choice, Quot.sound]
'Entry005.orthogonal_hyperplane_projection_formula' depends on axioms: [propext, Classical.choice, Quot.sound]
'Entry005.orthogonal_projection_closed_ball' depends on axioms: [propext, Classical.choice, Quot.sound]
'Entry005.orthogonal_projection_closed_ball._simp_1_1' depends on axioms: [propext, Classical.choice, Quot.sound]
'Entry005.orthogonal_projection_smul_image' depends on axioms: [propext, Classical.choice, Quot.sound]
'Entry005.orthonormal_basis_det_coordinates' depends on axioms: [propext, Classical.choice, Quot.sound]
'Entry005.orthonormal_determinant_height' depends on axioms: [propext, Classical.choice, Quot.sound]
'Entry005.orthonormal_linear_image_volume' depends on axioms: [propext, Classical.choice, Quot.sound]
'Entry005.outer_ball_after_small_hausdorff' depends on axioms: [propext, Classical.choice, Quot.sound]
'Entry005.pairAssignmentCost' depends on axioms: [propext, Classical.choice, Quot.sound]
'Entry005.pairAssignmentCost._proof_1' depends on axioms: [propext]
'Entry005.pair_replacement_witness_lower' depends on axioms: [propext, Classical.choice, Quot.sound]
'Entry005.paperFirstPermutation' depends on axioms: [propext, Classical.choice, Quot.sound]
'Entry005.paperFirstPermutation._proof_1' depends on axioms: [propext]
'Entry005.paperFirstPermutation.eq_1' depends on axioms: [propext, Classical.choice, Quot.sound]
'Entry005.paperPairPermutation' depends on axioms: [propext, Classical.choice, Quot.sound]
'Entry005.paperPairPermutation._proof_1' depends on axioms: [propext]
'Entry005.paperPairPermutation.eq_1' depends on axioms: [propext, Classical.choice, Quot.sound]
'Entry005.paperWitnessPermutation' depends on axioms: [propext, Classical.choice, Quot.sound]
'Entry005.paperWitnessPermutation.match_1' does not depend on any axioms
'Entry005.paper_anchor_update' depends on axioms: [propext, Classical.choice, Quot.sound]
'Entry005.paper_cases_swap_zero' depends on axioms: [propext, Classical.choice, Quot.sound]
'Entry005.paper_first_matrices' depends on axioms: [propext, Classical.choice, Quot.sound]
'Entry005.paper_first_transport' depends on axioms: [propext, Classical.choice, Quot.sound]
'Entry005.paper_first_witness' depends on axioms: [propext, Classical.choice, Quot.sound]
'Entry005.paper_iid_anchor_split_symm' depends on axioms: [propext, Classical.choice, Quot.sound]
'Entry005.paper_iid_base_pair_split' depends on axioms: [propext, Classical.choice, Quot.sound]
'Entry005.paper_iid_transport' depends on axioms: [propext, Classical.choice, Quot.sound]
'Entry005.paper_opposite_symm' depends on axioms: [propext, Classical.choice, Quot.sound]
'Entry005.paper_pair_first_matrix' depends on axioms: [propext, Classical.choice, Quot.sound]
'Entry005.paper_pair_replacement_symm' depends on axioms: [propext, Classical.choice, Quot.sound]
'Entry005.paper_pair_second_matrix' depends on axioms: [propext, Classical.choice, Quot.sound]
'Entry005.paper_pair_sign' depends on axioms: [propext, Classical.choice, Quot.sound]
'Entry005.paper_pair_transport' depends on axioms: [propext, Classical.choice, Quot.sound]
'Entry005.paper_pair_witness' depends on axioms: [propext, Classical.choice, Quot.sound]
'Entry005.paper_sign_abs' depends on axioms: [propext, Classical.choice, Quot.sound]
'Entry005.paper_swap_succ' depends on axioms: [propext, Classical.choice, Quot.sound]
'Entry005.paper_witness_index_card_nat' depends on axioms: [propext, Classical.choice, Quot.sound]
'Entry005.paper_witness_index_card_real' depends on axioms: [propext, Classical.choice, Quot.sound]
'Entry005.paper_witness_index_nonempty' depends on axioms: [propext]
'Entry005.paper_witness_transport_preserving' depends on axioms: [propext, Classical.choice, Quot.sound]
'Entry005.positiveIntegral' depends on axioms: [propext, Classical.choice, Quot.sound]
'Entry005.positiveIntegral.eq_1' depends on axioms: [propext, Classical.choice, Quot.sound]
'Entry005.positive_off_max_le_pair_cost' depends on axioms: [propext, Classical.choice, Quot.sound]
'Entry005.probability_closed_carried_of_tendsto' depends on axioms: [propext, Classical.choice, Quot.sound]
'Entry005.probability_integral_square_le' depends on axioms: [propext, Classical.choice, Quot.sound]
'Entry005.projectBody' depends on axioms: [propext, Classical.choice, Quot.sound]
'Entry005.projectBody._proof_1' depends on axioms: [propext, Classical.choice, Quot.sound]
'Entry005.projectBody._proof_2' depends on axioms: [propext, Classical.choice, Quot.sound]
'Entry005.projectBody._proof_3' depends on axioms: [propext, Classical.choice, Quot.sound]
'Entry005.projectBody._proof_4' depends on axioms: [propext, Classical.choice, Quot.sound]
'Entry005.projectBody._proof_5' depends on axioms: [propext, Classical.choice, Quot.sound]
'Entry005.project_body_mono' depends on axioms: [propext, Classical.choice, Quot.sound]
'Entry005.project_body_outer_ball' depends on axioms: [propext, Classical.choice, Quot.sound]
'Entry005.project_body_outer_ball._simp_1_1' depends on axioms: [propext, Classical.choice, Quot.sound]
'Entry005.project_body_unit_ball' depends on axioms: [propext, Classical.choice, Quot.sound]
'Entry005.project_body_unit_ball._simp_1_1' depends on axioms: [propext, Classical.choice, Quot.sound]
'Entry005.projectedVolume' depends on axioms: [propext, Classical.choice, Quot.sound]
'Entry005.projectedVolume._proof_1' depends on axioms: [propext, Classical.choice, Quot.sound]
'Entry005.projectedVolume._proof_2' depends on axioms: [propext, Classical.choice, Quot.sound]
'Entry005.projectedVolume.congr_simp' depends on axioms: [propext, Classical.choice, Quot.sound]
'Entry005.projectionBodySet' depends on axioms: [propext, Classical.choice, Quot.sound]
'Entry005.projectionBodySet.congr_simp' depends on axioms: [propext, Classical.choice, Quot.sound]
'Entry005.projectionBodySet.eq_1' depends on axioms: [propext, Classical.choice, Quot.sound]
'Entry005.projectionBodySet_affine_image' depends on axioms: [propext, Classical.choice, Quot.sound]
'Entry005.projectionBodySet_linear_image' depends on axioms: [propext, Classical.choice, Quot.sound]
'Entry005.projectionBodySet_linear_image._simp_1_2' depends on axioms: [propext]
'Entry005.projectionBodySet_linear_image._simp_1_3' depends on axioms: [propext]
'Entry005.projectionBodySet_linear_image._simp_1_4' depends on axioms: [propext]
'Entry005.projectionBodySet_linear_image._simp_1_5' depends on axioms: [propext]
'Entry005.projectionBodySet_linear_image._simp_1_6' depends on axioms: [propext]
'Entry005.projectionBodySet_linear_image._simp_1_7' depends on axioms: [propext, Classical.choice, Quot.sound]
'Entry005.projectionBodySet_linear_image._simp_1_8' depends on axioms: [propext]
'Entry005.projectionBodySet_translate' depends on axioms: [propext, Classical.choice, Quot.sound]
'Entry005.projectionBrightness' depends on axioms: [propext, Classical.choice, Quot.sound]
'Entry005.projectionBrightness.congr_simp' depends on axioms: [propext, Classical.choice, Quot.sound]
'Entry005.projectionBrightness.eq_1' depends on axioms: [propext, Classical.choice, Quot.sound]
'Entry005.projectionBrightness_linear_image' depends on axioms: [propext, Classical.choice, Quot.sound]
'Entry005.projectionBrightness_linear_image._simp_1_1' depends on axioms: [propext]
'Entry005.projectionBrightness_linear_image._simp_1_2' depends on axioms: [propext]
'Entry005.projectionBrightness_linear_image._simp_1_3' depends on axioms: [propext]
'Entry005.projectionBrightness_linear_image._simp_1_4' depends on axioms: [propext]
'Entry005.projectionBrightness_linear_image._simp_1_5' depends on axioms: [propext]
'Entry005.projectionBrightness_linear_image._simp_1_6' depends on axioms: [propext, Classical.choice, Quot.sound]
'Entry005.projectionBrightness_linear_image._simp_1_7' depends on axioms: [propext]
'Entry005.projectionHausdorffBound' depends on axioms: [propext, Classical.choice, Quot.sound]
'Entry005.projectionRatio' depends on axioms: [propext, Classical.choice, Quot.sound]
'Entry005.projectionRatio.eq_1' depends on axioms: [propext, Classical.choice, Quot.sound]
'Entry005.projectionRatio_affine_image' depends on axioms: [propext, Classical.choice, Quot.sound]
'Entry005.projectionRatio_linear_image' depends on axioms: [propext, Classical.choice, Quot.sound]
'Entry005.projectionRatio_pyramid_affine_image' depends on axioms: [propext, Classical.choice, Quot.sound]
'Entry005.projectionRatio_pyramid_affine_image._proof_1_1' depends on axioms: [propext, Classical.choice, Quot.sound]
'Entry005.projectionRatio_translate' depends on axioms: [propext, Classical.choice, Quot.sound]
'Entry005.projectionTransport' depends on axioms: [propext, Classical.choice, Quot.sound]
'Entry005.projectionTransport._proof_1' depends on axioms: [propext, Classical.choice, Quot.sound]
'Entry005.projectionTransport._proof_2' depends on axioms: [propext, Classical.choice, Quot.sound]
'Entry005.projectionTransport.congr_simp' depends on axioms: [propext, Classical.choice, Quot.sound]
'Entry005.projectionTransport_normDet' depends on axioms: [propext, Classical.choice, Quot.sound]
'Entry005.projectionTransport_normDet._simp_1_3' depends on axioms: [propext]
'Entry005.projectionTransport_normDet._simp_1_4' depends on axioms: [propext]
'Entry005.projectionTransport_normDet._simp_1_5' depends on axioms: [propext]
'Entry005.projectionTransport_normDet._simp_1_6' depends on axioms: [propext]
'Entry005.projectionTransport_normDet._simp_1_7' depends on axioms: [propext]
'Entry005.projectionTransport_normDet._simp_1_8' depends on axioms: [propext, Classical.choice, Quot.sound]
'Entry005.projectionTransport_normDet._simp_1_9' depends on axioms: [propext]
'Entry005.projectionTransport_project' depends on axioms: [propext, Classical.choice, Quot.sound]
'Entry005.projectionVolume' depends on axioms: [propext, Classical.choice, Quot.sound]
'Entry005.projectionVolume._proof_1' depends on axioms: [propext, Classical.choice, Quot.sound]
'Entry005.projectionVolume._proof_2' depends on axioms: [propext, Classical.choice, Quot.sound]
'Entry005.projectionVolume.eq_1' depends on axioms: [propext, Classical.choice, Quot.sound]
'Entry005.projectionVolumeSet' depends on axioms: [propext, Classical.choice, Quot.sound]
'Entry005.projectionVolumeSet._proof_1' depends on axioms: [propext, Classical.choice, Quot.sound]
'Entry005.projectionVolumeSet._proof_2' depends on axioms: [propext, Classical.choice, Quot.sound]
'Entry005.projectionVolumeSet._proof_3' depends on axioms: [propext, Classical.choice, Quot.sound]
'Entry005.projectionVolumeSet.congr_simp' depends on axioms: [propext, Classical.choice, Quot.sound]
'Entry005.projectionVolumeSet_linear_image' depends on axioms: [propext, Classical.choice, Quot.sound]
'Entry005.projectionVolumeSet_neg_normal' depends on axioms: [propext, Classical.choice, Quot.sound]
'Entry005.projectionVolumeSet_smul_normal' depends on axioms: [propext, Classical.choice, Quot.sound]
'Entry005.projectionVolumeSet_translate' depends on axioms: [propext, Classical.choice, Quot.sound]
'Entry005.projectionVolume_linear_image' depends on axioms: [propext, Classical.choice, Quot.sound]
'Entry005.projection_body_closed' depends on axioms: [propext, Classical.choice, Quot.sound]
'Entry005.projection_body_convex' depends on axioms: [propext, Classical.choice, Quot.sound]
'Entry005.projection_body_eq_finite_zonotope_of_projection_volume' depends on axioms: [propext,
 Classical.choice,
 Quot.sound]
'Entry005.projection_body_mono' depends on axioms: [propext, Classical.choice, Quot.sound]
'Entry005.projection_body_positive_smul' depends on axioms: [propext, Classical.choice, Quot.sound]
'Entry005.projection_body_zero_mem' depends on axioms: [propext, Classical.choice, Quot.sound]
'Entry005.projection_cap_cube_gain' depends on axioms: [propext, Classical.choice, Quot.sound]
'Entry005.projection_cap_gain' depends on axioms: [propext, Classical.choice, Quot.sound]
'Entry005.projection_cap_gain._simp_1_1' depends on axioms: [propext, Classical.choice, Quot.sound]
'Entry005.projection_cap_sqrt_cube_gain' depends on axioms: [propext, Classical.choice, Quot.sound]
'Entry005.projection_image_linearEquiv' depends on axioms: [propext, Classical.choice, Quot.sound]
'Entry005.projection_volume_closed_ball' depends on axioms: [propext, Classical.choice, Quot.sound]
'Entry005.projection_volume_closed_ball._proof_1_1' depends on axioms: [propext, Classical.choice, Quot.sound]
'Entry005.projection_volume_mono' depends on axioms: [propext, Classical.choice, Quot.sound]
'Entry005.projection_volume_nonnegative_smul' depends on axioms: [propext, Classical.choice, Quot.sound]
'Entry005.projection_volume_nonnegative_smul._proof_1_1' depends on axioms: [propext, Classical.choice, Quot.sound]
'Entry005.pyramidApex' depends on axioms: [propext, Classical.choice, Quot.sound]
'Entry005.pyramidApex.eq_1' depends on axioms: [propext, Classical.choice, Quot.sound]
'Entry005.pyramidBaseIsometry' depends on axioms: [propext, Classical.choice, Quot.sound]
'Entry005.pyramidBaseIsometry._proof_1' depends on axioms: [propext]
'Entry005.pyramidBaseIsometry._proof_10' depends on axioms: [propext, Classical.choice, Quot.sound]
'Entry005.pyramidBaseIsometry._proof_2' depends on axioms: [propext, Classical.choice, Quot.sound]
'Entry005.pyramidBaseIsometry._proof_3' depends on axioms: [propext, Classical.choice, Quot.sound]
'Entry005.pyramidBaseIsometry._proof_4' depends on axioms: [propext, Classical.choice, Quot.sound]
'Entry005.pyramidBaseIsometry._proof_5' depends on axioms: [propext, Classical.choice, Quot.sound]
'Entry005.pyramidBaseIsometry._proof_6' depends on axioms: [propext, Classical.choice, Quot.sound]
'Entry005.pyramidBaseIsometry._proof_7' depends on axioms: [propext, Classical.choice, Quot.sound]
'Entry005.pyramidBaseIsometry._proof_8' depends on axioms: [propext, Classical.choice, Quot.sound]
'Entry005.pyramidBaseIsometry._proof_9' depends on axioms: [propext, Classical.choice, Quot.sound]
'Entry005.pyramidBaseIsometry_val' depends on axioms: [propext, Classical.choice, Quot.sound]
'Entry005.pyramidBaseMap' depends on axioms: [propext, Classical.choice, Quot.sound]
'Entry005.pyramidBaseMap._proof_1' depends on axioms: [propext]
'Entry005.pyramidBaseMap._proof_2' depends on axioms: [propext, Classical.choice, Quot.sound]
'Entry005.pyramidBaseMap_apply' depends on axioms: [propext, Classical.choice, Quot.sound]
'Entry005.pyramidBaseNormal' depends on axioms: [propext, Classical.choice, Quot.sound]
'Entry005.pyramidBaseNormal._proof_1' depends on axioms: [propext]
'Entry005.pyramidBaseNormal.eq_1' depends on axioms: [propext, Classical.choice, Quot.sound]
'Entry005.pyramidBaseNormal_unit' depends on axioms: [propext, Classical.choice, Quot.sound]
'Entry005.pyramidFlip' depends on axioms: [propext, Classical.choice, Quot.sound]
'Entry005.pyramidFlip.eq_1' depends on axioms: [propext, Classical.choice, Quot.sound]
'Entry005.pyramidFlip_apply' depends on axioms: [propext, Classical.choice, Quot.sound]
'Entry005.pyramidFlip_volume' depends on axioms: [propext, Classical.choice, Quot.sound]
'Entry005.pyramidHalfspaceHeight' depends on axioms: [propext, Classical.choice, Quot.sound]
'Entry005.pyramidHalfspaceNormal' depends on axioms: [propext, Classical.choice, Quot.sound]
'Entry005.pyramidHalfspaceNormal.match_1' does not depend on any axioms
'Entry005.pyramidHalfspaceNormal_injective' depends on axioms: [propext, Classical.choice, Quot.sound]
'Entry005.pyramidHalfspaceNormal_unit' depends on axioms: [propext, Classical.choice, Quot.sound]
'Entry005.pyramidLiftCoordinates' depends on axioms: [propext, Classical.choice, Quot.sound]
'Entry005.pyramidLiftCoordinates._proof_1' depends on axioms: [propext]
'Entry005.pyramidLiftCoordinates._proof_2' depends on axioms: [propext]
'Entry005.pyramidLiftCoordinates._proof_3' depends on axioms: [propext, Classical.choice, Quot.sound]
'Entry005.pyramidLiftCoordinates._proof_4' depends on axioms: [propext, Classical.choice, Quot.sound]
'Entry005.pyramidLiftCoordinates._proof_5' depends on axioms: [propext, Classical.choice, Quot.sound]
'Entry005.pyramidLiftCoordinates._proof_6' depends on axioms: [propext, Classical.choice, Quot.sound]
'Entry005.pyramidLiftCoordinates._proof_7' depends on axioms: [propext, Classical.choice, Quot.sound]
'Entry005.pyramidLiftCoordinates_apply' depends on axioms: [propext, Classical.choice, Quot.sound]
'Entry005.pyramidLinearEquiv' depends on axioms: [propext, Classical.choice, Quot.sound]
'Entry005.pyramidLinearEquiv._proof_1' depends on axioms: [propext, Classical.choice, Quot.sound]
'Entry005.pyramidLinearEquiv._proof_2' depends on axioms: [propext, Classical.choice, Quot.sound]
'Entry005.pyramidLinearEquiv._proof_3' depends on axioms: [propext, Classical.choice, Quot.sound]
'Entry005.pyramidLinearEquiv._proof_4' depends on axioms: [propext, Classical.choice, Quot.sound]
'Entry005.pyramidLinearEquiv._proof_5' depends on axioms: [propext, Classical.choice, Quot.sound]
'Entry005.pyramidLinearEquiv.eq_1' depends on axioms: [propext, Classical.choice, Quot.sound]
'Entry005.pyramidLinearEquiv_det' depends on axioms: [propext, Classical.choice, Quot.sound]
'Entry005.pyramidProjectionGenerator' depends on axioms: [propext, Classical.choice, Quot.sound]
'Entry005.pyramidProjectionGenerator._proof_1' depends on axioms: [propext]
'Entry005.pyramidProjectionGenerator.match_1' does not depend on any axioms
'Entry005.pyramidReflection' depends on axioms: [propext, Classical.choice, Quot.sound]
'Entry005.pyramidReflection._proof_1' depends on axioms: [propext, Classical.choice, Quot.sound]
'Entry005.pyramidReflectionLinear' depends on axioms: [propext, Classical.choice, Quot.sound]
'Entry005.pyramidReflectionLinear._proof_1' depends on axioms: [propext, Classical.choice, Quot.sound]
'Entry005.pyramidReflectionLinear._proof_2' depends on axioms: [propext, Classical.choice, Quot.sound]
'Entry005.pyramidReflectionLinear._proof_3' depends on axioms: [propext, Classical.choice, Quot.sound]
'Entry005.pyramidReflectionLinear.eq_1' depends on axioms: [propext, Classical.choice, Quot.sound]
'Entry005.pyramidSet' depends on axioms: [propext, Classical.choice, Quot.sound]
'Entry005.pyramidSet._proof_1' depends on axioms: [propext]
'Entry005.pyramidSet.eq_1' depends on axioms: [propext, Classical.choice, Quot.sound]
'Entry005.pyramidSet_affine_image' depends on axioms: [propext, Classical.choice, Quot.sound]
'Entry005.pyramidSet_affine_image._simp_1_1' depends on axioms: [propext]
'Entry005.pyramidSet_apex_mem' depends on axioms: [propext, Classical.choice, Quot.sound]
'Entry005.pyramidSet_compact' depends on axioms: [propext, Classical.choice, Quot.sound]
'Entry005.pyramidSet_eq_flip_radial' depends on axioms: [propext, Classical.choice, Quot.sound]
'Entry005.pyramidSet_eq_flip_radial._simp_1_2' depends on axioms: [propext, Classical.choice, Quot.sound]
'Entry005.pyramidSet_eq_flip_radial._simp_1_3' depends on axioms: [propext, Classical.choice, Quot.sound]
'Entry005.pyramidSet_finite_halfspace' depends on axioms: [propext, Classical.choice, Quot.sound]
'Entry005.pyramidSet_mono' depends on axioms: [propext, Classical.choice, Quot.sound]
'Entry005.pyramidSet_subset_dilation' depends on axioms: [propext, Classical.choice, Quot.sound]
'Entry005.pyramidSet_volume' depends on axioms: [propext, Classical.choice, Quot.sound]
'Entry005.pyramidSet_zero_mem' depends on axioms: [propext, Classical.choice, Quot.sound]
'Entry005.pyramidSideChartApex' depends on axioms: [propext, Classical.choice, Quot.sound]
'Entry005.pyramidSideChartApex._proof_1' depends on axioms: [propext]
'Entry005.pyramidSideChartApex._proof_2' depends on axioms: [propext, Classical.choice, Quot.sound]
'Entry005.pyramidSideChartApex.eq_1' depends on axioms: [propext, Classical.choice, Quot.sound]
'Entry005.pyramidSideFrame' depends on axioms: [propext, Classical.choice, Quot.sound]
'Entry005.pyramidSideFrame.congr_simp' depends on axioms: [propext, Classical.choice, Quot.sound]
'Entry005.pyramidSideFrameLinear' depends on axioms: [propext, Classical.choice, Quot.sound]
'Entry005.pyramidSideFrameLinear._proof_1' depends on axioms: [propext]
'Entry005.pyramidSideFrameLinear._proof_2' depends on axioms: [propext, Classical.choice, Quot.sound]
'Entry005.pyramidSideFrameLinear._proof_3' depends on axioms: [propext, Classical.choice, Quot.sound]
'Entry005.pyramidSideFrameLinear._proof_4' depends on axioms: [propext, Classical.choice, Quot.sound]
'Entry005.pyramidSideFrameLinear._proof_5' depends on axioms: [propext, Classical.choice, Quot.sound]
'Entry005.pyramidSideFrameLinear._proof_6' depends on axioms: [propext, Classical.choice, Quot.sound]
'Entry005.pyramidSideFrameLinear_norm' depends on axioms: [propext, Classical.choice, Quot.sound]
'Entry005.pyramidSideFrameLinear_surjective' depends on axioms: [propext, Classical.choice, Quot.sound]
'Entry005.pyramidSideFrameLinear_surjective._simp_1_1' depends on axioms: [propext]
'Entry005.pyramidSideFrameLinear_surjective._simp_1_2' depends on axioms: [propext]
'Entry005.pyramidSideFrameLinear_surjective._simp_1_3' depends on axioms: [propext]
'Entry005.pyramidSideFrameLinear_surjective._simp_1_4' depends on axioms: [propext]
'Entry005.pyramidSideFrameLinear_surjective._simp_1_5' depends on axioms: [propext]
'Entry005.pyramidSideFrameLinear_surjective._simp_1_6' depends on axioms: [propext, Classical.choice, Quot.sound]
'Entry005.pyramidSideFrameLinear_surjective._simp_1_7' depends on axioms: [propext]
'Entry005.pyramidSideFrameLinear_val' depends on axioms: [propext, Classical.choice, Quot.sound]
'Entry005.pyramidSideFrame_val' depends on axioms: [propext, Classical.choice, Quot.sound]
'Entry005.pyramidSideNormal' depends on axioms: [propext, Classical.choice, Quot.sound]
'Entry005.pyramidSideNormal.eq_1' depends on axioms: [propext, Classical.choice, Quot.sound]
'Entry005.pyramidSideNormal_unit' depends on axioms: [propext, Classical.choice, Quot.sound]
'Entry005.pyramidSideZonotope' depends on axioms: [propext, Classical.choice, Quot.sound]
'Entry005.pyramidSideZonotope._proof_1' depends on axioms: [propext]
'Entry005.pyramidSlope' depends on axioms: [propext, Classical.choice, Quot.sound]
'Entry005.pyramidSlope_pos' depends on axioms: [propext, Classical.choice, Quot.sound]
'Entry005.pyramidSlope_sq' depends on axioms: [propext, Classical.choice, Quot.sound]
'Entry005.pyramid_base_facet_area' depends on axioms: [propext, Classical.choice, Quot.sound]
'Entry005.pyramid_base_facet_chart' depends on axioms: [propext, Classical.choice, Quot.sound]
'Entry005.pyramid_base_facet_chart._simp_1_1' depends on axioms: [propext]
'Entry005.pyramid_finite_halfspace_volume' depends on axioms: [propext, Classical.choice, Quot.sound]
'Entry005.pyramid_horizontal_projection' depends on axioms: [propext, Classical.choice, Quot.sound]
'Entry005.pyramid_lifted_law_generator' depends on axioms: [propext, Classical.choice, Quot.sound]
'Entry005.pyramid_lifted_law_generator._simp_1_1' depends on axioms: [propext]
'Entry005.pyramid_lifted_law_generator._simp_1_2' depends on axioms: [propext]
'Entry005.pyramid_lifted_law_generator._simp_1_3' depends on axioms: [propext]
'Entry005.pyramid_lifted_law_generator._simp_1_4' depends on axioms: [propext]
'Entry005.pyramid_lifted_law_generator._simp_1_5' depends on axioms: [propext]
'Entry005.pyramid_lifted_law_generator._simp_1_6' depends on axioms: [propext, Classical.choice, Quot.sound]
'Entry005.pyramid_lifted_law_generator._simp_1_7' depends on axioms: [propext]
'Entry005.pyramid_lifted_law_image' depends on axioms: [propext, Classical.choice, Quot.sound]
'Entry005.pyramid_projection_body_eq_zonotope' depends on axioms: [propext, Classical.choice, Quot.sound]
'Entry005.pyramid_projection_body_volume_decomposition' depends on axioms: [propext, Classical.choice, Quot.sound]
'Entry005.pyramid_projection_generator_eq' depends on axioms: [propext, Classical.choice, Quot.sound]
'Entry005.pyramid_projection_generator_eq._simp_1_1' depends on axioms: [propext]
'Entry005.pyramid_projection_generator_eq._simp_1_2' depends on axioms: [propext]
'Entry005.pyramid_projection_generator_eq._simp_1_3' depends on axioms: [propext]
'Entry005.pyramid_projection_generator_eq._simp_1_4' depends on axioms: [propext]
'Entry005.pyramid_projection_generator_eq._simp_1_5' depends on axioms: [propext]
'Entry005.pyramid_projection_generator_eq._simp_1_6' depends on axioms: [propext, Classical.choice, Quot.sound]
'Entry005.pyramid_projection_generator_eq._simp_1_7' depends on axioms: [propext]
'Entry005.pyramid_side_chart_offset' depends on axioms: [propext, Classical.choice, Quot.sound]
'Entry005.pyramid_side_facet_area' depends on axioms: [propext, Classical.choice, Quot.sound]
'Entry005.pyramid_side_facet_area._proof_1_1' depends on axioms: [propext, Classical.choice, Quot.sound]
'Entry005.pyramid_side_facet_area_of_empty' depends on axioms: [propext, Classical.choice, Quot.sound]
'Entry005.pyramid_side_facet_chart' depends on axioms: [propext, Classical.choice, Quot.sound]
'Entry005.pyramid_side_facet_of_empty' depends on axioms: [propext, Classical.choice, Quot.sound]
'Entry005.pyramid_side_horizontal_image' depends on axioms: [propext, Classical.choice, Quot.sound]
'Entry005.pyramid_side_horizontal_volume' depends on axioms: [propext, Classical.choice, Quot.sound]
'Entry005.pyramid_side_radial_coordinates' depends on axioms: [propext, Classical.choice, Quot.sound]
'Entry005.pyramid_side_radial_coordinates._simp_1_1' depends on axioms: [propext]
'Entry005.pyramid_side_radial_coordinates._simp_1_2' depends on axioms: [propext]
'Entry005.pyramid_side_radial_coordinates._simp_1_3' depends on axioms: [propext]
'Entry005.pyramid_side_radial_coordinates._simp_1_4' depends on axioms: [propext]
'Entry005.pyramid_side_radial_coordinates._simp_1_5' depends on axioms: [propext]
'Entry005.pyramid_side_radial_coordinates._simp_1_6' depends on axioms: [propext, Classical.choice, Quot.sound]
'Entry005.pyramid_side_radial_coordinates._simp_1_7' depends on axioms: [propext]
'Entry005.pyramid_side_zonotope_eq_scaled_lifted' depends on axioms: [propext, Classical.choice, Quot.sound]
'Entry005.pyramid_side_zonotope_eq_scaled_lifted._simp_1_1' depends on axioms: [propext]
'Entry005.pyramid_side_zonotope_eq_scaled_lifted._simp_1_2' depends on axioms: [propext]
'Entry005.pyramid_side_zonotope_eq_scaled_lifted._simp_1_3' depends on axioms: [propext]
'Entry005.pyramid_side_zonotope_eq_scaled_lifted._simp_1_4' depends on axioms: [propext]
'Entry005.pyramid_side_zonotope_eq_scaled_lifted._simp_1_5' depends on axioms: [propext]
'Entry005.pyramid_side_zonotope_eq_scaled_lifted._simp_1_6' depends on axioms: [propext, Classical.choice, Quot.sound]
'Entry005.pyramid_side_zonotope_eq_scaled_lifted._simp_1_7' depends on axioms: [propext]
'Entry005.pyramid_side_zonotope_volume_lifted_moment' depends on axioms: [propext, Classical.choice, Quot.sound]
'Entry005.pyramid_side_zonotope_volume_lifted_moment._simp_1_1' depends on axioms: [propext]
'Entry005.pyramid_side_zonotope_volume_lifted_moment._simp_1_2' depends on axioms: [propext]
'Entry005.pyramid_side_zonotope_volume_lifted_moment._simp_1_3' depends on axioms: [propext]
'Entry005.pyramid_side_zonotope_volume_lifted_moment._simp_1_4' depends on axioms: [propext]
'Entry005.pyramid_side_zonotope_volume_lifted_moment._simp_1_5' depends on axioms: [propext]
'Entry005.pyramid_side_zonotope_volume_lifted_moment._simp_1_6' depends on axioms: [propext,
 Classical.choice,
 Quot.sound]
'Entry005.pyramid_side_zonotope_volume_lifted_moment._simp_1_7' depends on axioms: [propext]
'Entry005.rSharp' depends on axioms: [propext, Classical.choice, Quot.sound]
'Entry005.rSharp_pos' depends on axioms: [propext, Classical.choice, Quot.sound]
'Entry005.rSharp_root_bound' depends on axioms: [propext, Classical.choice, Quot.sound]
'Entry005.rSharp_root_bound._proof_1_1' depends on axioms: [propext, Quot.sound]
'Entry005.rSharp_root_bound._proof_1_2' depends on axioms: [propext, Quot.sound]
'Entry005.rSharp_root_bound._proof_1_3' depends on axioms: [propext, Quot.sound]
'Entry005.radialCone' depends on axioms: [propext, Classical.choice, Quot.sound]
'Entry005.radialCone.eq_1' depends on axioms: [propext, Classical.choice, Quot.sound]
'Entry005.radial_cone_compact' depends on axioms: [propext, Classical.choice, Quot.sound]
'Entry005.radial_cone_horizontal_slice' depends on axioms: [propext, Classical.choice, Quot.sound]
'Entry005.radial_cone_horizontal_slice_empty' depends on axioms: [propext, Classical.choice, Quot.sound]
'Entry005.radial_cone_horizontal_slice_volume' depends on axioms: [propext, Classical.choice, Quot.sound]
'Entry005.radial_cone_horizontal_slice_volume_toReal' depends on axioms: [propext, Classical.choice, Quot.sound]
'Entry005.radial_cone_lp_volume' depends on axioms: [propext, Classical.choice, Quot.sound]
'Entry005.radial_cone_product_volume' depends on axioms: [propext, Classical.choice, Quot.sound]
'Entry005.radial_power_integrableOn' depends on axioms: [propext, Classical.choice, Quot.sound]
'Entry005.radial_power_integral' depends on axioms: [propext, Classical.choice, Quot.sound]
'Entry005.rawProbabilityLaw' depends on axioms: [propext, Classical.choice, Quot.sound]
'Entry005.rawToCompactBall' depends on axioms: [propext, Classical.choice, Quot.sound]
'Entry005.rawToCompactBall._proof_1' depends on axioms: [propext]
'Entry005.rawToCompactBall._proof_2' depends on axioms: [propext, Classical.choice, Quot.sound]
'Entry005.rawToCompactBall._simp_1' depends on axioms: [propext, Classical.choice, Quot.sound]
'Entry005.rawToCompactBall.eq_1' depends on axioms: [propext, Classical.choice, Quot.sound]
'Entry005.real_volume_nonnegative_smul' depends on axioms: [propext, Classical.choice, Quot.sound]
'Entry005.regularMaximumRadius' depends on axioms: [propext, Classical.choice, Quot.sound]
'Entry005.regularMaximumRadius._proof_1' depends on axioms: [propext]
'Entry005.regularSimplex' depends on axioms: [propext, Classical.choice, Quot.sound]
'Entry005.regularSimplex._proof_1' depends on axioms: [propext, Classical.choice, Quot.sound]
'Entry005.regularSimplex.congr_simp' depends on axioms: [propext, Classical.choice, Quot.sound]
'Entry005.regularSimplex_centered_ball_iff' depends on axioms: [propext, Classical.choice, Quot.sound]
'Entry005.regularSimplex_centered_ball_iff._simp_1_1' depends on axioms: [propext, Classical.choice, Quot.sound]
'Entry005.regularSimplex_centroid' depends on axioms: [propext, Classical.choice, Quot.sound]
'Entry005.regularSimplex_edge_length' depends on axioms: [propext, Classical.choice, Quot.sound]
'Entry005.regularSimplex_facet_bound' depends on axioms: [propext, Classical.choice, Quot.sound]
'Entry005.regularSimplex_norm_sq_coord' depends on axioms: [propext, Classical.choice, Quot.sound]
'Entry005.regularSimplex_norm_sq_le_of_coord_abs' depends on axioms: [propext, Classical.choice, Quot.sound]
'Entry005.regularSimplex_unit_ball' depends on axioms: [propext, Classical.choice, Quot.sound]
'Entry005.regularSimplex_unit_ball._simp_1_1' depends on axioms: [propext, Classical.choice, Quot.sound]
'Entry005.regularSimplex_vertex_inner' depends on axioms: [propext, Classical.choice, Quot.sound]
'Entry005.regularSimplex_vertex_norm' depends on axioms: [propext, Classical.choice, Quot.sound]
'Entry005.regularSimplex_weighted_norm_sq' depends on axioms: [propext, Classical.choice, Quot.sound]
'Entry005.regularSimplex_weighted_norm_sq._simp_1_2' depends on axioms: [propext, Classical.choice, Quot.sound]
'Entry005.regularSimplex_weighted_norm_sq._simp_1_3' depends on axioms: [propext, Quot.sound]
'Entry005.replacementDeterminant' depends on axioms: [propext, Classical.choice, Quot.sound]
'Entry005.replacementDeterminant.eq_1' depends on axioms: [propext, Classical.choice, Quot.sound]
'Entry005.replacement_determinant_coordinates' depends on axioms: [propext, Classical.choice, Quot.sound]
'Entry005.retain_maximum_simplex' depends on axioms: [propext, Classical.choice, Quot.sound]
'Entry005.retain_maximum_simplex_about' depends on axioms: [propext, Classical.choice, Quot.sound]
'Entry005.retain_maximum_simplex_centroid' depends on axioms: [propext, Classical.choice, Quot.sound]
'Entry005.retain_maximum_simplex_excess' depends on axioms: [propext, Classical.choice, Quot.sound]
'Entry005.retain_maximum_simplex_of_hausdorff' depends on axioms: [propext, Classical.choice, Quot.sound]
'Entry005.retain_maximum_simplex_of_projection_deficit' depends on axioms: [propext, Classical.choice, Quot.sound]
'Entry005.retain_maximum_simplex_of_projection_deficit._proof_1_1' depends on axioms: [propext,
 Classical.choice,
 Quot.sound]
'Entry005.root_bound_of_reciprocal_power' depends on axioms: [propext, Classical.choice, Quot.sound]
'Entry005.round_iid_witness_anchor' depends on axioms: [propext, Classical.choice, Quot.sound]
'Entry005.round_lifted_second_moment_lower' depends on axioms: [propext, Classical.choice, Quot.sound]
'Entry005.round_lifted_second_moment_lower._proof_1_1' depends on axioms: [propext, Quot.sound]
'Entry005.same_sign_facets_same_fiber_eq' depends on axioms: [propext, Classical.choice, Quot.sound]
'Entry005.same_sign_projected_facets_inter_volume_zero' depends on axioms: [propext, Classical.choice, Quot.sound]
'Entry005.same_unit_projection_sub' depends on axioms: [propext, Classical.choice, Quot.sound]
'Entry005.sampledMatrix' depends on axioms: [propext, Classical.choice, Quot.sound]
'Entry005.sampledMatrix.eq_1' depends on axioms: [propext, Classical.choice, Quot.sound]
'Entry005.sampled_determinant_integrable' depends on axioms: [propext, Classical.choice, Quot.sound]
'Entry005.scaled_defect_le_b' depends on axioms: [propext, Classical.choice, Quot.sound]
'Entry005.scaled_defect_le_rSharp' depends on axioms: [propext, Classical.choice, Quot.sound]
'Entry005.scaled_defect_le_rSharp._proof_1_1' depends on axioms: [propext, Quot.sound]
'Entry005.scaled_defect_root_bound' depends on axioms: [propext, Classical.choice, Quot.sound]
'Entry005.scaled_defect_root_bound._proof_1_1' depends on axioms: [propext, Quot.sound]
'Entry005.scaled_defect_root_bound._proof_1_2' depends on axioms: [propext, Quot.sound]
'Entry005.scaled_defect_root_bound._proof_1_3' depends on axioms: [propext, Quot.sound]
'Entry005.secondMomentMatrix' depends on axioms: [propext, Classical.choice, Quot.sound]
'Entry005.secondMomentMatrix.eq_1' depends on axioms: [propext, Classical.choice, Quot.sound]
'Entry005.second_moment_event_lower' depends on axioms: [propext, Classical.choice, Quot.sound]
'Entry005.second_moment_hermitian' depends on axioms: [propext, Classical.choice, Quot.sound]
'Entry005.segmentExtrusion' depends on axioms: [propext, Classical.choice, Quot.sound]
'Entry005.segment_extrusion_rescale' depends on axioms: [propext, Classical.choice, Quot.sound]
'Entry005.selectedAnchorSimplex' depends on axioms: [propext, Classical.choice, Quot.sound]
'Entry005.selectedAnchorSimplex._proof_1' depends on axioms: [propext]
'Entry005.selectedAnchorSimplex_points' depends on axioms: [propext, Classical.choice, Quot.sound]
'Entry005.selected_anchor_affineIndependent' depends on axioms: [propext, Classical.choice, Quot.sound]
'Entry005.selected_anchor_affineIndependent_iff_det_ne_zero' depends on axioms: [propext, Classical.choice, Quot.sound]
'Entry005.selected_anchor_det_ne_zero_of_affineIndependent' depends on axioms: [propext, Classical.choice, Quot.sound]
'Entry005.selected_anchor_det_ne_zero_of_raw_affineIndependent' depends on axioms: [propext,
 Classical.choice,
 Quot.sound]
'Entry005.selected_anchor_raw_affineIndependent' depends on axioms: [propext, Classical.choice, Quot.sound]
'Entry005.sharpLocalGoal' depends on axioms: [propext, Classical.choice, Quot.sound]
'Entry005.sharpMainGoal' depends on axioms: [propext, Classical.choice, Quot.sound]
'Entry005.shrink_subset_of_hausdorff' depends on axioms: [propext, Classical.choice, Quot.sound]
'Entry005.shrink_subset_of_hausdorff._simp_1_1' depends on axioms: [propext, Classical.choice, Quot.sound]
'Entry005.shrink_subset_of_hausdorff_about' depends on axioms: [propext, Classical.choice, Quot.sound]
'Entry005.shrink_subset_of_hausdorff_about._simp_1_1' depends on axioms: [propext, Classical.choice, Quot.sound]
'Entry005.simplexAffineBasis' depends on axioms: [propext, Classical.choice, Quot.sound]
'Entry005.simplexAffineBasis._proof_1' depends on axioms: [propext, Classical.choice, Quot.sound]
'Entry005.simplexAffineBasis._proof_2' depends on axioms: [propext, Classical.choice, Quot.sound]
'Entry005.simplexAffineEquiv' depends on axioms: [propext, Classical.choice, Quot.sound]
'Entry005.simplexAffineEquiv._proof_1' depends on axioms: [propext]
'Entry005.simplexAffineEquiv.eq_1' depends on axioms: [propext, Classical.choice, Quot.sound]
'Entry005.simplexAffineEquiv_points' depends on axioms: [propext, Classical.choice, Quot.sound]
'Entry005.simplexBarycentricMatrix' depends on axioms: [propext, Classical.choice, Quot.sound]
'Entry005.simplexBarycentricMatrix.eq_1' depends on axioms: [propext, Classical.choice, Quot.sound]
'Entry005.simplexBody' depends on axioms: [propext, Classical.choice, Quot.sound]
'Entry005.simplexBody._proof_1' depends on axioms: [propext, Classical.choice, Quot.sound]
'Entry005.simplexBody._proof_2' depends on axioms: [propext, Classical.choice, Quot.sound]
'Entry005.simplexBody._proof_3' depends on axioms: [propext, Classical.choice, Quot.sound]
'Entry005.simplexCoord' depends on axioms: [propext, Classical.choice, Quot.sound]
'Entry005.simplexCoord_centroid' depends on axioms: [propext, Classical.choice, Quot.sound]
'Entry005.simplexCoord_centroid_contraction' depends on axioms: [propext, Classical.choice, Quot.sound]
'Entry005.simplexMatrixVolumeInterface' depends on axioms: [propext, Classical.choice, Quot.sound]
'Entry005.simplexMatrixVolumeInterfaceGoal' depends on axioms: [propext, Classical.choice, Quot.sound]
'Entry005.simplexMatrixVolumeInterfaceGoal._proof_1' depends on axioms: [propext, Classical.choice, Quot.sound]
'Entry005.simplexMatrixVolumeInterfaceGoal._proof_2' depends on axioms: [propext, Classical.choice, Quot.sound]
'Entry005.simplexSet' depends on axioms: [propext, Classical.choice, Quot.sound]
'Entry005.simplexSet.eq_1' depends on axioms: [propext, Classical.choice, Quot.sound]
'Entry005.simplexSet_affine_map' depends on axioms: [propext, Classical.choice, Quot.sound]
'Entry005.simplex_centroid_ball' depends on axioms: [propext, Classical.choice, Quot.sound]
'Entry005.simplex_centroid_interior' depends on axioms: [propext, Classical.choice, Quot.sound]
'Entry005.simplex_equal_volume_permutation' depends on axioms: [propext, Classical.choice, Quot.sound]
'Entry005.simplex_equal_volume_permutation._simp_1_1' depends on axioms: [propext, Classical.choice, Quot.sound]
'Entry005.simplex_hull_dilation' depends on axioms: [propext, Classical.choice, Quot.sound]
'Entry005.simplex_hull_dilation._simp_1_1' does not depend on any axioms
'Entry005.simplex_hull_matching' depends on axioms: [propext, Classical.choice, Quot.sound]
'Entry005.simplex_vertex_matching' depends on axioms: [propext, Classical.choice, Quot.sound]
'Entry005.simplex_vertex_matching._abel_1_2' depends on axioms: [propext, Classical.choice, Quot.sound]
'Entry005.simplex_vertex_matching._simp_1_1' depends on axioms: [propext, Classical.choice, Quot.sound]
'Entry005.small_defect_gate' depends on axioms: [propext, Classical.choice, Quot.sound]
'Entry005.space_inner_eq_raw_dot' depends on axioms: [propext, Classical.choice, Quot.sound]
'Entry005.strict_pair_sum' depends on axioms: [propext, Classical.choice, Quot.sound]
'Entry005.subset_halfspace_approximation_body' depends on axioms: [propext, Classical.choice, Quot.sound]
'Entry005.symmetricSegmentExtrusion' depends on axioms: [propext, Classical.choice, Quot.sound]
'Entry005.symmetric_half_off_diagonal_sum' depends on axioms: [propext, Classical.choice, Quot.sound]
'Entry005.symmetric_segment_extrusion_eq_preimage' depends on axioms: [propext, Classical.choice, Quot.sound]
'Entry005.symmetric_segment_extrusion_eq_preimage._abel_1_1' depends on axioms: [propext, Classical.choice, Quot.sound]
'Entry005.symmetric_segment_extrusion_eq_preimage._abel_1_2' depends on axioms: [propext, Classical.choice, Quot.sound]
'Entry005.tendsto_brightness_normalization_of_dilation_sandwich' depends on axioms: [propext,
 Classical.choice,
 Quot.sound]
'Entry005.tendsto_entryA_of_dilation_sandwich' depends on axioms: [propext, Classical.choice, Quot.sound]
'Entry005.tendsto_horizontal_mapped_iid_first_moment' depends on axioms: [propext, Classical.choice, Quot.sound]
'Entry005.tendsto_iidProbabilityMeasure' depends on axioms: [propext, Classical.choice, Quot.sound]
'Entry005.tendsto_iid_integral' depends on axioms: [propext, Classical.choice, Quot.sound]
'Entry005.tendsto_lifted_mapped_iid_first_moment' depends on axioms: [propext, Classical.choice, Quot.sound]
'Entry005.tendsto_projection_body_volume_of_dilation_sandwich' depends on axioms: [propext,
 Classical.choice,
 Quot.sound]
'Entry005.tendsto_projection_ratio_of_dilation_sandwich' depends on axioms: [propext, Classical.choice, Quot.sound]
'Entry005.tendsto_projection_volume_of_dilation_sandwich' depends on axioms: [propext, Classical.choice, Quot.sound]
'Entry005.tendsto_pyramid_projection_ratio_of_dilation_sandwich' depends on axioms: [propext,
 Classical.choice,
 Quot.sound]
'Entry005.tendsto_real_volume_of_dilation_sandwich' depends on axioms: [propext, Classical.choice, Quot.sound]
'Entry005.thresholdGate' depends on axioms: [propext, Classical.choice, Quot.sound]
'Entry005.thresholdGate._proof_1_1' depends on axioms: [propext, Quot.sound]
'Entry005.thresholdGateGoal' depends on axioms: [propext, Classical.choice, Quot.sound]
'Entry005.translation_volume_image' depends on axioms: [propext, Classical.choice, Quot.sound]
'Entry005.transportedWitnessSum' depends on axioms: [propext, Classical.choice, Quot.sound]
'Entry005.transported_witness_budget' depends on axioms: [propext, Classical.choice, Quot.sound]
'Entry005.truncated_nonneg_le' depends on axioms: [propext, Classical.choice, Quot.sound]
'Entry005.truncationSet' depends on axioms: [propext, Classical.choice, Quot.sound]
'Entry005.truncationSharpnessGoal' depends on axioms: [propext, Classical.choice, Quot.sound]
'Entry005.tuple_determinant_eq_zero_of_not_injective' depends on axioms: [propext, Classical.choice, Quot.sound]
'Entry005.unitNormalCoordinates' depends on axioms: [propext, Classical.choice, Quot.sound]
'Entry005.unitNormalCoordinates._proof_1' depends on axioms: [propext, Classical.choice, Quot.sound]
'Entry005.unitNormalCoordinates.congr_simp' depends on axioms: [propext, Classical.choice, Quot.sound]
'Entry005.unitNormalCoordinates.eq_1' depends on axioms: [propext, Classical.choice, Quot.sound]
'Entry005.unitNormalLpCoordinates' depends on axioms: [propext, Classical.choice, Quot.sound]
'Entry005.unitNormalLpCoordinates._proof_1' depends on axioms: [propext]
'Entry005.unitNormalLpCoordinates._proof_2' depends on axioms: [propext, Classical.choice, Quot.sound]
'Entry005.unitNormalLpCoordinates._proof_3' depends on axioms: [propext, Classical.choice, Quot.sound]
'Entry005.unitNormalLpCoordinates._proof_4' depends on axioms: [propext, Classical.choice, Quot.sound]
'Entry005.unitNormalLpCoordinates._proof_5' depends on axioms: [propext, Classical.choice, Quot.sound]
'Entry005.unitNormalLpCoordinates._proof_6' depends on axioms: [propext, Classical.choice, Quot.sound]
'Entry005.unitNormalLpCoordinates._proof_7' depends on axioms: [propext, Classical.choice, Quot.sound]
'Entry005.unitNormalLpCoordinates.eq_1' depends on axioms: [propext, Classical.choice, Quot.sound]
'Entry005.unitProjectionBallVolume' depends on axioms: [propext, Classical.choice, Quot.sound]
'Entry005.unitProjectionBallVolume._proof_1' depends on axioms: [propext, Classical.choice, Quot.sound]
'Entry005.unitProjectionBallVolume._proof_2' depends on axioms: [propext, Classical.choice, Quot.sound]
'Entry005.unit_ball_actual_witness_assignment' depends on axioms: [propext, Classical.choice, Quot.sound]
'Entry005.unit_ball_anchor_coordinate_bound' depends on axioms: [propext, Classical.choice, Quot.sound]
'Entry005.unit_ball_anchor_determinant' depends on axioms: [propext, Classical.choice, Quot.sound]
'Entry005.unit_ball_anchor_determinant._proof_1_1' depends on axioms: [propext, Quot.sound]
'Entry005.unit_ball_clipped_actual_witness_assignment' depends on axioms: [propext, Classical.choice, Quot.sound]
'Entry005.unit_ball_clipped_assignment_error' depends on axioms: [propext, Classical.choice, Quot.sound]
'Entry005.unit_ball_coordinate_integrable' depends on axioms: [propext, Classical.choice, Quot.sound]
'Entry005.unit_ball_coordinate_product_integrable' depends on axioms: [propext, Classical.choice, Quot.sound]
'Entry005.unit_ball_cube' depends on axioms: [propext, Classical.choice, Quot.sound]
'Entry005.unit_ball_cube._simp_1_1' depends on axioms: [propext, Classical.choice, Quot.sound]
'Entry005.unit_ball_determinant_law_defect_nonneg' depends on axioms: [propext, Classical.choice, Quot.sound]
'Entry005.unit_ball_first_moment_assignment' depends on axioms: [propext, Classical.choice, Quot.sound]
'Entry005.unit_ball_iid_determinant_bound' depends on axioms: [propext, Classical.choice, Quot.sound]
'Entry005.unit_ball_measure_exists_subsequence' depends on axioms: [propext, Classical.choice, Quot.sound]
'Entry005.unit_ball_replacement_determinant' depends on axioms: [propext, Classical.choice, Quot.sound]
'Entry005.unit_ball_round_actual_assignment' depends on axioms: [propext, Classical.choice, Quot.sound]
'Entry005.unit_ball_round_actual_assignment._proof_1_1' depends on axioms: [propext, Quot.sound]
'Entry005.unit_ball_round_actual_assignment._simp_1_2' depends on axioms: [propext]
'Entry005.unit_ball_round_actual_assignment._simp_1_3' depends on axioms: [propext]
'Entry005.unit_ball_round_actual_assignment._simp_1_4' depends on axioms: [propext]
'Entry005.unit_ball_round_actual_assignment._simp_1_5' depends on axioms: [propext]
'Entry005.unit_ball_round_actual_assignment._simp_1_6' depends on axioms: [propext]
'Entry005.unit_ball_round_actual_assignment._simp_1_7' depends on axioms: [propext, Classical.choice, Quot.sound]
'Entry005.unit_ball_round_actual_assignment._simp_1_8' depends on axioms: [propext]
'Entry005.unit_ball_round_affine_first_moment_pos' depends on axioms: [propext, Classical.choice, Quot.sound]
'Entry005.unit_ball_round_witness_anchor' depends on axioms: [propext, Classical.choice, Quot.sound]
'Entry005.unit_ball_spanning_first_moment_assignment' depends on axioms: [propext, Classical.choice, Quot.sound]
'Entry005.unit_ball_sqrt_cube' depends on axioms: [propext, Classical.choice, Quot.sound]
'Entry005.unit_ball_sqrt_cube._simp_1_1' depends on axioms: [propext, Classical.choice, Quot.sound]
'Entry005.unit_ball_support_bound' depends on axioms: [propext, Classical.choice, Quot.sound]
'Entry005.unit_ball_volume_weighted_paper_witness_anchor' depends on axioms: [propext, Classical.choice, Quot.sound]
'Entry005.unit_hyperplane_ball_volume' depends on axioms: [propext, Classical.choice, Quot.sound]
'Entry005.unit_hyperplane_ball_volume._proof_1_1' depends on axioms: [propext, Quot.sound]
'Entry005.unit_normal_coordinates_affine' depends on axioms: [propext, Classical.choice, Quot.sound]
'Entry005.unit_normal_coordinates_extrusion' depends on axioms: [propext, Classical.choice, Quot.sound]
'Entry005.unit_normal_coordinates_extrusion._simp_1_1' depends on axioms: [propext]
'Entry005.unit_normal_coordinates_fst' depends on axioms: [propext, Classical.choice, Quot.sound]
'Entry005.unit_normal_coordinates_measurePreserving' depends on axioms: [propext, Classical.choice, Quot.sound]
'Entry005.unit_normal_coordinates_orthogonal' depends on axioms: [propext, Classical.choice, Quot.sound]
'Entry005.unit_normal_coordinates_self' depends on axioms: [propext, Classical.choice, Quot.sound]
'Entry005.unit_normal_coordinates_volume' depends on axioms: [propext, Classical.choice, Quot.sound]
'Entry005.unit_normal_hyperplane_finrank_add_one' depends on axioms: [propext, Classical.choice, Quot.sound]
'Entry005.unit_normal_hyperplane_finrank_add_one._proof_1_1' depends on axioms: [propext, Classical.choice, Quot.sound]
'Entry005.unit_normal_projection_decomposition' depends on axioms: [propext, Classical.choice, Quot.sound]
'Entry005.unit_projection_ball_volume_pos' depends on axioms: [propext, Classical.choice, Quot.sound]
'Entry005.upper_facets_same_fiber_eq' depends on axioms: [propext, Classical.choice, Quot.sound]
'Entry005.upper_projected_facets_inter_volume_zero' depends on axioms: [propext, Classical.choice, Quot.sound]
'Entry005.vertex_replacement_volume' depends on axioms: [propext, Classical.choice, Quot.sound]
'Entry005.verticalExtrusion' depends on axioms: [propext, Classical.choice, Quot.sound]
'Entry005.vertical_extrusion_closed_band' depends on axioms: [propext, Classical.choice, Quot.sound]
'Entry005.vertical_extrusion_volume' depends on axioms: [propext, Classical.choice, Quot.sound]
'Entry005.volumeForm_height_orthogonal' depends on axioms: [propext, Classical.choice, Quot.sound]
'Entry005.volumeWeightedLaw' depends on axioms: [propext, Classical.choice, Quot.sound]
'Entry005.volume_affine_image' depends on axioms: [propext, Classical.choice, Quot.sound]
'Entry005.volume_affine_image_general' depends on axioms: [propext, Classical.choice, Quot.sound]
'Entry005.volume_pyramidSet_affine_image' depends on axioms: [propext, Classical.choice, Quot.sound]
'Entry005.volume_weighted_density_mul_ratio' depends on axioms: [propext, Classical.choice, Quot.sound]
'Entry005.volume_weighted_density_mul_ratio._simp_1_1' depends on axioms: [propext]
'Entry005.volume_weighted_density_mul_ratio._simp_1_2' depends on axioms: [propext]
'Entry005.volume_weighted_density_mul_ratio._simp_1_3' depends on axioms: [propext]
'Entry005.volume_weighted_density_mul_ratio._simp_1_4' depends on axioms: [propext]
'Entry005.volume_weighted_density_mul_ratio._simp_1_5' depends on axioms: [propext]
'Entry005.volume_weighted_density_mul_ratio._simp_1_6' depends on axioms: [propext, Classical.choice, Quot.sound]
'Entry005.volume_weighted_density_mul_ratio._simp_1_7' depends on axioms: [propext]
'Entry005.volume_weighted_law_ae_good' depends on axioms: [propext, Classical.choice, Quot.sound]
'Entry005.volume_weighted_law_probability' depends on axioms: [propext, Classical.choice, Quot.sound]
'Entry005.volume_weighted_ratio_integrable' depends on axioms: [propext, Classical.choice, Quot.sound]
'Entry005.volume_weighted_ratio_integral_eq' depends on axioms: [propext, Classical.choice, Quot.sound]
'Entry005.volume_weighted_ratio_integral_le' depends on axioms: [propext, Classical.choice, Quot.sound]
'Entry005.volume_weighted_selection' depends on axioms: [propext, Classical.choice, Quot.sound]
'Entry005.volume_weighted_selection._simp_1_1' depends on axioms: [propext, Classical.choice, Quot.sound]
'Entry005.witnessCofactor' depends on axioms: [propext, Classical.choice, Quot.sound]
'Entry005.witnessCofactor.eq_1' depends on axioms: [propext, Classical.choice, Quot.sound]
'Entry005.witnessMatrix' depends on axioms: [propext, Classical.choice, Quot.sound]
'Entry005.witnessMatrix.eq_1' depends on axioms: [propext, Classical.choice, Quot.sound]
'Entry005.zonotopeAtZeroEmbeddingEquiv' depends on axioms: [propext, Classical.choice, Quot.sound]
'Entry005.zonotopeAtZeroEmbeddingEquiv._proof_1' depends on axioms: [propext, Classical.choice, Quot.sound]
'Entry005.zonotopeAtZeroEmbeddingEquiv._proof_2' depends on axioms: [propext, Classical.choice, Quot.sound]
'Entry005.zonotopeAtZeroEmbeddingEquiv._proof_3' depends on axioms: [propext, Classical.choice, Quot.sound]
'Entry005.zonotopeAtZeroEmbeddingEquiv._proof_4' depends on axioms: [propext, Classical.choice, Quot.sound]
'Entry005.zonotopeAtZeroEmbeddingEquiv._proof_5' depends on axioms: [propext, Classical.choice, Quot.sound]
'Entry005.zonotopeAtZeroEmbeddingEquiv._proof_6' depends on axioms: [propext, Classical.choice, Quot.sound]
'Entry005.zonotopeAtZeroEmbeddingEquiv._proof_7' depends on axioms: [propext, Classical.choice, Quot.sound]
'Entry005.zonotopeAtZeroEmbeddingEquiv._proof_8' depends on axioms: [propext, Classical.choice, Quot.sound]
'Entry005.zonotopeAvoidZeroEmbeddingEquiv' depends on axioms: [propext, Quot.sound]
'Entry005.zonotopeAvoidZeroEmbeddingEquiv._proof_1' depends on axioms: [propext]
'Entry005.zonotopeAvoidZeroEmbeddingEquiv._proof_2' depends on axioms: [propext]
'Entry005.zonotopeAvoidZeroEmbeddingEquiv._proof_3' depends on axioms: [propext]
'Entry005.zonotopeAvoidZeroEmbeddingEquiv._proof_4' depends on axioms: [propext]
'Entry005.zonotopeAvoidZeroEmbeddingEquiv._proof_5' depends on axioms: [propext]
'Entry005.zonotopeAvoidZeroEmbeddingEquiv._proof_6' depends on axioms: [propext, Quot.sound]
'Entry005.zonotopeAvoidZeroEmbeddingEquiv._proof_7' depends on axioms: [propext]
'Entry005.zonotopeAvoidZeroEmbeddingEquiv._proof_8' depends on axioms: [propext]
'Entry005.zonotopeAvoidZeroEmbeddingEquiv._proof_9' depends on axioms: [propext, Quot.sound]
'Entry005.zonotopeCoefficient' depends on axioms: [propext, Classical.choice, Quot.sound]
'Entry005.zonotopeCoefficient._proof_1' depends on axioms: [propext]
'Entry005.zonotopeCoefficient.eq_1' depends on axioms: [propext, Classical.choice, Quot.sound]
'Entry005.zonotopeDeterminantSum' depends on axioms: [propext, Classical.choice, Quot.sound]
'Entry005.zonotopeDeterminantSum.eq_1' depends on axioms: [propext, Classical.choice, Quot.sound]
'Entry005.zonotopeZeroFirstEmbedding' depends on axioms: [propext, Quot.sound]
'Entry005.zonotopeZeroFirstEmbedding._proof_1' depends on axioms: [propext, Quot.sound]
'Entry005.zonotopeZeroFirstEmbedding.eq_1' depends on axioms: [propext, Quot.sound]
'Entry005.zonotope_alternating_abs_swap' depends on axioms: [propext, Classical.choice, Quot.sound]
'Entry005.zonotope_alternating_projection_congr' depends on axioms: [propext, Classical.choice, Quot.sound]
'Entry005.zonotope_coefficient_mul_succ' depends on axioms: [propext, Classical.choice, Quot.sound]
'Entry005.zonotope_determinant_sum_height' depends on axioms: [propext, Classical.choice, Quot.sound]
'Entry005.zonotope_embedding_sum_partition_zero' depends on axioms: [propext, Classical.choice, Quot.sound]
'Entry005.zonotope_orthogonal_finrank' depends on axioms: [propext, Classical.choice, Quot.sound]
'Entry005.zonotope_orthogonal_projection_formula' depends on axioms: [propext, Classical.choice, Quot.sound]
'LinearEquiv.smulOfNeZero.congr_simp' depends on axioms: [propext, Classical.choice, Quot.sound]
'Matrix.updateCol.eq_1' depends on axioms: [Quot.sound]
'MeasurableEquiv.piFinSuccAbove.eq_1' depends on axioms: [propext, Classical.choice, Quot.sound]
'MeasurableEquiv.prodComm.eq_1' depends on axioms: [propext, Classical.choice, Quot.sound]
'Mxym.StochasticRigidity.abs_det_le_column_l1_product' depends on axioms: [propext, Classical.choice, Quot.sound]
'Mxym.StochasticRigidity.abs_det_le_column_max' depends on axioms: [propext, Classical.choice, Quot.sound]
'Mxym.StochasticRigidity.abs_det_le_of_shared_row' depends on axioms: [propext, Classical.choice, Quot.sound]
'Mxym.StochasticRigidity.column_l1_distance' depends on axioms: [propext, Classical.choice, Quot.sound]
'Mxym.StochasticRigidity.exact_permutation' depends on axioms: [propext, Classical.choice, Quot.sound]
'Mxym.StochasticRigidity.near_permutation' depends on axioms: [propext, Classical.choice, Quot.sound]
'Mxym.StochasticRigidity.near_permutation_sharp' depends on axioms: [propext, Classical.choice, Quot.sound]
'OAI.Paper092.Euclidean' depends on axioms: [propext, Classical.choice, Quot.sound]
'OAI.Paper092.brightness' depends on axioms: [propext, Classical.choice, Quot.sound]
'OAI.Paper092.brightness.eq_1' depends on axioms: [propext, Classical.choice, Quot.sound]
'OAI.Paper092.brightness_body_smul' depends on axioms: [propext, Classical.choice, Quot.sound]
'OAI.Paper092.brightness_mono' depends on axioms: [propext, Classical.choice, Quot.sound]
'OAI.Paper092.brightness_neg' depends on axioms: [propext, Classical.choice, Quot.sound]
'OAI.Paper092.brightness_nonneg' depends on axioms: [propext, Classical.choice, Quot.sound]
'OAI.Paper092.brightness_smul' depends on axioms: [propext, Classical.choice, Quot.sound]
'OAI.Paper092.firstBlock' depends on axioms: [propext, Classical.choice, Quot.sound]
'OAI.Paper092.neg_mem_projectionBody_iff' depends on axioms: [propext, Classical.choice, Quot.sound]
'OAI.Paper092.normalHyperplane' depends on axioms: [propext, Classical.choice, Quot.sound]
'OAI.Paper092.normalHyperplane_finrank' depends on axioms: [propext, Classical.choice, Quot.sound]
'OAI.Paper092.normalHyperplane_finrank._proof_1_1' depends on axioms: [propext, Classical.choice, Quot.sound]
'OAI.Paper092.normalHyperplane_smul' depends on axioms: [propext, Classical.choice, Quot.sound]
'OAI.Paper092.normalHyperplane_volume_is_canonical' depends on axioms: [propext, Classical.choice, Quot.sound]
'OAI.Paper092.normalizedProjectionVolume' depends on axioms: [propext, Classical.choice, Quot.sound]
'OAI.Paper092.normalizedProjectionVolume._proof_1' depends on axioms: [propext, Classical.choice, Quot.sound]
'OAI.Paper092.normalizedProjectionVolume._proof_2' depends on axioms: [propext, Classical.choice, Quot.sound]
'OAI.Paper092.productWitness' depends on axioms: [propext, Classical.choice, Quot.sound]
'OAI.Paper092.projectionBody' depends on axioms: [propext, Classical.choice, Quot.sound]
'OAI.Paper092.projectionBody._proof_1' depends on axioms: [propext]
'OAI.Paper092.projectionBody.eq_1' depends on axioms: [propext, Classical.choice, Quot.sound]
'OAI.Paper092.projectionBody_body_smul' depends on axioms: [propext, Classical.choice, Quot.sound]
'OAI.Paper092.projectionBody_convex' depends on axioms: [propext, Classical.choice, Quot.sound]
'OAI.Paper092.projectionBody_isClosed' depends on axioms: [propext, Classical.choice, Quot.sound]
'OAI.Paper092.projectionBody_isCompact' depends on axioms: [propext, Classical.choice, Quot.sound]
'OAI.Paper092.projectionBody_mono' depends on axioms: [propext, Classical.choice, Quot.sound]
'OAI.Paper092.projectionBody_neg_eq' depends on axioms: [propext, Classical.choice, Quot.sound]
'OAI.Paper092.projectionBody_neg_eq._simp_1_1' depends on axioms: [propext, Classical.choice, Quot.sound]
'OAI.Paper092.projectionBody_norm_le' depends on axioms: [propext, Classical.choice, Quot.sound]
'OAI.Paper092.projectionVolume' depends on axioms: [propext, Classical.choice, Quot.sound]
'OAI.Paper092.projectionVolume._proof_1' depends on axioms: [propext, Classical.choice, Quot.sound]
'OAI.Paper092.projectionVolume._proof_2' depends on axioms: [propext, Classical.choice, Quot.sound]
'OAI.Paper092.projectionVolume._proof_3' depends on axioms: [propext, Classical.choice, Quot.sound]
'OAI.Paper092.projectionVolume_body_smul' depends on axioms: [propext, Classical.choice, Quot.sound]
'OAI.Paper092.projectionVolume_lt_top' depends on axioms: [propext, Classical.choice, Quot.sound]
'OAI.Paper092.projectionVolume_mono' depends on axioms: [propext, Classical.choice, Quot.sound]
'OAI.Paper092.projectionVolume_smul' depends on axioms: [propext, Classical.choice, Quot.sound]
'OAI.Paper092.secondBlock' depends on axioms: [propext, Classical.choice, Quot.sound]
'OAI.Paper092.simplexConstant' depends on axioms: [propext, Classical.choice, Quot.sound]
'OAI.Paper092.standardSimplex' depends on axioms: [propext, Classical.choice, Quot.sound]
'OAI.Paper092.zero_mem_projectionBody' depends on axioms: [propext, Classical.choice, Quot.sound]
'_private.Entry005.AffineNormalization.0.Entry005.affine_homothety_apply' depends on axioms: [propext,
 Classical.choice,
 Quot.sound]
'_private.Entry005.AffineNormalization.0.Entry005.fullBasis' depends on axioms: [propext, Classical.choice, Quot.sound]
'_private.Entry005.AffineNormalization.0.Entry005.fullBasis._proof_1' depends on axioms: [propext,
 Classical.choice,
 Quot.sound]
'_private.Entry005.AffineNormalization.0.Entry005.fullBasis._proof_2' depends on axioms: [propext,
 Classical.choice,
 Quot.sound]
'_private.Entry005.HausdorffRetention.0.Entry005.dimension_space' depends on axioms: [propext,
 Classical.choice,
 Quot.sound]
'_private.Entry005.HausdorffRetention.0.Entry005.support_attained' depends on axioms: [propext,
 Classical.choice,
 Quot.sound]
'_private.Entry005.HausdorffRetention.0.Entry005.vertices_bound_hull' depends on axioms: [propext,
 Classical.choice,
 Quot.sound]
'_private.Entry005.HausdorffRetention.0.Entry005.vertices_bound_hull._simp_1_1' depends on axioms: [propext,
 Classical.choice,
 Quot.sound]
'_private.Entry005.MaximumOuterBall.0.Entry005.e' depends on axioms: [propext, Classical.choice, Quot.sound]
'_private.Entry005.MaximumOuterBall.0.Entry005.e.eq_1' depends on axioms: [propext, Classical.choice, Quot.sound]
'_private.Entry005.MaximumOuterBall.0.Entry005.expand' depends on axioms: [propext, Classical.choice, Quot.sound]
'_private.Entry005.MaximumOuterBall.0.Entry005.homogeneous' depends on axioms: [propext, Classical.choice, Quot.sound]
'_private.Entry005.MaximumOuterBall.0.Entry005.homogeneous._proof_1' depends on axioms: [propext]
'_private.Entry005.MaximumOuterBall.0.Entry005.homogeneous.eq_1' depends on axioms: [propext,
 Classical.choice,
 Quot.sound]
'_private.Entry005.MaximumOuterBall.0.Entry005.homogeneous_det' depends on axioms: [propext,
 Classical.choice,
 Quot.sound]
'_private.Entry005.MaximumOuterBall.0.Entry005.homogeneous_mul' depends on axioms: [propext,
 Classical.choice,
 Quot.sound]
'_private.Entry005.MaximumOuterBall.0.Entry005.projection' depends on axioms: [propext, Classical.choice, Quot.sound]
'_private.Entry005.MaximumOuterBall.0.Entry005.projection._proof_1' depends on axioms: [propext,
 Classical.choice,
 Quot.sound]
'_private.Entry005.MaximumOuterBall.0.Entry005.projection._proof_2' depends on axioms: [propext,
 Classical.choice,
 Quot.sound]
'_private.Entry005.MaximumOuterBall.0.Entry005.replacementEquiv' depends on axioms: [propext,
 Classical.choice,
 Quot.sound]
'_private.Entry005.MaximumOuterBall.0.Entry005.replacementMap' depends on axioms: [propext,
 Classical.choice,
 Quot.sound]
'_private.Entry005.MaximumOuterBall.0.Entry005.replacementMap._abel_1' depends on axioms: [propext,
 Classical.choice,
 Quot.sound]
'_private.Entry005.MaximumOuterBall.0.Entry005.replacementMap._proof_1' depends on axioms: [propext,
 Classical.choice,
 Quot.sound]
'_private.Entry005.MaximumOuterBall.0.Entry005.replacementMap._proof_2' depends on axioms: [propext,
 Classical.choice,
 Quot.sound]
'_private.Entry005.MaximumOuterBall.0.Entry005.replacement_augmented' depends on axioms: [propext,
 Classical.choice,
 Quot.sound]
'_private.Entry005.MaximumOuterBall.0.Entry005.replacement_bijective' depends on axioms: [propext,
 Classical.choice,
 Quot.sound]
'_private.Entry005.MaximumOuterBall.0.Entry005.replacement_bijective._simp_1_1' depends on axioms: [propext]
'_private.Entry005.MaximumOuterBall.0.Entry005.replacement_bijective._simp_1_2' depends on axioms: [propext]
'_private.Entry005.MaximumOuterBall.0.Entry005.replacement_bijective._simp_1_3' depends on axioms: [propext]
'_private.Entry005.MaximumOuterBall.0.Entry005.replacement_bijective._simp_1_4' depends on axioms: [propext]
'_private.Entry005.MaximumOuterBall.0.Entry005.replacement_bijective._simp_1_5' depends on axioms: [propext]
'_private.Entry005.MaximumOuterBall.0.Entry005.replacement_bijective._simp_1_6' depends on axioms: [propext,
 Classical.choice,
 Quot.sound]
'_private.Entry005.MaximumOuterBall.0.Entry005.replacement_bijective._simp_1_7' depends on axioms: [propext]
'_private.Entry005.MaximumOuterBall.0.Entry005.replacement_coord' depends on axioms: [propext,
 Classical.choice,
 Quot.sound]
'_private.Entry005.MaximumOuterBall.0.Entry005.replacement_det' depends on axioms: [propext,
 Classical.choice,
 Quot.sound]
'_private.Entry005.MaximumOuterBall.0.Entry005.replacement_points' depends on axioms: [propext,
 Classical.choice,
 Quot.sound]
'_private.Entry005.MaximumOuterBall.0.Entry005.replacement_points._simp_1_1' depends on axioms: [propext]
'_private.Entry005.MaximumOuterBall.0.Entry005.scalar_expand' depends on axioms: [propext, Classical.choice, Quot.sound]
'_private.Entry005.PrescribedSimplex.0.Entry005.affine_image_volume' depends on axioms: [propext,
 Classical.choice,
 Quot.sound]
'_private.Entry005.PrescribedSimplex.0.Entry005.nearby_mem_homothety' depends on axioms: [propext,
 Classical.choice,
 Quot.sound]
'_private.Entry005.PrescribedSimplex.0.Entry005.nearby_mem_homothety._abel_1_1' depends on axioms: [propext,
 Classical.choice,
 Quot.sound]
'_private.Entry005.ProjectionAffineTransport.0.Entry005.normalFrame' depends on axioms: [propext,
 Classical.choice,
 Quot.sound]
'_private.Entry005.ProjectionAffineTransport.0.Entry005.normalFrame._proof_1' depends on axioms: [propext,
 Classical.choice,
 Quot.sound]
'_private.Entry005.ProjectionAffineTransport.0.Entry005.normalFrame.congr_simp' depends on axioms: [propext,
 Classical.choice,
 Quot.sound]
'_private.Entry005.ProjectionAffineTransport.0.Entry005.normalFrame.eq_1' depends on axioms: [propext,
 Classical.choice,
 Quot.sound]
'_private.Entry005.ProjectionAffineTransport.0.Entry005.normalFrameVector' depends on axioms: [propext,
 Classical.choice,
 Quot.sound]
'_private.Entry005.ProjectionAffineTransport.0.Entry005.normalFrameVector.eq_1' depends on axioms: [propext,
 Classical.choice,
 Quot.sound]
'_private.Entry005.ProjectionAffineTransport.0.Entry005.normalFrameVector.eq_2' depends on axioms: [propext,
 Classical.choice,
 Quot.sound]
'_private.Entry005.ProjectionAffineTransport.0.Entry005.normalFrameVector.match_1' does not depend on any axioms
'_private.Entry005.ProjectionAffineTransport.0.Entry005.normalFrameVector.match_1.eq_1' does not depend on any axioms
'_private.Entry005.ProjectionAffineTransport.0.Entry005.normalFrameVector.match_1.eq_2' does not depend on any axioms
'_private.Entry005.ProjectionAffineTransport.0.Entry005.normalFrameVector.match_1.splitter' does not depend on any axioms
'_private.Entry005.ProjectionAffineTransport.0.Entry005.normalFrameVector_orthonormal' depends on axioms: [propext,
 Classical.choice,
 Quot.sound]
'_private.Entry005.ProjectionAffineTransport.0.Entry005.normalFrame_inl' depends on axioms: [propext,
 Classical.choice,
 Quot.sound]
'_private.Entry005.ProjectionAffineTransport.0.Entry005.normalFrame_inr' depends on axioms: [propext,
 Classical.choice,
 Quot.sound]
'_private.Entry005.ProjectionAffineTransport.0.Entry005.projectionTransport_matrix' depends on axioms: [propext,
 Classical.choice,
 Quot.sound]
'_private.Entry005.ProjectionBodyCovariance.0.Entry005.affine_image_decomp' depends on axioms: [propext,
 Classical.choice,
 Quot.sound]
'_private.Entry005.RegularSimplex.0.Entry005.Model' depends on axioms: [propext, Classical.choice, Quot.sound]
'_private.Entry005.RegularSimplex.0.Entry005.inner_ones' depends on axioms: [propext, Classical.choice, Quot.sound]
'_private.Entry005.RegularSimplex.0.Entry005.modelIso' depends on axioms: [propext, Classical.choice, Quot.sound]
'_private.Entry005.RegularSimplex.0.Entry005.modelIso._proof_1' depends on axioms: [propext,
 Classical.choice,
 Quot.sound]
'_private.Entry005.RegularSimplex.0.Entry005.modelMap' depends on axioms: [propext, Classical.choice, Quot.sound]
'_private.Entry005.RegularSimplex.0.Entry005.modelSimplex' depends on axioms: [propext, Classical.choice, Quot.sound]
'_private.Entry005.RegularSimplex.0.Entry005.modelSimplex._proof_1' depends on axioms: [propext,
 Classical.choice,
 Quot.sound]
'_private.Entry005.RegularSimplex.0.Entry005.modelSimplex.eq_1' depends on axioms: [propext,
 Classical.choice,
 Quot.sound]
'_private.Entry005.RegularSimplex.0.Entry005.modelVertex' depends on axioms: [propext, Classical.choice, Quot.sound]
'_private.Entry005.RegularSimplex.0.Entry005.modelVertex.eq_1' depends on axioms: [propext,
 Classical.choice,
 Quot.sound]
'_private.Entry005.RegularSimplex.0.Entry005.model_ball' depends on axioms: [propext, Classical.choice, Quot.sound]
'_private.Entry005.RegularSimplex.0.Entry005.model_ball._simp_1_3' does not depend on any axioms
'_private.Entry005.RegularSimplex.0.Entry005.model_sum' depends on axioms: [propext, Classical.choice, Quot.sound]
'_private.Entry005.RegularSimplex.0.Entry005.ones' depends on axioms: [propext, Classical.choice, Quot.sound]
'_private.Entry005.RegularSimplex.0.Entry005.ones._proof_1' depends on axioms: [propext]
'_private.Entry005.RegularSimplex.0.Entry005.ones.eq_1' depends on axioms: [propext, Classical.choice, Quot.sound]
'_private.Entry005.RegularSimplex.0.Entry005.ones_ne_zero' depends on axioms: [propext, Classical.choice, Quot.sound]
'_private.Entry005.RegularSimplex.0.Entry005.radiusScale' depends on axioms: [propext, Classical.choice, Quot.sound]
'_private.Entry005.RegularSimplex.0.Entry005.rawVertex' depends on axioms: [propext, Classical.choice, Quot.sound]
'_private.Entry005.RegularSimplex.0.Entry005.rawVertex.eq_1' depends on axioms: [propext, Classical.choice, Quot.sound]
'_private.Entry005.RegularSimplex.0.Entry005.raw_dist_sq' depends on axioms: [propext, Classical.choice, Quot.sound]
'_private.Entry005.RegularSimplex.0.Entry005.raw_dist_sq._abel_1_2' depends on axioms: [propext,
 Classical.choice,
 Quot.sound]
'_private.Entry005.RegularSimplex.0.Entry005.raw_independent' depends on axioms: [propext, Classical.choice, Quot.sound]
'_private.Entry005.RegularSimplex.0.Entry005.raw_inner_model' depends on axioms: [propext, Classical.choice, Quot.sound]
'_private.Entry005.RegularSimplex.0.Entry005.raw_mem' depends on axioms: [propext, Classical.choice, Quot.sound]
'_private.Entry005.RegularSimplex.0.Entry005.raw_norm' depends on axioms: [propext, Classical.choice, Quot.sound]
'_private.Entry005.RegularSimplex.0.Entry005.raw_sum' depends on axioms: [propext, Classical.choice, Quot.sound]
'_private.Entry005.RegularSimplex.0.Entry005.scale_pos' depends on axioms: [propext, Classical.choice, Quot.sound]
'_private.Entry005.RegularSimplex.0.Entry005.scale_sq' depends on axioms: [propext, Classical.choice, Quot.sound]
'_private.Entry005.SharpNormalizationRadius.0.Entry005.regular_gram' depends on axioms: [propext,
 Classical.choice,
 Quot.sound]
'_private.Entry005.SimplexVolumeInterface.0.Entry005.SimplexVolume.affine_image_volume' depends on axioms: [propext,
 Classical.choice,
 Quot.sound]
'_private.Entry005.SimplexVolumeInterface.0.Entry005.SimplexVolume.augmented_det_ne_zero' depends on axioms: [propext,
 Classical.choice,
 Quot.sound]
'_private.Entry005.SimplexVolumeInterface.0.Entry005.SimplexVolume.augmented_mul_barycentric' depends on axioms: [propext,
 Classical.choice,
 Quot.sound]
'_private.Entry005.SimplexVolumeInterface.0.Entry005.SimplexVolume.barycentric' depends on axioms: [propext,
 Classical.choice,
 Quot.sound]
'_private.Entry005.SimplexVolumeInterface.0.Entry005.SimplexVolume.barycentric.eq_1' depends on axioms: [propext,
 Classical.choice,
 Quot.sound]
'_private.Entry005.SimplexVolumeInterface.0.Entry005.SimplexVolume.barycentric_matrix_eq' depends on axioms: [propext,
 Classical.choice,
 Quot.sound]
'_private.Entry005.SimplexVolumeInterface.0.Entry005.SimplexVolume.basis' depends on axioms: [propext,
 Classical.choice,
 Quot.sound]
'_private.Entry005.SimplexVolumeInterface.0.Entry005.SimplexVolume.basis._proof_1' depends on axioms: [propext,
 Classical.choice,
 Quot.sound]
'_private.Entry005.SimplexVolumeInterface.0.Entry005.SimplexVolume.basis._proof_2' depends on axioms: [propext,
 Classical.choice,
 Quot.sound]
'_private.Entry005.SimplexVolumeInterface.0.Entry005.SimplexVolume.candidate_mul' depends on axioms: [propext,
 Classical.choice,
 Quot.sound]
'_private.Entry005.SimplexVolumeInterface.0.Entry005.SimplexVolume.determinant_volume_ratio' depends on axioms: [propext,
 Classical.choice,
 Quot.sound]
'_private.Entry005.SimplexVolumeInterface.0.Entry005.SimplexVolume.e' depends on axioms: [propext,
 Classical.choice,
 Quot.sound]
'_private.Entry005.SimplexVolumeInterface.0.Entry005.SimplexVolume.e.eq_1' depends on axioms: [propext,
 Classical.choice,
 Quot.sound]
'_private.Entry005.SimplexVolumeInterface.0.Entry005.SimplexVolume.expand' depends on axioms: [propext,
 Classical.choice,
 Quot.sound]
'_private.Entry005.SimplexVolumeInterface.0.Entry005.SimplexVolume.homogeneous' depends on axioms: [propext,
 Classical.choice,
 Quot.sound]
'_private.Entry005.SimplexVolumeInterface.0.Entry005.SimplexVolume.homogeneous._proof_1' depends on axioms: [propext]
'_private.Entry005.SimplexVolumeInterface.0.Entry005.SimplexVolume.homogeneous.eq_1' depends on axioms: [propext,
 Classical.choice,
 Quot.sound]
'_private.Entry005.SimplexVolumeInterface.0.Entry005.SimplexVolume.homogeneous_det' depends on axioms: [propext,
 Classical.choice,
 Quot.sound]
'_private.Entry005.SimplexVolumeInterface.0.Entry005.SimplexVolume.homogeneous_mul' depends on axioms: [propext,
 Classical.choice,
 Quot.sound]
'_private.Entry005.SimplexVolumeInterface.0.Entry005.SimplexVolume.inverseCandidate' depends on axioms: [propext,
 Classical.choice,
 Quot.sound]
'_private.Entry005.SimplexVolumeInterface.0.Entry005.SimplexVolume.inverseCandidate.eq_1' depends on axioms: [propext,
 Classical.choice,
 Quot.sound]
'_private.Entry005.SimplexVolumeInterface.0.Entry005.SimplexVolume.linear_det_eq_barycentric_det' depends on axioms: [propext,
 Classical.choice,
 Quot.sound]
'_private.Entry005.SimplexVolumeInterface.0.Entry005.SimplexVolume.projection' depends on axioms: [propext,
 Classical.choice,
 Quot.sound]
'_private.Entry005.SimplexVolumeInterface.0.Entry005.SimplexVolume.projection._proof_1' depends on axioms: [propext,
 Classical.choice,
 Quot.sound]
'_private.Entry005.SimplexVolumeInterface.0.Entry005.SimplexVolume.projection._proof_2' depends on axioms: [propext,
 Classical.choice,
 Quot.sound]
'_private.Entry005.SimplexVolumeInterface.0.Entry005.SimplexVolume.scalar_expand' depends on axioms: [propext,
 Classical.choice,
 Quot.sound]
'_private.Entry005.SimplexVolumeInterface.0.Entry005.SimplexVolume.simplex_compact' depends on axioms: [propext,
 Classical.choice,
 Quot.sound]
'_private.Entry005.SimplexVolumeInterface.0.Entry005.SimplexVolume.simplex_interior_nonempty' depends on axioms: [propext,
 Classical.choice,
 Quot.sound]
'_private.Entry005.SimplexVolumeInterface.0.Entry005.SimplexVolume.simplex_volume_finite' depends on axioms: [propext,
 Classical.choice,
 Quot.sound]
'_private.Entry005.SimplexVolumeInterface.0.Entry005.SimplexVolume.simplex_volume_positive' depends on axioms: [propext,
 Classical.choice,
 Quot.sound]
'_private.Entry005.SimplexVolumeInterface.0.Entry005.SimplexVolume.vertexMap' depends on axioms: [propext,
 Classical.choice,
 Quot.sound]
'_private.Entry005.SimplexVolumeInterface.0.Entry005.SimplexVolume.vertexMap._proof_1' depends on axioms: [propext,
 Classical.choice,
 Quot.sound]
'_private.Entry005.SimplexVolumeInterface.0.Entry005.SimplexVolume.vertexMap._proof_2' depends on axioms: [propext,
 Classical.choice,
 Quot.sound]
'_private.Entry005.SimplexVolumeInterface.0.Entry005.SimplexVolume.vertexMap_image' depends on axioms: [propext,
 Classical.choice,
 Quot.sound]
'_private.Entry005.SimplexVolumeInterface.0.Entry005.SimplexVolume.vertexMap_points' depends on axioms: [propext,
 Classical.choice,
 Quot.sound]
'_private.Entry005.ZonotopeInjectionCombinatorics.0.Entry005.zonotope_sum_subtype_ite' depends on axioms: [propext,
 Classical.choice,
 Quot.sound]
'_private.Entry005.ZonotopeInjectionCombinatorics.0.Entry005.zonotope_swap_tail_ne_zero' depends on axioms: [propext,
 Classical.choice,
 Quot.sound]
'_private.Mxym.StochasticRigidity.0.Mxym.StochasticRigidity.injection_sum_le' depends on axioms: [propext,
 Classical.choice,
 Quot.sound]
'_private.Mxym.StochasticRigidity.0.Mxym.StochasticRigidity.restriction_injective' depends on axioms: [Quot.sound]
'_private.Mxym.StochasticRigidity.0.Mxym.StochasticRigidity.sign_abs_real' depends on axioms: [propext,
 Classical.choice,
 Quot.sound]
