OWNED_DECL Entry005.CompactConeBall
OWNED_AXIOMS Entry005.CompactConeBall: [propext, Classical.choice, Quot.sound]
OWNED_DECL Entry005.IntrinsicLinearImageReuse.isometry_volume_image
OWNED_AXIOMS Entry005.IntrinsicLinearImageReuse.isometry_volume_image: [propext, Classical.choice, Quot.sound]
PUBLIC_THEOREM Entry005.IntrinsicLinearImageReuse Entry005.IntrinsicLinearImageReuse.isometry_volume_image
OWNED_DECL Entry005.IntrinsicLinearImageReuse.orthonormal_linear_image_volume
OWNED_AXIOMS Entry005.IntrinsicLinearImageReuse.orthonormal_linear_image_volume: [propext, Classical.choice, Quot.sound]
PUBLIC_THEOREM Entry005.IntrinsicLinearImageReuse Entry005.IntrinsicLinearImageReuse.orthonormal_linear_image_volume
OWNED_DECL Entry005.IntrinsicLinearImageReuse.translation_volume_image
OWNED_AXIOMS Entry005.IntrinsicLinearImageReuse.translation_volume_image: [propext, Classical.choice, Quot.sound]
PUBLIC_THEOREM Entry005.IntrinsicLinearImageReuse Entry005.IntrinsicLinearImageReuse.translation_volume_image
OWNED_DECL Entry005.J
OWNED_AXIOMS Entry005.J: [propext, Classical.choice, Quot.sound]
OWNED_DECL Entry005.J_pos
OWNED_AXIOMS Entry005.J_pos: [propext, Classical.choice, Quot.sound]
PUBLIC_THEOREM Entry005.Constants Entry005.J_pos
OWNED_DECL Entry005.L
OWNED_AXIOMS Entry005.L: [propext, Classical.choice, Quot.sound]
OWNED_DECL Entry005.L_pos
OWNED_AXIOMS Entry005.L_pos: [propext, Classical.choice, Quot.sound]
PUBLIC_THEOREM Entry005.Constants Entry005.L_pos
OWNED_DECL Entry005.L_pos._proof_1_1
OWNED_AXIOMS Entry005.L_pos._proof_1_1: [propext, Quot.sound]
OWNED_DECL Entry005.M
OWNED_AXIOMS Entry005.M: [propext, Classical.choice, Quot.sound]
OWNED_DECL Entry005.M_pos
OWNED_AXIOMS Entry005.M_pos: [propext, Classical.choice, Quot.sound]
PUBLIC_THEOREM Entry005.Constants Entry005.M_pos
OWNED_DECL Entry005.PaperWitnessIndex
OWNED_AXIOMS Entry005.PaperWitnessIndex: []
OWNED_DECL Entry005.PyramidIidMomentReuse.iid_anchor_volume_integrable
OWNED_AXIOMS Entry005.PyramidIidMomentReuse.iid_anchor_volume_integrable: [propext, Classical.choice, Quot.sound]
PUBLIC_THEOREM Entry005.PyramidIidMomentReuse Entry005.PyramidIidMomentReuse.iid_anchor_volume_integrable
OWNED_DECL Entry005.PyramidIidMomentReuse.iid_anchor_volume_integral_eq
OWNED_AXIOMS Entry005.PyramidIidMomentReuse.iid_anchor_volume_integral_eq: [propext, Classical.choice, Quot.sound]
PUBLIC_THEOREM Entry005.PyramidIidMomentReuse Entry005.PyramidIidMomentReuse.iid_anchor_volume_integral_eq
OWNED_DECL Entry005.PyramidIidMomentReuse.measurable_iid_anchor_volume
OWNED_AXIOMS Entry005.PyramidIidMomentReuse.measurable_iid_anchor_volume: [propext, Classical.choice, Quot.sound]
PUBLIC_THEOREM Entry005.PyramidIidMomentReuse Entry005.PyramidIidMomentReuse.measurable_iid_anchor_volume
OWNED_DECL Entry005.Q
OWNED_AXIOMS Entry005.Q: [propext, Classical.choice, Quot.sound]
OWNED_DECL Entry005.Q._proof_1
OWNED_AXIOMS Entry005.Q._proof_1: [propext]
OWNED_DECL Entry005.Q._proof_2
OWNED_AXIOMS Entry005.Q._proof_2: [propext]
OWNED_DECL Entry005.Q_pos
OWNED_AXIOMS Entry005.Q_pos: [propext, Classical.choice, Quot.sound]
PUBLIC_THEOREM Entry005.Constants Entry005.Q_pos
OWNED_DECL Entry005.R0
OWNED_AXIOMS Entry005.R0: [propext, Classical.choice, Quot.sound]
OWNED_DECL Entry005.R0.eq_1
OWNED_AXIOMS Entry005.R0.eq_1: [propext, Classical.choice, Quot.sound]
PUBLIC_THEOREM Entry005.MaximumOuterBall Entry005.R0.eq_1
OWNED_DECL Entry005.R0_pos
OWNED_AXIOMS Entry005.R0_pos: [propext, Classical.choice, Quot.sound]
PUBLIC_THEOREM Entry005.Constants Entry005.R0_pos
OWNED_DECL Entry005.Space
OWNED_AXIOMS Entry005.Space: [propext, Classical.choice, Quot.sound]
OWNED_DECL Entry005.TruncationFacetIndex
OWNED_AXIOMS Entry005.TruncationFacetIndex: []
OWNED_DECL Entry005.aSharp
OWNED_AXIOMS Entry005.aSharp: [propext, Classical.choice, Quot.sound]
OWNED_DECL Entry005.aSharp_mul_eSharp_root_le_half
OWNED_AXIOMS Entry005.aSharp_mul_eSharp_root_le_half: [propext, Classical.choice, Quot.sound]
PUBLIC_THEOREM Entry005.ThresholdGate Entry005.aSharp_mul_eSharp_root_le_half
OWNED_DECL Entry005.aSharp_mul_eSharp_root_le_half._proof_1_1
OWNED_AXIOMS Entry005.aSharp_mul_eSharp_root_le_half._proof_1_1: [propext, Quot.sound]
OWNED_DECL Entry005.aSharp_mul_eSharp_root_le_half._proof_1_2
OWNED_AXIOMS Entry005.aSharp_mul_eSharp_root_le_half._proof_1_2: [propext, Quot.sound]
OWNED_DECL Entry005.aSharp_pos
OWNED_AXIOMS Entry005.aSharp_pos: [propext, Classical.choice, Quot.sound]
PUBLIC_THEOREM Entry005.Constants Entry005.aSharp_pos
OWNED_DECL Entry005.actualFacetHorizontalTupleSum
OWNED_AXIOMS Entry005.actualFacetHorizontalTupleSum: [propext, Classical.choice, Quot.sound]
OWNED_DECL Entry005.actualFacetHorizontalTupleSum._proof_1
OWNED_AXIOMS Entry005.actualFacetHorizontalTupleSum._proof_1: [propext, Classical.choice, Quot.sound]
OWNED_DECL Entry005.actualFacetHorizontalTupleSum._proof_2
OWNED_AXIOMS Entry005.actualFacetHorizontalTupleSum._proof_2: [propext, Classical.choice, Quot.sound]
OWNED_DECL Entry005.actualFacetLiftedTupleSum
OWNED_AXIOMS Entry005.actualFacetLiftedTupleSum: [propext, Classical.choice, Quot.sound]
OWNED_DECL Entry005.actualPolarBoundaryCompact
OWNED_AXIOMS Entry005.actualPolarBoundaryCompact: [propext, Classical.choice, Quot.sound]
OWNED_DECL Entry005.actualPolarBoundaryRaw
OWNED_AXIOMS Entry005.actualPolarBoundaryRaw: [propext, Classical.choice, Quot.sound]
OWNED_DECL Entry005.actualPolarBoundaryRaw._proof_1
OWNED_AXIOMS Entry005.actualPolarBoundaryRaw._proof_1: [propext]
OWNED_DECL Entry005.actual_body_brightness_law_affine_first_moment_pos
OWNED_AXIOMS Entry005.actual_body_brightness_law_affine_first_moment_pos: [propext, Classical.choice, Quot.sound]
PUBLIC_THEOREM Entry005.ActualBodyConeLaw Entry005.actual_body_brightness_law_affine_first_moment_pos
OWNED_DECL Entry005.actual_body_brightness_law_affine_first_moment_pos._proof_1_1
OWNED_AXIOMS Entry005.actual_body_brightness_law_affine_first_moment_pos._proof_1_1: [propext, Quot.sound]
OWNED_DECL Entry005.actual_body_compact_cone_law_exists
OWNED_AXIOMS Entry005.actual_body_compact_cone_law_exists: [propext, Classical.choice, Quot.sound]
PUBLIC_THEOREM Entry005.ActualBodyConeLaw Entry005.actual_body_compact_cone_law_exists
OWNED_DECL Entry005.actual_body_compact_cone_law_exists_with_polar_boundary
OWNED_AXIOMS Entry005.actual_body_compact_cone_law_exists_with_polar_boundary: [propext, Classical.choice, Quot.sound]
PUBLIC_THEOREM Entry005.ActualBodyPolarBoundary Entry005.actual_body_compact_cone_law_exists_with_polar_boundary
OWNED_DECL Entry005.actual_body_compact_limit_ae_polar_boundary
OWNED_AXIOMS Entry005.actual_body_compact_limit_ae_polar_boundary: [propext, Classical.choice, Quot.sound]
PUBLIC_THEOREM Entry005.ActualBodyPolarBoundary Entry005.actual_body_compact_limit_ae_polar_boundary
OWNED_DECL Entry005.actual_body_compact_limit_compact_support_polar_boundary
OWNED_AXIOMS Entry005.actual_body_compact_limit_compact_support_polar_boundary: [propext, Classical.choice, Quot.sound]
PUBLIC_THEOREM Entry005.ActualBodyPolarBoundary Entry005.actual_body_compact_limit_compact_support_polar_boundary
OWNED_DECL Entry005.actual_body_compact_limit_raw_ae_polar_boundary
OWNED_AXIOMS Entry005.actual_body_compact_limit_raw_ae_polar_boundary: [propext, Classical.choice, Quot.sound]
PUBLIC_THEOREM Entry005.ActualBodyPolarBoundary Entry005.actual_body_compact_limit_raw_ae_polar_boundary
OWNED_DECL Entry005.actual_body_compact_limit_support_polar_boundary
OWNED_AXIOMS Entry005.actual_body_compact_limit_support_polar_boundary: [propext, Classical.choice, Quot.sound]
PUBLIC_THEOREM Entry005.ActualBodyPolarBoundary Entry005.actual_body_compact_limit_support_polar_boundary
OWNED_DECL Entry005.actual_body_cone_first_moment_assignment
OWNED_AXIOMS Entry005.actual_body_cone_first_moment_assignment: [propext, Classical.choice, Quot.sound]
PUBLIC_THEOREM Entry005.ActualBodyConeLaw Entry005.actual_body_cone_first_moment_assignment
OWNED_DECL Entry005.actual_body_cone_law_with_horizontal_first_moment
OWNED_AXIOMS Entry005.actual_body_cone_law_with_horizontal_first_moment: [propext, Classical.choice, Quot.sound]
PUBLIC_THEOREM Entry005.ActualBodyHorizontalMoment Entry005.actual_body_cone_law_with_horizontal_first_moment
OWNED_DECL Entry005.actual_body_cone_law_with_pyramid_defect
OWNED_AXIOMS Entry005.actual_body_cone_law_with_pyramid_defect: [propext, Classical.choice, Quot.sound]
PUBLIC_THEOREM Entry005.ActualPyramidDefect Entry005.actual_body_cone_law_with_pyramid_defect
OWNED_DECL Entry005.actual_body_cone_law_with_pyramid_first_moment
OWNED_AXIOMS Entry005.actual_body_cone_law_with_pyramid_first_moment: [propext, Classical.choice, Quot.sound]
PUBLIC_THEOREM Entry005.ActualPyramidMoment Entry005.actual_body_cone_law_with_pyramid_first_moment
OWNED_DECL Entry005.actual_body_entryA_of_compact_limit
OWNED_AXIOMS Entry005.actual_body_entryA_of_compact_limit: [propext, Classical.choice, Quot.sound]
PUBLIC_THEOREM Entry005.ActualPyramidMoment Entry005.actual_body_entryA_of_compact_limit
OWNED_DECL Entry005.actual_body_entryDefect_nonnegative
OWNED_AXIOMS Entry005.actual_body_entryDefect_nonnegative: [propext, Classical.choice, Quot.sound]
PUBLIC_THEOREM Entry005.ActualPyramidDefect Entry005.actual_body_entryDefect_nonnegative
OWNED_DECL Entry005.actual_body_geometric_first_moment_assignment
OWNED_AXIOMS Entry005.actual_body_geometric_first_moment_assignment: [propext, Classical.choice, Quot.sound]
PUBLIC_THEOREM Entry005.ActualPyramidAssignment Entry005.actual_body_geometric_first_moment_assignment
OWNED_DECL Entry005.actual_body_horizontal_first_moment_of_compact_limit
OWNED_AXIOMS Entry005.actual_body_horizontal_first_moment_of_compact_limit: [propext, Classical.choice, Quot.sound]
PUBLIC_THEOREM Entry005.ActualBodyHorizontalMoment Entry005.actual_body_horizontal_first_moment_of_compact_limit
OWNED_DECL Entry005.actual_body_horizontal_moment_pos_of_compact_limit
OWNED_AXIOMS Entry005.actual_body_horizontal_moment_pos_of_compact_limit: [propext, Classical.choice, Quot.sound]
PUBLIC_THEOREM Entry005.ActualPyramidMoment Entry005.actual_body_horizontal_moment_pos_of_compact_limit
OWNED_DECL Entry005.actual_body_joint_polar_horizontal_assignment
OWNED_AXIOMS Entry005.actual_body_joint_polar_horizontal_assignment: [propext, Classical.choice, Quot.sound]
PUBLIC_THEOREM Entry005.ActualBodyJointConeInterface Entry005.actual_body_joint_polar_horizontal_assignment
OWNED_DECL Entry005.actual_body_joint_polar_pyramid_assignment
OWNED_AXIOMS Entry005.actual_body_joint_polar_pyramid_assignment: [propext, Classical.choice, Quot.sound]
PUBLIC_THEOREM Entry005.ActualPyramidJointCone Entry005.actual_body_joint_polar_pyramid_assignment
OWNED_DECL Entry005.actual_body_lifted_first_moment_of_compact_limit
OWNED_AXIOMS Entry005.actual_body_lifted_first_moment_of_compact_limit: [propext, Classical.choice, Quot.sound]
PUBLIC_THEOREM Entry005.ActualPyramidMoment Entry005.actual_body_lifted_first_moment_of_compact_limit
OWNED_DECL Entry005.actual_determinant_assignment_cost
OWNED_AXIOMS Entry005.actual_determinant_assignment_cost: [propext, Classical.choice, Quot.sound]
PUBLIC_THEOREM Entry005.AnchorCoordinates Entry005.actual_determinant_assignment_cost
OWNED_DECL Entry005.actual_determinant_assignment_cost._simp_1_1
OWNED_AXIOMS Entry005.actual_determinant_assignment_cost._simp_1_1: [propext, Quot.sound]
OWNED_DECL Entry005.actual_polar_boundary_compact_isClosed
OWNED_AXIOMS Entry005.actual_polar_boundary_compact_isClosed: [propext, Classical.choice, Quot.sound]
PUBLIC_THEOREM Entry005.ActualBodyPolarBoundary Entry005.actual_polar_boundary_compact_isClosed
OWNED_DECL Entry005.actual_polar_boundary_raw_isClosed
OWNED_AXIOMS Entry005.actual_polar_boundary_raw_isClosed: [propext, Classical.choice, Quot.sound]
PUBLIC_THEOREM Entry005.ActualBodyPolarBoundary Entry005.actual_polar_boundary_raw_isClosed
OWNED_DECL Entry005.actual_projection_body_compact_general
OWNED_AXIOMS Entry005.actual_projection_body_compact_general: [propext, Classical.choice, Quot.sound]
PUBLIC_THEOREM Entry005.PyramidContinuity Entry005.actual_projection_body_compact_general
OWNED_DECL Entry005.actual_projection_body_compact_via_official
OWNED_AXIOMS Entry005.actual_projection_body_compact_via_official: [propext, Classical.choice, Quot.sound]
PUBLIC_THEOREM Entry005.OfficialProjectionDefinitions Entry005.actual_projection_body_compact_via_official
OWNED_DECL Entry005.affineBody
OWNED_AXIOMS Entry005.affineBody: [propext, Classical.choice, Quot.sound]
OWNED_DECL Entry005.affineBody._proof_1
OWNED_AXIOMS Entry005.affineBody._proof_1: [propext, Classical.choice, Quot.sound]
OWNED_DECL Entry005.affineBody._proof_2
OWNED_AXIOMS Entry005.affineBody._proof_2: [propext, Classical.choice, Quot.sound]
OWNED_DECL Entry005.affineBody._proof_3
OWNED_AXIOMS Entry005.affineBody._proof_3: [propext, Classical.choice, Quot.sound]
OWNED_DECL Entry005.affineSimplex
OWNED_AXIOMS Entry005.affineSimplex: [propext, Classical.choice, Quot.sound]
OWNED_DECL Entry005.affineSimplex._proof_1
OWNED_AXIOMS Entry005.affineSimplex._proof_1: [propext, Classical.choice, Quot.sound]
OWNED_DECL Entry005.affine_hyperplane_projection_volume
OWNED_AXIOMS Entry005.affine_hyperplane_projection_volume: [propext, Classical.choice, Quot.sound]
PUBLIC_THEOREM Entry005.HyperplaneProjectionJacobian Entry005.affine_hyperplane_projection_volume
OWNED_DECL Entry005.affine_hyperplane_projection_volume_zero
OWNED_AXIOMS Entry005.affine_hyperplane_projection_volume_zero: [propext, Classical.choice, Quot.sound]
PUBLIC_THEOREM Entry005.HyperplaneProjectionJacobian Entry005.affine_hyperplane_projection_volume_zero
OWNED_DECL Entry005.affine_scalar_homothety_value
OWNED_AXIOMS Entry005.affine_scalar_homothety_value: [propext, Classical.choice, Quot.sound]
PUBLIC_THEOREM Entry005.TruncationCentroid Entry005.affine_scalar_homothety_value
OWNED_DECL Entry005.alternating_cons_projection_congr
OWNED_AXIOMS Entry005.alternating_cons_projection_congr: [propext, Classical.choice, Quot.sound]
PUBLIC_THEOREM Entry005.HyperplaneProjectionJacobian Entry005.alternating_cons_projection_congr
OWNED_DECL Entry005.alternating_injection_sum_cons
OWNED_AXIOMS Entry005.alternating_injection_sum_cons: [propext, Classical.choice, Quot.sound]
PUBLIC_THEOREM Entry005.ZonotopeInjectionCombinatorics Entry005.alternating_injection_sum_cons
OWNED_DECL Entry005.anchorCoordinates
OWNED_AXIOMS Entry005.anchorCoordinates: [propext, Classical.choice, Quot.sound]
OWNED_DECL Entry005.anchorCoordinates.eq_1
OWNED_AXIOMS Entry005.anchorCoordinates.eq_1: [propext, Classical.choice, Quot.sound]
PUBLIC_THEOREM Entry005.AnchorCoordinates Entry005.anchorCoordinates.eq_1
OWNED_DECL Entry005.anchorMatrix
OWNED_AXIOMS Entry005.anchorMatrix: [propext, Classical.choice, Quot.sound]
OWNED_DECL Entry005.anchorMatrix._proof_1
OWNED_AXIOMS Entry005.anchorMatrix._proof_1: [propext]
OWNED_DECL Entry005.anchorMatrix.eq_1
OWNED_AXIOMS Entry005.anchorMatrix.eq_1: [propext, Classical.choice, Quot.sound]
PUBLIC_THEOREM Entry005.PyramidIidMomentReuse Entry005.anchorMatrix.eq_1
OWNED_DECL Entry005.anchor_coordinates_reconstruct
OWNED_AXIOMS Entry005.anchor_coordinates_reconstruct: [propext, Classical.choice, Quot.sound]
PUBLIC_THEOREM Entry005.AnchorCoordinates Entry005.anchor_coordinates_reconstruct
OWNED_DECL Entry005.anchor_coordinates_sum
OWNED_AXIOMS Entry005.anchor_coordinates_sum: [propext, Classical.choice, Quot.sound]
PUBLIC_THEOREM Entry005.AnchorCoordinates Entry005.anchor_coordinates_sum
OWNED_DECL Entry005.anchor_matrix_entry
OWNED_AXIOMS Entry005.anchor_matrix_entry: [propext, Classical.choice, Quot.sound]
PUBLIC_THEOREM Entry005.AnchorCoordinates Entry005.anchor_matrix_entry
OWNED_DECL Entry005.anchor_matrix_mul_coordinates
OWNED_AXIOMS Entry005.anchor_matrix_mul_coordinates: [propext, Classical.choice, Quot.sound]
PUBLIC_THEOREM Entry005.AnchorCoordinates Entry005.anchor_matrix_mul_coordinates
OWNED_DECL Entry005.assignmentCost
OWNED_AXIOMS Entry005.assignmentCost: [propext, Classical.choice, Quot.sound]
OWNED_DECL Entry005.assignment_cost_integrable
OWNED_AXIOMS Entry005.assignment_cost_integrable: [propext, Classical.choice, Quot.sound]
PUBLIC_THEOREM Entry005.AnchorCoordinates Entry005.assignment_cost_integrable
OWNED_DECL Entry005.assignment_cost_nonneg
OWNED_AXIOMS Entry005.assignment_cost_nonneg: [propext, Classical.choice, Quot.sound]
PUBLIC_THEOREM Entry005.AssignmentKernel Entry005.assignment_cost_nonneg
OWNED_DECL Entry005.augmentedVertices
OWNED_AXIOMS Entry005.augmentedVertices: [propext, Classical.choice, Quot.sound]
OWNED_DECL Entry005.augmentedVertices.eq_1
OWNED_AXIOMS Entry005.augmentedVertices.eq_1: [propext, Classical.choice, Quot.sound]
PUBLIC_THEOREM Entry005.SimplexVolumeInterface Entry005.augmentedVertices.eq_1
OWNED_DECL Entry005.augmentedVertices_abs_det_le_of_mem_convexHull
OWNED_AXIOMS Entry005.augmentedVertices_abs_det_le_of_mem_convexHull: [propext, Classical.choice, Quot.sound]
PUBLIC_THEOREM Entry005.TruncationConvexDeterminant Entry005.augmentedVertices_abs_det_le_of_mem_convexHull
OWNED_DECL Entry005.augmentedVertices_update
OWNED_AXIOMS Entry005.augmentedVertices_update: [propext, Classical.choice, Quot.sound]
PUBLIC_THEOREM Entry005.TruncationConvexDeterminant Entry005.augmentedVertices_update
OWNED_DECL Entry005.augmentedVertices_update_affine_det
OWNED_AXIOMS Entry005.augmentedVertices_update_affine_det: [propext, Classical.choice, Quot.sound]
PUBLIC_THEOREM Entry005.TruncationConvexDeterminant Entry005.augmentedVertices_update_affine_det
OWNED_DECL Entry005.b
OWNED_AXIOMS Entry005.b: [propext, Classical.choice, Quot.sound]
OWNED_DECL Entry005.b._proof_1
OWNED_AXIOMS Entry005.b._proof_1: [propext]
OWNED_DECL Entry005.b_pos
OWNED_AXIOMS Entry005.b_pos: [propext, Classical.choice, Quot.sound]
PUBLIC_THEOREM Entry005.Constants Entry005.b_pos
OWNED_DECL Entry005.bodies_eq_of_zero_projection_deficit
OWNED_AXIOMS Entry005.bodies_eq_of_zero_projection_deficit: [propext, Classical.choice, Quot.sound]
PUBLIC_THEOREM Entry005.StrongProjectionCap Entry005.bodies_eq_of_zero_projection_deficit
OWNED_DECL Entry005.bodies_eq_of_zero_projection_deficit._proof_1_1
OWNED_AXIOMS Entry005.bodies_eq_of_zero_projection_deficit._proof_1_1: [propext, Classical.choice, Quot.sound]
OWNED_DECL Entry005.body_outer_ball_from_hausdorff
OWNED_AXIOMS Entry005.body_outer_ball_from_hausdorff: [propext, Classical.choice, Quot.sound]
PUBLIC_THEOREM Entry005.StrongProjectionCap Entry005.body_outer_ball_from_hausdorff
OWNED_DECL Entry005.body_outer_ball_from_hausdorff._simp_1_1
OWNED_AXIOMS Entry005.body_outer_ball_from_hausdorff._simp_1_1: [propext, Classical.choice, Quot.sound]
OWNED_DECL Entry005.bounded_body_brightness_upper
OWNED_AXIOMS Entry005.bounded_body_brightness_upper: [propext, Classical.choice, Quot.sound]
PUBLIC_THEOREM Entry005.ProjectionVolumeSqueeze Entry005.bounded_body_brightness_upper
OWNED_DECL Entry005.bounded_projection_body_compact
OWNED_AXIOMS Entry005.bounded_projection_body_compact: [propext, Classical.choice, Quot.sound]
PUBLIC_THEOREM Entry005.ProjectionVolumeSqueeze Entry005.bounded_projection_body_compact
OWNED_DECL Entry005.bounded_projection_body_subset_ball
OWNED_AXIOMS Entry005.bounded_projection_body_subset_ball: [propext, Classical.choice, Quot.sound]
PUBLIC_THEOREM Entry005.ProjectionVolumeSqueeze Entry005.bounded_projection_body_subset_ball
OWNED_DECL Entry005.bounded_projection_body_subset_ball._simp_1_1
OWNED_AXIOMS Entry005.bounded_projection_body_subset_ball._simp_1_1: [propext, Classical.choice, Quot.sound]
OWNED_DECL Entry005.cancellationDefect
OWNED_AXIOMS Entry005.cancellationDefect: [propext, Classical.choice, Quot.sound]
OWNED_DECL Entry005.cancellationDefect.eq_1
OWNED_AXIOMS Entry005.cancellationDefect.eq_1: [propext, Classical.choice, Quot.sound]
PUBLIC_THEOREM Entry005.DeterminantWitness Entry005.cancellationDefect.eq_1
OWNED_DECL Entry005.cancellation_defect_nonneg
OWNED_AXIOMS Entry005.cancellation_defect_nonneg: [propext, Classical.choice, Quot.sound]
PUBLIC_THEOREM Entry005.IntegratedWitness Entry005.cancellation_defect_nonneg
OWNED_DECL Entry005.cap_ball
OWNED_AXIOMS Entry005.cap_ball: [propext, Classical.choice, Quot.sound]
PUBLIC_THEOREM Entry005.Cap Entry005.cap_ball
OWNED_DECL Entry005.cap_ball._simp_1_1
OWNED_AXIOMS Entry005.cap_ball._simp_1_1: [propext, Classical.choice, Quot.sound]
OWNED_DECL Entry005.cap_measure_gain
OWNED_AXIOMS Entry005.cap_measure_gain: [propext, Classical.choice, Quot.sound]
PUBLIC_THEOREM Entry005.Cap Entry005.cap_measure_gain
OWNED_DECL Entry005.centeredDilation
OWNED_AXIOMS Entry005.centeredDilation: [propext, Classical.choice, Quot.sound]
OWNED_DECL Entry005.centeredDilation.eq_1
OWNED_AXIOMS Entry005.centeredDilation.eq_1: [propext, Classical.choice, Quot.sound]
PUBLIC_THEOREM Entry005.PrescribedSimplex Entry005.centeredDilation.eq_1
OWNED_DECL Entry005.centeredDilation_affine_map
OWNED_AXIOMS Entry005.centeredDilation_affine_map: [propext, Classical.choice, Quot.sound]
PUBLIC_THEOREM Entry005.AffineNormalization Entry005.centeredDilation_affine_map
OWNED_DECL Entry005.centered_determinant_cancellation
OWNED_AXIOMS Entry005.centered_determinant_cancellation: [propext, Classical.choice, Quot.sound]
PUBLIC_THEOREM Entry005.DeterminantWitness Entry005.centered_determinant_cancellation
OWNED_DECL Entry005.centered_determinant_family_budget
OWNED_AXIOMS Entry005.centered_determinant_family_budget: [propext, Classical.choice, Quot.sound]
PUBLIC_THEOREM Entry005.FamilyWitness Entry005.centered_determinant_family_budget
OWNED_DECL Entry005.centered_determinant_witness_le
OWNED_AXIOMS Entry005.centered_determinant_witness_le: [propext, Classical.choice, Quot.sound]
PUBLIC_THEOREM Entry005.DeterminantWitness Entry005.centered_determinant_witness_le
OWNED_DECL Entry005.centered_dot_integral
OWNED_AXIOMS Entry005.centered_dot_integral: [propext, Classical.choice, Quot.sound]
PUBLIC_THEOREM Entry005.CovarianceConditioning Entry005.centered_dot_integral
OWNED_DECL Entry005.centered_iid_lifted_moment_ge_horizontal
OWNED_AXIOMS Entry005.centered_iid_lifted_moment_ge_horizontal: [propext, Classical.choice, Quot.sound]
PUBLIC_THEOREM Entry005.PyramidMomentDefect Entry005.centered_iid_lifted_moment_ge_horizontal
OWNED_DECL Entry005.centered_iid_lifted_moment_ge_horizontal._simp_1_1
OWNED_AXIOMS Entry005.centered_iid_lifted_moment_ge_horizontal._simp_1_1: [propext]
OWNED_DECL Entry005.centered_lifted_determinant_second_moment
OWNED_AXIOMS Entry005.centered_lifted_determinant_second_moment: [propext, Classical.choice, Quot.sound]
PUBLIC_THEOREM Entry005.DeterminantMoment Entry005.centered_lifted_determinant_second_moment
OWNED_DECL Entry005.centered_lifted_moment_det
OWNED_AXIOMS Entry005.centered_lifted_moment_det: [propext, Classical.choice, Quot.sound]
PUBLIC_THEOREM Entry005.DeterminantMoment Entry005.centered_lifted_moment_det
OWNED_DECL Entry005.closedVerticalBand
OWNED_AXIOMS Entry005.closedVerticalBand: [propext, Classical.choice, Quot.sound]
OWNED_DECL Entry005.closedVerticalBand.eq_1
OWNED_AXIOMS Entry005.closedVerticalBand.eq_1: [propext, Classical.choice, Quot.sound]
PUBLIC_THEOREM Entry005.ConeLawGeometry Entry005.closedVerticalBand.eq_1
OWNED_DECL Entry005.closed_vertical_band_measure
OWNED_AXIOMS Entry005.closed_vertical_band_measure: [propext, Classical.choice, Quot.sound]
PUBLIC_THEOREM Entry005.ConeLawGeometry Entry005.closed_vertical_band_measure
OWNED_DECL Entry005.closest_support
OWNED_AXIOMS Entry005.closest_support: [propext, Classical.choice, Quot.sound]
PUBLIC_THEOREM Entry005.Cap Entry005.closest_support
OWNED_DECL Entry005.closest_support.match_1_1
OWNED_AXIOMS Entry005.closest_support.match_1_1: [propext, Classical.choice, Quot.sound]
OWNED_DECL Entry005.compactBallLaw
OWNED_AXIOMS Entry005.compactBallLaw: [propext, Classical.choice, Quot.sound]
OWNED_DECL Entry005.compactBallLaw.eq_1
OWNED_AXIOMS Entry005.compactBallLaw.eq_1: [propext, Classical.choice, Quot.sound]
PUBLIC_THEOREM Entry005.CompactBallConeLaw Entry005.compactBallLaw.eq_1
OWNED_DECL Entry005.compactBallLaw_coordinate_integral_tendsto
OWNED_AXIOMS Entry005.compactBallLaw_coordinate_integral_tendsto: [propext, Classical.choice, Quot.sound]
PUBLIC_THEOREM Entry005.CompactBallConeLaw Entry005.compactBallLaw_coordinate_integral_tendsto
OWNED_DECL Entry005.compactBallLaw_exists_subsequence
OWNED_AXIOMS Entry005.compactBallLaw_exists_subsequence: [propext, Classical.choice, Quot.sound]
PUBLIC_THEOREM Entry005.CompactBallConeLaw Entry005.compactBallLaw_exists_subsequence
OWNED_DECL Entry005.compactBallLaw_integral_raw
OWNED_AXIOMS Entry005.compactBallLaw_integral_raw: [propext, Classical.choice, Quot.sound]
PUBLIC_THEOREM Entry005.CompactBallConeLaw Entry005.compactBallLaw_integral_raw
OWNED_DECL Entry005.compactBallLaw_integral_tendsto
OWNED_AXIOMS Entry005.compactBallLaw_integral_tendsto: [propext, Classical.choice, Quot.sound]
PUBLIC_THEOREM Entry005.CompactBallConeLaw Entry005.compactBallLaw_integral_tendsto
OWNED_DECL Entry005.compactBallLaw_negative_direction_integral_tendsto
OWNED_AXIOMS Entry005.compactBallLaw_negative_direction_integral_tendsto: [propext, Classical.choice, Quot.sound]
PUBLIC_THEOREM Entry005.CompactBallConeLaw Entry005.compactBallLaw_negative_direction_integral_tendsto
OWNED_DECL Entry005.compactBallLaw_raw_integral_tendsto
OWNED_AXIOMS Entry005.compactBallLaw_raw_integral_tendsto: [propext, Classical.choice, Quot.sound]
PUBLIC_THEOREM Entry005.CompactBallConeLaw Entry005.compactBallLaw_raw_integral_tendsto
OWNED_DECL Entry005.compactBallLaw_raw_probability_pushforward
OWNED_AXIOMS Entry005.compactBallLaw_raw_probability_pushforward: [propext, Classical.choice, Quot.sound]
PUBLIC_THEOREM Entry005.CompactBallConeLaw Entry005.compactBallLaw_raw_probability_pushforward
OWNED_DECL Entry005.compactBallLaw_raw_pushforward
OWNED_AXIOMS Entry005.compactBallLaw_raw_pushforward: [propext, Classical.choice, Quot.sound]
PUBLIC_THEOREM Entry005.CompactBallConeLaw Entry005.compactBallLaw_raw_pushforward
OWNED_DECL Entry005.compactBallLaw_raw_tendsto
OWNED_AXIOMS Entry005.compactBallLaw_raw_tendsto: [propext, Classical.choice, Quot.sound]
PUBLIC_THEOREM Entry005.CompactBallConeLaw Entry005.compactBallLaw_raw_tendsto
OWNED_DECL Entry005.compactBallRaw
OWNED_AXIOMS Entry005.compactBallRaw: [propext, Classical.choice, Quot.sound]
OWNED_DECL Entry005.compactBallRaw.eq_1
OWNED_AXIOMS Entry005.compactBallRaw.eq_1: [propext, Classical.choice, Quot.sound]
PUBLIC_THEOREM Entry005.CompactBallConeLaw Entry005.compactBallRaw.eq_1
OWNED_DECL Entry005.compactBallRawLaw
OWNED_AXIOMS Entry005.compactBallRawLaw: [propext, Classical.choice, Quot.sound]
OWNED_DECL Entry005.compactBallRawLaw.eq_1
OWNED_AXIOMS Entry005.compactBallRawLaw.eq_1: [propext, Classical.choice, Quot.sound]
PUBLIC_THEOREM Entry005.CompactBallConeLaw Entry005.compactBallRawLaw.eq_1
OWNED_DECL Entry005.compactBallRawLaw_ae_unit_ball
OWNED_AXIOMS Entry005.compactBallRawLaw_ae_unit_ball: [propext, Classical.choice, Quot.sound]
PUBLIC_THEOREM Entry005.CompactBallConeLaw Entry005.compactBallRawLaw_ae_unit_ball
OWNED_DECL Entry005.compactBallRawLaw_integral
OWNED_AXIOMS Entry005.compactBallRawLaw_integral: [propext, Classical.choice, Quot.sound]
PUBLIC_THEOREM Entry005.CompactBallConeLaw Entry005.compactBallRawLaw_integral
OWNED_DECL Entry005.compactBallRaw_retraction_of_norm_le
OWNED_AXIOMS Entry005.compactBallRaw_retraction_of_norm_le: [propext, Classical.choice, Quot.sound]
PUBLIC_THEOREM Entry005.CompactBallConeLaw Entry005.compactBallRaw_retraction_of_norm_le
OWNED_DECL Entry005.compactConeBall_compactSpace
OWNED_AXIOMS Entry005.compactConeBall_compactSpace: [propext, Classical.choice, Quot.sound]
PUBLIC_THEOREM Entry005.CompactBallConeLaw Entry005.compactConeBall_compactSpace
OWNED_DECL Entry005.compactConeBall_inhabited
OWNED_AXIOMS Entry005.compactConeBall_inhabited: [propext, Classical.choice, Quot.sound]
OWNED_DECL Entry005.compactConeBall_inhabited._proof_1
OWNED_AXIOMS Entry005.compactConeBall_inhabited._proof_1: [propext, Classical.choice, Quot.sound]
OWNED_DECL Entry005.compactSupportHeight
OWNED_AXIOMS Entry005.compactSupportHeight: [propext, Classical.choice, Quot.sound]
OWNED_DECL Entry005.compact_body_normalization_pos_of_unit_ball
OWNED_AXIOMS Entry005.compact_body_normalization_pos_of_unit_ball: [propext, Classical.choice, Quot.sound]
PUBLIC_THEOREM Entry005.ProjectionVolumeSqueeze Entry005.compact_body_normalization_pos_of_unit_ball
OWNED_DECL Entry005.compact_body_volume_pos_of_unit_ball
OWNED_AXIOMS Entry005.compact_body_volume_pos_of_unit_ball: [propext, Classical.choice, Quot.sound]
PUBLIC_THEOREM Entry005.ProjectionVolumeSqueeze Entry005.compact_body_volume_pos_of_unit_ball
OWNED_DECL Entry005.compact_convex_eq_support_halfspaces
OWNED_AXIOMS Entry005.compact_convex_eq_support_halfspaces: [propext, Classical.choice, Quot.sound]
PUBLIC_THEOREM Entry005.HalfspaceApproximation Entry005.compact_convex_eq_support_halfspaces
OWNED_DECL Entry005.compact_convex_extrusion_fiber_volume
OWNED_AXIOMS Entry005.compact_convex_extrusion_fiber_volume: [propext, Classical.choice, Quot.sound]
PUBLIC_THEOREM Entry005.ZonotopeVolume Entry005.compact_convex_extrusion_fiber_volume
OWNED_DECL Entry005.compact_convex_extrusion_volume
OWNED_AXIOMS Entry005.compact_convex_extrusion_volume: [propext, Classical.choice, Quot.sound]
PUBLIC_THEOREM Entry005.ZonotopeVolume Entry005.compact_convex_extrusion_volume
OWNED_DECL Entry005.compact_convex_unit_extrusion_volume
OWNED_AXIOMS Entry005.compact_convex_unit_extrusion_volume: [propext, Classical.choice, Quot.sound]
PUBLIC_THEOREM Entry005.ZonotopeVolume Entry005.compact_convex_unit_extrusion_volume
OWNED_DECL Entry005.compact_convex_vertical_extrusion_volume
OWNED_AXIOMS Entry005.compact_convex_vertical_extrusion_volume: [propext, Classical.choice, Quot.sound]
PUBLIC_THEOREM Entry005.ZonotopeVolume Entry005.compact_convex_vertical_extrusion_volume
OWNED_DECL Entry005.compact_convex_vertical_fiber
OWNED_AXIOMS Entry005.compact_convex_vertical_fiber: [propext, Classical.choice, Quot.sound]
PUBLIC_THEOREM Entry005.ZonotopeVolume Entry005.compact_convex_vertical_fiber
OWNED_DECL Entry005.compact_convex_vertical_fiber._simp_1_1
OWNED_AXIOMS Entry005.compact_convex_vertical_fiber._simp_1_1: [propext]
OWNED_DECL Entry005.compact_convex_vertical_fiber._simp_1_2
OWNED_AXIOMS Entry005.compact_convex_vertical_fiber._simp_1_2: []
OWNED_DECL Entry005.compact_normalized_projection_ratio_pos
OWNED_AXIOMS Entry005.compact_normalized_projection_ratio_pos: [propext, Classical.choice, Quot.sound]
PUBLIC_THEOREM Entry005.ActualPyramidMoment Entry005.compact_normalized_projection_ratio_pos
OWNED_DECL Entry005.compact_probability_subsequence_integrals
OWNED_AXIOMS Entry005.compact_probability_subsequence_integrals: [propext, Classical.choice, Quot.sound]
PUBLIC_THEOREM Entry005.CompactProbabilitySubsequence Entry005.compact_probability_subsequence_integrals
OWNED_DECL Entry005.compact_probability_tendsto_subseq
OWNED_AXIOMS Entry005.compact_probability_tendsto_subseq: [propext, Classical.choice, Quot.sound]
PUBLIC_THEOREM Entry005.CompactProbabilitySubsequence Entry005.compact_probability_tendsto_subseq
OWNED_DECL Entry005.compact_projection_body_dilation_sandwich
OWNED_AXIOMS Entry005.compact_projection_body_dilation_sandwich: [propext, Classical.choice, Quot.sound]
PUBLIC_THEOREM Entry005.ProjectionVolumeSqueeze Entry005.compact_projection_body_dilation_sandwich
OWNED_DECL Entry005.compact_projection_body_of_compact_body
OWNED_AXIOMS Entry005.compact_projection_body_of_compact_body: [propext, Classical.choice, Quot.sound]
PUBLIC_THEOREM Entry005.HalfspaceApproximationSequence Entry005.compact_projection_body_of_compact_body
OWNED_DECL Entry005.compact_projection_body_of_dilation_sandwich
OWNED_AXIOMS Entry005.compact_projection_body_of_dilation_sandwich: [propext, Classical.choice, Quot.sound]
PUBLIC_THEOREM Entry005.ProjectionVolumeSqueeze Entry005.compact_projection_body_of_dilation_sandwich
OWNED_DECL Entry005.compact_projection_body_volume_dilation_sandwich
OWNED_AXIOMS Entry005.compact_projection_body_volume_dilation_sandwich: [propext, Classical.choice, Quot.sound]
PUBLIC_THEOREM Entry005.ProjectionVolumeSqueeze Entry005.compact_projection_body_volume_dilation_sandwich
OWNED_DECL Entry005.compact_projection_volume_dilation_sandwich
OWNED_AXIOMS Entry005.compact_projection_volume_dilation_sandwich: [propext, Classical.choice, Quot.sound]
PUBLIC_THEOREM Entry005.ProjectionVolumeSqueeze Entry005.compact_projection_volume_dilation_sandwich
OWNED_DECL Entry005.compact_real_volume_dilation_sandwich
OWNED_AXIOMS Entry005.compact_real_volume_dilation_sandwich: [propext, Classical.choice, Quot.sound]
PUBLIC_THEOREM Entry005.ProjectionVolumeSqueeze Entry005.compact_real_volume_dilation_sandwich
OWNED_DECL Entry005.compact_real_volume_mono
OWNED_AXIOMS Entry005.compact_real_volume_mono: [propext, Classical.choice, Quot.sound]
PUBLIC_THEOREM Entry005.ProjectionVolumeSqueeze Entry005.compact_real_volume_mono
OWNED_DECL Entry005.compact_segment_extrusion
OWNED_AXIOMS Entry005.compact_segment_extrusion: [propext, Classical.choice, Quot.sound]
PUBLIC_THEOREM Entry005.ZonotopeVolume Entry005.compact_segment_extrusion
OWNED_DECL Entry005.compact_support_height_attained
OWNED_AXIOMS Entry005.compact_support_height_attained: [propext, Classical.choice, Quot.sound]
PUBLIC_THEOREM Entry005.HalfspaceApproximation Entry005.compact_support_height_attained
OWNED_DECL Entry005.compact_support_height_bound
OWNED_AXIOMS Entry005.compact_support_height_bound: [propext, Classical.choice, Quot.sound]
PUBLIC_THEOREM Entry005.HalfspaceApproximation Entry005.compact_support_height_bound
OWNED_DECL Entry005.compact_support_height_direction_nonnegative_smul
OWNED_AXIOMS Entry005.compact_support_height_direction_nonnegative_smul: [propext, Classical.choice, Quot.sound]
PUBLIC_THEOREM Entry005.ActualBodyPolarBoundary Entry005.compact_support_height_direction_nonnegative_smul
OWNED_DECL Entry005.compact_support_height_lipschitz
OWNED_AXIOMS Entry005.compact_support_height_lipschitz: [propext, Classical.choice, Quot.sound]
PUBLIC_THEOREM Entry005.HalfspaceApproximation Entry005.compact_support_height_lipschitz
OWNED_DECL Entry005.compact_support_height_nonnegative_smul
OWNED_AXIOMS Entry005.compact_support_height_nonnegative_smul: [propext, Classical.choice, Quot.sound]
PUBLIC_THEOREM Entry005.HalfspaceApproximation Entry005.compact_support_height_nonnegative_smul
OWNED_DECL Entry005.compact_support_height_radius
OWNED_AXIOMS Entry005.compact_support_height_radius: [propext, Classical.choice, Quot.sound]
PUBLIC_THEOREM Entry005.HalfspaceApproximation Entry005.compact_support_height_radius
OWNED_DECL Entry005.compact_support_height_unit_ball
OWNED_AXIOMS Entry005.compact_support_height_unit_ball: [propext, Classical.choice, Quot.sound]
PUBLIC_THEOREM Entry005.HalfspaceApproximation Entry005.compact_support_height_unit_ball
OWNED_DECL Entry005.compact_support_height_unit_ball._simp_1_1
OWNED_AXIOMS Entry005.compact_support_height_unit_ball._simp_1_1: [propext, Classical.choice, Quot.sound]
OWNED_DECL Entry005.compact_vertical_extrusion
OWNED_AXIOMS Entry005.compact_vertical_extrusion: [propext, Classical.choice, Quot.sound]
PUBLIC_THEOREM Entry005.ZonotopeVolume Entry005.compact_vertical_extrusion
OWNED_DECL Entry005.compact_vertical_fiber
OWNED_AXIOMS Entry005.compact_vertical_fiber: [propext, Classical.choice, Quot.sound]
PUBLIC_THEOREM Entry005.ZonotopeVolume Entry005.compact_vertical_fiber
OWNED_DECL Entry005.continuous_compactBallRaw
OWNED_AXIOMS Entry005.continuous_compactBallRaw: [propext, Classical.choice, Quot.sound]
PUBLIC_THEOREM Entry005.CompactBallConeLaw Entry005.continuous_compactBallRaw
OWNED_DECL Entry005.continuous_compact_support_height
OWNED_AXIOMS Entry005.continuous_compact_support_height: [propext, Classical.choice, Quot.sound]
PUBLIC_THEOREM Entry005.ActualBodyPolarBoundary Entry005.continuous_compact_support_height
OWNED_DECL Entry005.continuous_compact_support_height._simp_1_1
OWNED_AXIOMS Entry005.continuous_compact_support_height._simp_1_1: [propext, Classical.choice, Quot.sound]
OWNED_DECL Entry005.continuous_fin_cons
OWNED_AXIOMS Entry005.continuous_fin_cons: [propext, Classical.choice, Quot.sound]
PUBLIC_THEOREM Entry005.CompactIidMomentContinuity Entry005.continuous_fin_cons
OWNED_DECL Entry005.continuous_horizontal_iid_first_moment
OWNED_AXIOMS Entry005.continuous_horizontal_iid_first_moment: [propext, Classical.choice, Quot.sound]
PUBLIC_THEOREM Entry005.CompactIidMomentContinuity Entry005.continuous_horizontal_iid_first_moment
OWNED_DECL Entry005.continuous_horizontal_mapped_iid_first_moment
OWNED_AXIOMS Entry005.continuous_horizontal_mapped_iid_first_moment: [propext, Classical.choice, Quot.sound]
PUBLIC_THEOREM Entry005.CompactIidMomentContinuity Entry005.continuous_horizontal_mapped_iid_first_moment
OWNED_DECL Entry005.continuous_iidProbabilityMeasure
OWNED_AXIOMS Entry005.continuous_iidProbabilityMeasure: [propext, Classical.choice, Quot.sound]
PUBLIC_THEOREM Entry005.CompactIidMomentContinuity Entry005.continuous_iidProbabilityMeasure
OWNED_DECL Entry005.continuous_iid_anchor_determinant
OWNED_AXIOMS Entry005.continuous_iid_anchor_determinant: [propext, Classical.choice, Quot.sound]
PUBLIC_THEOREM Entry005.IidAnchorFirstMomentPositive Entry005.continuous_iid_anchor_determinant
OWNED_DECL Entry005.continuous_iid_anchor_volume
OWNED_AXIOMS Entry005.continuous_iid_anchor_volume: [propext, Classical.choice, Quot.sound]
PUBLIC_THEOREM Entry005.IidAnchorFirstMomentPositive Entry005.continuous_iid_anchor_volume
OWNED_DECL Entry005.continuous_iid_integral
OWNED_AXIOMS Entry005.continuous_iid_integral: [propext, Classical.choice, Quot.sound]
PUBLIC_THEOREM Entry005.CompactIidMomentContinuity Entry005.continuous_iid_integral
OWNED_DECL Entry005.continuous_lifted_iid_first_moment
OWNED_AXIOMS Entry005.continuous_lifted_iid_first_moment: [propext, Classical.choice, Quot.sound]
PUBLIC_THEOREM Entry005.CompactIidMomentContinuity Entry005.continuous_lifted_iid_first_moment
OWNED_DECL Entry005.continuous_lifted_mapped_iid_first_moment
OWNED_AXIOMS Entry005.continuous_lifted_mapped_iid_first_moment: [propext, Classical.choice, Quot.sound]
PUBLIC_THEOREM Entry005.CompactIidMomentContinuity Entry005.continuous_lifted_mapped_iid_first_moment
OWNED_DECL Entry005.contractFirst
OWNED_AXIOMS Entry005.contractFirst: [propext, Classical.choice, Quot.sound]
OWNED_DECL Entry005.contractFirst._proof_1
OWNED_AXIOMS Entry005.contractFirst._proof_1: [propext, Classical.choice, Quot.sound]
OWNED_DECL Entry005.contractFirst._proof_2
OWNED_AXIOMS Entry005.contractFirst._proof_2: [propext, Classical.choice, Quot.sound]
OWNED_DECL Entry005.contractFirst_apply
OWNED_AXIOMS Entry005.contractFirst_apply: [propext, Classical.choice, Quot.sound]
PUBLIC_THEOREM Entry005.ZonotopeDeterminant Entry005.contractFirst_apply
OWNED_DECL Entry005.convex_augmentedVertices_abs_det_sublevel
OWNED_AXIOMS Entry005.convex_augmentedVertices_abs_det_sublevel: [propext, Classical.choice, Quot.sound]
PUBLIC_THEOREM Entry005.TruncationConvexDeterminant Entry005.convex_augmentedVertices_abs_det_sublevel
OWNED_DECL Entry005.convex_nonnegative_dilation_mono
OWNED_AXIOMS Entry005.convex_nonnegative_dilation_mono: [propext, Classical.choice, Quot.sound]
PUBLIC_THEOREM Entry005.HalfspaceApproximation Entry005.convex_nonnegative_dilation_mono
OWNED_DECL Entry005.coordinateMaximizers
OWNED_AXIOMS Entry005.coordinateMaximizers: [propext, Classical.choice, Quot.sound]
OWNED_DECL Entry005.coordinateMaximizers.eq_1
OWNED_AXIOMS Entry005.coordinateMaximizers.eq_1: [propext, Classical.choice, Quot.sound]
PUBLIC_THEOREM Entry005.LargestCoordinate Entry005.coordinateMaximizers.eq_1
OWNED_DECL Entry005.coordinate_maximizers_nonempty
OWNED_AXIOMS Entry005.coordinate_maximizers_nonempty: [propext, Classical.choice, Quot.sound]
PUBLIC_THEOREM Entry005.LargestCoordinate Entry005.coordinate_maximizers_nonempty
OWNED_DECL Entry005.coordinate_maximizers_nonempty._simp_1_2
OWNED_AXIOMS Entry005.coordinate_maximizers_nonempty._simp_1_2: [propext, Classical.choice, Quot.sound]
OWNED_DECL Entry005.coordinate_maximizers_nonempty._simp_1_3
OWNED_AXIOMS Entry005.coordinate_maximizers_nonempty._simp_1_3: [propext, Classical.choice, Quot.sound]
OWNED_DECL Entry005.covariance_determinant_lower
OWNED_AXIOMS Entry005.covariance_determinant_lower: [propext, Classical.choice, Quot.sound]
PUBLIC_THEOREM Entry005.CovarianceConditioning Entry005.covariance_determinant_lower
OWNED_DECL Entry005.covariance_direction_lower
OWNED_AXIOMS Entry005.covariance_direction_lower: [propext, Classical.choice, Quot.sound]
PUBLIC_THEOREM Entry005.CovarianceConditioning Entry005.covariance_direction_lower
OWNED_DECL Entry005.det_adjoint_general
OWNED_AXIOMS Entry005.det_adjoint_general: [propext, Classical.choice, Quot.sound]
PUBLIC_THEOREM Entry005.ProjectionBodyCovariance Entry005.det_adjoint_general
OWNED_DECL Entry005.det_projectionBody_transform_general
OWNED_AXIOMS Entry005.det_projectionBody_transform_general: [propext, Classical.choice, Quot.sound]
PUBLIC_THEOREM Entry005.ProjectionBodyCovariance Entry005.det_projectionBody_transform_general
OWNED_DECL Entry005.det_projectionBody_transform_general._proof_1_1
OWNED_AXIOMS Entry005.det_projectionBody_transform_general._proof_1_1: [propext, Classical.choice, Quot.sound]
OWNED_DECL Entry005.determinantAssignmentWitness
OWNED_AXIOMS Entry005.determinantAssignmentWitness: [propext, Classical.choice, Quot.sound]
OWNED_DECL Entry005.determinantAssignmentWitness._proof_1
OWNED_AXIOMS Entry005.determinantAssignmentWitness._proof_1: [propext]
OWNED_DECL Entry005.determinantLawDefect
OWNED_AXIOMS Entry005.determinantLawDefect: [propext, Classical.choice, Quot.sound]
OWNED_DECL Entry005.determinantLawDefect.eq_1
OWNED_AXIOMS Entry005.determinantLawDefect.eq_1: [propext, Classical.choice, Quot.sound]
PUBLIC_THEOREM Entry005.FamilyWitness Entry005.determinantLawDefect.eq_1
OWNED_DECL Entry005.determinantLawDefect_iid_eq
OWNED_AXIOMS Entry005.determinantLawDefect_iid_eq: [propext, Classical.choice, Quot.sound]
PUBLIC_THEOREM Entry005.ActualPyramidDefect Entry005.determinantLawDefect_iid_eq
OWNED_DECL Entry005.determinant_assignment_witness_eq_paper_sum
OWNED_AXIOMS Entry005.determinant_assignment_witness_eq_paper_sum: [propext, Classical.choice, Quot.sound]
PUBLIC_THEOREM Entry005.PaperWitnessTransport Entry005.determinant_assignment_witness_eq_paper_sum
OWNED_DECL Entry005.determinant_assignment_witness_integrable
OWNED_AXIOMS Entry005.determinant_assignment_witness_integrable: [propext, Classical.choice, Quot.sound]
PUBLIC_THEOREM Entry005.AnchorCoordinates Entry005.determinant_assignment_witness_integrable
OWNED_DECL Entry005.determinant_moment_integral_expansion
OWNED_AXIOMS Entry005.determinant_moment_integral_expansion: [propext, Classical.choice, Quot.sound]
PUBLIC_THEOREM Entry005.DeterminantMoment Entry005.determinant_moment_integral_expansion
OWNED_DECL Entry005.determinant_permutation_second_moment
OWNED_AXIOMS Entry005.determinant_permutation_second_moment: [propext, Classical.choice, Quot.sound]
PUBLIC_THEOREM Entry005.DeterminantMoment Entry005.determinant_permutation_second_moment
OWNED_DECL Entry005.determinant_square_expansion
OWNED_AXIOMS Entry005.determinant_square_expansion: [propext, Classical.choice, Quot.sound]
PUBLIC_THEOREM Entry005.DeterminantMoment Entry005.determinant_square_expansion
OWNED_DECL Entry005.dot_square_expansion
OWNED_AXIOMS Entry005.dot_square_expansion: [propext, Classical.choice, Quot.sound]
PUBLIC_THEOREM Entry005.DeterminantMoment Entry005.dot_square_expansion
OWNED_DECL Entry005.dot_square_integrable
OWNED_AXIOMS Entry005.dot_square_integrable: [propext, Classical.choice, Quot.sound]
PUBLIC_THEOREM Entry005.DeterminantMoment Entry005.dot_square_integrable
OWNED_DECL Entry005.eSharp
OWNED_AXIOMS Entry005.eSharp: [propext, Classical.choice, Quot.sound]
OWNED_DECL Entry005.eSharp_pos
OWNED_AXIOMS Entry005.eSharp_pos: [propext, Classical.choice, Quot.sound]
PUBLIC_THEOREM Entry005.Constants Entry005.eSharp_pos
OWNED_DECL Entry005.entryA
OWNED_AXIOMS Entry005.entryA: [propext, Classical.choice, Quot.sound]
OWNED_DECL Entry005.entryA._proof_1
OWNED_AXIOMS Entry005.entryA._proof_1: [propext, Classical.choice, Quot.sound]
OWNED_DECL Entry005.entryA._proof_2
OWNED_AXIOMS Entry005.entryA._proof_2: [propext, Classical.choice, Quot.sound]
OWNED_DECL Entry005.entryA.congr_simp
OWNED_AXIOMS Entry005.entryA.congr_simp: [propext, Classical.choice, Quot.sound]
PUBLIC_THEOREM Entry005.ActualPyramidMoment Entry005.entryA.congr_simp
OWNED_DECL Entry005.entryA_affineBody
OWNED_AXIOMS Entry005.entryA_affineBody: [propext, Classical.choice, Quot.sound]
PUBLIC_THEOREM Entry005.EntryAffineInvariance Entry005.entryA_affineBody
OWNED_DECL Entry005.entryA_affine_image
OWNED_AXIOMS Entry005.entryA_affine_image: [propext, Classical.choice, Quot.sound]
PUBLIC_THEOREM Entry005.EntryAffineInvariance Entry005.entryA_affine_image
OWNED_DECL Entry005.entryDefect
OWNED_AXIOMS Entry005.entryDefect: [propext, Classical.choice, Quot.sound]
OWNED_DECL Entry005.entryDefect.congr_simp
OWNED_AXIOMS Entry005.entryDefect.congr_simp: [propext, Classical.choice, Quot.sound]
PUBLIC_THEOREM Entry005.PyramidMomentDefect Entry005.entryDefect.congr_simp
OWNED_DECL Entry005.entryDefect_affineBody
OWNED_AXIOMS Entry005.entryDefect_affineBody: [propext, Classical.choice, Quot.sound]
PUBLIC_THEOREM Entry005.EntryAffineInvariance Entry005.entryDefect_affineBody
OWNED_DECL Entry005.entryDefect_affine_image
OWNED_AXIOMS Entry005.entryDefect_affine_image: [propext, Classical.choice, Quot.sound]
PUBLIC_THEOREM Entry005.EntryAffineInvariance Entry005.entryDefect_affine_image
OWNED_DECL Entry005.entryDefect_iid_defect_ratio
OWNED_AXIOMS Entry005.entryDefect_iid_defect_ratio: [propext, Classical.choice, Quot.sound]
PUBLIC_THEOREM Entry005.ActualPyramidDefect Entry005.entryDefect_iid_defect_ratio
OWNED_DECL Entry005.entryDefect_iid_moment_identity
OWNED_AXIOMS Entry005.entryDefect_iid_moment_identity: [propext, Classical.choice, Quot.sound]
PUBLIC_THEOREM Entry005.ActualPyramidDefect Entry005.entryDefect_iid_moment_identity
OWNED_DECL Entry005.entryDefect_iid_moment_identity._simp_1_1
OWNED_AXIOMS Entry005.entryDefect_iid_moment_identity._simp_1_1: [propext]
OWNED_DECL Entry005.entryDefect_iid_moment_identity._simp_1_2
OWNED_AXIOMS Entry005.entryDefect_iid_moment_identity._simp_1_2: [propext]
OWNED_DECL Entry005.entryDefect_iid_moment_identity._simp_1_3
OWNED_AXIOMS Entry005.entryDefect_iid_moment_identity._simp_1_3: [propext]
OWNED_DECL Entry005.entryDefect_iid_moment_identity._simp_1_4
OWNED_AXIOMS Entry005.entryDefect_iid_moment_identity._simp_1_4: [propext]
OWNED_DECL Entry005.entryDefect_iid_moment_identity._simp_1_5
OWNED_AXIOMS Entry005.entryDefect_iid_moment_identity._simp_1_5: [propext]
OWNED_DECL Entry005.entryDefect_iid_moment_identity._simp_1_6
OWNED_AXIOMS Entry005.entryDefect_iid_moment_identity._simp_1_6: [propext, Classical.choice, Quot.sound]
OWNED_DECL Entry005.entryDefect_iid_moment_identity._simp_1_7
OWNED_AXIOMS Entry005.entryDefect_iid_moment_identity._simp_1_7: [propext]
OWNED_DECL Entry005.entryDefect_iid_nonnegative
OWNED_AXIOMS Entry005.entryDefect_iid_nonnegative: [propext, Classical.choice, Quot.sound]
PUBLIC_THEOREM Entry005.ActualPyramidDefect Entry005.entryDefect_iid_nonnegative
OWNED_DECL Entry005.euclideanOneCoordinates
OWNED_AXIOMS Entry005.euclideanOneCoordinates: [propext, Classical.choice, Quot.sound]
OWNED_DECL Entry005.euclideanOneCoordinates._proof_1
OWNED_AXIOMS Entry005.euclideanOneCoordinates._proof_1: [propext]
OWNED_DECL Entry005.euclidean_matrix_hadamard
OWNED_AXIOMS Entry005.euclidean_matrix_hadamard: [propext, Classical.choice, Quot.sound]
PUBLIC_THEOREM Entry005.UnitBallDeterminant Entry005.euclidean_matrix_hadamard
OWNED_DECL Entry005.euclidean_one_coordinates_apply
OWNED_AXIOMS Entry005.euclidean_one_coordinates_apply: [propext, Classical.choice, Quot.sound]
PUBLIC_THEOREM Entry005.ZonotopeDeterminant Entry005.euclidean_one_coordinates_apply
OWNED_DECL Entry005.euclidean_unit_ball_cube
OWNED_AXIOMS Entry005.euclidean_unit_ball_cube: [propext, Classical.choice, Quot.sound]
PUBLIC_THEOREM Entry005.BallVolume Entry005.euclidean_unit_ball_cube
OWNED_DECL Entry005.euclidean_unit_ball_cube._simp_1_1
OWNED_AXIOMS Entry005.euclidean_unit_ball_cube._simp_1_1: [propext, Classical.choice, Quot.sound]
OWNED_DECL Entry005.euclidean_unit_ball_cube._simp_1_2
OWNED_AXIOMS Entry005.euclidean_unit_ball_cube._simp_1_2: [propext]
OWNED_DECL Entry005.euclidean_unit_ball_sqrt_cube
OWNED_AXIOMS Entry005.euclidean_unit_ball_sqrt_cube: [propext, Classical.choice, Quot.sound]
PUBLIC_THEOREM Entry005.StrongBallVolume Entry005.euclidean_unit_ball_sqrt_cube
OWNED_DECL Entry005.euclidean_unit_ball_sqrt_cube._simp_1_1
OWNED_AXIOMS Entry005.euclidean_unit_ball_sqrt_cube._simp_1_1: [propext, Classical.choice, Quot.sound]
OWNED_DECL Entry005.euclidean_unit_ball_sqrt_cube._simp_1_2
OWNED_AXIOMS Entry005.euclidean_unit_ball_sqrt_cube._simp_1_2: [propext]
OWNED_DECL Entry005.excess
OWNED_AXIOMS Entry005.excess: [propext, Classical.choice, Quot.sound]
OWNED_DECL Entry005.excess_affine_image
OWNED_AXIOMS Entry005.excess_affine_image: [propext, Classical.choice, Quot.sound]
PUBLIC_THEOREM Entry005.AffineNormalization Entry005.excess_affine_image
OWNED_DECL Entry005.excess_eq_zero_of_zero_projection_deficit
OWNED_AXIOMS Entry005.excess_eq_zero_of_zero_projection_deficit: [propext, Classical.choice, Quot.sound]
PUBLIC_THEOREM Entry005.StrongGeometricEndpoint Entry005.excess_eq_zero_of_zero_projection_deficit
OWNED_DECL Entry005.excess_eq_zero_of_zero_projection_deficit._proof_1_1
OWNED_AXIOMS Entry005.excess_eq_zero_of_zero_projection_deficit._proof_1_1: [propext, Quot.sound]
OWNED_DECL Entry005.excess_eq_zero_of_zero_projection_deficit._proof_1_3
OWNED_AXIOMS Entry005.excess_eq_zero_of_zero_projection_deficit._proof_1_3: [propext, Classical.choice, Quot.sound]
OWNED_DECL Entry005.excess_le_outer_radius_sub_one
OWNED_AXIOMS Entry005.excess_le_outer_radius_sub_one: [propext, Classical.choice, Quot.sound]
PUBLIC_THEOREM Entry005.GeometricEndpoint Entry005.excess_le_outer_radius_sub_one
OWNED_DECL Entry005.excess_le_outer_radius_sub_one._simp_1_1
OWNED_AXIOMS Entry005.excess_le_outer_radius_sub_one._simp_1_1: [propext, Classical.choice, Quot.sound]
OWNED_DECL Entry005.excess_nonnegative_of_maximum
OWNED_AXIOMS Entry005.excess_nonnegative_of_maximum: [propext, Classical.choice, Quot.sound]
PUBLIC_THEOREM Entry005.StrongGeometricEndpoint Entry005.excess_nonnegative_of_maximum
OWNED_DECL Entry005.excess_of_hausdorff_at_centroid
OWNED_AXIOMS Entry005.excess_of_hausdorff_at_centroid: [propext, Classical.choice, Quot.sound]
PUBLIC_THEOREM Entry005.HausdorffRetention Entry005.excess_of_hausdorff_at_centroid
OWNED_DECL Entry005.excess_of_inner_radius_projection_deficit
OWNED_AXIOMS Entry005.excess_of_inner_radius_projection_deficit: [propext, Classical.choice, Quot.sound]
PUBLIC_THEOREM Entry005.StrongGeometricEndpoint Entry005.excess_of_inner_radius_projection_deficit
OWNED_DECL Entry005.excess_of_inner_radius_projection_deficit._proof_1_1
OWNED_AXIOMS Entry005.excess_of_inner_radius_projection_deficit._proof_1_1: [propext, Quot.sound]
OWNED_DECL Entry005.excess_of_inner_radius_projection_deficit._simp_1_2
OWNED_AXIOMS Entry005.excess_of_inner_radius_projection_deficit._simp_1_2: [propext, Classical.choice, Quot.sound]
OWNED_DECL Entry005.excess_of_projection_deficit_after_affine
OWNED_AXIOMS Entry005.excess_of_projection_deficit_after_affine: [propext, Classical.choice, Quot.sound]
PUBLIC_THEOREM Entry005.AffineNormalization Entry005.excess_of_projection_deficit_after_affine
OWNED_DECL Entry005.exists_affineIndependent_anchor_tuple_of_affineSpan_top
OWNED_AXIOMS Entry005.exists_affineIndependent_anchor_tuple_of_affineSpan_top: [propext, Classical.choice, Quot.sound]
PUBLIC_THEOREM Entry005.IidAnchorSpanningSupport Entry005.exists_affineIndependent_anchor_tuple_of_affineSpan_top
OWNED_DECL Entry005.exists_centered_unit_normalization
OWNED_AXIOMS Entry005.exists_centered_unit_normalization: [propext, Classical.choice, Quot.sound]
PUBLIC_THEOREM Entry005.AffineNormalization Entry005.exists_centered_unit_normalization
OWNED_DECL Entry005.exists_centered_unit_normalization._simp_1_2
OWNED_AXIOMS Entry005.exists_centered_unit_normalization._simp_1_2: [propext, Classical.choice, Quot.sound]
OWNED_DECL Entry005.exists_conditioned_low_witness
OWNED_AXIOMS Entry005.exists_conditioned_low_witness: [propext, Classical.choice, Quot.sound]
PUBLIC_THEOREM Entry005.IntegratedWitness Entry005.exists_conditioned_low_witness
OWNED_DECL Entry005.exists_conditioned_low_witness_ae_good
OWNED_AXIOMS Entry005.exists_conditioned_low_witness_ae_good: [propext, Classical.choice, Quot.sound]
PUBLIC_THEOREM Entry005.IntegratedWitness Entry005.exists_conditioned_low_witness_ae_good
OWNED_DECL Entry005.exists_determinant_witness_anchor
OWNED_AXIOMS Entry005.exists_determinant_witness_anchor: [propext, Classical.choice, Quot.sound]
PUBLIC_THEOREM Entry005.WitnessAnchorChain Entry005.exists_determinant_witness_anchor
OWNED_DECL Entry005.exists_determinant_witness_anchor_ae_good
OWNED_AXIOMS Entry005.exists_determinant_witness_anchor_ae_good: [propext, Classical.choice, Quot.sound]
PUBLIC_THEOREM Entry005.WitnessAnchorChain Entry005.exists_determinant_witness_anchor_ae_good
OWNED_DECL Entry005.exists_finite_support_halfspace_approximation
OWNED_AXIOMS Entry005.exists_finite_support_halfspace_approximation: [propext, Classical.choice, Quot.sound]
PUBLIC_THEOREM Entry005.HalfspaceApproximation Entry005.exists_finite_support_halfspace_approximation
OWNED_DECL Entry005.exists_finite_support_halfspace_approximation._simp_1_1
OWNED_AXIOMS Entry005.exists_finite_support_halfspace_approximation._simp_1_1: [propext, Classical.choice, Quot.sound]
OWNED_DECL Entry005.exists_finite_support_halfspace_approximation._simp_1_2
OWNED_AXIOMS Entry005.exists_finite_support_halfspace_approximation._simp_1_2: [propext, Classical.choice, Quot.sound]
OWNED_DECL Entry005.exists_finite_support_halfspace_approximation._simp_1_3
OWNED_AXIOMS Entry005.exists_finite_support_halfspace_approximation._simp_1_3: [propext, Classical.choice, Quot.sound]
OWNED_DECL Entry005.exists_nonsingular_support_anchor_tuple_of_affineSpan_top
OWNED_AXIOMS Entry005.exists_nonsingular_support_anchor_tuple_of_affineSpan_top: [propext, Classical.choice, Quot.sound]
PUBLIC_THEOREM Entry005.IidAnchorSpanningSupport Entry005.exists_nonsingular_support_anchor_tuple_of_affineSpan_top
OWNED_DECL Entry005.exists_perpendicular_unit
OWNED_AXIOMS Entry005.exists_perpendicular_unit: [propext, Classical.choice, Quot.sound]
PUBLIC_THEOREM Entry005.ProjectionCap Entry005.exists_perpendicular_unit
OWNED_DECL Entry005.exists_perpendicular_unit._proof_1_1
OWNED_AXIOMS Entry005.exists_perpendicular_unit._proof_1_1: [propext, Classical.choice, Quot.sound]
OWNED_DECL Entry005.exists_projection_cap
OWNED_AXIOMS Entry005.exists_projection_cap: [propext, Classical.choice, Quot.sound]
PUBLIC_THEOREM Entry005.ProjectionCap Entry005.exists_projection_cap
OWNED_DECL Entry005.exists_projection_cap._proof_1_1
OWNED_AXIOMS Entry005.exists_projection_cap._proof_1_1: [propext, Classical.choice, Quot.sound]
OWNED_DECL Entry005.exists_projection_cap._simp_1_2
OWNED_AXIOMS Entry005.exists_projection_cap._simp_1_2: [propext, Classical.choice, Quot.sound]
OWNED_DECL Entry005.exists_projection_sqrt_cap
OWNED_AXIOMS Entry005.exists_projection_sqrt_cap: [propext, Classical.choice, Quot.sound]
PUBLIC_THEOREM Entry005.StrongProjectionCap Entry005.exists_projection_sqrt_cap
OWNED_DECL Entry005.exists_projection_sqrt_cap._proof_1_1
OWNED_AXIOMS Entry005.exists_projection_sqrt_cap._proof_1_1: [propext, Classical.choice, Quot.sound]
OWNED_DECL Entry005.exists_projection_sqrt_cap._simp_1_2
OWNED_AXIOMS Entry005.exists_projection_sqrt_cap._simp_1_2: [propext, Classical.choice, Quot.sound]
OWNED_DECL Entry005.exists_regular_unit_normalization
OWNED_AXIOMS Entry005.exists_regular_unit_normalization: [propext, Classical.choice, Quot.sound]
PUBLIC_THEOREM Entry005.RegularSimplex Entry005.exists_regular_unit_normalization
OWNED_DECL Entry005.exists_well_conditioned_low_witness
OWNED_AXIOMS Entry005.exists_well_conditioned_low_witness: [propext, Classical.choice, Quot.sound]
PUBLIC_THEOREM Entry005.AnchorSelection Entry005.exists_well_conditioned_low_witness
OWNED_DECL Entry005.exists_well_conditioned_low_witness._simp_1_1
OWNED_AXIOMS Entry005.exists_well_conditioned_low_witness._simp_1_1: [propext]
OWNED_DECL Entry005.exists_well_conditioned_low_witness._simp_1_2
OWNED_AXIOMS Entry005.exists_well_conditioned_low_witness._simp_1_2: [propext]
OWNED_DECL Entry005.exists_well_conditioned_low_witness._simp_1_3
OWNED_AXIOMS Entry005.exists_well_conditioned_low_witness._simp_1_3: [propext]
OWNED_DECL Entry005.exists_well_conditioned_low_witness._simp_1_4
OWNED_AXIOMS Entry005.exists_well_conditioned_low_witness._simp_1_4: [propext]
OWNED_DECL Entry005.exists_well_conditioned_low_witness._simp_1_5
OWNED_AXIOMS Entry005.exists_well_conditioned_low_witness._simp_1_5: [propext]
OWNED_DECL Entry005.exists_well_conditioned_low_witness._simp_1_6
OWNED_AXIOMS Entry005.exists_well_conditioned_low_witness._simp_1_6: [propext, Classical.choice, Quot.sound]
OWNED_DECL Entry005.exists_well_conditioned_low_witness._simp_1_7
OWNED_AXIOMS Entry005.exists_well_conditioned_low_witness._simp_1_7: [propext]
OWNED_DECL Entry005.exists_well_conditioned_low_witness_ae_good
OWNED_AXIOMS Entry005.exists_well_conditioned_low_witness_ae_good: [propext, Classical.choice, Quot.sound]
PUBLIC_THEOREM Entry005.AnchorSelection Entry005.exists_well_conditioned_low_witness_ae_good
OWNED_DECL Entry005.exists_well_conditioned_low_witness_ae_good._simp_1_1
OWNED_AXIOMS Entry005.exists_well_conditioned_low_witness_ae_good._simp_1_1: [propext]
OWNED_DECL Entry005.exists_well_conditioned_low_witness_ae_good._simp_1_2
OWNED_AXIOMS Entry005.exists_well_conditioned_low_witness_ae_good._simp_1_2: [propext]
OWNED_DECL Entry005.exists_well_conditioned_low_witness_ae_good._simp_1_3
OWNED_AXIOMS Entry005.exists_well_conditioned_low_witness_ae_good._simp_1_3: [propext]
OWNED_DECL Entry005.exists_well_conditioned_low_witness_ae_good._simp_1_4
OWNED_AXIOMS Entry005.exists_well_conditioned_low_witness_ae_good._simp_1_4: [propext]
OWNED_DECL Entry005.exists_well_conditioned_low_witness_ae_good._simp_1_5
OWNED_AXIOMS Entry005.exists_well_conditioned_low_witness_ae_good._simp_1_5: [propext]
OWNED_DECL Entry005.exists_well_conditioned_low_witness_ae_good._simp_1_6
OWNED_AXIOMS Entry005.exists_well_conditioned_low_witness_ae_good._simp_1_6: [propext, Classical.choice, Quot.sound]
OWNED_DECL Entry005.exists_well_conditioned_low_witness_ae_good._simp_1_7
OWNED_AXIOMS Entry005.exists_well_conditioned_low_witness_ae_good._simp_1_7: [propext]
OWNED_DECL Entry005.exists_well_conditioned_low_witness_in_support
OWNED_AXIOMS Entry005.exists_well_conditioned_low_witness_in_support: [propext, Classical.choice, Quot.sound]
PUBLIC_THEOREM Entry005.AnchorSelection Entry005.exists_well_conditioned_low_witness_in_support
OWNED_DECL Entry005.facetLiftTranslationShear
OWNED_AXIOMS Entry005.facetLiftTranslationShear: [propext, Classical.choice, Quot.sound]
OWNED_DECL Entry005.facetLiftTranslationShear.eq_1
OWNED_AXIOMS Entry005.facetLiftTranslationShear.eq_1: [propext, Classical.choice, Quot.sound]
PUBLIC_THEOREM Entry005.TruncationActualDefect Entry005.facetLiftTranslationShear.eq_1
OWNED_DECL Entry005.facet_lift_translation_shear_det
OWNED_AXIOMS Entry005.facet_lift_translation_shear_det: [propext, Classical.choice, Quot.sound]
PUBLIC_THEOREM Entry005.TruncationActualDefect Entry005.facet_lift_translation_shear_det
OWNED_DECL Entry005.familyDefect
OWNED_AXIOMS Entry005.familyDefect: [propext, Classical.choice, Quot.sound]
OWNED_DECL Entry005.familyDefect.eq_1
OWNED_AXIOMS Entry005.familyDefect.eq_1: [propext, Classical.choice, Quot.sound]
PUBLIC_THEOREM Entry005.FamilyWitness Entry005.familyDefect.eq_1
OWNED_DECL Entry005.family_cancellation_identity
OWNED_AXIOMS Entry005.family_cancellation_identity: [propext, Classical.choice, Quot.sound]
PUBLIC_THEOREM Entry005.FamilyWitness Entry005.family_cancellation_identity
OWNED_DECL Entry005.family_defect_nonneg
OWNED_AXIOMS Entry005.family_defect_nonneg: [propext, Classical.choice, Quot.sound]
PUBLIC_THEOREM Entry005.FamilyWitness Entry005.family_defect_nonneg
OWNED_DECL Entry005.family_witness_integrable
OWNED_AXIOMS Entry005.family_witness_integrable: [propext, Classical.choice, Quot.sound]
PUBLIC_THEOREM Entry005.FamilyWitness Entry005.family_witness_integrable
OWNED_DECL Entry005.finiteAtomLaw
OWNED_AXIOMS Entry005.finiteAtomLaw: [propext, Classical.choice, Quot.sound]
OWNED_DECL Entry005.finiteAtomLaw._proof_1
OWNED_AXIOMS Entry005.finiteAtomLaw._proof_1: [propext, Classical.choice, Quot.sound]
OWNED_DECL Entry005.finiteAtomLaw.eq_1
OWNED_AXIOMS Entry005.finiteAtomLaw.eq_1: [propext, Classical.choice, Quot.sound]
PUBLIC_THEOREM Entry005.FiniteLawZonotopeMoment Entry005.finiteAtomLaw.eq_1
OWNED_DECL Entry005.finiteConeIndexLaw
OWNED_AXIOMS Entry005.finiteConeIndexLaw: [propext, Classical.choice, Quot.sound]
OWNED_DECL Entry005.finiteConeIndexLaw.eq_1
OWNED_AXIOMS Entry005.finiteConeIndexLaw.eq_1: [propext, Classical.choice, Quot.sound]
PUBLIC_THEOREM Entry005.ConeLawFinite Entry005.finiteConeIndexLaw.eq_1
OWNED_DECL Entry005.finiteConeLaw
OWNED_AXIOMS Entry005.finiteConeLaw: [propext, Classical.choice, Quot.sound]
OWNED_DECL Entry005.finiteConeLaw._proof_1
OWNED_AXIOMS Entry005.finiteConeLaw._proof_1: [propext, Classical.choice, Quot.sound]
OWNED_DECL Entry005.finiteConeLaw.eq_1
OWNED_AXIOMS Entry005.finiteConeLaw.eq_1: [propext, Classical.choice, Quot.sound]
PUBLIC_THEOREM Entry005.ConeLawFinite Entry005.finiteConeLaw.eq_1
OWNED_DECL Entry005.finiteConePoint
OWNED_AXIOMS Entry005.finiteConePoint: [propext, Classical.choice, Quot.sound]
OWNED_DECL Entry005.finiteConePoint.eq_1
OWNED_AXIOMS Entry005.finiteConePoint.eq_1: [propext, Classical.choice, Quot.sound]
PUBLIC_THEOREM Entry005.ConeLawFinite Entry005.finiteConePoint.eq_1
OWNED_DECL Entry005.finiteFacetLift
OWNED_AXIOMS Entry005.finiteFacetLift: [propext, Classical.choice, Quot.sound]
OWNED_DECL Entry005.finiteFacetLift.eq_1
OWNED_AXIOMS Entry005.finiteFacetLift.eq_1: [propext, Classical.choice, Quot.sound]
PUBLIC_THEOREM Entry005.ConeLawFinite Entry005.finiteFacetLift.eq_1
OWNED_DECL Entry005.finiteHalfspaceCompactConeLaw
OWNED_AXIOMS Entry005.finiteHalfspaceCompactConeLaw: [propext, Classical.choice, Quot.sound]
OWNED_DECL Entry005.finiteHalfspaceConeLaw
OWNED_AXIOMS Entry005.finiteHalfspaceConeLaw: [propext, Classical.choice, Quot.sound]
OWNED_DECL Entry005.finiteHalfspaceConeLaw._proof_1
OWNED_AXIOMS Entry005.finiteHalfspaceConeLaw._proof_1: [propext, Classical.choice, Quot.sound]
OWNED_DECL Entry005.finiteHalfspaceConeLaw._proof_2
OWNED_AXIOMS Entry005.finiteHalfspaceConeLaw._proof_2: [propext, Classical.choice, Quot.sound]
OWNED_DECL Entry005.finiteHalfspaceConeLaw.eq_1
OWNED_AXIOMS Entry005.finiteHalfspaceConeLaw.eq_1: [propext, Classical.choice, Quot.sound]
PUBLIC_THEOREM Entry005.FiniteHalfspaceConeLaw Entry005.finiteHalfspaceConeLaw.eq_1
OWNED_DECL Entry005.finiteHalfspaceConeProbability
OWNED_AXIOMS Entry005.finiteHalfspaceConeProbability: [propext, Classical.choice, Quot.sound]
OWNED_DECL Entry005.finiteHalfspaceFacet
OWNED_AXIOMS Entry005.finiteHalfspaceFacet: [propext, Classical.choice, Quot.sound]
OWNED_DECL Entry005.finiteHalfspaceFacet.eq_1
OWNED_AXIOMS Entry005.finiteHalfspaceFacet.eq_1: [propext, Classical.choice, Quot.sound]
PUBLIC_THEOREM Entry005.TruncationFacetGeometry Entry005.finiteHalfspaceFacet.eq_1
OWNED_DECL Entry005.finiteHalfspaceFacetArea
OWNED_AXIOMS Entry005.finiteHalfspaceFacetArea: [propext, Classical.choice, Quot.sound]
OWNED_DECL Entry005.finiteHalfspaceFacetArea._proof_1
OWNED_AXIOMS Entry005.finiteHalfspaceFacetArea._proof_1: [propext, Classical.choice, Quot.sound]
OWNED_DECL Entry005.finiteHalfspaceFacetArea._proof_2
OWNED_AXIOMS Entry005.finiteHalfspaceFacetArea._proof_2: [propext, Classical.choice, Quot.sound]
OWNED_DECL Entry005.finiteHalfspaceFacetArea.congr_simp
OWNED_AXIOMS Entry005.finiteHalfspaceFacetArea.congr_simp: [propext, Classical.choice, Quot.sound]
PUBLIC_THEOREM Entry005.FiniteHalfspaceCauchy Entry005.finiteHalfspaceFacetArea.congr_simp
OWNED_DECL Entry005.finiteHalfspaceFacetChart
OWNED_AXIOMS Entry005.finiteHalfspaceFacetChart: [propext, Classical.choice, Quot.sound]
OWNED_DECL Entry005.finiteHalfspaceFacetCone
OWNED_AXIOMS Entry005.finiteHalfspaceFacetCone: [propext, Classical.choice, Quot.sound]
OWNED_DECL Entry005.finiteHalfspaceSet
OWNED_AXIOMS Entry005.finiteHalfspaceSet: [propext, Classical.choice, Quot.sound]
OWNED_DECL Entry005.finiteHalfspaceSet.eq_1
OWNED_AXIOMS Entry005.finiteHalfspaceSet.eq_1: [propext, Classical.choice, Quot.sound]
PUBLIC_THEOREM Entry005.PyramidHalfspaces Entry005.finiteHalfspaceSet.eq_1
OWNED_DECL Entry005.finiteLawZonotope
OWNED_AXIOMS Entry005.finiteLawZonotope: [propext, Classical.choice, Quot.sound]
OWNED_DECL Entry005.finiteLawZonotope._proof_1
OWNED_AXIOMS Entry005.finiteLawZonotope._proof_1: [propext]
OWNED_DECL Entry005.finiteLiftedLawZonotope
OWNED_AXIOMS Entry005.finiteLiftedLawZonotope: [propext, Classical.choice, Quot.sound]
OWNED_DECL Entry005.finiteZonotope
OWNED_AXIOMS Entry005.finiteZonotope: [propext, Classical.choice, Quot.sound]
OWNED_DECL Entry005.finiteZonotopeLinear
OWNED_AXIOMS Entry005.finiteZonotopeLinear: [propext, Classical.choice, Quot.sound]
OWNED_DECL Entry005.finiteZonotopeLinear._proof_1
OWNED_AXIOMS Entry005.finiteZonotopeLinear._proof_1: [propext, Classical.choice, Quot.sound]
OWNED_DECL Entry005.finiteZonotopeLinear._proof_2
OWNED_AXIOMS Entry005.finiteZonotopeLinear._proof_2: [propext, Classical.choice, Quot.sound]
OWNED_DECL Entry005.finite_abs_area_split
OWNED_AXIOMS Entry005.finite_abs_area_split: [propext, Classical.choice, Quot.sound]
PUBLIC_THEOREM Entry005.FiniteHalfspaceCauchy Entry005.finite_abs_area_split
OWNED_DECL Entry005.finite_atom_law_eq_cone
OWNED_AXIOMS Entry005.finite_atom_law_eq_cone: [propext, Classical.choice, Quot.sound]
PUBLIC_THEOREM Entry005.FiniteLawZonotopeMoment Entry005.finite_atom_law_eq_cone
OWNED_DECL Entry005.finite_atom_lifted_zonotope_volume_first_moment
OWNED_AXIOMS Entry005.finite_atom_lifted_zonotope_volume_first_moment: [propext, Classical.choice, Quot.sound]
PUBLIC_THEOREM Entry005.FiniteLawZonotopeMoment Entry005.finite_atom_lifted_zonotope_volume_first_moment
OWNED_DECL Entry005.finite_atom_mem_support_of_pos
OWNED_AXIOMS Entry005.finite_atom_mem_support_of_pos: [propext, Classical.choice, Quot.sound]
PUBLIC_THEOREM Entry005.FiniteLawZonotopeMoment Entry005.finite_atom_mem_support_of_pos
OWNED_DECL Entry005.finite_atom_probability
OWNED_AXIOMS Entry005.finite_atom_probability: [propext, Classical.choice, Quot.sound]
PUBLIC_THEOREM Entry005.FiniteLawZonotopeMoment Entry005.finite_atom_probability
OWNED_DECL Entry005.finite_atom_zonotope_volume_first_moment
OWNED_AXIOMS Entry005.finite_atom_zonotope_volume_first_moment: [propext, Classical.choice, Quot.sound]
PUBLIC_THEOREM Entry005.FiniteLawZonotopeMoment Entry005.finite_atom_zonotope_volume_first_moment
OWNED_DECL Entry005.finite_body_cone_affine_first_moment_pos
OWNED_AXIOMS Entry005.finite_body_cone_affine_first_moment_pos: [propext, Classical.choice, Quot.sound]
PUBLIC_THEOREM Entry005.FiniteBodyWeightedAssignment Entry005.finite_body_cone_affine_first_moment_pos
OWNED_DECL Entry005.finite_body_cone_affine_first_moment_pos._proof_1_1
OWNED_AXIOMS Entry005.finite_body_cone_affine_first_moment_pos._proof_1_1: [propext, Quot.sound]
OWNED_DECL Entry005.finite_body_cone_first_moment_assignment
OWNED_AXIOMS Entry005.finite_body_cone_first_moment_assignment: [propext, Classical.choice, Quot.sound]
PUBLIC_THEOREM Entry005.FiniteBodyWeightedAssignment Entry005.finite_body_cone_first_moment_assignment
OWNED_DECL Entry005.finite_cone_absolute_direction
OWNED_AXIOMS Entry005.finite_cone_absolute_direction: [propext, Classical.choice, Quot.sound]
PUBLIC_THEOREM Entry005.ConeLawFinite Entry005.finite_cone_absolute_direction
OWNED_DECL Entry005.finite_cone_absolute_direction._simp_1_2
OWNED_AXIOMS Entry005.finite_cone_absolute_direction._simp_1_2: [propext]
OWNED_DECL Entry005.finite_cone_absolute_direction._simp_1_3
OWNED_AXIOMS Entry005.finite_cone_absolute_direction._simp_1_3: [propext]
OWNED_DECL Entry005.finite_cone_absolute_direction._simp_1_4
OWNED_AXIOMS Entry005.finite_cone_absolute_direction._simp_1_4: [propext]
OWNED_DECL Entry005.finite_cone_absolute_direction._simp_1_5
OWNED_AXIOMS Entry005.finite_cone_absolute_direction._simp_1_5: [propext]
OWNED_DECL Entry005.finite_cone_absolute_direction._simp_1_6
OWNED_AXIOMS Entry005.finite_cone_absolute_direction._simp_1_6: [propext]
OWNED_DECL Entry005.finite_cone_absolute_direction._simp_1_7
OWNED_AXIOMS Entry005.finite_cone_absolute_direction._simp_1_7: [propext, Classical.choice, Quot.sound]
OWNED_DECL Entry005.finite_cone_absolute_direction._simp_1_8
OWNED_AXIOMS Entry005.finite_cone_absolute_direction._simp_1_8: [propext]
OWNED_DECL Entry005.finite_cone_ae_unit_ball
OWNED_AXIOMS Entry005.finite_cone_ae_unit_ball: [propext, Classical.choice, Quot.sound]
PUBLIC_THEOREM Entry005.ConeLawFinite Entry005.finite_cone_ae_unit_ball
OWNED_DECL Entry005.finite_cone_centered
OWNED_AXIOMS Entry005.finite_cone_centered: [propext, Classical.choice, Quot.sound]
PUBLIC_THEOREM Entry005.ConeLawFinite Entry005.finite_cone_centered
OWNED_DECL Entry005.finite_cone_coordinate_mean
OWNED_AXIOMS Entry005.finite_cone_coordinate_mean: [propext, Classical.choice, Quot.sound]
PUBLIC_THEOREM Entry005.ConeLawFinite Entry005.finite_cone_coordinate_mean
OWNED_DECL Entry005.finite_cone_coordinate_mean._simp_1_1
OWNED_AXIOMS Entry005.finite_cone_coordinate_mean._simp_1_1: [propext]
OWNED_DECL Entry005.finite_cone_coordinate_mean._simp_1_2
OWNED_AXIOMS Entry005.finite_cone_coordinate_mean._simp_1_2: [propext]
OWNED_DECL Entry005.finite_cone_coordinate_mean._simp_1_3
OWNED_AXIOMS Entry005.finite_cone_coordinate_mean._simp_1_3: [propext]
OWNED_DECL Entry005.finite_cone_coordinate_mean._simp_1_4
OWNED_AXIOMS Entry005.finite_cone_coordinate_mean._simp_1_4: [propext]
OWNED_DECL Entry005.finite_cone_coordinate_mean._simp_1_5
OWNED_AXIOMS Entry005.finite_cone_coordinate_mean._simp_1_5: [propext]
OWNED_DECL Entry005.finite_cone_coordinate_mean._simp_1_6
OWNED_AXIOMS Entry005.finite_cone_coordinate_mean._simp_1_6: [propext, Classical.choice, Quot.sound]
OWNED_DECL Entry005.finite_cone_coordinate_mean._simp_1_7
OWNED_AXIOMS Entry005.finite_cone_coordinate_mean._simp_1_7: [propext]
OWNED_DECL Entry005.finite_cone_direction_mean_zero
OWNED_AXIOMS Entry005.finite_cone_direction_mean_zero: [propext, Classical.choice, Quot.sound]
PUBLIC_THEOREM Entry005.ConeLawFinite Entry005.finite_cone_direction_mean_zero
OWNED_DECL Entry005.finite_cone_horizontal_determinant_expectation
OWNED_AXIOMS Entry005.finite_cone_horizontal_determinant_expectation: [propext, Classical.choice, Quot.sound]
PUBLIC_THEOREM Entry005.ConeLawFinite Entry005.finite_cone_horizontal_determinant_expectation
OWNED_DECL Entry005.finite_cone_iid_integral
OWNED_AXIOMS Entry005.finite_cone_iid_integral: [propext, Classical.choice, Quot.sound]
PUBLIC_THEOREM Entry005.ConeLawFinite Entry005.finite_cone_iid_integral
OWNED_DECL Entry005.finite_cone_index_map
OWNED_AXIOMS Entry005.finite_cone_index_map: [propext, Classical.choice, Quot.sound]
PUBLIC_THEOREM Entry005.ConeLawFinite Entry005.finite_cone_index_map
OWNED_DECL Entry005.finite_cone_index_probability
OWNED_AXIOMS Entry005.finite_cone_index_probability: [propext, Classical.choice, Quot.sound]
PUBLIC_THEOREM Entry005.ConeLawFinite Entry005.finite_cone_index_probability
OWNED_DECL Entry005.finite_cone_index_singleton
OWNED_AXIOMS Entry005.finite_cone_index_singleton: [propext, Classical.choice, Quot.sound]
PUBLIC_THEOREM Entry005.ConeLawFinite Entry005.finite_cone_index_singleton
OWNED_DECL Entry005.finite_cone_integrable
OWNED_AXIOMS Entry005.finite_cone_integrable: [propext, Classical.choice, Quot.sound]
PUBLIC_THEOREM Entry005.ConeLawFinite Entry005.finite_cone_integrable
OWNED_DECL Entry005.finite_cone_integral
OWNED_AXIOMS Entry005.finite_cone_integral: [propext, Classical.choice, Quot.sound]
PUBLIC_THEOREM Entry005.ConeLawFinite Entry005.finite_cone_integral
OWNED_DECL Entry005.finite_cone_lifted_determinant_expectation
OWNED_AXIOMS Entry005.finite_cone_lifted_determinant_expectation: [propext, Classical.choice, Quot.sound]
PUBLIC_THEOREM Entry005.ConeLawFinite Entry005.finite_cone_lifted_determinant_expectation
OWNED_DECL Entry005.finite_cone_lifted_zonotope_volume_first_moment
OWNED_AXIOMS Entry005.finite_cone_lifted_zonotope_volume_first_moment: [propext, Classical.choice, Quot.sound]
PUBLIC_THEOREM Entry005.FiniteLawZonotopeMoment Entry005.finite_cone_lifted_zonotope_volume_first_moment
OWNED_DECL Entry005.finite_cone_negative_direction
OWNED_AXIOMS Entry005.finite_cone_negative_direction: [propext, Classical.choice, Quot.sound]
PUBLIC_THEOREM Entry005.ConeLawFinite Entry005.finite_cone_negative_direction
OWNED_DECL Entry005.finite_cone_point_height_one
OWNED_AXIOMS Entry005.finite_cone_point_height_one: [propext, Classical.choice, Quot.sound]
PUBLIC_THEOREM Entry005.FiniteLawZonotopeMoment Entry005.finite_cone_point_height_one
OWNED_DECL Entry005.finite_cone_point_norm
OWNED_AXIOMS Entry005.finite_cone_point_norm: [propext, Classical.choice, Quot.sound]
PUBLIC_THEOREM Entry005.ConeLawFinite Entry005.finite_cone_point_norm
OWNED_DECL Entry005.finite_cone_probability
OWNED_AXIOMS Entry005.finite_cone_probability: [propext, Classical.choice, Quot.sound]
PUBLIC_THEOREM Entry005.ConeLawFinite Entry005.finite_cone_probability
OWNED_DECL Entry005.finite_cone_support_unit_ball
OWNED_AXIOMS Entry005.finite_cone_support_unit_ball: [propext, Classical.choice, Quot.sound]
PUBLIC_THEOREM Entry005.ConeLawFinite Entry005.finite_cone_support_unit_ball
OWNED_DECL Entry005.finite_cone_weighted_sample_determinant
OWNED_AXIOMS Entry005.finite_cone_weighted_sample_determinant: [propext, Classical.choice, Quot.sound]
PUBLIC_THEOREM Entry005.ConeLawFinite Entry005.finite_cone_weighted_sample_determinant
OWNED_DECL Entry005.finite_cone_weighted_sample_determinant._simp_1_2
OWNED_AXIOMS Entry005.finite_cone_weighted_sample_determinant._simp_1_2: [propext]
OWNED_DECL Entry005.finite_cone_weighted_sample_determinant._simp_1_3
OWNED_AXIOMS Entry005.finite_cone_weighted_sample_determinant._simp_1_3: [propext]
OWNED_DECL Entry005.finite_cone_weighted_sample_determinant._simp_1_4
OWNED_AXIOMS Entry005.finite_cone_weighted_sample_determinant._simp_1_4: [propext]
OWNED_DECL Entry005.finite_cone_weighted_sample_determinant._simp_1_5
OWNED_AXIOMS Entry005.finite_cone_weighted_sample_determinant._simp_1_5: [propext]
OWNED_DECL Entry005.finite_cone_weighted_sample_determinant._simp_1_6
OWNED_AXIOMS Entry005.finite_cone_weighted_sample_determinant._simp_1_6: [propext]
OWNED_DECL Entry005.finite_cone_weighted_sample_determinant._simp_1_7
OWNED_AXIOMS Entry005.finite_cone_weighted_sample_determinant._simp_1_7: [propext, Classical.choice, Quot.sound]
OWNED_DECL Entry005.finite_cone_weighted_sample_determinant._simp_1_8
OWNED_AXIOMS Entry005.finite_cone_weighted_sample_determinant._simp_1_8: [propext]
OWNED_DECL Entry005.finite_cone_weighted_zonotope_eq_normalized_generators
OWNED_AXIOMS Entry005.finite_cone_weighted_zonotope_eq_normalized_generators: [propext, Classical.choice, Quot.sound]
PUBLIC_THEOREM Entry005.FiniteHalfspaceHorizontalMoment Entry005.finite_cone_weighted_zonotope_eq_normalized_generators
OWNED_DECL Entry005.finite_cone_weighted_zonotope_eq_normalized_generators._simp_1_1
OWNED_AXIOMS Entry005.finite_cone_weighted_zonotope_eq_normalized_generators._simp_1_1: [propext]
OWNED_DECL Entry005.finite_cone_weighted_zonotope_eq_normalized_generators._simp_1_2
OWNED_AXIOMS Entry005.finite_cone_weighted_zonotope_eq_normalized_generators._simp_1_2: [propext]
OWNED_DECL Entry005.finite_cone_weighted_zonotope_eq_normalized_generators._simp_1_3
OWNED_AXIOMS Entry005.finite_cone_weighted_zonotope_eq_normalized_generators._simp_1_3: [propext]
OWNED_DECL Entry005.finite_cone_weighted_zonotope_eq_normalized_generators._simp_1_4
OWNED_AXIOMS Entry005.finite_cone_weighted_zonotope_eq_normalized_generators._simp_1_4: [propext]
OWNED_DECL Entry005.finite_cone_weighted_zonotope_eq_normalized_generators._simp_1_5
OWNED_AXIOMS Entry005.finite_cone_weighted_zonotope_eq_normalized_generators._simp_1_5: [propext]
OWNED_DECL Entry005.finite_cone_weighted_zonotope_eq_normalized_generators._simp_1_6
OWNED_AXIOMS Entry005.finite_cone_weighted_zonotope_eq_normalized_generators._simp_1_6: [propext,
 Classical.choice,
 Quot.sound]
OWNED_DECL Entry005.finite_cone_weighted_zonotope_eq_normalized_generators._simp_1_7
OWNED_AXIOMS Entry005.finite_cone_weighted_zonotope_eq_normalized_generators._simp_1_7: [propext]
OWNED_DECL Entry005.finite_cone_zonotope_volume_first_moment
OWNED_AXIOMS Entry005.finite_cone_zonotope_volume_first_moment: [propext, Classical.choice, Quot.sound]
PUBLIC_THEOREM Entry005.FiniteLawZonotopeMoment Entry005.finite_cone_zonotope_volume_first_moment
OWNED_DECL Entry005.finite_determinant_tuple_sum_eq_injection_sum
OWNED_AXIOMS Entry005.finite_determinant_tuple_sum_eq_injection_sum: [propext, Classical.choice, Quot.sound]
PUBLIC_THEOREM Entry005.FiniteDeterminantTupleInjection Entry005.finite_determinant_tuple_sum_eq_injection_sum
OWNED_DECL Entry005.finite_facet_lifted_sample_translation
OWNED_AXIOMS Entry005.finite_facet_lifted_sample_translation: [propext, Classical.choice, Quot.sound]
PUBLIC_THEOREM Entry005.TruncationActualDefect Entry005.finite_facet_lifted_sample_translation
OWNED_DECL Entry005.finite_facet_lifted_tuple_translation
OWNED_AXIOMS Entry005.finite_facet_lifted_tuple_translation: [propext, Classical.choice, Quot.sound]
PUBLIC_THEOREM Entry005.TruncationActualDefect Entry005.finite_facet_lifted_tuple_translation
OWNED_DECL Entry005.finite_halfspace_brightness_lower_of_unit_ball
OWNED_AXIOMS Entry005.finite_halfspace_brightness_lower_of_unit_ball: [propext, Classical.choice, Quot.sound]
PUBLIC_THEOREM Entry005.FiniteHalfspaceConeLaw Entry005.finite_halfspace_brightness_lower_of_unit_ball
OWNED_DECL Entry005.finite_halfspace_brightness_lower_of_unit_ball._simp_1_1
OWNED_AXIOMS Entry005.finite_halfspace_brightness_lower_of_unit_ball._simp_1_1: [propext, Classical.choice, Quot.sound]
OWNED_DECL Entry005.finite_halfspace_brightness_normal_sum
OWNED_AXIOMS Entry005.finite_halfspace_brightness_normal_sum: [propext, Classical.choice, Quot.sound]
PUBLIC_THEOREM Entry005.FiniteHalfspaceConeLaw Entry005.finite_halfspace_brightness_normal_sum
OWNED_DECL Entry005.finite_halfspace_cauchy
OWNED_AXIOMS Entry005.finite_halfspace_cauchy: [propext, Classical.choice, Quot.sound]
PUBLIC_THEOREM Entry005.FiniteHalfspaceCauchy Entry005.finite_halfspace_cauchy
OWNED_DECL Entry005.finite_halfspace_closed
OWNED_AXIOMS Entry005.finite_halfspace_closed: [propext, Classical.choice, Quot.sound]
PUBLIC_THEOREM Entry005.HalfspaceApproximation Entry005.finite_halfspace_closed
OWNED_DECL Entry005.finite_halfspace_compact_cone_raw_pushforward
OWNED_AXIOMS Entry005.finite_halfspace_compact_cone_raw_pushforward: [propext, Classical.choice, Quot.sound]
PUBLIC_THEOREM Entry005.CompactBallConeLaw Entry005.finite_halfspace_compact_cone_raw_pushforward
OWNED_DECL Entry005.finite_halfspace_cone_absolute_brightness
OWNED_AXIOMS Entry005.finite_halfspace_cone_absolute_brightness: [propext, Classical.choice, Quot.sound]
PUBLIC_THEOREM Entry005.FiniteHalfspaceConeLaw Entry005.finite_halfspace_cone_absolute_brightness
OWNED_DECL Entry005.finite_halfspace_cone_ae_unit_ball
OWNED_AXIOMS Entry005.finite_halfspace_cone_ae_unit_ball: [propext, Classical.choice, Quot.sound]
PUBLIC_THEOREM Entry005.FiniteHalfspaceConeLaw Entry005.finite_halfspace_cone_ae_unit_ball
OWNED_DECL Entry005.finite_halfspace_cone_centered
OWNED_AXIOMS Entry005.finite_halfspace_cone_centered: [propext, Classical.choice, Quot.sound]
PUBLIC_THEOREM Entry005.FiniteHalfspaceConeLaw Entry005.finite_halfspace_cone_centered
OWNED_DECL Entry005.finite_halfspace_cone_law_exists_subsequence
OWNED_AXIOMS Entry005.finite_halfspace_cone_law_exists_subsequence: [propext, Classical.choice, Quot.sound]
PUBLIC_THEOREM Entry005.CompactBallConeLaw Entry005.finite_halfspace_cone_law_exists_subsequence
OWNED_DECL Entry005.finite_halfspace_cone_negative_brightness
OWNED_AXIOMS Entry005.finite_halfspace_cone_negative_brightness: [propext, Classical.choice, Quot.sound]
PUBLIC_THEOREM Entry005.FiniteHalfspaceConeLaw Entry005.finite_halfspace_cone_negative_brightness
OWNED_DECL Entry005.finite_halfspace_cone_probability
OWNED_AXIOMS Entry005.finite_halfspace_cone_probability: [propext, Classical.choice, Quot.sound]
PUBLIC_THEOREM Entry005.FiniteHalfspaceConeLaw Entry005.finite_halfspace_cone_probability
OWNED_DECL Entry005.finite_halfspace_cone_round_coefficient_pos
OWNED_AXIOMS Entry005.finite_halfspace_cone_round_coefficient_pos: [propext, Classical.choice, Quot.sound]
PUBLIC_THEOREM Entry005.FiniteHalfspaceConeLaw Entry005.finite_halfspace_cone_round_coefficient_pos
OWNED_DECL Entry005.finite_halfspace_cone_round_lower
OWNED_AXIOMS Entry005.finite_halfspace_cone_round_lower: [propext, Classical.choice, Quot.sound]
PUBLIC_THEOREM Entry005.FiniteHalfspaceConeLaw Entry005.finite_halfspace_cone_round_lower
OWNED_DECL Entry005.finite_halfspace_cone_support_unit_ball
OWNED_AXIOMS Entry005.finite_halfspace_cone_support_unit_ball: [propext, Classical.choice, Quot.sound]
PUBLIC_THEOREM Entry005.FiniteHalfspaceConeLaw Entry005.finite_halfspace_cone_support_unit_ball
OWNED_DECL Entry005.finite_halfspace_cone_zonotope_eq_scaled_projection_body
OWNED_AXIOMS Entry005.finite_halfspace_cone_zonotope_eq_scaled_projection_body: [propext, Classical.choice, Quot.sound]
PUBLIC_THEOREM Entry005.FiniteHalfspaceHorizontalMoment Entry005.finite_halfspace_cone_zonotope_eq_scaled_projection_body
OWNED_DECL Entry005.finite_halfspace_cone_zonotope_eq_scaled_projection_body._simp_1_1
OWNED_AXIOMS Entry005.finite_halfspace_cone_zonotope_eq_scaled_projection_body._simp_1_1: [propext]
OWNED_DECL Entry005.finite_halfspace_cone_zonotope_eq_scaled_projection_body._simp_1_2
OWNED_AXIOMS Entry005.finite_halfspace_cone_zonotope_eq_scaled_projection_body._simp_1_2: [propext]
OWNED_DECL Entry005.finite_halfspace_cone_zonotope_eq_scaled_projection_body._simp_1_3
OWNED_AXIOMS Entry005.finite_halfspace_cone_zonotope_eq_scaled_projection_body._simp_1_3: [propext]
OWNED_DECL Entry005.finite_halfspace_cone_zonotope_eq_scaled_projection_body._simp_1_4
OWNED_AXIOMS Entry005.finite_halfspace_cone_zonotope_eq_scaled_projection_body._simp_1_4: [propext]
OWNED_DECL Entry005.finite_halfspace_cone_zonotope_eq_scaled_projection_body._simp_1_5
OWNED_AXIOMS Entry005.finite_halfspace_cone_zonotope_eq_scaled_projection_body._simp_1_5: [propext]
OWNED_DECL Entry005.finite_halfspace_cone_zonotope_eq_scaled_projection_body._simp_1_6
OWNED_AXIOMS Entry005.finite_halfspace_cone_zonotope_eq_scaled_projection_body._simp_1_6: [propext,
 Classical.choice,
 Quot.sound]
OWNED_DECL Entry005.finite_halfspace_cone_zonotope_eq_scaled_projection_body._simp_1_7
OWNED_AXIOMS Entry005.finite_halfspace_cone_zonotope_eq_scaled_projection_body._simp_1_7: [propext]
OWNED_DECL Entry005.finite_halfspace_convex
OWNED_AXIOMS Entry005.finite_halfspace_convex: [propext, Classical.choice, Quot.sound]
PUBLIC_THEOREM Entry005.PyramidHalfspaces Entry005.finite_halfspace_convex
OWNED_DECL Entry005.finite_halfspace_defect_over_first_moment
OWNED_AXIOMS Entry005.finite_halfspace_defect_over_first_moment: [propext, Classical.choice, Quot.sound]
PUBLIC_THEOREM Entry005.PyramidMomentDefect Entry005.finite_halfspace_defect_over_first_moment
OWNED_DECL Entry005.finite_halfspace_directional_balance
OWNED_AXIOMS Entry005.finite_halfspace_directional_balance: [propext, Classical.choice, Quot.sound]
PUBLIC_THEOREM Entry005.FiniteHalfspaceCauchy Entry005.finite_halfspace_directional_balance
OWNED_DECL Entry005.finite_halfspace_entryA_actual_facet_tuple_ratio
OWNED_AXIOMS Entry005.finite_halfspace_entryA_actual_facet_tuple_ratio: [propext, Classical.choice, Quot.sound]
PUBLIC_THEOREM Entry005.TruncationFacetFormula Entry005.finite_halfspace_entryA_actual_facet_tuple_ratio
OWNED_DECL Entry005.finite_halfspace_entryA_actual_facet_tuple_ratio._simp_1_2
OWNED_AXIOMS Entry005.finite_halfspace_entryA_actual_facet_tuple_ratio._simp_1_2: [propext]
OWNED_DECL Entry005.finite_halfspace_entryA_actual_facet_tuple_ratio._simp_1_3
OWNED_AXIOMS Entry005.finite_halfspace_entryA_actual_facet_tuple_ratio._simp_1_3: [propext]
OWNED_DECL Entry005.finite_halfspace_entryA_actual_facet_tuple_ratio._simp_1_4
OWNED_AXIOMS Entry005.finite_halfspace_entryA_actual_facet_tuple_ratio._simp_1_4: [propext]
OWNED_DECL Entry005.finite_halfspace_entryA_actual_facet_tuple_ratio._simp_1_5
OWNED_AXIOMS Entry005.finite_halfspace_entryA_actual_facet_tuple_ratio._simp_1_5: [propext]
OWNED_DECL Entry005.finite_halfspace_entryA_actual_facet_tuple_ratio._simp_1_6
OWNED_AXIOMS Entry005.finite_halfspace_entryA_actual_facet_tuple_ratio._simp_1_6: [propext]
OWNED_DECL Entry005.finite_halfspace_entryA_actual_facet_tuple_ratio._simp_1_7
OWNED_AXIOMS Entry005.finite_halfspace_entryA_actual_facet_tuple_ratio._simp_1_7: [propext,
 Classical.choice,
 Quot.sound]
OWNED_DECL Entry005.finite_halfspace_entryA_actual_facet_tuple_ratio._simp_1_8
OWNED_AXIOMS Entry005.finite_halfspace_entryA_actual_facet_tuple_ratio._simp_1_8: [propext]
OWNED_DECL Entry005.finite_halfspace_entryA_lifted_moment
OWNED_AXIOMS Entry005.finite_halfspace_entryA_lifted_moment: [propext, Classical.choice, Quot.sound]
PUBLIC_THEOREM Entry005.PyramidEntryDefect Entry005.finite_halfspace_entryA_lifted_moment
OWNED_DECL Entry005.finite_halfspace_entryA_lifted_moment._proof_1_1
OWNED_AXIOMS Entry005.finite_halfspace_entryA_lifted_moment._proof_1_1: [propext, Classical.choice, Quot.sound]
OWNED_DECL Entry005.finite_halfspace_entryDefect_moment
OWNED_AXIOMS Entry005.finite_halfspace_entryDefect_moment: [propext, Classical.choice, Quot.sound]
PUBLIC_THEOREM Entry005.PyramidMomentDefect Entry005.finite_halfspace_entryDefect_moment
OWNED_DECL Entry005.finite_halfspace_entryDefect_moment._simp_1_1
OWNED_AXIOMS Entry005.finite_halfspace_entryDefect_moment._simp_1_1: [propext]
OWNED_DECL Entry005.finite_halfspace_entryDefect_moment._simp_1_2
OWNED_AXIOMS Entry005.finite_halfspace_entryDefect_moment._simp_1_2: [propext]
OWNED_DECL Entry005.finite_halfspace_entryDefect_moment._simp_1_3
OWNED_AXIOMS Entry005.finite_halfspace_entryDefect_moment._simp_1_3: [propext]
OWNED_DECL Entry005.finite_halfspace_entryDefect_moment._simp_1_4
OWNED_AXIOMS Entry005.finite_halfspace_entryDefect_moment._simp_1_4: [propext]
OWNED_DECL Entry005.finite_halfspace_entryDefect_moment._simp_1_5
OWNED_AXIOMS Entry005.finite_halfspace_entryDefect_moment._simp_1_5: [propext]
OWNED_DECL Entry005.finite_halfspace_entryDefect_moment._simp_1_6
OWNED_AXIOMS Entry005.finite_halfspace_entryDefect_moment._simp_1_6: [propext, Classical.choice, Quot.sound]
OWNED_DECL Entry005.finite_halfspace_entryDefect_moment._simp_1_7
OWNED_AXIOMS Entry005.finite_halfspace_entryDefect_moment._simp_1_7: [propext]
OWNED_DECL Entry005.finite_halfspace_facet_area_nonneg
OWNED_AXIOMS Entry005.finite_halfspace_facet_area_nonneg: [propext, Classical.choice, Quot.sound]
PUBLIC_THEOREM Entry005.FiniteHalfspaceCauchy Entry005.finite_halfspace_facet_area_nonneg
OWNED_DECL Entry005.finite_halfspace_facet_area_of_empty
OWNED_AXIOMS Entry005.finite_halfspace_facet_area_of_empty: [propext, Classical.choice, Quot.sound]
PUBLIC_THEOREM Entry005.PyramidProjectionBody Entry005.finite_halfspace_facet_area_of_empty
OWNED_DECL Entry005.finite_halfspace_facet_area_translation
OWNED_AXIOMS Entry005.finite_halfspace_facet_area_translation: [propext, Classical.choice, Quot.sound]
PUBLIC_THEOREM Entry005.TruncationFacetTranslation Entry005.finite_halfspace_facet_area_translation
OWNED_DECL Entry005.finite_halfspace_facet_chart_compact
OWNED_AXIOMS Entry005.finite_halfspace_facet_chart_compact: [propext, Classical.choice, Quot.sound]
PUBLIC_THEOREM Entry005.FiniteHalfspaceFacets Entry005.finite_halfspace_facet_chart_compact
OWNED_DECL Entry005.finite_halfspace_facet_chart_image
OWNED_AXIOMS Entry005.finite_halfspace_facet_chart_image: [propext, Classical.choice, Quot.sound]
PUBLIC_THEOREM Entry005.FiniteHalfspaceFacets Entry005.finite_halfspace_facet_chart_image
OWNED_DECL Entry005.finite_halfspace_facet_chart_projection_image
OWNED_AXIOMS Entry005.finite_halfspace_facet_chart_projection_image: [propext, Classical.choice, Quot.sound]
PUBLIC_THEOREM Entry005.FiniteHalfspaceFacets Entry005.finite_halfspace_facet_chart_projection_image
OWNED_DECL Entry005.finite_halfspace_facet_compact
OWNED_AXIOMS Entry005.finite_halfspace_facet_compact: [propext, Classical.choice, Quot.sound]
PUBLIC_THEOREM Entry005.FiniteHalfspaceFacets Entry005.finite_halfspace_facet_compact
OWNED_DECL Entry005.finite_halfspace_facet_cone_compact
OWNED_AXIOMS Entry005.finite_halfspace_facet_cone_compact: [propext, Classical.choice, Quot.sound]
PUBLIC_THEOREM Entry005.FacetRadialMass Entry005.finite_halfspace_facet_cone_compact
OWNED_DECL Entry005.finite_halfspace_facet_cone_coordinates
OWNED_AXIOMS Entry005.finite_halfspace_facet_cone_coordinates: [propext, Classical.choice, Quot.sound]
PUBLIC_THEOREM Entry005.FacetRadialMass Entry005.finite_halfspace_facet_cone_coordinates
OWNED_DECL Entry005.finite_halfspace_facet_cone_subset
OWNED_AXIOMS Entry005.finite_halfspace_facet_cone_subset: [propext, Classical.choice, Quot.sound]
PUBLIC_THEOREM Entry005.FacetRadialMass Entry005.finite_halfspace_facet_cone_subset
OWNED_DECL Entry005.finite_halfspace_facet_cone_volume
OWNED_AXIOMS Entry005.finite_halfspace_facet_cone_volume: [propext, Classical.choice, Quot.sound]
PUBLIC_THEOREM Entry005.FacetRadialMass Entry005.finite_halfspace_facet_cone_volume
OWNED_DECL Entry005.finite_halfspace_facet_cones_inter_volume_zero
OWNED_AXIOMS Entry005.finite_halfspace_facet_cones_inter_volume_zero: [propext, Classical.choice, Quot.sound]
PUBLIC_THEOREM Entry005.FacetRadialMass Entry005.finite_halfspace_facet_cones_inter_volume_zero
OWNED_DECL Entry005.finite_halfspace_facet_mass
OWNED_AXIOMS Entry005.finite_halfspace_facet_mass: [propext, Classical.choice, Quot.sound]
PUBLIC_THEOREM Entry005.FacetRadialMass Entry005.finite_halfspace_facet_mass
OWNED_DECL Entry005.finite_halfspace_facet_mass._proof_1_1
OWNED_AXIOMS Entry005.finite_halfspace_facet_mass._proof_1_1: [propext, Classical.choice, Quot.sound]
OWNED_DECL Entry005.finite_halfspace_facet_mass._simp_1_2
OWNED_AXIOMS Entry005.finite_halfspace_facet_mass._simp_1_2: [propext]
OWNED_DECL Entry005.finite_halfspace_facet_mass._simp_1_3
OWNED_AXIOMS Entry005.finite_halfspace_facet_mass._simp_1_3: [propext]
OWNED_DECL Entry005.finite_halfspace_facet_mass._simp_1_4
OWNED_AXIOMS Entry005.finite_halfspace_facet_mass._simp_1_4: [propext]
OWNED_DECL Entry005.finite_halfspace_facet_mass._simp_1_5
OWNED_AXIOMS Entry005.finite_halfspace_facet_mass._simp_1_5: [propext]
OWNED_DECL Entry005.finite_halfspace_facet_mass._simp_1_6
OWNED_AXIOMS Entry005.finite_halfspace_facet_mass._simp_1_6: [propext]
OWNED_DECL Entry005.finite_halfspace_facet_mass._simp_1_7
OWNED_AXIOMS Entry005.finite_halfspace_facet_mass._simp_1_7: [propext, Classical.choice, Quot.sound]
OWNED_DECL Entry005.finite_halfspace_facet_mass._simp_1_8
OWNED_AXIOMS Entry005.finite_halfspace_facet_mass._simp_1_8: [propext]
OWNED_DECL Entry005.finite_halfspace_facet_projection_volume
OWNED_AXIOMS Entry005.finite_halfspace_facet_projection_volume: [propext, Classical.choice, Quot.sound]
PUBLIC_THEOREM Entry005.FiniteHalfspaceCauchy Entry005.finite_halfspace_facet_projection_volume
OWNED_DECL Entry005.finite_halfspace_facet_projection_volume_real
OWNED_AXIOMS Entry005.finite_halfspace_facet_projection_volume_real: [propext, Classical.choice, Quot.sound]
PUBLIC_THEOREM Entry005.FiniteHalfspaceCauchy Entry005.finite_halfspace_facet_projection_volume_real
OWNED_DECL Entry005.finite_halfspace_homogeneous_eq_zero
OWNED_AXIOMS Entry005.finite_halfspace_homogeneous_eq_zero: [propext, Classical.choice, Quot.sound]
PUBLIC_THEOREM Entry005.PyramidHalfspaces Entry005.finite_halfspace_homogeneous_eq_zero
OWNED_DECL Entry005.finite_halfspace_horizontal_first_moment
OWNED_AXIOMS Entry005.finite_halfspace_horizontal_first_moment: [propext, Classical.choice, Quot.sound]
PUBLIC_THEOREM Entry005.FiniteHalfspaceHorizontalMoment Entry005.finite_halfspace_horizontal_first_moment
OWNED_DECL Entry005.finite_halfspace_horizontal_moment_pos
OWNED_AXIOMS Entry005.finite_halfspace_horizontal_moment_pos: [propext, Classical.choice, Quot.sound]
PUBLIC_THEOREM Entry005.PyramidMomentDefect Entry005.finite_halfspace_horizontal_moment_pos
OWNED_DECL Entry005.finite_halfspace_index_nonempty
OWNED_AXIOMS Entry005.finite_halfspace_index_nonempty: [propext, Classical.choice, Quot.sound]
PUBLIC_THEOREM Entry005.PyramidHalfspaces Entry005.finite_halfspace_index_nonempty
OWNED_DECL Entry005.finite_halfspace_interior_nonempty_of_positive_heights
OWNED_AXIOMS Entry005.finite_halfspace_interior_nonempty_of_positive_heights: [propext, Classical.choice, Quot.sound]
PUBLIC_THEOREM Entry005.FacetRadialMass Entry005.finite_halfspace_interior_nonempty_of_positive_heights
OWNED_DECL Entry005.finite_halfspace_interior_nonempty_of_positive_heights._simp_1_1
OWNED_AXIOMS Entry005.finite_halfspace_interior_nonempty_of_positive_heights._simp_1_1: [propext,
 Classical.choice,
 Quot.sound]
OWNED_DECL Entry005.finite_halfspace_lifted_moment_pos
OWNED_AXIOMS Entry005.finite_halfspace_lifted_moment_pos: [propext, Classical.choice, Quot.sound]
PUBLIC_THEOREM Entry005.PyramidMomentDefect Entry005.finite_halfspace_lifted_moment_pos
OWNED_DECL Entry005.finite_halfspace_lower_area_sum
OWNED_AXIOMS Entry005.finite_halfspace_lower_area_sum: [propext, Classical.choice, Quot.sound]
PUBLIC_THEOREM Entry005.FiniteHalfspaceCauchy Entry005.finite_halfspace_lower_area_sum
OWNED_DECL Entry005.finite_halfspace_lower_projection_cover
OWNED_AXIOMS Entry005.finite_halfspace_lower_projection_cover: [propext, Classical.choice, Quot.sound]
PUBLIC_THEOREM Entry005.FiniteHalfspaceFacets Entry005.finite_halfspace_lower_projection_cover
OWNED_DECL Entry005.finite_halfspace_nonzero_radial_cover
OWNED_AXIOMS Entry005.finite_halfspace_nonzero_radial_cover: [propext, Classical.choice, Quot.sound]
PUBLIC_THEOREM Entry005.FacetRadialMass Entry005.finite_halfspace_nonzero_radial_cover
OWNED_DECL Entry005.finite_halfspace_normal_balance
OWNED_AXIOMS Entry005.finite_halfspace_normal_balance: [propext, Classical.choice, Quot.sound]
PUBLIC_THEOREM Entry005.FiniteHalfspaceCauchy Entry005.finite_halfspace_normal_balance
OWNED_DECL Entry005.finite_halfspace_normal_balance_coordinates
OWNED_AXIOMS Entry005.finite_halfspace_normal_balance_coordinates: [propext, Classical.choice, Quot.sound]
PUBLIC_THEOREM Entry005.FiniteHalfspaceConeLaw Entry005.finite_halfspace_normal_balance_coordinates
OWNED_DECL Entry005.finite_halfspace_normalization_pos
OWNED_AXIOMS Entry005.finite_halfspace_normalization_pos: [propext, Classical.choice, Quot.sound]
PUBLIC_THEOREM Entry005.FacetRadialMass Entry005.finite_halfspace_normalization_pos
OWNED_DECL Entry005.finite_halfspace_projection_body_eq_zonotope
OWNED_AXIOMS Entry005.finite_halfspace_projection_body_eq_zonotope: [propext, Classical.choice, Quot.sound]
PUBLIC_THEOREM Entry005.FiniteHalfspaceCauchy Entry005.finite_halfspace_projection_body_eq_zonotope
OWNED_DECL Entry005.finite_halfspace_projection_body_volume_pos
OWNED_AXIOMS Entry005.finite_halfspace_projection_body_volume_pos: [propext, Classical.choice, Quot.sound]
PUBLIC_THEOREM Entry005.PyramidEntryDefect Entry005.finite_halfspace_projection_body_volume_pos
OWNED_DECL Entry005.finite_halfspace_projection_body_volume_pos._simp_1_1
OWNED_AXIOMS Entry005.finite_halfspace_projection_body_volume_pos._simp_1_1: [propext, Classical.choice, Quot.sound]
OWNED_DECL Entry005.finite_halfspace_radial_cover_ae
OWNED_AXIOMS Entry005.finite_halfspace_radial_cover_ae: [propext, Classical.choice, Quot.sound]
PUBLIC_THEOREM Entry005.FacetRadialMass Entry005.finite_halfspace_radial_cover_ae
OWNED_DECL Entry005.finite_halfspace_radial_cover_ae._simp_1_1
OWNED_AXIOMS Entry005.finite_halfspace_radial_cover_ae._simp_1_1: [propext]
OWNED_DECL Entry005.finite_halfspace_sphere_net_norm_bound
OWNED_AXIOMS Entry005.finite_halfspace_sphere_net_norm_bound: [propext, Classical.choice, Quot.sound]
PUBLIC_THEOREM Entry005.HalfspaceApproximation Entry005.finite_halfspace_sphere_net_norm_bound
OWNED_DECL Entry005.finite_halfspace_translate_carrier
OWNED_AXIOMS Entry005.finite_halfspace_translate_carrier: [propext, Classical.choice, Quot.sound]
PUBLIC_THEOREM Entry005.TruncationFacetTranslation Entry005.finite_halfspace_translate_carrier
OWNED_DECL Entry005.finite_halfspace_translated_facet_chart
OWNED_AXIOMS Entry005.finite_halfspace_translated_facet_chart: [propext, Classical.choice, Quot.sound]
PUBLIC_THEOREM Entry005.TruncationFacetTranslation Entry005.finite_halfspace_translated_facet_chart
OWNED_DECL Entry005.finite_halfspace_unit_ball_heights
OWNED_AXIOMS Entry005.finite_halfspace_unit_ball_heights: [propext, Classical.choice, Quot.sound]
PUBLIC_THEOREM Entry005.FiniteHalfspaceConeLaw Entry005.finite_halfspace_unit_ball_heights
OWNED_DECL Entry005.finite_halfspace_unit_ball_heights._simp_1_1
OWNED_AXIOMS Entry005.finite_halfspace_unit_ball_heights._simp_1_1: [propext, Classical.choice, Quot.sound]
OWNED_DECL Entry005.finite_halfspace_upper_active
OWNED_AXIOMS Entry005.finite_halfspace_upper_active: [propext, Classical.choice, Quot.sound]
PUBLIC_THEOREM Entry005.FiniteHalfspaceFacets Entry005.finite_halfspace_upper_active
OWNED_DECL Entry005.finite_halfspace_upper_area_sum
OWNED_AXIOMS Entry005.finite_halfspace_upper_area_sum: [propext, Classical.choice, Quot.sound]
PUBLIC_THEOREM Entry005.FiniteHalfspaceCauchy Entry005.finite_halfspace_upper_area_sum
OWNED_DECL Entry005.finite_halfspace_upper_projection_cover
OWNED_AXIOMS Entry005.finite_halfspace_upper_projection_cover: [propext, Classical.choice, Quot.sound]
PUBLIC_THEOREM Entry005.FiniteHalfspaceFacets Entry005.finite_halfspace_upper_projection_cover
OWNED_DECL Entry005.finite_halfspace_volume_eq_sum_cone_volumes
OWNED_AXIOMS Entry005.finite_halfspace_volume_eq_sum_cone_volumes: [propext, Classical.choice, Quot.sound]
PUBLIC_THEOREM Entry005.FacetRadialMass Entry005.finite_halfspace_volume_eq_sum_cone_volumes
OWNED_DECL Entry005.finite_halfspace_volume_eq_sum_cone_volumes._simp_1_1
OWNED_AXIOMS Entry005.finite_halfspace_volume_eq_sum_cone_volumes._simp_1_1: [propext]
OWNED_DECL Entry005.finite_halfspace_volume_pos
OWNED_AXIOMS Entry005.finite_halfspace_volume_pos: [propext, Classical.choice, Quot.sound]
PUBLIC_THEOREM Entry005.FacetRadialMass Entry005.finite_halfspace_volume_pos
OWNED_DECL Entry005.finite_law_zonotope_volume_weighted_tuple_sum
OWNED_AXIOMS Entry005.finite_law_zonotope_volume_weighted_tuple_sum: [propext, Classical.choice, Quot.sound]
PUBLIC_THEOREM Entry005.FiniteLawZonotopeMoment Entry005.finite_law_zonotope_volume_weighted_tuple_sum
OWNED_DECL Entry005.finite_signed_area_split
OWNED_AXIOMS Entry005.finite_signed_area_split: [propext, Classical.choice, Quot.sound]
PUBLIC_THEOREM Entry005.FiniteHalfspaceCauchy Entry005.finite_signed_area_split
OWNED_DECL Entry005.finite_support_net_direction_bound
OWNED_AXIOMS Entry005.finite_support_net_direction_bound: [propext, Classical.choice, Quot.sound]
PUBLIC_THEOREM Entry005.HalfspaceApproximation Entry005.finite_support_net_direction_bound
OWNED_DECL Entry005.finite_support_net_subset_dilation
OWNED_AXIOMS Entry005.finite_support_net_subset_dilation: [propext, Classical.choice, Quot.sound]
PUBLIC_THEOREM Entry005.HalfspaceApproximation Entry005.finite_support_net_subset_dilation
OWNED_DECL Entry005.finite_tuple_determinant_eq_zero_of_not_injective
OWNED_AXIOMS Entry005.finite_tuple_determinant_eq_zero_of_not_injective: [propext, Classical.choice, Quot.sound]
PUBLIC_THEOREM Entry005.FiniteDeterminantTupleInjection Entry005.finite_tuple_determinant_eq_zero_of_not_injective
OWNED_DECL Entry005.finite_uniform_positive
OWNED_AXIOMS Entry005.finite_uniform_positive: [propext, Classical.choice, Quot.sound]
PUBLIC_THEOREM Entry005.FiniteHalfspaceFacets Entry005.finite_uniform_positive
OWNED_DECL Entry005.finite_weighted_determinant_tuple_sum_eq_injection_sum
OWNED_AXIOMS Entry005.finite_weighted_determinant_tuple_sum_eq_injection_sum: [propext, Classical.choice, Quot.sound]
PUBLIC_THEOREM Entry005.FiniteDeterminantTupleInjection Entry005.finite_weighted_determinant_tuple_sum_eq_injection_sum
OWNED_DECL Entry005.finite_weighted_horizontal_determinant
OWNED_AXIOMS Entry005.finite_weighted_horizontal_determinant: [propext, Classical.choice, Quot.sound]
PUBLIC_THEOREM Entry005.FiniteLawZonotopeMoment Entry005.finite_weighted_horizontal_determinant
OWNED_DECL Entry005.finite_zonotope_compact
OWNED_AXIOMS Entry005.finite_zonotope_compact: [propext, Classical.choice, Quot.sound]
PUBLIC_THEOREM Entry005.ConeLawGeometry Entry005.finite_zonotope_compact
OWNED_DECL Entry005.finite_zonotope_cons
OWNED_AXIOMS Entry005.finite_zonotope_cons: [propext, Classical.choice, Quot.sound]
PUBLIC_THEOREM Entry005.ZonotopeVolume Entry005.finite_zonotope_cons
OWNED_DECL Entry005.finite_zonotope_convex
OWNED_AXIOMS Entry005.finite_zonotope_convex: [propext, Classical.choice, Quot.sound]
PUBLIC_THEOREM Entry005.ConeLawGeometry Entry005.finite_zonotope_convex
OWNED_DECL Entry005.finite_zonotope_eq_support_halfspaces
OWNED_AXIOMS Entry005.finite_zonotope_eq_support_halfspaces: [propext, Classical.choice, Quot.sound]
PUBLIC_THEOREM Entry005.ConeLawGeometry Entry005.finite_zonotope_eq_support_halfspaces
OWNED_DECL Entry005.finite_zonotope_euclidean_one_volume
OWNED_AXIOMS Entry005.finite_zonotope_euclidean_one_volume: [propext, Classical.choice, Quot.sound]
PUBLIC_THEOREM Entry005.ZonotopeDeterminant Entry005.finite_zonotope_euclidean_one_volume
OWNED_DECL Entry005.finite_zonotope_euclidean_zero_volume
OWNED_AXIOMS Entry005.finite_zonotope_euclidean_zero_volume: [propext, Classical.choice, Quot.sound]
PUBLIC_THEOREM Entry005.ZonotopeDeterminant Entry005.finite_zonotope_euclidean_zero_volume
OWNED_DECL Entry005.finite_zonotope_linear_image
OWNED_AXIOMS Entry005.finite_zonotope_linear_image: [propext, Classical.choice, Quot.sound]
PUBLIC_THEOREM Entry005.ZonotopeVolume Entry005.finite_zonotope_linear_image
OWNED_DECL Entry005.finite_zonotope_nonempty
OWNED_AXIOMS Entry005.finite_zonotope_nonempty: [propext, Classical.choice, Quot.sound]
PUBLIC_THEOREM Entry005.ConeLawGeometry Entry005.finite_zonotope_nonempty
OWNED_DECL Entry005.finite_zonotope_option
OWNED_AXIOMS Entry005.finite_zonotope_option: [propext, Classical.choice, Quot.sound]
PUBLIC_THEOREM Entry005.PyramidZonotopeAlgebra Entry005.finite_zonotope_option
OWNED_DECL Entry005.finite_zonotope_option.match_1_1
OWNED_AXIOMS Entry005.finite_zonotope_option.match_1_1: []
OWNED_DECL Entry005.finite_zonotope_option_volume
OWNED_AXIOMS Entry005.finite_zonotope_option_volume: [propext, Classical.choice, Quot.sound]
PUBLIC_THEOREM Entry005.PyramidZonotopeAlgebra Entry005.finite_zonotope_option_volume
OWNED_DECL Entry005.finite_zonotope_projection_volume_coordinates
OWNED_AXIOMS Entry005.finite_zonotope_projection_volume_coordinates: [propext, Classical.choice, Quot.sound]
PUBLIC_THEOREM Entry005.ZonotopeDeterminant Entry005.finite_zonotope_projection_volume_coordinates
OWNED_DECL Entry005.finite_zonotope_real_eq_interval
OWNED_AXIOMS Entry005.finite_zonotope_real_eq_interval: [propext, Classical.choice, Quot.sound]
PUBLIC_THEOREM Entry005.ZonotopeVolume Entry005.finite_zonotope_real_eq_interval
OWNED_DECL Entry005.finite_zonotope_real_volume
OWNED_AXIOMS Entry005.finite_zonotope_real_volume: [propext, Classical.choice, Quot.sound]
PUBLIC_THEOREM Entry005.ZonotopeVolume Entry005.finite_zonotope_real_volume
OWNED_DECL Entry005.finite_zonotope_reindex
OWNED_AXIOMS Entry005.finite_zonotope_reindex: [propext, Classical.choice, Quot.sound]
PUBLIC_THEOREM Entry005.FiniteLawZonotopeMoment Entry005.finite_zonotope_reindex
OWNED_DECL Entry005.finite_zonotope_scalar_image
OWNED_AXIOMS Entry005.finite_zonotope_scalar_image: [propext, Classical.choice, Quot.sound]
PUBLIC_THEOREM Entry005.PyramidZonotopeAlgebra Entry005.finite_zonotope_scalar_image
OWNED_DECL Entry005.finite_zonotope_scaled_generators
OWNED_AXIOMS Entry005.finite_zonotope_scaled_generators: [propext, Classical.choice, Quot.sound]
PUBLIC_THEOREM Entry005.FiniteHalfspaceHorizontalMoment Entry005.finite_zonotope_scaled_generators
OWNED_DECL Entry005.finite_zonotope_subset_generator_span
OWNED_AXIOMS Entry005.finite_zonotope_subset_generator_span: [propext, Classical.choice, Quot.sound]
PUBLIC_THEOREM Entry005.ZonotopeDeterminant Entry005.finite_zonotope_subset_generator_span
OWNED_DECL Entry005.finite_zonotope_support_attained
OWNED_AXIOMS Entry005.finite_zonotope_support_attained: [propext, Classical.choice, Quot.sound]
PUBLIC_THEOREM Entry005.ConeLawGeometry Entry005.finite_zonotope_support_attained
OWNED_DECL Entry005.finite_zonotope_support_bound
OWNED_AXIOMS Entry005.finite_zonotope_support_bound: [propext, Classical.choice, Quot.sound]
PUBLIC_THEOREM Entry005.ConeLawGeometry Entry005.finite_zonotope_support_bound
OWNED_DECL Entry005.finite_zonotope_volume_cons
OWNED_AXIOMS Entry005.finite_zonotope_volume_cons: [propext, Classical.choice, Quot.sound]
PUBLIC_THEOREM Entry005.ZonotopeVolume Entry005.finite_zonotope_volume_cons
OWNED_DECL Entry005.finite_zonotope_volume_cons_projected
OWNED_AXIOMS Entry005.finite_zonotope_volume_cons_projected: [propext, Classical.choice, Quot.sound]
PUBLIC_THEOREM Entry005.ZonotopeVolume Entry005.finite_zonotope_volume_cons_projected
OWNED_DECL Entry005.finite_zonotope_volume_cons_toReal
OWNED_AXIOMS Entry005.finite_zonotope_volume_cons_toReal: [propext, Classical.choice, Quot.sound]
PUBLIC_THEOREM Entry005.ZonotopeVolume Entry005.finite_zonotope_volume_cons_toReal
OWNED_DECL Entry005.finite_zonotope_volume_determinant_sum
OWNED_AXIOMS Entry005.finite_zonotope_volume_determinant_sum: [propext, Classical.choice, Quot.sound]
PUBLIC_THEOREM Entry005.ZonotopeFormula Entry005.finite_zonotope_volume_determinant_sum
OWNED_DECL Entry005.finite_zonotope_volume_horizontal_tuple_sum
OWNED_AXIOMS Entry005.finite_zonotope_volume_horizontal_tuple_sum: [propext, Classical.choice, Quot.sound]
PUBLIC_THEOREM Entry005.FiniteLawZonotopeMoment Entry005.finite_zonotope_volume_horizontal_tuple_sum
OWNED_DECL Entry005.finite_zonotope_volume_isometry
OWNED_AXIOMS Entry005.finite_zonotope_volume_isometry: [propext, Classical.choice, Quot.sound]
PUBLIC_THEOREM Entry005.ZonotopeDeterminant Entry005.finite_zonotope_volume_isometry
OWNED_DECL Entry005.finite_zonotope_volume_matrix
OWNED_AXIOMS Entry005.finite_zonotope_volume_matrix: [propext, Classical.choice, Quot.sound]
PUBLIC_THEOREM Entry005.ZonotopeFormula Entry005.finite_zonotope_volume_matrix
OWNED_DECL Entry005.finite_zonotope_volume_matrix_fintype
OWNED_AXIOMS Entry005.finite_zonotope_volume_matrix_fintype: [propext, Classical.choice, Quot.sound]
PUBLIC_THEOREM Entry005.FiniteLawZonotopeMoment Entry005.finite_zonotope_volume_matrix_fintype
OWNED_DECL Entry005.finite_zonotope_volume_no_generators
OWNED_AXIOMS Entry005.finite_zonotope_volume_no_generators: [propext, Classical.choice, Quot.sound]
PUBLIC_THEOREM Entry005.ZonotopeFormula Entry005.finite_zonotope_volume_no_generators
OWNED_DECL Entry005.finite_zonotope_volume_zero_dimensional
OWNED_AXIOMS Entry005.finite_zonotope_volume_zero_dimensional: [propext, Classical.choice, Quot.sound]
PUBLIC_THEOREM Entry005.ZonotopeFormula Entry005.finite_zonotope_volume_zero_dimensional
OWNED_DECL Entry005.finite_zonotope_volume_zero_of_card_lt
OWNED_AXIOMS Entry005.finite_zonotope_volume_zero_of_card_lt: [propext, Classical.choice, Quot.sound]
PUBLIC_THEOREM Entry005.ZonotopeDeterminant Entry005.finite_zonotope_volume_zero_of_card_lt
OWNED_DECL Entry005.finrank_lifted_space
OWNED_AXIOMS Entry005.finrank_lifted_space: [propext, Classical.choice, Quot.sound]
PUBLIC_THEOREM Entry005.AffinePyramid Entry005.finrank_lifted_space
OWNED_DECL Entry005.fintype_determinant_tuple_sum_eq_injection_sum
OWNED_AXIOMS Entry005.fintype_determinant_tuple_sum_eq_injection_sum: [propext, Classical.choice, Quot.sound]
PUBLIC_THEOREM Entry005.FiniteDeterminantTupleInjection Entry005.fintype_determinant_tuple_sum_eq_injection_sum
OWNED_DECL Entry005.fintype_weighted_determinant_tuple_sum_eq_injection_sum
OWNED_AXIOMS Entry005.fintype_weighted_determinant_tuple_sum_eq_injection_sum: [propext, Classical.choice, Quot.sound]
PUBLIC_THEOREM Entry005.FiniteDeterminantTupleInjection Entry005.fintype_weighted_determinant_tuple_sum_eq_injection_sum
OWNED_DECL Entry005.first_replacement_witness
OWNED_AXIOMS Entry005.first_replacement_witness: [propext, Classical.choice, Quot.sound]
PUBLIC_THEOREM Entry005.AnchorCoordinates Entry005.first_replacement_witness
OWNED_DECL Entry005.full_simplex_centered_dilation_coordinate_iff
OWNED_AXIOMS Entry005.full_simplex_centered_dilation_coordinate_iff: [propext, Classical.choice, Quot.sound]
PUBLIC_THEOREM Entry005.TruncationCentroid Entry005.full_simplex_centered_dilation_coordinate_iff
OWNED_DECL Entry005.full_simplex_centroid_coordinate
OWNED_AXIOMS Entry005.full_simplex_centroid_coordinate: [propext, Classical.choice, Quot.sound]
PUBLIC_THEOREM Entry005.TruncationCentroid Entry005.full_simplex_centroid_coordinate
OWNED_DECL Entry005.gSharp
OWNED_AXIOMS Entry005.gSharp: [propext, Classical.choice, Quot.sound]
OWNED_DECL Entry005.gSharp_pos
OWNED_AXIOMS Entry005.gSharp_pos: [propext, Classical.choice, Quot.sound]
PUBLIC_THEOREM Entry005.Constants Entry005.gSharp_pos
OWNED_DECL Entry005.geometricSupport
OWNED_AXIOMS Entry005.geometricSupport: [propext, Classical.choice, Quot.sound]
OWNED_DECL Entry005.geometricSupport_le_iff
OWNED_AXIOMS Entry005.geometricSupport_le_iff: [propext, Classical.choice, Quot.sound]
PUBLIC_THEOREM Entry005.HausdorffRetention Entry005.geometricSupport_le_iff
OWNED_DECL Entry005.geometricSupport_le_of_hausdorff
OWNED_AXIOMS Entry005.geometricSupport_le_of_hausdorff: [propext, Classical.choice, Quot.sound]
PUBLIC_THEOREM Entry005.HausdorffRetention Entry005.geometricSupport_le_of_hausdorff
OWNED_DECL Entry005.halfspaceApproximationBody
OWNED_AXIOMS Entry005.halfspaceApproximationBody: [propext, Classical.choice, Quot.sound]
OWNED_DECL Entry005.halfspaceApproximationBody.congr_simp
OWNED_AXIOMS Entry005.halfspaceApproximationBody.congr_simp: [propext, Classical.choice, Quot.sound]
PUBLIC_THEOREM Entry005.HalfspaceApproximationSequence Entry005.halfspaceApproximationBody.congr_simp
OWNED_DECL Entry005.halfspaceApproximationLaw
OWNED_AXIOMS Entry005.halfspaceApproximationLaw: [propext, Classical.choice, Quot.sound]
OWNED_DECL Entry005.halfspaceApproximationLaw._proof_1
OWNED_AXIOMS Entry005.halfspaceApproximationLaw._proof_1: [propext, Classical.choice, Quot.sound]
OWNED_DECL Entry005.halfspaceApproximationLaw.congr_simp
OWNED_AXIOMS Entry005.halfspaceApproximationLaw.congr_simp: [propext, Classical.choice, Quot.sound]
PUBLIC_THEOREM Entry005.HalfspaceApproximationSequence Entry005.halfspaceApproximationLaw.congr_simp
OWNED_DECL Entry005.halfspaceApproximationNormals
OWNED_AXIOMS Entry005.halfspaceApproximationNormals: [propext, Classical.choice, Quot.sound]
OWNED_DECL Entry005.halfspaceApproximationNormals._proof_1
OWNED_AXIOMS Entry005.halfspaceApproximationNormals._proof_1: [propext, Classical.choice, Quot.sound]
OWNED_DECL Entry005.halfspaceApproximationProbability
OWNED_AXIOMS Entry005.halfspaceApproximationProbability: [propext, Classical.choice, Quot.sound]
OWNED_DECL Entry005.halfspaceApproximationTolerance
OWNED_AXIOMS Entry005.halfspaceApproximationTolerance: [propext, Classical.choice, Quot.sound]
OWNED_DECL Entry005.halfspace_approximation_atom_polar_boundary
OWNED_AXIOMS Entry005.halfspace_approximation_atom_polar_boundary: [propext, Classical.choice, Quot.sound]
PUBLIC_THEOREM Entry005.ActualBodyPolarBoundary Entry005.halfspace_approximation_atom_polar_boundary
OWNED_DECL Entry005.halfspace_approximation_body_compact
OWNED_AXIOMS Entry005.halfspace_approximation_body_compact: [propext, Classical.choice, Quot.sound]
PUBLIC_THEOREM Entry005.HalfspaceApproximationSequence Entry005.halfspace_approximation_body_compact
OWNED_DECL Entry005.halfspace_approximation_body_contains_unit_ball
OWNED_AXIOMS Entry005.halfspace_approximation_body_contains_unit_ball: [propext, Classical.choice, Quot.sound]
PUBLIC_THEOREM Entry005.HalfspaceApproximationSequence Entry005.halfspace_approximation_body_contains_unit_ball
OWNED_DECL Entry005.halfspace_approximation_body_subset_dilation
OWNED_AXIOMS Entry005.halfspace_approximation_body_subset_dilation: [propext, Classical.choice, Quot.sound]
PUBLIC_THEOREM Entry005.HalfspaceApproximationSequence Entry005.halfspace_approximation_body_subset_dilation
OWNED_DECL Entry005.halfspace_approximation_compact_law_ae_polar_boundary
OWNED_AXIOMS Entry005.halfspace_approximation_compact_law_ae_polar_boundary: [propext, Classical.choice, Quot.sound]
PUBLIC_THEOREM Entry005.ActualBodyPolarBoundary Entry005.halfspace_approximation_compact_law_ae_polar_boundary
OWNED_DECL Entry005.halfspace_approximation_entryA_tendsto
OWNED_AXIOMS Entry005.halfspace_approximation_entryA_tendsto: [propext, Classical.choice, Quot.sound]
PUBLIC_THEOREM Entry005.ActualPyramidMoment Entry005.halfspace_approximation_entryA_tendsto
OWNED_DECL Entry005.halfspace_approximation_heights_pos
OWNED_AXIOMS Entry005.halfspace_approximation_heights_pos: [propext, Classical.choice, Quot.sound]
PUBLIC_THEOREM Entry005.HalfspaceApproximationSequence Entry005.halfspace_approximation_heights_pos
OWNED_DECL Entry005.halfspace_approximation_horizontal_first_moment
OWNED_AXIOMS Entry005.halfspace_approximation_horizontal_first_moment: [propext, Classical.choice, Quot.sound]
PUBLIC_THEOREM Entry005.ActualBodyHorizontalMoment Entry005.halfspace_approximation_horizontal_first_moment
OWNED_DECL Entry005.halfspace_approximation_iid_moments_tendsto
OWNED_AXIOMS Entry005.halfspace_approximation_iid_moments_tendsto: [propext, Classical.choice, Quot.sound]
PUBLIC_THEOREM Entry005.ActualPyramidMoment Entry005.halfspace_approximation_iid_moments_tendsto
OWNED_DECL Entry005.halfspace_approximation_law_ae_polar_boundary
OWNED_AXIOMS Entry005.halfspace_approximation_law_ae_polar_boundary: [propext, Classical.choice, Quot.sound]
PUBLIC_THEOREM Entry005.ActualBodyPolarBoundary Entry005.halfspace_approximation_law_ae_polar_boundary
OWNED_DECL Entry005.halfspace_approximation_law_ae_unit_ball
OWNED_AXIOMS Entry005.halfspace_approximation_law_ae_unit_ball: [propext, Classical.choice, Quot.sound]
PUBLIC_THEOREM Entry005.HalfspaceApproximationSequence Entry005.halfspace_approximation_law_ae_unit_ball
OWNED_DECL Entry005.halfspace_approximation_law_centered
OWNED_AXIOMS Entry005.halfspace_approximation_law_centered: [propext, Classical.choice, Quot.sound]
PUBLIC_THEOREM Entry005.HalfspaceApproximationSequence Entry005.halfspace_approximation_law_centered
OWNED_DECL Entry005.halfspace_approximation_law_negative_brightness
OWNED_AXIOMS Entry005.halfspace_approximation_law_negative_brightness: [propext, Classical.choice, Quot.sound]
PUBLIC_THEOREM Entry005.HalfspaceApproximationSequence Entry005.halfspace_approximation_law_negative_brightness
OWNED_DECL Entry005.halfspace_approximation_law_negative_tendsto
OWNED_AXIOMS Entry005.halfspace_approximation_law_negative_tendsto: [propext, Classical.choice, Quot.sound]
PUBLIC_THEOREM Entry005.HalfspaceApproximationSequence Entry005.halfspace_approximation_law_negative_tendsto
OWNED_DECL Entry005.halfspace_approximation_law_probability
OWNED_AXIOMS Entry005.halfspace_approximation_law_probability: [propext, Classical.choice, Quot.sound]
PUBLIC_THEOREM Entry005.HalfspaceApproximationSequence Entry005.halfspace_approximation_law_probability
OWNED_DECL Entry005.halfspace_approximation_law_support_unit_ball
OWNED_AXIOMS Entry005.halfspace_approximation_law_support_unit_ball: [propext, Classical.choice, Quot.sound]
PUBLIC_THEOREM Entry005.HalfspaceApproximationSequence Entry005.halfspace_approximation_law_support_unit_ball
OWNED_DECL Entry005.halfspace_approximation_normals_injective
OWNED_AXIOMS Entry005.halfspace_approximation_normals_injective: [propext, Classical.choice, Quot.sound]
PUBLIC_THEOREM Entry005.HalfspaceApproximationSequence Entry005.halfspace_approximation_normals_injective
OWNED_DECL Entry005.halfspace_approximation_normals_unit
OWNED_AXIOMS Entry005.halfspace_approximation_normals_unit: [propext, Classical.choice, Quot.sound]
PUBLIC_THEOREM Entry005.HalfspaceApproximationSequence Entry005.halfspace_approximation_normals_unit
OWNED_DECL Entry005.halfspace_approximation_projection_body_volume_tendsto
OWNED_AXIOMS Entry005.halfspace_approximation_projection_body_volume_tendsto: [propext, Classical.choice, Quot.sound]
PUBLIC_THEOREM Entry005.HalfspaceApproximationSequence Entry005.halfspace_approximation_projection_body_volume_tendsto
OWNED_DECL Entry005.halfspace_approximation_projection_ratio_tendsto
OWNED_AXIOMS Entry005.halfspace_approximation_projection_ratio_tendsto: [propext, Classical.choice, Quot.sound]
PUBLIC_THEOREM Entry005.HalfspaceApproximationSequence Entry005.halfspace_approximation_projection_ratio_tendsto
OWNED_DECL Entry005.halfspace_approximation_projection_volume_tendsto
OWNED_AXIOMS Entry005.halfspace_approximation_projection_volume_tendsto: [propext, Classical.choice, Quot.sound]
PUBLIC_THEOREM Entry005.HalfspaceApproximationSequence Entry005.halfspace_approximation_projection_volume_tendsto
OWNED_DECL Entry005.halfspace_approximation_spec
OWNED_AXIOMS Entry005.halfspace_approximation_spec: [propext, Classical.choice, Quot.sound]
PUBLIC_THEOREM Entry005.HalfspaceApproximationSequence Entry005.halfspace_approximation_spec
OWNED_DECL Entry005.halfspace_approximation_tolerance_pos
OWNED_AXIOMS Entry005.halfspace_approximation_tolerance_pos: [propext, Classical.choice, Quot.sound]
PUBLIC_THEOREM Entry005.HalfspaceApproximationSequence Entry005.halfspace_approximation_tolerance_pos
OWNED_DECL Entry005.halfspace_approximation_tolerance_tendsto
OWNED_AXIOMS Entry005.halfspace_approximation_tolerance_tendsto: [propext, Classical.choice, Quot.sound]
PUBLIC_THEOREM Entry005.HalfspaceApproximationSequence Entry005.halfspace_approximation_tolerance_tendsto
OWNED_DECL Entry005.halfspace_approximation_volume_tendsto
OWNED_AXIOMS Entry005.halfspace_approximation_volume_tendsto: [propext, Classical.choice, Quot.sound]
PUBLIC_THEOREM Entry005.HalfspaceApproximationSequence Entry005.halfspace_approximation_volume_tendsto
OWNED_DECL Entry005.hausdorff_from_inner_radius_projection_deficit
OWNED_AXIOMS Entry005.hausdorff_from_inner_radius_projection_deficit: [propext, Classical.choice, Quot.sound]
PUBLIC_THEOREM Entry005.StrongProjectionCap Entry005.hausdorff_from_inner_radius_projection_deficit
OWNED_DECL Entry005.hausdorff_from_projection_deficit
OWNED_AXIOMS Entry005.hausdorff_from_projection_deficit: [propext, Classical.choice, Quot.sound]
PUBLIC_THEOREM Entry005.ProjectionCap Entry005.hausdorff_from_projection_deficit
OWNED_DECL Entry005.hausdorff_from_projection_deficit._proof_1_1
OWNED_AXIOMS Entry005.hausdorff_from_projection_deficit._proof_1_1: [propext, Classical.choice, Quot.sound]
OWNED_DECL Entry005.hausdorff_from_projection_deficit_sqrt
OWNED_AXIOMS Entry005.hausdorff_from_projection_deficit_sqrt: [propext, Classical.choice, Quot.sound]
PUBLIC_THEOREM Entry005.StrongProjectionCap Entry005.hausdorff_from_projection_deficit_sqrt
OWNED_DECL Entry005.hausdorff_from_projection_deficit_sqrt._proof_1_1
OWNED_AXIOMS Entry005.hausdorff_from_projection_deficit_sqrt._proof_1_1: [propext, Classical.choice, Quot.sound]
OWNED_DECL Entry005.horizontalAbsoluteDeterminantTest
OWNED_AXIOMS Entry005.horizontalAbsoluteDeterminantTest: [propext, Classical.choice, Quot.sound]
OWNED_DECL Entry005.horizontalAbsoluteDeterminantTest._proof_1
OWNED_AXIOMS Entry005.horizontalAbsoluteDeterminantTest._proof_1: [propext, Classical.choice, Quot.sound]
OWNED_DECL Entry005.horizontalDeterminant
OWNED_AXIOMS Entry005.horizontalDeterminant: [propext, Classical.choice, Quot.sound]
OWNED_DECL Entry005.horizontalDeterminant.eq_1
OWNED_AXIOMS Entry005.horizontalDeterminant.eq_1: [propext, Classical.choice, Quot.sound]
PUBLIC_THEOREM Entry005.DeterminantWitness Entry005.horizontalDeterminant.eq_1
OWNED_DECL Entry005.horizontal_iid_first_moment_map
OWNED_AXIOMS Entry005.horizontal_iid_first_moment_map: [propext, Classical.choice, Quot.sound]
PUBLIC_THEOREM Entry005.CompactIidMomentContinuity Entry005.horizontal_iid_first_moment_map
OWNED_DECL Entry005.hyperplaneProjection
OWNED_AXIOMS Entry005.hyperplaneProjection: [propext, Classical.choice, Quot.sound]
OWNED_DECL Entry005.hyperplaneProjection._proof_1
OWNED_AXIOMS Entry005.hyperplaneProjection._proof_1: [propext, Classical.choice, Quot.sound]
OWNED_DECL Entry005.hyperplaneProjection._proof_2
OWNED_AXIOMS Entry005.hyperplaneProjection._proof_2: [propext, Classical.choice, Quot.sound]
OWNED_DECL Entry005.hyperplane_dimension
OWNED_AXIOMS Entry005.hyperplane_dimension: [propext, Classical.choice, Quot.sound]
PUBLIC_THEOREM Entry005.ProjectionCap Entry005.hyperplane_dimension
OWNED_DECL Entry005.hyperplane_dimension._proof_1_1
OWNED_AXIOMS Entry005.hyperplane_dimension._proof_1_1: [propext, Classical.choice, Quot.sound]
OWNED_DECL Entry005.hyperplane_projection_basis_determinant
OWNED_AXIOMS Entry005.hyperplane_projection_basis_determinant: [propext, Classical.choice, Quot.sound]
PUBLIC_THEOREM Entry005.HyperplaneProjectionJacobian Entry005.hyperplane_projection_basis_determinant
OWNED_DECL Entry005.hyperplane_projection_volume
OWNED_AXIOMS Entry005.hyperplane_projection_volume: [propext, Classical.choice, Quot.sound]
PUBLIC_THEOREM Entry005.HyperplaneProjectionJacobian Entry005.hyperplane_projection_volume
OWNED_DECL Entry005.hyperplane_projection_volume._proof_1_1
OWNED_AXIOMS Entry005.hyperplane_projection_volume._proof_1_1: [propext, Classical.choice, Quot.sound]
OWNED_DECL Entry005.iidAnchorTestSplit
OWNED_AXIOMS Entry005.iidAnchorTestSplit: [propext, Classical.choice, Quot.sound]
OWNED_DECL Entry005.iidAnchorTestSplit.eq_1
OWNED_AXIOMS Entry005.iidAnchorTestSplit.eq_1: [propext, Classical.choice, Quot.sound]
PUBLIC_THEOREM Entry005.PaperWitnessTransport Entry005.iidAnchorTestSplit.eq_1
OWNED_DECL Entry005.iidAnchorVolumeWeightedLaw
OWNED_AXIOMS Entry005.iidAnchorVolumeWeightedLaw: [propext, Classical.choice, Quot.sound]
OWNED_DECL Entry005.iidBasePairSplit
OWNED_AXIOMS Entry005.iidBasePairSplit: [propext, Classical.choice, Quot.sound]
OWNED_DECL Entry005.iidBasePairSplit.eq_1
OWNED_AXIOMS Entry005.iidBasePairSplit.eq_1: [propext, Classical.choice, Quot.sound]
PUBLIC_THEOREM Entry005.PaperWitnessTransport Entry005.iidBasePairSplit.eq_1
OWNED_DECL Entry005.iidLaw
OWNED_AXIOMS Entry005.iidLaw: [propext, Classical.choice, Quot.sound]
OWNED_DECL Entry005.iidLaw.eq_1
OWNED_AXIOMS Entry005.iidLaw.eq_1: [propext, Classical.choice, Quot.sound]
PUBLIC_THEOREM Entry005.ConeLawFinite Entry005.iidLaw.eq_1
OWNED_DECL Entry005.iidLaw_probability
OWNED_AXIOMS Entry005.iidLaw_probability: [propext, Classical.choice, Quot.sound]
PUBLIC_THEOREM Entry005.IidTransport Entry005.iidLaw_probability
OWNED_DECL Entry005.iidProbabilityMeasure
OWNED_AXIOMS Entry005.iidProbabilityMeasure: [propext, Classical.choice, Quot.sound]
OWNED_DECL Entry005.iidProbabilityMeasure._proof_1
OWNED_AXIOMS Entry005.iidProbabilityMeasure._proof_1: [propext, Classical.choice, Quot.sound]
OWNED_DECL Entry005.iidProbabilityMeasure_cons
OWNED_AXIOMS Entry005.iidProbabilityMeasure_cons: [propext, Classical.choice, Quot.sound]
PUBLIC_THEOREM Entry005.CompactIidMomentContinuity Entry005.iidProbabilityMeasure_cons
OWNED_DECL Entry005.iidProbabilityMeasure_map
OWNED_AXIOMS Entry005.iidProbabilityMeasure_map: [propext, Classical.choice, Quot.sound]
PUBLIC_THEOREM Entry005.CompactIidMomentContinuity Entry005.iidProbabilityMeasure_map
OWNED_DECL Entry005.iidProbabilityMeasure_toMeasure
OWNED_AXIOMS Entry005.iidProbabilityMeasure_toMeasure: [propext, Classical.choice, Quot.sound]
PUBLIC_THEOREM Entry005.CompactIidMomentContinuity Entry005.iidProbabilityMeasure_toMeasure
OWNED_DECL Entry005.iidSplit
OWNED_AXIOMS Entry005.iidSplit: [propext, Classical.choice, Quot.sound]
OWNED_DECL Entry005.iidSplit._proof_1
OWNED_AXIOMS Entry005.iidSplit._proof_1: [propext]
OWNED_DECL Entry005.iidSplit.eq_1
OWNED_AXIOMS Entry005.iidSplit.eq_1: [propext, Classical.choice, Quot.sound]
PUBLIC_THEOREM Entry005.RoundAnchorChain Entry005.iidSplit.eq_1
OWNED_DECL Entry005.iidWitnessTransport
OWNED_AXIOMS Entry005.iidWitnessTransport: [propext, Classical.choice, Quot.sound]
OWNED_DECL Entry005.iidWitnessTransport.eq_1
OWNED_AXIOMS Entry005.iidWitnessTransport.eq_1: [propext, Classical.choice, Quot.sound]
PUBLIC_THEOREM Entry005.PaperWitnessTransport Entry005.iidWitnessTransport.eq_1
OWNED_DECL Entry005.iid_anchor_support_ae
OWNED_AXIOMS Entry005.iid_anchor_support_ae: [propext, Classical.choice, Quot.sound]
PUBLIC_THEOREM Entry005.IidWeightedAnchorSelection Entry005.iid_anchor_support_ae
OWNED_DECL Entry005.iid_anchor_test_preserving
OWNED_AXIOMS Entry005.iid_anchor_test_preserving: [propext, Classical.choice, Quot.sound]
PUBLIC_THEOREM Entry005.IidTransport Entry005.iid_anchor_test_preserving
OWNED_DECL Entry005.iid_anchor_volume_integrable
OWNED_AXIOMS Entry005.iid_anchor_volume_integrable: [propext, Classical.choice, Quot.sound]
PUBLIC_THEOREM Entry005.IidWeightedAnchorSelection Entry005.iid_anchor_volume_integrable
OWNED_DECL Entry005.iid_anchor_volume_integral_eq
OWNED_AXIOMS Entry005.iid_anchor_volume_integral_eq: [propext, Classical.choice, Quot.sound]
PUBLIC_THEOREM Entry005.IidWeightedAnchorSelection Entry005.iid_anchor_volume_integral_eq
OWNED_DECL Entry005.iid_anchor_volume_integral_pos_of_euclidean_support_affineSpan_top
OWNED_AXIOMS Entry005.iid_anchor_volume_integral_pos_of_euclidean_support_affineSpan_top: [propext,
 Classical.choice,
 Quot.sound]
PUBLIC_THEOREM Entry005.IidAnchorSpanningSupport Entry005.iid_anchor_volume_integral_pos_of_euclidean_support_affineSpan_top
OWNED_DECL Entry005.iid_anchor_volume_integral_pos_of_support_affineIndependent
OWNED_AXIOMS Entry005.iid_anchor_volume_integral_pos_of_support_affineIndependent: [propext,
 Classical.choice,
 Quot.sound]
PUBLIC_THEOREM Entry005.IidAnchorFirstMomentPositive Entry005.iid_anchor_volume_integral_pos_of_support_affineIndependent
OWNED_DECL Entry005.iid_anchor_volume_integral_pos_of_support_affineSpan_top
OWNED_AXIOMS Entry005.iid_anchor_volume_integral_pos_of_support_affineSpan_top: [propext, Classical.choice, Quot.sound]
PUBLIC_THEOREM Entry005.IidAnchorSpanningSupport Entry005.iid_anchor_volume_integral_pos_of_support_affineSpan_top
OWNED_DECL Entry005.iid_anchor_volume_integral_pos_of_support_det_ne_zero
OWNED_AXIOMS Entry005.iid_anchor_volume_integral_pos_of_support_det_ne_zero: [propext, Classical.choice, Quot.sound]
PUBLIC_THEOREM Entry005.IidAnchorFirstMomentPositive Entry005.iid_anchor_volume_integral_pos_of_support_det_ne_zero
OWNED_DECL Entry005.iid_anchor_volume_integral_pos_of_support_det_ne_zero._simp_1_1
OWNED_AXIOMS Entry005.iid_anchor_volume_integral_pos_of_support_det_ne_zero._simp_1_1: [propext]
OWNED_DECL Entry005.iid_anchor_volume_integral_pos_of_support_det_ne_zero._simp_1_2
OWNED_AXIOMS Entry005.iid_anchor_volume_integral_pos_of_support_det_ne_zero._simp_1_2: [propext, Quot.sound]
OWNED_DECL Entry005.iid_anchor_volume_integral_pos_of_support_raw_affineIndependent
OWNED_AXIOMS Entry005.iid_anchor_volume_integral_pos_of_support_raw_affineIndependent: [propext,
 Classical.choice,
 Quot.sound]
PUBLIC_THEOREM Entry005.IidAnchorFirstMomentPositive Entry005.iid_anchor_volume_integral_pos_of_support_raw_affineIndependent
OWNED_DECL Entry005.iid_anchor_volume_weighted_law_ae_support_pos
OWNED_AXIOMS Entry005.iid_anchor_volume_weighted_law_ae_support_pos: [propext, Classical.choice, Quot.sound]
PUBLIC_THEOREM Entry005.IidWeightedAnchorSelection Entry005.iid_anchor_volume_weighted_law_ae_support_pos
OWNED_DECL Entry005.iid_anchor_volume_weighted_law_probability
OWNED_AXIOMS Entry005.iid_anchor_volume_weighted_law_probability: [propext, Classical.choice, Quot.sound]
PUBLIC_THEOREM Entry005.IidWeightedAnchorSelection Entry005.iid_anchor_volume_weighted_law_probability
OWNED_DECL Entry005.iid_anchor_volume_weighted_witness_ratio_budget
OWNED_AXIOMS Entry005.iid_anchor_volume_weighted_witness_ratio_budget: [propext, Classical.choice, Quot.sound]
PUBLIC_THEOREM Entry005.IidWeightedAnchorSelection Entry005.iid_anchor_volume_weighted_witness_ratio_budget
OWNED_DECL Entry005.iid_base_pair_preserving
OWNED_AXIOMS Entry005.iid_base_pair_preserving: [propext, Classical.choice, Quot.sound]
PUBLIC_THEOREM Entry005.IidTransport Entry005.iid_base_pair_preserving
OWNED_DECL Entry005.iid_determinant_second_moment
OWNED_AXIOMS Entry005.iid_determinant_second_moment: [propext, Classical.choice, Quot.sound]
PUBLIC_THEOREM Entry005.DeterminantMoment Entry005.iid_determinant_second_moment
OWNED_DECL Entry005.iid_determinant_witness_anchor
OWNED_AXIOMS Entry005.iid_determinant_witness_anchor: [propext, Classical.choice, Quot.sound]
PUBLIC_THEOREM Entry005.IidTransport Entry005.iid_determinant_witness_anchor
OWNED_DECL Entry005.iid_integral_map
OWNED_AXIOMS Entry005.iid_integral_map: [propext, Classical.choice, Quot.sound]
PUBLIC_THEOREM Entry005.CompactIidMomentContinuity Entry005.iid_integral_map
OWNED_DECL Entry005.iid_lifted_determinant_integrable
OWNED_AXIOMS Entry005.iid_lifted_determinant_integrable: [propext, Classical.choice, Quot.sound]
PUBLIC_THEOREM Entry005.RoundAnchorChain Entry005.iid_lifted_determinant_integrable
OWNED_DECL Entry005.iid_paper_assignment_witness_budget
OWNED_AXIOMS Entry005.iid_paper_assignment_witness_budget: [propext, Classical.choice, Quot.sound]
PUBLIC_THEOREM Entry005.IidWeightedAnchorSelection Entry005.iid_paper_assignment_witness_budget
OWNED_DECL Entry005.iid_split_preserving
OWNED_AXIOMS Entry005.iid_split_preserving: [propext, Classical.choice, Quot.sound]
PUBLIC_THEOREM Entry005.IidTransport Entry005.iid_split_preserving
OWNED_DECL Entry005.iid_support_tuple_mem_support
OWNED_AXIOMS Entry005.iid_support_tuple_mem_support: [propext, Classical.choice, Quot.sound]
PUBLIC_THEOREM Entry005.IidAnchorFirstMomentPositive Entry005.iid_support_tuple_mem_support
OWNED_DECL Entry005.iid_volume_weighted_paper_witness_anchor
OWNED_AXIOMS Entry005.iid_volume_weighted_paper_witness_anchor: [propext, Classical.choice, Quot.sound]
PUBLIC_THEOREM Entry005.IidWeightedAnchorSelection Entry005.iid_volume_weighted_paper_witness_anchor
OWNED_DECL Entry005.iid_witness_transport_preserving
OWNED_AXIOMS Entry005.iid_witness_transport_preserving: [propext, Classical.choice, Quot.sound]
PUBLIC_THEOREM Entry005.IidTransport Entry005.iid_witness_transport_preserving
OWNED_DECL Entry005.innerProjectionRadius
OWNED_AXIOMS Entry005.innerProjectionRadius: [propext, Classical.choice, Quot.sound]
OWNED_DECL Entry005.innerProjectionRadius.eq_1
OWNED_AXIOMS Entry005.innerProjectionRadius.eq_1: [propext, Classical.choice, Quot.sound]
PUBLIC_THEOREM Entry005.StrongGeometricEndpoint Entry005.innerProjectionRadius.eq_1
OWNED_DECL Entry005.inner_level_volume_zero
OWNED_AXIOMS Entry005.inner_level_volume_zero: [propext, Classical.choice, Quot.sound]
PUBLIC_THEOREM Entry005.FiniteHalfspaceFacets Entry005.inner_level_volume_zero
OWNED_DECL Entry005.inner_project
OWNED_AXIOMS Entry005.inner_project: [propext, Classical.choice, Quot.sound]
PUBLIC_THEOREM Entry005.ProjectionCap Entry005.inner_project
OWNED_DECL Entry005.inner_pyramidBaseNormal
OWNED_AXIOMS Entry005.inner_pyramidBaseNormal: [propext, Classical.choice, Quot.sound]
PUBLIC_THEOREM Entry005.PyramidHalfspaces Entry005.inner_pyramidBaseNormal
OWNED_DECL Entry005.inner_pyramidSideNormal
OWNED_AXIOMS Entry005.inner_pyramidSideNormal: [propext, Classical.choice, Quot.sound]
PUBLIC_THEOREM Entry005.PyramidHalfspaces Entry005.inner_pyramidSideNormal
OWNED_DECL Entry005.instDecidableEqPaperWitnessIndex
OWNED_AXIOMS Entry005.instDecidableEqPaperWitnessIndex: []
OWNED_DECL Entry005.instFintypePaperWitnessIndex
OWNED_AXIOMS Entry005.instFintypePaperWitnessIndex: [propext, Classical.choice, Quot.sound]
OWNED_DECL Entry005.integrable_anchor_coordinates
OWNED_AXIOMS Entry005.integrable_anchor_coordinates: [propext, Classical.choice, Quot.sound]
PUBLIC_THEOREM Entry005.AnchorCoordinates Entry005.integrable_anchor_coordinates
OWNED_DECL Entry005.integrable_family_defect
OWNED_AXIOMS Entry005.integrable_family_defect: [propext, Classical.choice, Quot.sound]
PUBLIC_THEOREM Entry005.FamilyWitness Entry005.integrable_family_defect
OWNED_DECL Entry005.integral_absolute_decomposition
OWNED_AXIOMS Entry005.integral_absolute_decomposition: [propext, Classical.choice, Quot.sound]
PUBLIC_THEOREM Entry005.IntegratedWitness Entry005.integral_absolute_decomposition
OWNED_DECL Entry005.integral_absolute_decomposition._proof_1_1
OWNED_AXIOMS Entry005.integral_absolute_decomposition._proof_1_1: [propext, Classical.choice, Quot.sound]
OWNED_DECL Entry005.integral_cancellation_identity
OWNED_AXIOMS Entry005.integral_cancellation_identity: [propext, Classical.choice, Quot.sound]
PUBLIC_THEOREM Entry005.IntegratedWitness Entry005.integral_cancellation_identity
OWNED_DECL Entry005.integral_determinant_assignment_witness_eq_transportedWitnessSum
OWNED_AXIOMS Entry005.integral_determinant_assignment_witness_eq_transportedWitnessSum: [propext,
 Classical.choice,
 Quot.sound]
PUBLIC_THEOREM Entry005.PaperWitnessTransport Entry005.integral_determinant_assignment_witness_eq_transportedWitnessSum
OWNED_DECL Entry005.integral_dot_square
OWNED_AXIOMS Entry005.integral_dot_square: [propext, Classical.choice, Quot.sound]
PUBLIC_THEOREM Entry005.DeterminantMoment Entry005.integral_dot_square
OWNED_DECL Entry005.integral_lifted_determinant
OWNED_AXIOMS Entry005.integral_lifted_determinant: [propext, Classical.choice, Quot.sound]
PUBLIC_THEOREM Entry005.DeterminantWitness Entry005.integral_lifted_determinant
OWNED_DECL Entry005.integral_mean_decomposition
OWNED_AXIOMS Entry005.integral_mean_decomposition: [propext, Classical.choice, Quot.sound]
PUBLIC_THEOREM Entry005.IntegratedWitness Entry005.integral_mean_decomposition
OWNED_DECL Entry005.integral_mean_decomposition._proof_1_1
OWNED_AXIOMS Entry005.integral_mean_decomposition._proof_1_1: [propext, Classical.choice, Quot.sound]
OWNED_DECL Entry005.integrated_actual_determinant_assignment_cost
OWNED_AXIOMS Entry005.integrated_actual_determinant_assignment_cost: [propext, Classical.choice, Quot.sound]
PUBLIC_THEOREM Entry005.AnchorCoordinates Entry005.integrated_actual_determinant_assignment_cost
OWNED_DECL Entry005.integrated_clipped_largest_assignment_error
OWNED_AXIOMS Entry005.integrated_clipped_largest_assignment_error: [propext, Classical.choice, Quot.sound]
PUBLIC_THEOREM Entry005.ClippedAssignmentKernel Entry005.integrated_clipped_largest_assignment_error
OWNED_DECL Entry005.integrated_family_witness_le
OWNED_AXIOMS Entry005.integrated_family_witness_le: [propext, Classical.choice, Quot.sound]
PUBLIC_THEOREM Entry005.FamilyWitness Entry005.integrated_family_witness_le
OWNED_DECL Entry005.integrated_largest_assignment_error
OWNED_AXIOMS Entry005.integrated_largest_assignment_error: [propext, Classical.choice, Quot.sound]
PUBLIC_THEOREM Entry005.AssignmentKernel Entry005.integrated_largest_assignment_error
OWNED_DECL Entry005.integrated_opposite_witness_le
OWNED_AXIOMS Entry005.integrated_opposite_witness_le: [propext, Classical.choice, Quot.sound]
PUBLIC_THEOREM Entry005.IntegratedWitness Entry005.integrated_opposite_witness_le
OWNED_DECL Entry005.isometry_volume_image
OWNED_AXIOMS Entry005.isometry_volume_image: [propext, Classical.choice, Quot.sound]
PUBLIC_THEOREM Entry005.HyperplaneProjectionJacobian Entry005.isometry_volume_image
OWNED_DECL Entry005.largestCoordinate
OWNED_AXIOMS Entry005.largestCoordinate: [propext, Classical.choice, Quot.sound]
OWNED_DECL Entry005.largest_coordinate_assignment_error
OWNED_AXIOMS Entry005.largest_coordinate_assignment_error: [propext, Classical.choice, Quot.sound]
PUBLIC_THEOREM Entry005.AssignmentKernel Entry005.largest_coordinate_assignment_error
OWNED_DECL Entry005.largest_coordinate_clipped_assignment_error
OWNED_AXIOMS Entry005.largest_coordinate_clipped_assignment_error: [propext, Classical.choice, Quot.sound]
PUBLIC_THEOREM Entry005.ClippedAssignmentKernel Entry005.largest_coordinate_clipped_assignment_error
OWNED_DECL Entry005.largest_coordinate_fiber
OWNED_AXIOMS Entry005.largest_coordinate_fiber: [propext, Classical.choice, Quot.sound]
PUBLIC_THEOREM Entry005.LargestCoordinate Entry005.largest_coordinate_fiber
OWNED_DECL Entry005.largest_coordinate_max
OWNED_AXIOMS Entry005.largest_coordinate_max: [propext, Classical.choice, Quot.sound]
PUBLIC_THEOREM Entry005.LargestCoordinate Entry005.largest_coordinate_max
OWNED_DECL Entry005.largest_coordinate_positive
OWNED_AXIOMS Entry005.largest_coordinate_positive: [propext, Classical.choice, Quot.sound]
PUBLIC_THEOREM Entry005.LargestCoordinate Entry005.largest_coordinate_positive
OWNED_DECL Entry005.liftedAbsoluteDeterminantTest
OWNED_AXIOMS Entry005.liftedAbsoluteDeterminantTest: [propext, Classical.choice, Quot.sound]
OWNED_DECL Entry005.liftedAbsoluteDeterminantTest._proof_1
OWNED_AXIOMS Entry005.liftedAbsoluteDeterminantTest._proof_1: [propext]
OWNED_DECL Entry005.liftedAbsoluteDeterminantTest._proof_2
OWNED_AXIOMS Entry005.liftedAbsoluteDeterminantTest._proof_2: [propext, Classical.choice, Quot.sound]
OWNED_DECL Entry005.liftedAffineEquiv
OWNED_AXIOMS Entry005.liftedAffineEquiv: [propext, Classical.choice, Quot.sound]
OWNED_DECL Entry005.liftedAffineEquiv._proof_1
OWNED_AXIOMS Entry005.liftedAffineEquiv._proof_1: [propext]
OWNED_DECL Entry005.liftedAffineEquiv._proof_2
OWNED_AXIOMS Entry005.liftedAffineEquiv._proof_2: [propext, Classical.choice, Quot.sound]
OWNED_DECL Entry005.liftedAffineEquiv._proof_3
OWNED_AXIOMS Entry005.liftedAffineEquiv._proof_3: [propext, Classical.choice, Quot.sound]
OWNED_DECL Entry005.liftedAffineEquiv.eq_1
OWNED_AXIOMS Entry005.liftedAffineEquiv.eq_1: [propext, Classical.choice, Quot.sound]
PUBLIC_THEOREM Entry005.AffinePyramid Entry005.liftedAffineEquiv.eq_1
OWNED_DECL Entry005.liftedAffineEquiv_apex
OWNED_AXIOMS Entry005.liftedAffineEquiv_apex: [propext, Classical.choice, Quot.sound]
PUBLIC_THEOREM Entry005.AffinePyramid Entry005.liftedAffineEquiv_apex
OWNED_DECL Entry005.liftedAffineEquiv_apply
OWNED_AXIOMS Entry005.liftedAffineEquiv_apply: [propext, Classical.choice, Quot.sound]
PUBLIC_THEOREM Entry005.AffinePyramid Entry005.liftedAffineEquiv_apply
OWNED_DECL Entry005.liftedAffineEquiv_apply._abel_1_2
OWNED_AXIOMS Entry005.liftedAffineEquiv_apply._abel_1_2: [propext, Classical.choice, Quot.sound]
OWNED_DECL Entry005.liftedAffineEquiv_base
OWNED_AXIOMS Entry005.liftedAffineEquiv_base: [propext, Classical.choice, Quot.sound]
PUBLIC_THEOREM Entry005.AffinePyramid Entry005.liftedAffineEquiv_base
OWNED_DECL Entry005.liftedAffineEquiv_det
OWNED_AXIOMS Entry005.liftedAffineEquiv_det: [propext, Classical.choice, Quot.sound]
PUBLIC_THEOREM Entry005.AffinePyramid Entry005.liftedAffineEquiv_det
OWNED_DECL Entry005.liftedAffineEquiv_symm_apply
OWNED_AXIOMS Entry005.liftedAffineEquiv_symm_apply: [propext, Classical.choice, Quot.sound]
PUBLIC_THEOREM Entry005.AffinePyramid Entry005.liftedAffineEquiv_symm_apply
OWNED_DECL Entry005.liftedCoordinates
OWNED_AXIOMS Entry005.liftedCoordinates: [propext, Classical.choice, Quot.sound]
OWNED_DECL Entry005.liftedCoordinates.eq_1
OWNED_AXIOMS Entry005.liftedCoordinates.eq_1: [propext, Classical.choice, Quot.sound]
PUBLIC_THEOREM Entry005.DeterminantMoment Entry005.liftedCoordinates.eq_1
OWNED_DECL Entry005.liftedDeterminant
OWNED_AXIOMS Entry005.liftedDeterminant: [propext, Classical.choice, Quot.sound]
OWNED_DECL Entry005.liftedDeterminant.eq_1
OWNED_AXIOMS Entry005.liftedDeterminant.eq_1: [propext, Classical.choice, Quot.sound]
PUBLIC_THEOREM Entry005.DeterminantMoment Entry005.liftedDeterminant.eq_1
OWNED_DECL Entry005.lifted_determinant_expansion
OWNED_AXIOMS Entry005.lifted_determinant_expansion: [propext, Classical.choice, Quot.sound]
PUBLIC_THEOREM Entry005.DeterminantWitness Entry005.lifted_determinant_expansion
OWNED_DECL Entry005.lifted_determinant_integrable
OWNED_AXIOMS Entry005.lifted_determinant_integrable: [propext, Classical.choice, Quot.sound]
PUBLIC_THEOREM Entry005.DeterminantWitness Entry005.lifted_determinant_integrable
OWNED_DECL Entry005.lifted_iid_first_moment_map
OWNED_AXIOMS Entry005.lifted_iid_first_moment_map: [propext, Classical.choice, Quot.sound]
PUBLIC_THEOREM Entry005.CompactIidMomentContinuity Entry005.lifted_iid_first_moment_map
OWNED_DECL Entry005.lifted_unit_column_norm
OWNED_AXIOMS Entry005.lifted_unit_column_norm: [propext, Classical.choice, Quot.sound]
PUBLIC_THEOREM Entry005.UnitBallDeterminant Entry005.lifted_unit_column_norm
OWNED_DECL Entry005.lower_projected_facets_inter_volume_zero
OWNED_AXIOMS Entry005.lower_projected_facets_inter_volume_zero: [propext, Classical.choice, Quot.sound]
PUBLIC_THEOREM Entry005.FiniteHalfspaceFacets Entry005.lower_projected_facets_inter_volume_zero
OWNED_DECL Entry005.maximumInscribed
OWNED_AXIOMS Entry005.maximumInscribed: [propext, Classical.choice, Quot.sound]
OWNED_DECL Entry005.maximumInscribed._proof_1
OWNED_AXIOMS Entry005.maximumInscribed._proof_1: [propext, Classical.choice, Quot.sound]
OWNED_DECL Entry005.maximumInscribed._proof_2
OWNED_AXIOMS Entry005.maximumInscribed._proof_2: [propext, Classical.choice, Quot.sound]
OWNED_DECL Entry005.maximumInscribed_R0_ball
OWNED_AXIOMS Entry005.maximumInscribed_R0_ball: [propext, Classical.choice, Quot.sound]
PUBLIC_THEOREM Entry005.MaximumOuterBall Entry005.maximumInscribed_R0_ball
OWNED_DECL Entry005.maximumInscribed_affine_iff
OWNED_AXIOMS Entry005.maximumInscribed_affine_iff: [propext, Classical.choice, Quot.sound]
PUBLIC_THEOREM Entry005.AffineNormalization Entry005.maximumInscribed_affine_iff
OWNED_DECL Entry005.maximumInscribed_centered_bound
OWNED_AXIOMS Entry005.maximumInscribed_centered_bound: [propext, Classical.choice, Quot.sound]
PUBLIC_THEOREM Entry005.CentroidMaximumBound Entry005.maximumInscribed_centered_bound
OWNED_DECL Entry005.maximumInscribed_centered_bound._abel_1_1
OWNED_AXIOMS Entry005.maximumInscribed_centered_bound._abel_1_1: [propext, Classical.choice, Quot.sound]
OWNED_DECL Entry005.maximumInscribed_coord_abs_le_one
OWNED_AXIOMS Entry005.maximumInscribed_coord_abs_le_one: [propext, Classical.choice, Quot.sound]
PUBLIC_THEOREM Entry005.MaximumOuterBall Entry005.maximumInscribed_coord_abs_le_one
OWNED_DECL Entry005.maximumInscribed_excess_le_dim_add_one
OWNED_AXIOMS Entry005.maximumInscribed_excess_le_dim_add_one: [propext, Classical.choice, Quot.sound]
PUBLIC_THEOREM Entry005.CentroidMaximumBound Entry005.maximumInscribed_excess_le_dim_add_one
OWNED_DECL Entry005.maximumInscribed_outer_ball
OWNED_AXIOMS Entry005.maximumInscribed_outer_ball: [propext, Classical.choice, Quot.sound]
PUBLIC_THEOREM Entry005.MaximumOuterBall Entry005.maximumInscribed_outer_ball
OWNED_DECL Entry005.maximumInscribed_outer_ball._simp_1_1
OWNED_AXIOMS Entry005.maximumInscribed_outer_ball._simp_1_1: [propext, Classical.choice, Quot.sound]
OWNED_DECL Entry005.maximumInscribed_regular_norm_sq
OWNED_AXIOMS Entry005.maximumInscribed_regular_norm_sq: [propext, Classical.choice, Quot.sound]
PUBLIC_THEOREM Entry005.SharpNormalizationRadius Entry005.maximumInscribed_regular_norm_sq
OWNED_DECL Entry005.maximumInscribed_regular_sharp_ball
OWNED_AXIOMS Entry005.maximumInscribed_regular_sharp_ball: [propext, Classical.choice, Quot.sound]
PUBLIC_THEOREM Entry005.SharpNormalizationRadius Entry005.maximumInscribed_regular_sharp_ball
OWNED_DECL Entry005.maximumInscribed_regular_sharp_ball._simp_1_1
OWNED_AXIOMS Entry005.maximumInscribed_regular_sharp_ball._simp_1_1: [propext, Classical.choice, Quot.sound]
OWNED_DECL Entry005.maximum_simplex_excess_le_R0_sub_one
OWNED_AXIOMS Entry005.maximum_simplex_excess_le_R0_sub_one: [propext, Classical.choice, Quot.sound]
PUBLIC_THEOREM Entry005.GeometricEndpoint Entry005.maximum_simplex_excess_le_R0_sub_one
OWNED_DECL Entry005.maximum_simplex_normalized_geometric_endpoint
OWNED_AXIOMS Entry005.maximum_simplex_normalized_geometric_endpoint: [propext, Classical.choice, Quot.sound]
PUBLIC_THEOREM Entry005.AffineNormalization Entry005.maximum_simplex_normalized_geometric_endpoint
OWNED_DECL Entry005.maximum_simplex_regular_geometric_endpoint
OWNED_AXIOMS Entry005.maximum_simplex_regular_geometric_endpoint: [propext, Classical.choice, Quot.sound]
PUBLIC_THEOREM Entry005.GeometricEndpoint Entry005.maximum_simplex_regular_geometric_endpoint
OWNED_DECL Entry005.maximum_simplex_regular_geometric_endpoint._proof_1_1
OWNED_AXIOMS Entry005.maximum_simplex_regular_geometric_endpoint._proof_1_1: [propext, Quot.sound]
OWNED_DECL Entry005.maximum_simplex_regular_normalization
OWNED_AXIOMS Entry005.maximum_simplex_regular_normalization: [propext, Classical.choice, Quot.sound]
PUBLIC_THEOREM Entry005.RegularSimplex Entry005.maximum_simplex_regular_normalization
OWNED_DECL Entry005.maximum_simplex_sharp_radius_normalization
OWNED_AXIOMS Entry005.maximum_simplex_sharp_radius_normalization: [propext, Classical.choice, Quot.sound]
PUBLIC_THEOREM Entry005.SharpNormalizationRadius Entry005.maximum_simplex_sharp_radius_normalization
OWNED_DECL Entry005.maximum_simplex_strong_geometric_endpoint
OWNED_AXIOMS Entry005.maximum_simplex_strong_geometric_endpoint: [propext, Classical.choice, Quot.sound]
PUBLIC_THEOREM Entry005.StrongGeometricEndpoint Entry005.maximum_simplex_strong_geometric_endpoint
OWNED_DECL Entry005.maximum_simplex_strong_geometric_endpoint._proof_1_1
OWNED_AXIOMS Entry005.maximum_simplex_strong_geometric_endpoint._proof_1_1: [propext, Quot.sound]
OWNED_DECL Entry005.maximum_simplex_strong_normalization_invariants
OWNED_AXIOMS Entry005.maximum_simplex_strong_normalization_invariants: [propext, Classical.choice, Quot.sound]
PUBLIC_THEOREM Entry005.EntryAffineInvariance Entry005.maximum_simplex_strong_normalization_invariants
OWNED_DECL Entry005.maximum_simplex_volume_ratio
OWNED_AXIOMS Entry005.maximum_simplex_volume_ratio: [propext, Classical.choice, Quot.sound]
PUBLIC_THEOREM Entry005.PrescribedSimplex Entry005.maximum_simplex_volume_ratio
OWNED_DECL Entry005.maximum_simplex_zero_hausdorff
OWNED_AXIOMS Entry005.maximum_simplex_zero_hausdorff: [propext, Classical.choice, Quot.sound]
PUBLIC_THEOREM Entry005.HausdorffRetention Entry005.maximum_simplex_zero_hausdorff
OWNED_DECL Entry005.measurable_anchor_coordinates
OWNED_AXIOMS Entry005.measurable_anchor_coordinates: [propext, Classical.choice, Quot.sound]
PUBLIC_THEOREM Entry005.AnchorCoordinates Entry005.measurable_anchor_coordinates
OWNED_DECL Entry005.measurable_compactBallRaw
OWNED_AXIOMS Entry005.measurable_compactBallRaw: [propext, Classical.choice, Quot.sound]
PUBLIC_THEOREM Entry005.CompactBallConeLaw Entry005.measurable_compactBallRaw
OWNED_DECL Entry005.measurable_iid_anchor_volume
OWNED_AXIOMS Entry005.measurable_iid_anchor_volume: [propext, Classical.choice, Quot.sound]
PUBLIC_THEOREM Entry005.IidWeightedAnchorSelection Entry005.measurable_iid_anchor_volume
OWNED_DECL Entry005.measurable_largest_coordinate
OWNED_AXIOMS Entry005.measurable_largest_coordinate: [propext, Classical.choice, Quot.sound]
PUBLIC_THEOREM Entry005.LargestCoordinate Entry005.measurable_largest_coordinate
OWNED_DECL Entry005.measurable_largest_coordinate._simp_1_1
OWNED_AXIOMS Entry005.measurable_largest_coordinate._simp_1_1: [propext]
OWNED_DECL Entry005.measurable_lifted_determinant
OWNED_AXIOMS Entry005.measurable_lifted_determinant: [propext, Classical.choice, Quot.sound]
PUBLIC_THEOREM Entry005.DeterminantWitness Entry005.measurable_lifted_determinant
OWNED_DECL Entry005.measurable_rawToCompactBall
OWNED_AXIOMS Entry005.measurable_rawToCompactBall: [propext, Classical.choice, Quot.sound]
PUBLIC_THEOREM Entry005.CompactBallConeLaw Entry005.measurable_rawToCompactBall
OWNED_DECL Entry005.mem_iff_geometricSupport
OWNED_AXIOMS Entry005.mem_iff_geometricSupport: [propext, Classical.choice, Quot.sound]
PUBLIC_THEOREM Entry005.HausdorffRetention Entry005.mem_iff_geometricSupport
OWNED_DECL Entry005.mem_projectionBodySet_iff_brightness
OWNED_AXIOMS Entry005.mem_projectionBodySet_iff_brightness: [propext, Classical.choice, Quot.sound]
PUBLIC_THEOREM Entry005.ProjectionBodyDirections Entry005.mem_projectionBodySet_iff_brightness
OWNED_DECL Entry005.mem_projectionBodySet_iff_brightness._simp_1_3
OWNED_AXIOMS Entry005.mem_projectionBodySet_iff_brightness._simp_1_3: []
OWNED_DECL Entry005.mem_pyramidHalfspace_iff
OWNED_AXIOMS Entry005.mem_pyramidHalfspace_iff: [propext, Classical.choice, Quot.sound]
PUBLIC_THEOREM Entry005.PyramidHalfspaces Entry005.mem_pyramidHalfspace_iff
OWNED_DECL Entry005.mem_pyramidSet_iff
OWNED_AXIOMS Entry005.mem_pyramidSet_iff: [propext, Classical.choice, Quot.sound]
PUBLIC_THEOREM Entry005.PyramidVolume Entry005.mem_pyramidSet_iff
OWNED_DECL Entry005.negativeAssignmentCost
OWNED_AXIOMS Entry005.negativeAssignmentCost: [propext, Classical.choice, Quot.sound]
OWNED_DECL Entry005.negativeAssignmentCost.eq_1
OWNED_AXIOMS Entry005.negativeAssignmentCost.eq_1: [propext, Classical.choice, Quot.sound]
PUBLIC_THEOREM Entry005.ClippedAssignmentKernel Entry005.negativeAssignmentCost.eq_1
OWNED_DECL Entry005.negativeIntegral
OWNED_AXIOMS Entry005.negativeIntegral: [propext, Classical.choice, Quot.sound]
OWNED_DECL Entry005.negativeIntegral.eq_1
OWNED_AXIOMS Entry005.negativeIntegral.eq_1: [propext, Classical.choice, Quot.sound]
PUBLIC_THEOREM Entry005.IntegratedWitness Entry005.negativeIntegral.eq_1
OWNED_DECL Entry005.nested_body_cap_gain
OWNED_AXIOMS Entry005.nested_body_cap_gain: [propext, Classical.choice, Quot.sound]
PUBLIC_THEOREM Entry005.Cap Entry005.nested_body_cap_gain
OWNED_DECL Entry005.nested_body_cap_gain._simp_1_1
OWNED_AXIOMS Entry005.nested_body_cap_gain._simp_1_1: [propext, Classical.choice, Quot.sound]
OWNED_DECL Entry005.normalHyperplane
OWNED_AXIOMS Entry005.normalHyperplane: [propext, Classical.choice, Quot.sound]
OWNED_DECL Entry005.normalHyperplane.eq_1
OWNED_AXIOMS Entry005.normalHyperplane.eq_1: [propext, Classical.choice, Quot.sound]
PUBLIC_THEOREM Entry005.ProjectionAffineTransport Entry005.normalHyperplane.eq_1
OWNED_DECL Entry005.normalHyperplane_finrank
OWNED_AXIOMS Entry005.normalHyperplane_finrank: [propext, Classical.choice, Quot.sound]
PUBLIC_THEOREM Entry005.ProjectionAffineTransport Entry005.normalHyperplane_finrank
OWNED_DECL Entry005.normalHyperplane_finrank._proof_1_1
OWNED_AXIOMS Entry005.normalHyperplane_finrank._proof_1_1: [propext, Classical.choice, Quot.sound]
OWNED_DECL Entry005.normal_contraction_factor
OWNED_AXIOMS Entry005.normal_contraction_factor: [propext, Classical.choice, Quot.sound]
PUBLIC_THEOREM Entry005.HyperplaneProjectionJacobian Entry005.normal_contraction_factor
OWNED_DECL Entry005.normal_contraction_factor._proof_1_1
OWNED_AXIOMS Entry005.normal_contraction_factor._proof_1_1: [propext, Classical.choice, Quot.sound]
OWNED_DECL Entry005.normalized_body_brightness_lower
OWNED_AXIOMS Entry005.normalized_body_brightness_lower: [propext, Classical.choice, Quot.sound]
PUBLIC_THEOREM Entry005.ProjectionVolumeSqueeze Entry005.normalized_body_brightness_lower
OWNED_DECL Entry005.normalized_projection_body_contains_ball
OWNED_AXIOMS Entry005.normalized_projection_body_contains_ball: [propext, Classical.choice, Quot.sound]
PUBLIC_THEOREM Entry005.ProjectionVolumeSqueeze Entry005.normalized_projection_body_contains_ball
OWNED_DECL Entry005.normalized_projection_body_contains_ball._simp_1_1
OWNED_AXIOMS Entry005.normalized_projection_body_contains_ball._simp_1_1: [propext, Classical.choice, Quot.sound]
OWNED_DECL Entry005.normalized_projection_body_volume_pos
OWNED_AXIOMS Entry005.normalized_projection_body_volume_pos: [propext, Classical.choice, Quot.sound]
PUBLIC_THEOREM Entry005.ProjectionVolumeSqueeze Entry005.normalized_projection_body_volume_pos
OWNED_DECL Entry005.normalized_projection_body_volume_pos._simp_1_1
OWNED_AXIOMS Entry005.normalized_projection_body_volume_pos._simp_1_1: [propext, Classical.choice, Quot.sound]
OWNED_DECL Entry005.normalized_projection_ratio_pos
OWNED_AXIOMS Entry005.normalized_projection_ratio_pos: [propext, Classical.choice, Quot.sound]
PUBLIC_THEOREM Entry005.ProjectionVolumeSqueeze Entry005.normalized_projection_ratio_pos
OWNED_DECL Entry005.normalized_support_height_eq_one
OWNED_AXIOMS Entry005.normalized_support_height_eq_one: [propext, Classical.choice, Quot.sound]
PUBLIC_THEOREM Entry005.ActualBodyPolarBoundary Entry005.normalized_support_height_eq_one
OWNED_DECL Entry005.off_max_l1_le_cost
OWNED_AXIOMS Entry005.off_max_l1_le_cost: [propext, Classical.choice, Quot.sound]
PUBLIC_THEOREM Entry005.AssignmentKernel Entry005.off_max_l1_le_cost
OWNED_DECL Entry005.off_max_l1_le_cost._proof_1_1
OWNED_AXIOMS Entry005.off_max_l1_le_cost._proof_1_1: [propext, Classical.choice, Quot.sound]
OWNED_DECL Entry005.off_max_l1_le_cost_of_no_clipping
OWNED_AXIOMS Entry005.off_max_l1_le_cost_of_no_clipping: [propext, Classical.choice, Quot.sound]
PUBLIC_THEOREM Entry005.ClippedAssignmentKernel Entry005.off_max_l1_le_cost_of_no_clipping
OWNED_DECL Entry005.off_max_l1_le_cost_of_no_clipping._proof_1_2
OWNED_AXIOMS Entry005.off_max_l1_le_cost_of_no_clipping._proof_1_2: [propext, Classical.choice, Quot.sound]
OWNED_DECL Entry005.official_brightness_eq_norm_mul
OWNED_AXIOMS Entry005.official_brightness_eq_norm_mul: [propext, Classical.choice, Quot.sound]
PUBLIC_THEOREM Entry005.OfficialProjectionDefinitions Entry005.official_brightness_eq_norm_mul
OWNED_DECL Entry005.official_normal_hyperplane_eq
OWNED_AXIOMS Entry005.official_normal_hyperplane_eq: [propext, Classical.choice, Quot.sound]
PUBLIC_THEOREM Entry005.OfficialProjectionDefinitions Entry005.official_normal_hyperplane_eq
OWNED_DECL Entry005.official_normalized_projection_volume_eq
OWNED_AXIOMS Entry005.official_normalized_projection_volume_eq: [propext, Classical.choice, Quot.sound]
PUBLIC_THEOREM Entry005.OfficialProjectionDefinitions Entry005.official_normalized_projection_volume_eq
OWNED_DECL Entry005.official_projection_body_eq
OWNED_AXIOMS Entry005.official_projection_body_eq: [propext, Classical.choice, Quot.sound]
PUBLIC_THEOREM Entry005.OfficialProjectionDefinitions Entry005.official_projection_body_eq
OWNED_DECL Entry005.official_projection_volume_eq
OWNED_AXIOMS Entry005.official_projection_volume_eq: [propext, Classical.choice, Quot.sound]
PUBLIC_THEOREM Entry005.OfficialProjectionDefinitions Entry005.official_projection_volume_eq
OWNED_DECL Entry005.official_projection_volume_real_eq
OWNED_AXIOMS Entry005.official_projection_volume_real_eq: [propext, Classical.choice, Quot.sound]
PUBLIC_THEOREM Entry005.OfficialProjectionDefinitions Entry005.official_projection_volume_real_eq
OWNED_DECL Entry005.official_unit_brightness_eq
OWNED_AXIOMS Entry005.official_unit_brightness_eq: [propext, Classical.choice, Quot.sound]
PUBLIC_THEOREM Entry005.OfficialProjectionDefinitions Entry005.official_unit_brightness_eq
OWNED_DECL Entry005.oppositeWitness
OWNED_AXIOMS Entry005.oppositeWitness: [propext, Classical.choice, Quot.sound]
OWNED_DECL Entry005.oppositeWitness.eq_1
OWNED_AXIOMS Entry005.oppositeWitness.eq_1: [propext, Classical.choice, Quot.sound]
PUBLIC_THEOREM Entry005.AnchorCoordinates Entry005.oppositeWitness.eq_1
OWNED_DECL Entry005.opposite_witness_integrable
OWNED_AXIOMS Entry005.opposite_witness_integrable: [propext, Classical.choice, Quot.sound]
PUBLIC_THEOREM Entry005.IntegratedWitness Entry005.opposite_witness_integrable
OWNED_DECL Entry005.opposite_witness_integrable_same
OWNED_AXIOMS Entry005.opposite_witness_integrable_same: [propext, Classical.choice, Quot.sound]
PUBLIC_THEOREM Entry005.AnchorCoordinates Entry005.opposite_witness_integrable_same
OWNED_DECL Entry005.opposite_witness_mul
OWNED_AXIOMS Entry005.opposite_witness_mul: [propext, Classical.choice, Quot.sound]
PUBLIC_THEOREM Entry005.AnchorCoordinates Entry005.opposite_witness_mul
OWNED_DECL Entry005.opposite_witness_mul_nonneg
OWNED_AXIOMS Entry005.opposite_witness_mul_nonneg: [propext, Classical.choice, Quot.sound]
PUBLIC_THEOREM Entry005.AnchorCoordinates Entry005.opposite_witness_mul_nonneg
OWNED_DECL Entry005.opposite_witness_mul_nonneg._simp_1_2
OWNED_AXIOMS Entry005.opposite_witness_mul_nonneg._simp_1_2: []
OWNED_DECL Entry005.opposite_witness_neg_neg
OWNED_AXIOMS Entry005.opposite_witness_neg_neg: [propext, Classical.choice, Quot.sound]
PUBLIC_THEOREM Entry005.AnchorCoordinates Entry005.opposite_witness_neg_neg
OWNED_DECL Entry005.opposite_witness_nonneg
OWNED_AXIOMS Entry005.opposite_witness_nonneg: [propext, Classical.choice, Quot.sound]
PUBLIC_THEOREM Entry005.IntegratedWitness Entry005.opposite_witness_nonneg
OWNED_DECL Entry005.original_Q_assignment
OWNED_AXIOMS Entry005.original_Q_assignment: [propext, Classical.choice, Quot.sound]
PUBLIC_THEOREM Entry005.ActualAssignmentAssembly Entry005.original_Q_assignment
OWNED_DECL Entry005.orthogonal_hyperplane_projection_formula
OWNED_AXIOMS Entry005.orthogonal_hyperplane_projection_formula: [propext, Classical.choice, Quot.sound]
PUBLIC_THEOREM Entry005.HyperplaneProjectionJacobian Entry005.orthogonal_hyperplane_projection_formula
OWNED_DECL Entry005.orthogonal_projection_closed_ball
OWNED_AXIOMS Entry005.orthogonal_projection_closed_ball: [propext, Classical.choice, Quot.sound]
PUBLIC_THEOREM Entry005.ProjectionVolumeSqueeze Entry005.orthogonal_projection_closed_ball
OWNED_DECL Entry005.orthogonal_projection_closed_ball._simp_1_1
OWNED_AXIOMS Entry005.orthogonal_projection_closed_ball._simp_1_1: [propext, Classical.choice, Quot.sound]
OWNED_DECL Entry005.orthogonal_projection_smul_image
OWNED_AXIOMS Entry005.orthogonal_projection_smul_image: [propext, Classical.choice, Quot.sound]
PUBLIC_THEOREM Entry005.ProjectionVolumeSqueeze Entry005.orthogonal_projection_smul_image
OWNED_DECL Entry005.orthonormal_basis_det_coordinates
OWNED_AXIOMS Entry005.orthonormal_basis_det_coordinates: [propext, Classical.choice, Quot.sound]
PUBLIC_THEOREM Entry005.ZonotopeDeterminant Entry005.orthonormal_basis_det_coordinates
OWNED_DECL Entry005.orthonormal_determinant_height
OWNED_AXIOMS Entry005.orthonormal_determinant_height: [propext, Classical.choice, Quot.sound]
PUBLIC_THEOREM Entry005.ZonotopeDeterminant Entry005.orthonormal_determinant_height
OWNED_DECL Entry005.orthonormal_linear_image_volume
OWNED_AXIOMS Entry005.orthonormal_linear_image_volume: [propext, Classical.choice, Quot.sound]
PUBLIC_THEOREM Entry005.HyperplaneProjectionJacobian Entry005.orthonormal_linear_image_volume
OWNED_DECL Entry005.outer_ball_after_small_hausdorff
OWNED_AXIOMS Entry005.outer_ball_after_small_hausdorff: [propext, Classical.choice, Quot.sound]
PUBLIC_THEOREM Entry005.StrongProjectionCap Entry005.outer_ball_after_small_hausdorff
OWNED_DECL Entry005.pairAssignmentCost
OWNED_AXIOMS Entry005.pairAssignmentCost: [propext, Classical.choice, Quot.sound]
OWNED_DECL Entry005.pairAssignmentCost._proof_1
OWNED_AXIOMS Entry005.pairAssignmentCost._proof_1: [propext]
OWNED_DECL Entry005.pair_replacement_witness_lower
OWNED_AXIOMS Entry005.pair_replacement_witness_lower: [propext, Classical.choice, Quot.sound]
PUBLIC_THEOREM Entry005.AnchorCoordinates Entry005.pair_replacement_witness_lower
OWNED_DECL Entry005.paperFirstPermutation
OWNED_AXIOMS Entry005.paperFirstPermutation: [propext, Classical.choice, Quot.sound]
OWNED_DECL Entry005.paperFirstPermutation._proof_1
OWNED_AXIOMS Entry005.paperFirstPermutation._proof_1: [propext]
OWNED_DECL Entry005.paperFirstPermutation.eq_1
OWNED_AXIOMS Entry005.paperFirstPermutation.eq_1: [propext, Classical.choice, Quot.sound]
PUBLIC_THEOREM Entry005.PaperWitnessTransport Entry005.paperFirstPermutation.eq_1
OWNED_DECL Entry005.paperPairPermutation
OWNED_AXIOMS Entry005.paperPairPermutation: [propext, Classical.choice, Quot.sound]
OWNED_DECL Entry005.paperPairPermutation._proof_1
OWNED_AXIOMS Entry005.paperPairPermutation._proof_1: [propext]
OWNED_DECL Entry005.paperPairPermutation.eq_1
OWNED_AXIOMS Entry005.paperPairPermutation.eq_1: [propext, Classical.choice, Quot.sound]
PUBLIC_THEOREM Entry005.PaperWitnessTransport Entry005.paperPairPermutation.eq_1
OWNED_DECL Entry005.paperWitnessPermutation
OWNED_AXIOMS Entry005.paperWitnessPermutation: [propext, Classical.choice, Quot.sound]
OWNED_DECL Entry005.paperWitnessPermutation.match_1
OWNED_AXIOMS Entry005.paperWitnessPermutation.match_1: []
OWNED_DECL Entry005.paper_anchor_update
OWNED_AXIOMS Entry005.paper_anchor_update: [propext, Classical.choice, Quot.sound]
PUBLIC_THEOREM Entry005.PaperWitnessTransport Entry005.paper_anchor_update
OWNED_DECL Entry005.paper_cases_swap_zero
OWNED_AXIOMS Entry005.paper_cases_swap_zero: [propext, Classical.choice, Quot.sound]
PUBLIC_THEOREM Entry005.PaperWitnessTransport Entry005.paper_cases_swap_zero
OWNED_DECL Entry005.paper_first_matrices
OWNED_AXIOMS Entry005.paper_first_matrices: [propext, Classical.choice, Quot.sound]
PUBLIC_THEOREM Entry005.PaperWitnessTransport Entry005.paper_first_matrices
OWNED_DECL Entry005.paper_first_transport
OWNED_AXIOMS Entry005.paper_first_transport: [propext, Classical.choice, Quot.sound]
PUBLIC_THEOREM Entry005.PaperWitnessTransport Entry005.paper_first_transport
OWNED_DECL Entry005.paper_first_witness
OWNED_AXIOMS Entry005.paper_first_witness: [propext, Classical.choice, Quot.sound]
PUBLIC_THEOREM Entry005.PaperWitnessTransport Entry005.paper_first_witness
OWNED_DECL Entry005.paper_iid_anchor_split_symm
OWNED_AXIOMS Entry005.paper_iid_anchor_split_symm: [propext, Classical.choice, Quot.sound]
PUBLIC_THEOREM Entry005.PaperWitnessTransport Entry005.paper_iid_anchor_split_symm
OWNED_DECL Entry005.paper_iid_base_pair_split
OWNED_AXIOMS Entry005.paper_iid_base_pair_split: [propext, Classical.choice, Quot.sound]
PUBLIC_THEOREM Entry005.PaperWitnessTransport Entry005.paper_iid_base_pair_split
OWNED_DECL Entry005.paper_iid_transport
OWNED_AXIOMS Entry005.paper_iid_transport: [propext, Classical.choice, Quot.sound]
PUBLIC_THEOREM Entry005.PaperWitnessTransport Entry005.paper_iid_transport
OWNED_DECL Entry005.paper_opposite_symm
OWNED_AXIOMS Entry005.paper_opposite_symm: [propext, Classical.choice, Quot.sound]
PUBLIC_THEOREM Entry005.PaperWitnessTransport Entry005.paper_opposite_symm
OWNED_DECL Entry005.paper_pair_first_matrix
OWNED_AXIOMS Entry005.paper_pair_first_matrix: [propext, Classical.choice, Quot.sound]
PUBLIC_THEOREM Entry005.PaperWitnessTransport Entry005.paper_pair_first_matrix
OWNED_DECL Entry005.paper_pair_replacement_symm
OWNED_AXIOMS Entry005.paper_pair_replacement_symm: [propext, Classical.choice, Quot.sound]
PUBLIC_THEOREM Entry005.PaperWitnessTransport Entry005.paper_pair_replacement_symm
OWNED_DECL Entry005.paper_pair_second_matrix
OWNED_AXIOMS Entry005.paper_pair_second_matrix: [propext, Classical.choice, Quot.sound]
PUBLIC_THEOREM Entry005.PaperWitnessTransport Entry005.paper_pair_second_matrix
OWNED_DECL Entry005.paper_pair_sign
OWNED_AXIOMS Entry005.paper_pair_sign: [propext, Classical.choice, Quot.sound]
PUBLIC_THEOREM Entry005.PaperWitnessTransport Entry005.paper_pair_sign
OWNED_DECL Entry005.paper_pair_transport
OWNED_AXIOMS Entry005.paper_pair_transport: [propext, Classical.choice, Quot.sound]
PUBLIC_THEOREM Entry005.PaperWitnessTransport Entry005.paper_pair_transport
OWNED_DECL Entry005.paper_pair_witness
OWNED_AXIOMS Entry005.paper_pair_witness: [propext, Classical.choice, Quot.sound]
PUBLIC_THEOREM Entry005.PaperWitnessTransport Entry005.paper_pair_witness
OWNED_DECL Entry005.paper_sign_abs
OWNED_AXIOMS Entry005.paper_sign_abs: [propext, Classical.choice, Quot.sound]
PUBLIC_THEOREM Entry005.PaperWitnessTransport Entry005.paper_sign_abs
OWNED_DECL Entry005.paper_swap_succ
OWNED_AXIOMS Entry005.paper_swap_succ: [propext, Classical.choice, Quot.sound]
PUBLIC_THEOREM Entry005.PaperWitnessTransport Entry005.paper_swap_succ
OWNED_DECL Entry005.paper_witness_index_card_nat
OWNED_AXIOMS Entry005.paper_witness_index_card_nat: [propext, Classical.choice, Quot.sound]
PUBLIC_THEOREM Entry005.PaperWitnessCombinatorics Entry005.paper_witness_index_card_nat
OWNED_DECL Entry005.paper_witness_index_card_real
OWNED_AXIOMS Entry005.paper_witness_index_card_real: [propext, Classical.choice, Quot.sound]
PUBLIC_THEOREM Entry005.PaperWitnessCombinatorics Entry005.paper_witness_index_card_real
OWNED_DECL Entry005.paper_witness_index_nonempty
OWNED_AXIOMS Entry005.paper_witness_index_nonempty: [propext]
PUBLIC_THEOREM Entry005.PaperWitnessTransport Entry005.paper_witness_index_nonempty
OWNED_DECL Entry005.paper_witness_transport_preserving
OWNED_AXIOMS Entry005.paper_witness_transport_preserving: [propext, Classical.choice, Quot.sound]
PUBLIC_THEOREM Entry005.PaperWitnessTransport Entry005.paper_witness_transport_preserving
OWNED_DECL Entry005.positiveIntegral
OWNED_AXIOMS Entry005.positiveIntegral: [propext, Classical.choice, Quot.sound]
OWNED_DECL Entry005.positiveIntegral.eq_1
OWNED_AXIOMS Entry005.positiveIntegral.eq_1: [propext, Classical.choice, Quot.sound]
PUBLIC_THEOREM Entry005.IntegratedWitness Entry005.positiveIntegral.eq_1
OWNED_DECL Entry005.positive_off_max_le_pair_cost
OWNED_AXIOMS Entry005.positive_off_max_le_pair_cost: [propext, Classical.choice, Quot.sound]
PUBLIC_THEOREM Entry005.AssignmentKernel Entry005.positive_off_max_le_pair_cost
OWNED_DECL Entry005.probability_closed_carried_of_tendsto
OWNED_AXIOMS Entry005.probability_closed_carried_of_tendsto: [propext, Classical.choice, Quot.sound]
PUBLIC_THEOREM Entry005.ActualBodyPolarBoundary Entry005.probability_closed_carried_of_tendsto
OWNED_DECL Entry005.probability_integral_square_le
OWNED_AXIOMS Entry005.probability_integral_square_le: [propext, Classical.choice, Quot.sound]
PUBLIC_THEOREM Entry005.DeterminantMoment Entry005.probability_integral_square_le
OWNED_DECL Entry005.projectBody
OWNED_AXIOMS Entry005.projectBody: [propext, Classical.choice, Quot.sound]
OWNED_DECL Entry005.projectBody._proof_1
OWNED_AXIOMS Entry005.projectBody._proof_1: [propext, Classical.choice, Quot.sound]
OWNED_DECL Entry005.projectBody._proof_2
OWNED_AXIOMS Entry005.projectBody._proof_2: [propext, Classical.choice, Quot.sound]
OWNED_DECL Entry005.projectBody._proof_3
OWNED_AXIOMS Entry005.projectBody._proof_3: [propext, Classical.choice, Quot.sound]
OWNED_DECL Entry005.projectBody._proof_4
OWNED_AXIOMS Entry005.projectBody._proof_4: [propext, Classical.choice, Quot.sound]
OWNED_DECL Entry005.projectBody._proof_5
OWNED_AXIOMS Entry005.projectBody._proof_5: [propext, Classical.choice, Quot.sound]
OWNED_DECL Entry005.project_body_mono
OWNED_AXIOMS Entry005.project_body_mono: [propext, Classical.choice, Quot.sound]
PUBLIC_THEOREM Entry005.ProjectionCap Entry005.project_body_mono
OWNED_DECL Entry005.project_body_outer_ball
OWNED_AXIOMS Entry005.project_body_outer_ball: [propext, Classical.choice, Quot.sound]
PUBLIC_THEOREM Entry005.ProjectionCap Entry005.project_body_outer_ball
OWNED_DECL Entry005.project_body_outer_ball._simp_1_1
OWNED_AXIOMS Entry005.project_body_outer_ball._simp_1_1: [propext, Classical.choice, Quot.sound]
OWNED_DECL Entry005.project_body_unit_ball
OWNED_AXIOMS Entry005.project_body_unit_ball: [propext, Classical.choice, Quot.sound]
PUBLIC_THEOREM Entry005.ProjectionCap Entry005.project_body_unit_ball
OWNED_DECL Entry005.project_body_unit_ball._simp_1_1
OWNED_AXIOMS Entry005.project_body_unit_ball._simp_1_1: [propext, Classical.choice, Quot.sound]
OWNED_DECL Entry005.projectedVolume
OWNED_AXIOMS Entry005.projectedVolume: [propext, Classical.choice, Quot.sound]
OWNED_DECL Entry005.projectedVolume._proof_1
OWNED_AXIOMS Entry005.projectedVolume._proof_1: [propext, Classical.choice, Quot.sound]
OWNED_DECL Entry005.projectedVolume._proof_2
OWNED_AXIOMS Entry005.projectedVolume._proof_2: [propext, Classical.choice, Quot.sound]
OWNED_DECL Entry005.projectedVolume.congr_simp
OWNED_AXIOMS Entry005.projectedVolume.congr_simp: [propext, Classical.choice, Quot.sound]
PUBLIC_THEOREM Entry005.ProjectionCap Entry005.projectedVolume.congr_simp
OWNED_DECL Entry005.projectionBodySet
OWNED_AXIOMS Entry005.projectionBodySet: [propext, Classical.choice, Quot.sound]
OWNED_DECL Entry005.projectionBodySet.congr_simp
OWNED_AXIOMS Entry005.projectionBodySet.congr_simp: [propext, Classical.choice, Quot.sound]
PUBLIC_THEOREM Entry005.ProjectionVolumeSqueeze Entry005.projectionBodySet.congr_simp
OWNED_DECL Entry005.projectionBodySet.eq_1
OWNED_AXIOMS Entry005.projectionBodySet.eq_1: [propext, Classical.choice, Quot.sound]
PUBLIC_THEOREM Entry005.ProjectionBodyDirections Entry005.projectionBodySet.eq_1
OWNED_DECL Entry005.projectionBodySet_affine_image
OWNED_AXIOMS Entry005.projectionBodySet_affine_image: [propext, Classical.choice, Quot.sound]
PUBLIC_THEOREM Entry005.ProjectionBodyCovariance Entry005.projectionBodySet_affine_image
OWNED_DECL Entry005.projectionBodySet_linear_image
OWNED_AXIOMS Entry005.projectionBodySet_linear_image: [propext, Classical.choice, Quot.sound]
PUBLIC_THEOREM Entry005.ProjectionBodyCovariance Entry005.projectionBodySet_linear_image
OWNED_DECL Entry005.projectionBodySet_linear_image._simp_1_2
OWNED_AXIOMS Entry005.projectionBodySet_linear_image._simp_1_2: [propext]
OWNED_DECL Entry005.projectionBodySet_linear_image._simp_1_3
OWNED_AXIOMS Entry005.projectionBodySet_linear_image._simp_1_3: [propext]
OWNED_DECL Entry005.projectionBodySet_linear_image._simp_1_4
OWNED_AXIOMS Entry005.projectionBodySet_linear_image._simp_1_4: [propext]
OWNED_DECL Entry005.projectionBodySet_linear_image._simp_1_5
OWNED_AXIOMS Entry005.projectionBodySet_linear_image._simp_1_5: [propext]
OWNED_DECL Entry005.projectionBodySet_linear_image._simp_1_6
OWNED_AXIOMS Entry005.projectionBodySet_linear_image._simp_1_6: [propext]
OWNED_DECL Entry005.projectionBodySet_linear_image._simp_1_7
OWNED_AXIOMS Entry005.projectionBodySet_linear_image._simp_1_7: [propext, Classical.choice, Quot.sound]
OWNED_DECL Entry005.projectionBodySet_linear_image._simp_1_8
OWNED_AXIOMS Entry005.projectionBodySet_linear_image._simp_1_8: [propext]
OWNED_DECL Entry005.projectionBodySet_translate
OWNED_AXIOMS Entry005.projectionBodySet_translate: [propext, Classical.choice, Quot.sound]
PUBLIC_THEOREM Entry005.ProjectionBodyDirections Entry005.projectionBodySet_translate
OWNED_DECL Entry005.projectionBrightness
OWNED_AXIOMS Entry005.projectionBrightness: [propext, Classical.choice, Quot.sound]
OWNED_DECL Entry005.projectionBrightness.congr_simp
OWNED_AXIOMS Entry005.projectionBrightness.congr_simp: [propext, Classical.choice, Quot.sound]
PUBLIC_THEOREM Entry005.ProjectionBodyCovariance Entry005.projectionBrightness.congr_simp
OWNED_DECL Entry005.projectionBrightness.eq_1
OWNED_AXIOMS Entry005.projectionBrightness.eq_1: [propext, Classical.choice, Quot.sound]
PUBLIC_THEOREM Entry005.ProjectionBodyDirections Entry005.projectionBrightness.eq_1
OWNED_DECL Entry005.projectionBrightness_linear_image
OWNED_AXIOMS Entry005.projectionBrightness_linear_image: [propext, Classical.choice, Quot.sound]
PUBLIC_THEOREM Entry005.ProjectionBodyCovariance Entry005.projectionBrightness_linear_image
OWNED_DECL Entry005.projectionBrightness_linear_image._simp_1_1
OWNED_AXIOMS Entry005.projectionBrightness_linear_image._simp_1_1: [propext]
OWNED_DECL Entry005.projectionBrightness_linear_image._simp_1_2
OWNED_AXIOMS Entry005.projectionBrightness_linear_image._simp_1_2: [propext]
OWNED_DECL Entry005.projectionBrightness_linear_image._simp_1_3
OWNED_AXIOMS Entry005.projectionBrightness_linear_image._simp_1_3: [propext]
OWNED_DECL Entry005.projectionBrightness_linear_image._simp_1_4
OWNED_AXIOMS Entry005.projectionBrightness_linear_image._simp_1_4: [propext]
OWNED_DECL Entry005.projectionBrightness_linear_image._simp_1_5
OWNED_AXIOMS Entry005.projectionBrightness_linear_image._simp_1_5: [propext]
OWNED_DECL Entry005.projectionBrightness_linear_image._simp_1_6
OWNED_AXIOMS Entry005.projectionBrightness_linear_image._simp_1_6: [propext, Classical.choice, Quot.sound]
OWNED_DECL Entry005.projectionBrightness_linear_image._simp_1_7
OWNED_AXIOMS Entry005.projectionBrightness_linear_image._simp_1_7: [propext]
OWNED_DECL Entry005.projectionHausdorffBound
OWNED_AXIOMS Entry005.projectionHausdorffBound: [propext, Classical.choice, Quot.sound]
OWNED_DECL Entry005.projectionRatio
OWNED_AXIOMS Entry005.projectionRatio: [propext, Classical.choice, Quot.sound]
OWNED_DECL Entry005.projectionRatio.eq_1
OWNED_AXIOMS Entry005.projectionRatio.eq_1: [propext, Classical.choice, Quot.sound]
PUBLIC_THEOREM Entry005.OfficialProjectionDefinitions Entry005.projectionRatio.eq_1
OWNED_DECL Entry005.projectionRatio_affine_image
OWNED_AXIOMS Entry005.projectionRatio_affine_image: [propext, Classical.choice, Quot.sound]
PUBLIC_THEOREM Entry005.ProjectionBodyCovariance Entry005.projectionRatio_affine_image
OWNED_DECL Entry005.projectionRatio_linear_image
OWNED_AXIOMS Entry005.projectionRatio_linear_image: [propext, Classical.choice, Quot.sound]
PUBLIC_THEOREM Entry005.ProjectionBodyCovariance Entry005.projectionRatio_linear_image
OWNED_DECL Entry005.projectionRatio_pyramid_affine_image
OWNED_AXIOMS Entry005.projectionRatio_pyramid_affine_image: [propext, Classical.choice, Quot.sound]
PUBLIC_THEOREM Entry005.EntryAffineInvariance Entry005.projectionRatio_pyramid_affine_image
OWNED_DECL Entry005.projectionRatio_pyramid_affine_image._proof_1_1
OWNED_AXIOMS Entry005.projectionRatio_pyramid_affine_image._proof_1_1: [propext, Classical.choice, Quot.sound]
OWNED_DECL Entry005.projectionRatio_translate
OWNED_AXIOMS Entry005.projectionRatio_translate: [propext, Classical.choice, Quot.sound]
PUBLIC_THEOREM Entry005.ProjectionBodyDirections Entry005.projectionRatio_translate
OWNED_DECL Entry005.projectionTransport
OWNED_AXIOMS Entry005.projectionTransport: [propext, Classical.choice, Quot.sound]
OWNED_DECL Entry005.projectionTransport._proof_1
OWNED_AXIOMS Entry005.projectionTransport._proof_1: [propext, Classical.choice, Quot.sound]
OWNED_DECL Entry005.projectionTransport._proof_2
OWNED_AXIOMS Entry005.projectionTransport._proof_2: [propext, Classical.choice, Quot.sound]
OWNED_DECL Entry005.projectionTransport.congr_simp
OWNED_AXIOMS Entry005.projectionTransport.congr_simp: [propext, Classical.choice, Quot.sound]
PUBLIC_THEOREM Entry005.ProjectionAffineTransport Entry005.projectionTransport.congr_simp
OWNED_DECL Entry005.projectionTransport_normDet
OWNED_AXIOMS Entry005.projectionTransport_normDet: [propext, Classical.choice, Quot.sound]
PUBLIC_THEOREM Entry005.ProjectionAffineTransport Entry005.projectionTransport_normDet
OWNED_DECL Entry005.projectionTransport_normDet._simp_1_3
OWNED_AXIOMS Entry005.projectionTransport_normDet._simp_1_3: [propext]
OWNED_DECL Entry005.projectionTransport_normDet._simp_1_4
OWNED_AXIOMS Entry005.projectionTransport_normDet._simp_1_4: [propext]
OWNED_DECL Entry005.projectionTransport_normDet._simp_1_5
OWNED_AXIOMS Entry005.projectionTransport_normDet._simp_1_5: [propext]
OWNED_DECL Entry005.projectionTransport_normDet._simp_1_6
OWNED_AXIOMS Entry005.projectionTransport_normDet._simp_1_6: [propext]
OWNED_DECL Entry005.projectionTransport_normDet._simp_1_7
OWNED_AXIOMS Entry005.projectionTransport_normDet._simp_1_7: [propext]
OWNED_DECL Entry005.projectionTransport_normDet._simp_1_8
OWNED_AXIOMS Entry005.projectionTransport_normDet._simp_1_8: [propext, Classical.choice, Quot.sound]
OWNED_DECL Entry005.projectionTransport_normDet._simp_1_9
OWNED_AXIOMS Entry005.projectionTransport_normDet._simp_1_9: [propext]
OWNED_DECL Entry005.projectionTransport_project
OWNED_AXIOMS Entry005.projectionTransport_project: [propext, Classical.choice, Quot.sound]
PUBLIC_THEOREM Entry005.ProjectionAffineTransport Entry005.projectionTransport_project
OWNED_DECL Entry005.projectionVolume
OWNED_AXIOMS Entry005.projectionVolume: [propext, Classical.choice, Quot.sound]
OWNED_DECL Entry005.projectionVolume._proof_1
OWNED_AXIOMS Entry005.projectionVolume._proof_1: [propext, Classical.choice, Quot.sound]
OWNED_DECL Entry005.projectionVolume._proof_2
OWNED_AXIOMS Entry005.projectionVolume._proof_2: [propext, Classical.choice, Quot.sound]
OWNED_DECL Entry005.projectionVolume.eq_1
OWNED_AXIOMS Entry005.projectionVolume.eq_1: [propext, Classical.choice, Quot.sound]
PUBLIC_THEOREM Entry005.ProjectionAffineTransport Entry005.projectionVolume.eq_1
OWNED_DECL Entry005.projectionVolumeSet
OWNED_AXIOMS Entry005.projectionVolumeSet: [propext, Classical.choice, Quot.sound]
OWNED_DECL Entry005.projectionVolumeSet._proof_1
OWNED_AXIOMS Entry005.projectionVolumeSet._proof_1: [propext, Classical.choice, Quot.sound]
OWNED_DECL Entry005.projectionVolumeSet._proof_2
OWNED_AXIOMS Entry005.projectionVolumeSet._proof_2: [propext, Classical.choice, Quot.sound]
OWNED_DECL Entry005.projectionVolumeSet._proof_3
OWNED_AXIOMS Entry005.projectionVolumeSet._proof_3: [propext, Classical.choice, Quot.sound]
OWNED_DECL Entry005.projectionVolumeSet.congr_simp
OWNED_AXIOMS Entry005.projectionVolumeSet.congr_simp: [propext, Classical.choice, Quot.sound]
PUBLIC_THEOREM Entry005.ProjectionBodyDirections Entry005.projectionVolumeSet.congr_simp
OWNED_DECL Entry005.projectionVolumeSet_linear_image
OWNED_AXIOMS Entry005.projectionVolumeSet_linear_image: [propext, Classical.choice, Quot.sound]
PUBLIC_THEOREM Entry005.ProjectionAffineTransport Entry005.projectionVolumeSet_linear_image
OWNED_DECL Entry005.projectionVolumeSet_neg_normal
OWNED_AXIOMS Entry005.projectionVolumeSet_neg_normal: [propext, Classical.choice, Quot.sound]
PUBLIC_THEOREM Entry005.PyramidContinuity Entry005.projectionVolumeSet_neg_normal
OWNED_DECL Entry005.projectionVolumeSet_smul_normal
OWNED_AXIOMS Entry005.projectionVolumeSet_smul_normal: [propext, Classical.choice, Quot.sound]
PUBLIC_THEOREM Entry005.ProjectionBodyDirections Entry005.projectionVolumeSet_smul_normal
OWNED_DECL Entry005.projectionVolumeSet_translate
OWNED_AXIOMS Entry005.projectionVolumeSet_translate: [propext, Classical.choice, Quot.sound]
PUBLIC_THEOREM Entry005.ProjectionBodyDirections Entry005.projectionVolumeSet_translate
OWNED_DECL Entry005.projectionVolume_linear_image
OWNED_AXIOMS Entry005.projectionVolume_linear_image: [propext, Classical.choice, Quot.sound]
PUBLIC_THEOREM Entry005.ProjectionAffineTransport Entry005.projectionVolume_linear_image
OWNED_DECL Entry005.projection_body_closed
OWNED_AXIOMS Entry005.projection_body_closed: [propext, Classical.choice, Quot.sound]
PUBLIC_THEOREM Entry005.ProjectionVolumeSqueeze Entry005.projection_body_closed
OWNED_DECL Entry005.projection_body_convex
OWNED_AXIOMS Entry005.projection_body_convex: [propext, Classical.choice, Quot.sound]
PUBLIC_THEOREM Entry005.ProjectionVolumeSqueeze Entry005.projection_body_convex
OWNED_DECL Entry005.projection_body_eq_finite_zonotope_of_projection_volume
OWNED_AXIOMS Entry005.projection_body_eq_finite_zonotope_of_projection_volume: [propext, Classical.choice, Quot.sound]
PUBLIC_THEOREM Entry005.ConeLawGeometry Entry005.projection_body_eq_finite_zonotope_of_projection_volume
OWNED_DECL Entry005.projection_body_mono
OWNED_AXIOMS Entry005.projection_body_mono: [propext, Classical.choice, Quot.sound]
PUBLIC_THEOREM Entry005.ProjectionVolumeSqueeze Entry005.projection_body_mono
OWNED_DECL Entry005.projection_body_positive_smul
OWNED_AXIOMS Entry005.projection_body_positive_smul: [propext, Classical.choice, Quot.sound]
PUBLIC_THEOREM Entry005.ProjectionVolumeSqueeze Entry005.projection_body_positive_smul
OWNED_DECL Entry005.projection_body_zero_mem
OWNED_AXIOMS Entry005.projection_body_zero_mem: [propext, Classical.choice, Quot.sound]
PUBLIC_THEOREM Entry005.ProjectionVolumeSqueeze Entry005.projection_body_zero_mem
OWNED_DECL Entry005.projection_cap_cube_gain
OWNED_AXIOMS Entry005.projection_cap_cube_gain: [propext, Classical.choice, Quot.sound]
PUBLIC_THEOREM Entry005.ProjectionCap Entry005.projection_cap_cube_gain
OWNED_DECL Entry005.projection_cap_gain
OWNED_AXIOMS Entry005.projection_cap_gain: [propext, Classical.choice, Quot.sound]
PUBLIC_THEOREM Entry005.ProjectionCap Entry005.projection_cap_gain
OWNED_DECL Entry005.projection_cap_gain._simp_1_1
OWNED_AXIOMS Entry005.projection_cap_gain._simp_1_1: [propext, Classical.choice, Quot.sound]
OWNED_DECL Entry005.projection_cap_sqrt_cube_gain
OWNED_AXIOMS Entry005.projection_cap_sqrt_cube_gain: [propext, Classical.choice, Quot.sound]
PUBLIC_THEOREM Entry005.StrongProjectionCap Entry005.projection_cap_sqrt_cube_gain
OWNED_DECL Entry005.projection_image_linearEquiv
OWNED_AXIOMS Entry005.projection_image_linearEquiv: [propext, Classical.choice, Quot.sound]
PUBLIC_THEOREM Entry005.ProjectionAffineTransport Entry005.projection_image_linearEquiv
OWNED_DECL Entry005.projection_volume_closed_ball
OWNED_AXIOMS Entry005.projection_volume_closed_ball: [propext, Classical.choice, Quot.sound]
PUBLIC_THEOREM Entry005.ProjectionVolumeSqueeze Entry005.projection_volume_closed_ball
OWNED_DECL Entry005.projection_volume_closed_ball._proof_1_1
OWNED_AXIOMS Entry005.projection_volume_closed_ball._proof_1_1: [propext, Classical.choice, Quot.sound]
OWNED_DECL Entry005.projection_volume_mono
OWNED_AXIOMS Entry005.projection_volume_mono: [propext, Classical.choice, Quot.sound]
PUBLIC_THEOREM Entry005.ProjectionVolumeSqueeze Entry005.projection_volume_mono
OWNED_DECL Entry005.projection_volume_nonnegative_smul
OWNED_AXIOMS Entry005.projection_volume_nonnegative_smul: [propext, Classical.choice, Quot.sound]
PUBLIC_THEOREM Entry005.ProjectionVolumeSqueeze Entry005.projection_volume_nonnegative_smul
OWNED_DECL Entry005.projection_volume_nonnegative_smul._proof_1_1
OWNED_AXIOMS Entry005.projection_volume_nonnegative_smul._proof_1_1: [propext, Classical.choice, Quot.sound]
OWNED_DECL Entry005.pyramidApex
OWNED_AXIOMS Entry005.pyramidApex: [propext, Classical.choice, Quot.sound]
OWNED_DECL Entry005.pyramidApex.eq_1
OWNED_AXIOMS Entry005.pyramidApex.eq_1: [propext, Classical.choice, Quot.sound]
PUBLIC_THEOREM Entry005.PyramidVolume Entry005.pyramidApex.eq_1
OWNED_DECL Entry005.pyramidBaseIsometry
OWNED_AXIOMS Entry005.pyramidBaseIsometry: [propext, Classical.choice, Quot.sound]
OWNED_DECL Entry005.pyramidBaseIsometry._proof_1
OWNED_AXIOMS Entry005.pyramidBaseIsometry._proof_1: [propext]
OWNED_DECL Entry005.pyramidBaseIsometry._proof_10
OWNED_AXIOMS Entry005.pyramidBaseIsometry._proof_10: [propext, Classical.choice, Quot.sound]
OWNED_DECL Entry005.pyramidBaseIsometry._proof_2
OWNED_AXIOMS Entry005.pyramidBaseIsometry._proof_2: [propext, Classical.choice, Quot.sound]
OWNED_DECL Entry005.pyramidBaseIsometry._proof_3
OWNED_AXIOMS Entry005.pyramidBaseIsometry._proof_3: [propext, Classical.choice, Quot.sound]
OWNED_DECL Entry005.pyramidBaseIsometry._proof_4
OWNED_AXIOMS Entry005.pyramidBaseIsometry._proof_4: [propext, Classical.choice, Quot.sound]
OWNED_DECL Entry005.pyramidBaseIsometry._proof_5
OWNED_AXIOMS Entry005.pyramidBaseIsometry._proof_5: [propext, Classical.choice, Quot.sound]
OWNED_DECL Entry005.pyramidBaseIsometry._proof_6
OWNED_AXIOMS Entry005.pyramidBaseIsometry._proof_6: [propext, Classical.choice, Quot.sound]
OWNED_DECL Entry005.pyramidBaseIsometry._proof_7
OWNED_AXIOMS Entry005.pyramidBaseIsometry._proof_7: [propext, Classical.choice, Quot.sound]
OWNED_DECL Entry005.pyramidBaseIsometry._proof_8
OWNED_AXIOMS Entry005.pyramidBaseIsometry._proof_8: [propext, Classical.choice, Quot.sound]
OWNED_DECL Entry005.pyramidBaseIsometry._proof_9
OWNED_AXIOMS Entry005.pyramidBaseIsometry._proof_9: [propext, Classical.choice, Quot.sound]
OWNED_DECL Entry005.pyramidBaseIsometry_val
OWNED_AXIOMS Entry005.pyramidBaseIsometry_val: [propext, Classical.choice, Quot.sound]
PUBLIC_THEOREM Entry005.PyramidFacetAreas Entry005.pyramidBaseIsometry_val
OWNED_DECL Entry005.pyramidBaseMap
OWNED_AXIOMS Entry005.pyramidBaseMap: [propext, Classical.choice, Quot.sound]
OWNED_DECL Entry005.pyramidBaseMap._proof_1
OWNED_AXIOMS Entry005.pyramidBaseMap._proof_1: [propext]
OWNED_DECL Entry005.pyramidBaseMap._proof_2
OWNED_AXIOMS Entry005.pyramidBaseMap._proof_2: [propext, Classical.choice, Quot.sound]
OWNED_DECL Entry005.pyramidBaseMap_apply
OWNED_AXIOMS Entry005.pyramidBaseMap_apply: [propext, Classical.choice, Quot.sound]
PUBLIC_THEOREM Entry005.PyramidVolume Entry005.pyramidBaseMap_apply
OWNED_DECL Entry005.pyramidBaseNormal
OWNED_AXIOMS Entry005.pyramidBaseNormal: [propext, Classical.choice, Quot.sound]
OWNED_DECL Entry005.pyramidBaseNormal._proof_1
OWNED_AXIOMS Entry005.pyramidBaseNormal._proof_1: [propext]
OWNED_DECL Entry005.pyramidBaseNormal.eq_1
OWNED_AXIOMS Entry005.pyramidBaseNormal.eq_1: [propext, Classical.choice, Quot.sound]
PUBLIC_THEOREM Entry005.PyramidHalfspaces Entry005.pyramidBaseNormal.eq_1
OWNED_DECL Entry005.pyramidBaseNormal_unit
OWNED_AXIOMS Entry005.pyramidBaseNormal_unit: [propext, Classical.choice, Quot.sound]
PUBLIC_THEOREM Entry005.PyramidHalfspaces Entry005.pyramidBaseNormal_unit
OWNED_DECL Entry005.pyramidFlip
OWNED_AXIOMS Entry005.pyramidFlip: [propext, Classical.choice, Quot.sound]
OWNED_DECL Entry005.pyramidFlip.eq_1
OWNED_AXIOMS Entry005.pyramidFlip.eq_1: [propext, Classical.choice, Quot.sound]
PUBLIC_THEOREM Entry005.PyramidVolume Entry005.pyramidFlip.eq_1
OWNED_DECL Entry005.pyramidFlip_apply
OWNED_AXIOMS Entry005.pyramidFlip_apply: [propext, Classical.choice, Quot.sound]
PUBLIC_THEOREM Entry005.PyramidVolume Entry005.pyramidFlip_apply
OWNED_DECL Entry005.pyramidFlip_volume
OWNED_AXIOMS Entry005.pyramidFlip_volume: [propext, Classical.choice, Quot.sound]
PUBLIC_THEOREM Entry005.PyramidVolume Entry005.pyramidFlip_volume
OWNED_DECL Entry005.pyramidHalfspaceHeight
OWNED_AXIOMS Entry005.pyramidHalfspaceHeight: [propext, Classical.choice, Quot.sound]
OWNED_DECL Entry005.pyramidHalfspaceNormal
OWNED_AXIOMS Entry005.pyramidHalfspaceNormal: [propext, Classical.choice, Quot.sound]
OWNED_DECL Entry005.pyramidHalfspaceNormal.match_1
OWNED_AXIOMS Entry005.pyramidHalfspaceNormal.match_1: []
OWNED_DECL Entry005.pyramidHalfspaceNormal_injective
OWNED_AXIOMS Entry005.pyramidHalfspaceNormal_injective: [propext, Classical.choice, Quot.sound]
PUBLIC_THEOREM Entry005.PyramidHalfspaces Entry005.pyramidHalfspaceNormal_injective
OWNED_DECL Entry005.pyramidHalfspaceNormal_unit
OWNED_AXIOMS Entry005.pyramidHalfspaceNormal_unit: [propext, Classical.choice, Quot.sound]
PUBLIC_THEOREM Entry005.PyramidHalfspaces Entry005.pyramidHalfspaceNormal_unit
OWNED_DECL Entry005.pyramidLiftCoordinates
OWNED_AXIOMS Entry005.pyramidLiftCoordinates: [propext, Classical.choice, Quot.sound]
OWNED_DECL Entry005.pyramidLiftCoordinates._proof_1
OWNED_AXIOMS Entry005.pyramidLiftCoordinates._proof_1: [propext]
OWNED_DECL Entry005.pyramidLiftCoordinates._proof_2
OWNED_AXIOMS Entry005.pyramidLiftCoordinates._proof_2: [propext]
OWNED_DECL Entry005.pyramidLiftCoordinates._proof_3
OWNED_AXIOMS Entry005.pyramidLiftCoordinates._proof_3: [propext, Classical.choice, Quot.sound]
OWNED_DECL Entry005.pyramidLiftCoordinates._proof_4
OWNED_AXIOMS Entry005.pyramidLiftCoordinates._proof_4: [propext, Classical.choice, Quot.sound]
OWNED_DECL Entry005.pyramidLiftCoordinates._proof_5
OWNED_AXIOMS Entry005.pyramidLiftCoordinates._proof_5: [propext, Classical.choice, Quot.sound]
OWNED_DECL Entry005.pyramidLiftCoordinates._proof_6
OWNED_AXIOMS Entry005.pyramidLiftCoordinates._proof_6: [propext, Classical.choice, Quot.sound]
OWNED_DECL Entry005.pyramidLiftCoordinates._proof_7
OWNED_AXIOMS Entry005.pyramidLiftCoordinates._proof_7: [propext, Classical.choice, Quot.sound]
OWNED_DECL Entry005.pyramidLiftCoordinates_apply
OWNED_AXIOMS Entry005.pyramidLiftCoordinates_apply: [propext, Classical.choice, Quot.sound]
PUBLIC_THEOREM Entry005.PyramidLiftCoordinates Entry005.pyramidLiftCoordinates_apply
OWNED_DECL Entry005.pyramidLinearEquiv
OWNED_AXIOMS Entry005.pyramidLinearEquiv: [propext, Classical.choice, Quot.sound]
OWNED_DECL Entry005.pyramidLinearEquiv._proof_1
OWNED_AXIOMS Entry005.pyramidLinearEquiv._proof_1: [propext, Classical.choice, Quot.sound]
OWNED_DECL Entry005.pyramidLinearEquiv._proof_2
OWNED_AXIOMS Entry005.pyramidLinearEquiv._proof_2: [propext, Classical.choice, Quot.sound]
OWNED_DECL Entry005.pyramidLinearEquiv._proof_3
OWNED_AXIOMS Entry005.pyramidLinearEquiv._proof_3: [propext, Classical.choice, Quot.sound]
OWNED_DECL Entry005.pyramidLinearEquiv._proof_4
OWNED_AXIOMS Entry005.pyramidLinearEquiv._proof_4: [propext, Classical.choice, Quot.sound]
OWNED_DECL Entry005.pyramidLinearEquiv._proof_5
OWNED_AXIOMS Entry005.pyramidLinearEquiv._proof_5: [propext, Classical.choice, Quot.sound]
OWNED_DECL Entry005.pyramidLinearEquiv.eq_1
OWNED_AXIOMS Entry005.pyramidLinearEquiv.eq_1: [propext, Classical.choice, Quot.sound]
PUBLIC_THEOREM Entry005.AffinePyramid Entry005.pyramidLinearEquiv.eq_1
OWNED_DECL Entry005.pyramidLinearEquiv_det
OWNED_AXIOMS Entry005.pyramidLinearEquiv_det: [propext, Classical.choice, Quot.sound]
PUBLIC_THEOREM Entry005.AffinePyramid Entry005.pyramidLinearEquiv_det
OWNED_DECL Entry005.pyramidProjectionGenerator
OWNED_AXIOMS Entry005.pyramidProjectionGenerator: [propext, Classical.choice, Quot.sound]
OWNED_DECL Entry005.pyramidProjectionGenerator._proof_1
OWNED_AXIOMS Entry005.pyramidProjectionGenerator._proof_1: [propext]
OWNED_DECL Entry005.pyramidProjectionGenerator.match_1
OWNED_AXIOMS Entry005.pyramidProjectionGenerator.match_1: []
OWNED_DECL Entry005.pyramidReflection
OWNED_AXIOMS Entry005.pyramidReflection: [propext, Classical.choice, Quot.sound]
OWNED_DECL Entry005.pyramidReflection._proof_1
OWNED_AXIOMS Entry005.pyramidReflection._proof_1: [propext, Classical.choice, Quot.sound]
OWNED_DECL Entry005.pyramidReflectionLinear
OWNED_AXIOMS Entry005.pyramidReflectionLinear: [propext, Classical.choice, Quot.sound]
OWNED_DECL Entry005.pyramidReflectionLinear._proof_1
OWNED_AXIOMS Entry005.pyramidReflectionLinear._proof_1: [propext, Classical.choice, Quot.sound]
OWNED_DECL Entry005.pyramidReflectionLinear._proof_2
OWNED_AXIOMS Entry005.pyramidReflectionLinear._proof_2: [propext, Classical.choice, Quot.sound]
OWNED_DECL Entry005.pyramidReflectionLinear._proof_3
OWNED_AXIOMS Entry005.pyramidReflectionLinear._proof_3: [propext, Classical.choice, Quot.sound]
OWNED_DECL Entry005.pyramidReflectionLinear.eq_1
OWNED_AXIOMS Entry005.pyramidReflectionLinear.eq_1: [propext, Classical.choice, Quot.sound]
PUBLIC_THEOREM Entry005.PyramidVolume Entry005.pyramidReflectionLinear.eq_1
OWNED_DECL Entry005.pyramidSet
OWNED_AXIOMS Entry005.pyramidSet: [propext, Classical.choice, Quot.sound]
OWNED_DECL Entry005.pyramidSet._proof_1
OWNED_AXIOMS Entry005.pyramidSet._proof_1: [propext]
OWNED_DECL Entry005.pyramidSet.eq_1
OWNED_AXIOMS Entry005.pyramidSet.eq_1: [propext, Classical.choice, Quot.sound]
PUBLIC_THEOREM Entry005.PyramidVolume Entry005.pyramidSet.eq_1
OWNED_DECL Entry005.pyramidSet_affine_image
OWNED_AXIOMS Entry005.pyramidSet_affine_image: [propext, Classical.choice, Quot.sound]
PUBLIC_THEOREM Entry005.AffinePyramid Entry005.pyramidSet_affine_image
OWNED_DECL Entry005.pyramidSet_affine_image._simp_1_1
OWNED_AXIOMS Entry005.pyramidSet_affine_image._simp_1_1: [propext]
OWNED_DECL Entry005.pyramidSet_apex_mem
OWNED_AXIOMS Entry005.pyramidSet_apex_mem: [propext, Classical.choice, Quot.sound]
PUBLIC_THEOREM Entry005.PyramidContinuity Entry005.pyramidSet_apex_mem
OWNED_DECL Entry005.pyramidSet_compact
OWNED_AXIOMS Entry005.pyramidSet_compact: [propext, Classical.choice, Quot.sound]
PUBLIC_THEOREM Entry005.PyramidVolume Entry005.pyramidSet_compact
OWNED_DECL Entry005.pyramidSet_eq_flip_radial
OWNED_AXIOMS Entry005.pyramidSet_eq_flip_radial: [propext, Classical.choice, Quot.sound]
PUBLIC_THEOREM Entry005.PyramidVolume Entry005.pyramidSet_eq_flip_radial
OWNED_DECL Entry005.pyramidSet_eq_flip_radial._simp_1_2
OWNED_AXIOMS Entry005.pyramidSet_eq_flip_radial._simp_1_2: [propext, Classical.choice, Quot.sound]
OWNED_DECL Entry005.pyramidSet_eq_flip_radial._simp_1_3
OWNED_AXIOMS Entry005.pyramidSet_eq_flip_radial._simp_1_3: [propext, Classical.choice, Quot.sound]
OWNED_DECL Entry005.pyramidSet_finite_halfspace
OWNED_AXIOMS Entry005.pyramidSet_finite_halfspace: [propext, Classical.choice, Quot.sound]
PUBLIC_THEOREM Entry005.PyramidHalfspaces Entry005.pyramidSet_finite_halfspace
OWNED_DECL Entry005.pyramidSet_mono
OWNED_AXIOMS Entry005.pyramidSet_mono: [propext, Classical.choice, Quot.sound]
PUBLIC_THEOREM Entry005.PyramidContinuity Entry005.pyramidSet_mono
OWNED_DECL Entry005.pyramidSet_subset_dilation
OWNED_AXIOMS Entry005.pyramidSet_subset_dilation: [propext, Classical.choice, Quot.sound]
PUBLIC_THEOREM Entry005.PyramidContinuity Entry005.pyramidSet_subset_dilation
OWNED_DECL Entry005.pyramidSet_volume
OWNED_AXIOMS Entry005.pyramidSet_volume: [propext, Classical.choice, Quot.sound]
PUBLIC_THEOREM Entry005.PyramidVolume Entry005.pyramidSet_volume
OWNED_DECL Entry005.pyramidSet_zero_mem
OWNED_AXIOMS Entry005.pyramidSet_zero_mem: [propext, Classical.choice, Quot.sound]
PUBLIC_THEOREM Entry005.PyramidContinuity Entry005.pyramidSet_zero_mem
OWNED_DECL Entry005.pyramidSideChartApex
OWNED_AXIOMS Entry005.pyramidSideChartApex: [propext, Classical.choice, Quot.sound]
OWNED_DECL Entry005.pyramidSideChartApex._proof_1
OWNED_AXIOMS Entry005.pyramidSideChartApex._proof_1: [propext]
OWNED_DECL Entry005.pyramidSideChartApex._proof_2
OWNED_AXIOMS Entry005.pyramidSideChartApex._proof_2: [propext, Classical.choice, Quot.sound]
OWNED_DECL Entry005.pyramidSideChartApex.eq_1
OWNED_AXIOMS Entry005.pyramidSideChartApex.eq_1: [propext, Classical.choice, Quot.sound]
PUBLIC_THEOREM Entry005.PyramidSideArea Entry005.pyramidSideChartApex.eq_1
OWNED_DECL Entry005.pyramidSideFrame
OWNED_AXIOMS Entry005.pyramidSideFrame: [propext, Classical.choice, Quot.sound]
OWNED_DECL Entry005.pyramidSideFrame.congr_simp
OWNED_AXIOMS Entry005.pyramidSideFrame.congr_simp: [propext, Classical.choice, Quot.sound]
PUBLIC_THEOREM Entry005.PyramidSideArea Entry005.pyramidSideFrame.congr_simp
OWNED_DECL Entry005.pyramidSideFrameLinear
OWNED_AXIOMS Entry005.pyramidSideFrameLinear: [propext, Classical.choice, Quot.sound]
OWNED_DECL Entry005.pyramidSideFrameLinear._proof_1
OWNED_AXIOMS Entry005.pyramidSideFrameLinear._proof_1: [propext]
OWNED_DECL Entry005.pyramidSideFrameLinear._proof_2
OWNED_AXIOMS Entry005.pyramidSideFrameLinear._proof_2: [propext, Classical.choice, Quot.sound]
OWNED_DECL Entry005.pyramidSideFrameLinear._proof_3
OWNED_AXIOMS Entry005.pyramidSideFrameLinear._proof_3: [propext, Classical.choice, Quot.sound]
OWNED_DECL Entry005.pyramidSideFrameLinear._proof_4
OWNED_AXIOMS Entry005.pyramidSideFrameLinear._proof_4: [propext, Classical.choice, Quot.sound]
OWNED_DECL Entry005.pyramidSideFrameLinear._proof_5
OWNED_AXIOMS Entry005.pyramidSideFrameLinear._proof_5: [propext, Classical.choice, Quot.sound]
OWNED_DECL Entry005.pyramidSideFrameLinear._proof_6
OWNED_AXIOMS Entry005.pyramidSideFrameLinear._proof_6: [propext, Classical.choice, Quot.sound]
OWNED_DECL Entry005.pyramidSideFrameLinear_norm
OWNED_AXIOMS Entry005.pyramidSideFrameLinear_norm: [propext, Classical.choice, Quot.sound]
PUBLIC_THEOREM Entry005.PyramidSideFrame Entry005.pyramidSideFrameLinear_norm
OWNED_DECL Entry005.pyramidSideFrameLinear_surjective
OWNED_AXIOMS Entry005.pyramidSideFrameLinear_surjective: [propext, Classical.choice, Quot.sound]
PUBLIC_THEOREM Entry005.PyramidSideFrame Entry005.pyramidSideFrameLinear_surjective
OWNED_DECL Entry005.pyramidSideFrameLinear_surjective._simp_1_1
OWNED_AXIOMS Entry005.pyramidSideFrameLinear_surjective._simp_1_1: [propext]
OWNED_DECL Entry005.pyramidSideFrameLinear_surjective._simp_1_2
OWNED_AXIOMS Entry005.pyramidSideFrameLinear_surjective._simp_1_2: [propext]
OWNED_DECL Entry005.pyramidSideFrameLinear_surjective._simp_1_3
OWNED_AXIOMS Entry005.pyramidSideFrameLinear_surjective._simp_1_3: [propext]
OWNED_DECL Entry005.pyramidSideFrameLinear_surjective._simp_1_4
OWNED_AXIOMS Entry005.pyramidSideFrameLinear_surjective._simp_1_4: [propext]
OWNED_DECL Entry005.pyramidSideFrameLinear_surjective._simp_1_5
OWNED_AXIOMS Entry005.pyramidSideFrameLinear_surjective._simp_1_5: [propext]
OWNED_DECL Entry005.pyramidSideFrameLinear_surjective._simp_1_6
OWNED_AXIOMS Entry005.pyramidSideFrameLinear_surjective._simp_1_6: [propext, Classical.choice, Quot.sound]
OWNED_DECL Entry005.pyramidSideFrameLinear_surjective._simp_1_7
OWNED_AXIOMS Entry005.pyramidSideFrameLinear_surjective._simp_1_7: [propext]
OWNED_DECL Entry005.pyramidSideFrameLinear_val
OWNED_AXIOMS Entry005.pyramidSideFrameLinear_val: [propext, Classical.choice, Quot.sound]
PUBLIC_THEOREM Entry005.PyramidSideFrame Entry005.pyramidSideFrameLinear_val
OWNED_DECL Entry005.pyramidSideFrame_val
OWNED_AXIOMS Entry005.pyramidSideFrame_val: [propext, Classical.choice, Quot.sound]
PUBLIC_THEOREM Entry005.PyramidSideFrame Entry005.pyramidSideFrame_val
OWNED_DECL Entry005.pyramidSideNormal
OWNED_AXIOMS Entry005.pyramidSideNormal: [propext, Classical.choice, Quot.sound]
OWNED_DECL Entry005.pyramidSideNormal.eq_1
OWNED_AXIOMS Entry005.pyramidSideNormal.eq_1: [propext, Classical.choice, Quot.sound]
PUBLIC_THEOREM Entry005.PyramidHalfspaces Entry005.pyramidSideNormal.eq_1
OWNED_DECL Entry005.pyramidSideNormal_unit
OWNED_AXIOMS Entry005.pyramidSideNormal_unit: [propext, Classical.choice, Quot.sound]
PUBLIC_THEOREM Entry005.PyramidHalfspaces Entry005.pyramidSideNormal_unit
OWNED_DECL Entry005.pyramidSideZonotope
OWNED_AXIOMS Entry005.pyramidSideZonotope: [propext, Classical.choice, Quot.sound]
OWNED_DECL Entry005.pyramidSideZonotope._proof_1
OWNED_AXIOMS Entry005.pyramidSideZonotope._proof_1: [propext]
OWNED_DECL Entry005.pyramidSlope
OWNED_AXIOMS Entry005.pyramidSlope: [propext, Classical.choice, Quot.sound]
OWNED_DECL Entry005.pyramidSlope_pos
OWNED_AXIOMS Entry005.pyramidSlope_pos: [propext, Classical.choice, Quot.sound]
PUBLIC_THEOREM Entry005.PyramidHalfspaces Entry005.pyramidSlope_pos
OWNED_DECL Entry005.pyramidSlope_sq
OWNED_AXIOMS Entry005.pyramidSlope_sq: [propext, Classical.choice, Quot.sound]
PUBLIC_THEOREM Entry005.PyramidHalfspaces Entry005.pyramidSlope_sq
OWNED_DECL Entry005.pyramid_base_facet_area
OWNED_AXIOMS Entry005.pyramid_base_facet_area: [propext, Classical.choice, Quot.sound]
PUBLIC_THEOREM Entry005.PyramidFacetAreas Entry005.pyramid_base_facet_area
OWNED_DECL Entry005.pyramid_base_facet_chart
OWNED_AXIOMS Entry005.pyramid_base_facet_chart: [propext, Classical.choice, Quot.sound]
PUBLIC_THEOREM Entry005.PyramidFacetAreas Entry005.pyramid_base_facet_chart
OWNED_DECL Entry005.pyramid_base_facet_chart._simp_1_1
OWNED_AXIOMS Entry005.pyramid_base_facet_chart._simp_1_1: [propext]
OWNED_DECL Entry005.pyramid_finite_halfspace_volume
OWNED_AXIOMS Entry005.pyramid_finite_halfspace_volume: [propext, Classical.choice, Quot.sound]
PUBLIC_THEOREM Entry005.PyramidProjectionBody Entry005.pyramid_finite_halfspace_volume
OWNED_DECL Entry005.pyramid_horizontal_projection
OWNED_AXIOMS Entry005.pyramid_horizontal_projection: [propext, Classical.choice, Quot.sound]
PUBLIC_THEOREM Entry005.PyramidProjectionVolume Entry005.pyramid_horizontal_projection
OWNED_DECL Entry005.pyramid_lifted_law_generator
OWNED_AXIOMS Entry005.pyramid_lifted_law_generator: [propext, Classical.choice, Quot.sound]
PUBLIC_THEOREM Entry005.PyramidLiftCoordinates Entry005.pyramid_lifted_law_generator
OWNED_DECL Entry005.pyramid_lifted_law_generator._simp_1_1
OWNED_AXIOMS Entry005.pyramid_lifted_law_generator._simp_1_1: [propext]
OWNED_DECL Entry005.pyramid_lifted_law_generator._simp_1_2
OWNED_AXIOMS Entry005.pyramid_lifted_law_generator._simp_1_2: [propext]
OWNED_DECL Entry005.pyramid_lifted_law_generator._simp_1_3
OWNED_AXIOMS Entry005.pyramid_lifted_law_generator._simp_1_3: [propext]
OWNED_DECL Entry005.pyramid_lifted_law_generator._simp_1_4
OWNED_AXIOMS Entry005.pyramid_lifted_law_generator._simp_1_4: [propext]
OWNED_DECL Entry005.pyramid_lifted_law_generator._simp_1_5
OWNED_AXIOMS Entry005.pyramid_lifted_law_generator._simp_1_5: [propext]
OWNED_DECL Entry005.pyramid_lifted_law_generator._simp_1_6
OWNED_AXIOMS Entry005.pyramid_lifted_law_generator._simp_1_6: [propext, Classical.choice, Quot.sound]
OWNED_DECL Entry005.pyramid_lifted_law_generator._simp_1_7
OWNED_AXIOMS Entry005.pyramid_lifted_law_generator._simp_1_7: [propext]
OWNED_DECL Entry005.pyramid_lifted_law_image
OWNED_AXIOMS Entry005.pyramid_lifted_law_image: [propext, Classical.choice, Quot.sound]
PUBLIC_THEOREM Entry005.PyramidLiftedMoment Entry005.pyramid_lifted_law_image
OWNED_DECL Entry005.pyramid_projection_body_eq_zonotope
OWNED_AXIOMS Entry005.pyramid_projection_body_eq_zonotope: [propext, Classical.choice, Quot.sound]
PUBLIC_THEOREM Entry005.PyramidProjectionBody Entry005.pyramid_projection_body_eq_zonotope
OWNED_DECL Entry005.pyramid_projection_body_volume_decomposition
OWNED_AXIOMS Entry005.pyramid_projection_body_volume_decomposition: [propext, Classical.choice, Quot.sound]
PUBLIC_THEOREM Entry005.PyramidProjectionVolume Entry005.pyramid_projection_body_volume_decomposition
OWNED_DECL Entry005.pyramid_projection_generator_eq
OWNED_AXIOMS Entry005.pyramid_projection_generator_eq: [propext, Classical.choice, Quot.sound]
PUBLIC_THEOREM Entry005.PyramidProjectionBody Entry005.pyramid_projection_generator_eq
OWNED_DECL Entry005.pyramid_projection_generator_eq._simp_1_1
OWNED_AXIOMS Entry005.pyramid_projection_generator_eq._simp_1_1: [propext]
OWNED_DECL Entry005.pyramid_projection_generator_eq._simp_1_2
OWNED_AXIOMS Entry005.pyramid_projection_generator_eq._simp_1_2: [propext]
OWNED_DECL Entry005.pyramid_projection_generator_eq._simp_1_3
OWNED_AXIOMS Entry005.pyramid_projection_generator_eq._simp_1_3: [propext]
OWNED_DECL Entry005.pyramid_projection_generator_eq._simp_1_4
OWNED_AXIOMS Entry005.pyramid_projection_generator_eq._simp_1_4: [propext]
OWNED_DECL Entry005.pyramid_projection_generator_eq._simp_1_5
OWNED_AXIOMS Entry005.pyramid_projection_generator_eq._simp_1_5: [propext]
OWNED_DECL Entry005.pyramid_projection_generator_eq._simp_1_6
OWNED_AXIOMS Entry005.pyramid_projection_generator_eq._simp_1_6: [propext, Classical.choice, Quot.sound]
OWNED_DECL Entry005.pyramid_projection_generator_eq._simp_1_7
OWNED_AXIOMS Entry005.pyramid_projection_generator_eq._simp_1_7: [propext]
OWNED_DECL Entry005.pyramid_side_chart_offset
OWNED_AXIOMS Entry005.pyramid_side_chart_offset: [propext, Classical.choice, Quot.sound]
PUBLIC_THEOREM Entry005.PyramidSideArea Entry005.pyramid_side_chart_offset
OWNED_DECL Entry005.pyramid_side_facet_area
OWNED_AXIOMS Entry005.pyramid_side_facet_area: [propext, Classical.choice, Quot.sound]
PUBLIC_THEOREM Entry005.PyramidSideArea Entry005.pyramid_side_facet_area
OWNED_DECL Entry005.pyramid_side_facet_area._proof_1_1
OWNED_AXIOMS Entry005.pyramid_side_facet_area._proof_1_1: [propext, Classical.choice, Quot.sound]
OWNED_DECL Entry005.pyramid_side_facet_area_of_empty
OWNED_AXIOMS Entry005.pyramid_side_facet_area_of_empty: [propext, Classical.choice, Quot.sound]
PUBLIC_THEOREM Entry005.PyramidProjectionBody Entry005.pyramid_side_facet_area_of_empty
OWNED_DECL Entry005.pyramid_side_facet_chart
OWNED_AXIOMS Entry005.pyramid_side_facet_chart: [propext, Classical.choice, Quot.sound]
PUBLIC_THEOREM Entry005.PyramidSideArea Entry005.pyramid_side_facet_chart
OWNED_DECL Entry005.pyramid_side_facet_of_empty
OWNED_AXIOMS Entry005.pyramid_side_facet_of_empty: [propext, Classical.choice, Quot.sound]
PUBLIC_THEOREM Entry005.PyramidSideArea Entry005.pyramid_side_facet_of_empty
OWNED_DECL Entry005.pyramid_side_horizontal_image
OWNED_AXIOMS Entry005.pyramid_side_horizontal_image: [propext, Classical.choice, Quot.sound]
PUBLIC_THEOREM Entry005.PyramidProjectionVolume Entry005.pyramid_side_horizontal_image
OWNED_DECL Entry005.pyramid_side_horizontal_volume
OWNED_AXIOMS Entry005.pyramid_side_horizontal_volume: [propext, Classical.choice, Quot.sound]
PUBLIC_THEOREM Entry005.PyramidProjectionVolume Entry005.pyramid_side_horizontal_volume
OWNED_DECL Entry005.pyramid_side_radial_coordinates
OWNED_AXIOMS Entry005.pyramid_side_radial_coordinates: [propext, Classical.choice, Quot.sound]
PUBLIC_THEOREM Entry005.PyramidSideArea Entry005.pyramid_side_radial_coordinates
OWNED_DECL Entry005.pyramid_side_radial_coordinates._simp_1_1
OWNED_AXIOMS Entry005.pyramid_side_radial_coordinates._simp_1_1: [propext]
OWNED_DECL Entry005.pyramid_side_radial_coordinates._simp_1_2
OWNED_AXIOMS Entry005.pyramid_side_radial_coordinates._simp_1_2: [propext]
OWNED_DECL Entry005.pyramid_side_radial_coordinates._simp_1_3
OWNED_AXIOMS Entry005.pyramid_side_radial_coordinates._simp_1_3: [propext]
OWNED_DECL Entry005.pyramid_side_radial_coordinates._simp_1_4
OWNED_AXIOMS Entry005.pyramid_side_radial_coordinates._simp_1_4: [propext]
OWNED_DECL Entry005.pyramid_side_radial_coordinates._simp_1_5
OWNED_AXIOMS Entry005.pyramid_side_radial_coordinates._simp_1_5: [propext]
OWNED_DECL Entry005.pyramid_side_radial_coordinates._simp_1_6
OWNED_AXIOMS Entry005.pyramid_side_radial_coordinates._simp_1_6: [propext, Classical.choice, Quot.sound]
OWNED_DECL Entry005.pyramid_side_radial_coordinates._simp_1_7
OWNED_AXIOMS Entry005.pyramid_side_radial_coordinates._simp_1_7: [propext]
OWNED_DECL Entry005.pyramid_side_zonotope_eq_scaled_lifted
OWNED_AXIOMS Entry005.pyramid_side_zonotope_eq_scaled_lifted: [propext, Classical.choice, Quot.sound]
PUBLIC_THEOREM Entry005.PyramidLiftedMoment Entry005.pyramid_side_zonotope_eq_scaled_lifted
OWNED_DECL Entry005.pyramid_side_zonotope_eq_scaled_lifted._simp_1_1
OWNED_AXIOMS Entry005.pyramid_side_zonotope_eq_scaled_lifted._simp_1_1: [propext]
OWNED_DECL Entry005.pyramid_side_zonotope_eq_scaled_lifted._simp_1_2
OWNED_AXIOMS Entry005.pyramid_side_zonotope_eq_scaled_lifted._simp_1_2: [propext]
OWNED_DECL Entry005.pyramid_side_zonotope_eq_scaled_lifted._simp_1_3
OWNED_AXIOMS Entry005.pyramid_side_zonotope_eq_scaled_lifted._simp_1_3: [propext]
OWNED_DECL Entry005.pyramid_side_zonotope_eq_scaled_lifted._simp_1_4
OWNED_AXIOMS Entry005.pyramid_side_zonotope_eq_scaled_lifted._simp_1_4: [propext]
OWNED_DECL Entry005.pyramid_side_zonotope_eq_scaled_lifted._simp_1_5
OWNED_AXIOMS Entry005.pyramid_side_zonotope_eq_scaled_lifted._simp_1_5: [propext]
OWNED_DECL Entry005.pyramid_side_zonotope_eq_scaled_lifted._simp_1_6
OWNED_AXIOMS Entry005.pyramid_side_zonotope_eq_scaled_lifted._simp_1_6: [propext, Classical.choice, Quot.sound]
OWNED_DECL Entry005.pyramid_side_zonotope_eq_scaled_lifted._simp_1_7
OWNED_AXIOMS Entry005.pyramid_side_zonotope_eq_scaled_lifted._simp_1_7: [propext]
OWNED_DECL Entry005.pyramid_side_zonotope_volume_lifted_moment
OWNED_AXIOMS Entry005.pyramid_side_zonotope_volume_lifted_moment: [propext, Classical.choice, Quot.sound]
PUBLIC_THEOREM Entry005.PyramidLiftedMoment Entry005.pyramid_side_zonotope_volume_lifted_moment
OWNED_DECL Entry005.pyramid_side_zonotope_volume_lifted_moment._simp_1_1
OWNED_AXIOMS Entry005.pyramid_side_zonotope_volume_lifted_moment._simp_1_1: [propext]
OWNED_DECL Entry005.pyramid_side_zonotope_volume_lifted_moment._simp_1_2
OWNED_AXIOMS Entry005.pyramid_side_zonotope_volume_lifted_moment._simp_1_2: [propext]
OWNED_DECL Entry005.pyramid_side_zonotope_volume_lifted_moment._simp_1_3
OWNED_AXIOMS Entry005.pyramid_side_zonotope_volume_lifted_moment._simp_1_3: [propext]
OWNED_DECL Entry005.pyramid_side_zonotope_volume_lifted_moment._simp_1_4
OWNED_AXIOMS Entry005.pyramid_side_zonotope_volume_lifted_moment._simp_1_4: [propext]
OWNED_DECL Entry005.pyramid_side_zonotope_volume_lifted_moment._simp_1_5
OWNED_AXIOMS Entry005.pyramid_side_zonotope_volume_lifted_moment._simp_1_5: [propext]
OWNED_DECL Entry005.pyramid_side_zonotope_volume_lifted_moment._simp_1_6
OWNED_AXIOMS Entry005.pyramid_side_zonotope_volume_lifted_moment._simp_1_6: [propext, Classical.choice, Quot.sound]
OWNED_DECL Entry005.pyramid_side_zonotope_volume_lifted_moment._simp_1_7
OWNED_AXIOMS Entry005.pyramid_side_zonotope_volume_lifted_moment._simp_1_7: [propext]
OWNED_DECL Entry005.rSharp
OWNED_AXIOMS Entry005.rSharp: [propext, Classical.choice, Quot.sound]
OWNED_DECL Entry005.rSharp_pos
OWNED_AXIOMS Entry005.rSharp_pos: [propext, Classical.choice, Quot.sound]
PUBLIC_THEOREM Entry005.Constants Entry005.rSharp_pos
OWNED_DECL Entry005.rSharp_root_bound
OWNED_AXIOMS Entry005.rSharp_root_bound: [propext, Classical.choice, Quot.sound]
PUBLIC_THEOREM Entry005.ThresholdGate Entry005.rSharp_root_bound
OWNED_DECL Entry005.rSharp_root_bound._proof_1_1
OWNED_AXIOMS Entry005.rSharp_root_bound._proof_1_1: [propext, Quot.sound]
OWNED_DECL Entry005.rSharp_root_bound._proof_1_2
OWNED_AXIOMS Entry005.rSharp_root_bound._proof_1_2: [propext, Quot.sound]
OWNED_DECL Entry005.rSharp_root_bound._proof_1_3
OWNED_AXIOMS Entry005.rSharp_root_bound._proof_1_3: [propext, Quot.sound]
OWNED_DECL Entry005.radialCone
OWNED_AXIOMS Entry005.radialCone: [propext, Classical.choice, Quot.sound]
OWNED_DECL Entry005.radialCone.eq_1
OWNED_AXIOMS Entry005.radialCone.eq_1: [propext, Classical.choice, Quot.sound]
PUBLIC_THEOREM Entry005.PyramidVolume Entry005.radialCone.eq_1
OWNED_DECL Entry005.radial_cone_compact
OWNED_AXIOMS Entry005.radial_cone_compact: [propext, Classical.choice, Quot.sound]
PUBLIC_THEOREM Entry005.RadialConeVolume Entry005.radial_cone_compact
OWNED_DECL Entry005.radial_cone_horizontal_slice
OWNED_AXIOMS Entry005.radial_cone_horizontal_slice: [propext, Classical.choice, Quot.sound]
PUBLIC_THEOREM Entry005.RadialConeVolume Entry005.radial_cone_horizontal_slice
OWNED_DECL Entry005.radial_cone_horizontal_slice_empty
OWNED_AXIOMS Entry005.radial_cone_horizontal_slice_empty: [propext, Classical.choice, Quot.sound]
PUBLIC_THEOREM Entry005.RadialConeVolume Entry005.radial_cone_horizontal_slice_empty
OWNED_DECL Entry005.radial_cone_horizontal_slice_volume
OWNED_AXIOMS Entry005.radial_cone_horizontal_slice_volume: [propext, Classical.choice, Quot.sound]
PUBLIC_THEOREM Entry005.RadialConeVolume Entry005.radial_cone_horizontal_slice_volume
OWNED_DECL Entry005.radial_cone_horizontal_slice_volume_toReal
OWNED_AXIOMS Entry005.radial_cone_horizontal_slice_volume_toReal: [propext, Classical.choice, Quot.sound]
PUBLIC_THEOREM Entry005.RadialConeVolume Entry005.radial_cone_horizontal_slice_volume_toReal
OWNED_DECL Entry005.radial_cone_lp_volume
OWNED_AXIOMS Entry005.radial_cone_lp_volume: [propext, Classical.choice, Quot.sound]
PUBLIC_THEOREM Entry005.RadialConeVolume Entry005.radial_cone_lp_volume
OWNED_DECL Entry005.radial_cone_product_volume
OWNED_AXIOMS Entry005.radial_cone_product_volume: [propext, Classical.choice, Quot.sound]
PUBLIC_THEOREM Entry005.RadialConeVolume Entry005.radial_cone_product_volume
OWNED_DECL Entry005.radial_power_integrableOn
OWNED_AXIOMS Entry005.radial_power_integrableOn: [propext, Classical.choice, Quot.sound]
PUBLIC_THEOREM Entry005.RadialPowerIntegral Entry005.radial_power_integrableOn
OWNED_DECL Entry005.radial_power_integral
OWNED_AXIOMS Entry005.radial_power_integral: [propext, Classical.choice, Quot.sound]
PUBLIC_THEOREM Entry005.RadialPowerIntegral Entry005.radial_power_integral
OWNED_DECL Entry005.rawProbabilityLaw
OWNED_AXIOMS Entry005.rawProbabilityLaw: [propext, Classical.choice, Quot.sound]
OWNED_DECL Entry005.rawToCompactBall
OWNED_AXIOMS Entry005.rawToCompactBall: [propext, Classical.choice, Quot.sound]
OWNED_DECL Entry005.rawToCompactBall._proof_1
OWNED_AXIOMS Entry005.rawToCompactBall._proof_1: [propext]
OWNED_DECL Entry005.rawToCompactBall._proof_2
OWNED_AXIOMS Entry005.rawToCompactBall._proof_2: [propext, Classical.choice, Quot.sound]
OWNED_DECL Entry005.rawToCompactBall._simp_1
OWNED_AXIOMS Entry005.rawToCompactBall._simp_1: [propext, Classical.choice, Quot.sound]
OWNED_DECL Entry005.rawToCompactBall.eq_1
OWNED_AXIOMS Entry005.rawToCompactBall.eq_1: [propext, Classical.choice, Quot.sound]
PUBLIC_THEOREM Entry005.CompactBallConeLaw Entry005.rawToCompactBall.eq_1
OWNED_DECL Entry005.real_volume_nonnegative_smul
OWNED_AXIOMS Entry005.real_volume_nonnegative_smul: [propext, Classical.choice, Quot.sound]
PUBLIC_THEOREM Entry005.ProjectionVolumeSqueeze Entry005.real_volume_nonnegative_smul
OWNED_DECL Entry005.regularMaximumRadius
OWNED_AXIOMS Entry005.regularMaximumRadius: [propext, Classical.choice, Quot.sound]
OWNED_DECL Entry005.regularMaximumRadius._proof_1
OWNED_AXIOMS Entry005.regularMaximumRadius._proof_1: [propext]
OWNED_DECL Entry005.regularSimplex
OWNED_AXIOMS Entry005.regularSimplex: [propext, Classical.choice, Quot.sound]
OWNED_DECL Entry005.regularSimplex._proof_1
OWNED_AXIOMS Entry005.regularSimplex._proof_1: [propext, Classical.choice, Quot.sound]
OWNED_DECL Entry005.regularSimplex.congr_simp
OWNED_AXIOMS Entry005.regularSimplex.congr_simp: [propext, Classical.choice, Quot.sound]
PUBLIC_THEOREM Entry005.SharpNormalizationRadius Entry005.regularSimplex.congr_simp
OWNED_DECL Entry005.regularSimplex_centered_ball_iff
OWNED_AXIOMS Entry005.regularSimplex_centered_ball_iff: [propext, Classical.choice, Quot.sound]
PUBLIC_THEOREM Entry005.RegularSimplex Entry005.regularSimplex_centered_ball_iff
OWNED_DECL Entry005.regularSimplex_centered_ball_iff._simp_1_1
OWNED_AXIOMS Entry005.regularSimplex_centered_ball_iff._simp_1_1: [propext, Classical.choice, Quot.sound]
OWNED_DECL Entry005.regularSimplex_centroid
OWNED_AXIOMS Entry005.regularSimplex_centroid: [propext, Classical.choice, Quot.sound]
PUBLIC_THEOREM Entry005.RegularSimplex Entry005.regularSimplex_centroid
OWNED_DECL Entry005.regularSimplex_edge_length
OWNED_AXIOMS Entry005.regularSimplex_edge_length: [propext, Classical.choice, Quot.sound]
PUBLIC_THEOREM Entry005.RegularSimplex Entry005.regularSimplex_edge_length
OWNED_DECL Entry005.regularSimplex_facet_bound
OWNED_AXIOMS Entry005.regularSimplex_facet_bound: [propext, Classical.choice, Quot.sound]
PUBLIC_THEOREM Entry005.RegularSimplex Entry005.regularSimplex_facet_bound
OWNED_DECL Entry005.regularSimplex_norm_sq_coord
OWNED_AXIOMS Entry005.regularSimplex_norm_sq_coord: [propext, Classical.choice, Quot.sound]
PUBLIC_THEOREM Entry005.SharpNormalizationRadius Entry005.regularSimplex_norm_sq_coord
OWNED_DECL Entry005.regularSimplex_norm_sq_le_of_coord_abs
OWNED_AXIOMS Entry005.regularSimplex_norm_sq_le_of_coord_abs: [propext, Classical.choice, Quot.sound]
PUBLIC_THEOREM Entry005.SharpNormalizationRadius Entry005.regularSimplex_norm_sq_le_of_coord_abs
OWNED_DECL Entry005.regularSimplex_unit_ball
OWNED_AXIOMS Entry005.regularSimplex_unit_ball: [propext, Classical.choice, Quot.sound]
PUBLIC_THEOREM Entry005.RegularSimplex Entry005.regularSimplex_unit_ball
OWNED_DECL Entry005.regularSimplex_unit_ball._simp_1_1
OWNED_AXIOMS Entry005.regularSimplex_unit_ball._simp_1_1: [propext, Classical.choice, Quot.sound]
OWNED_DECL Entry005.regularSimplex_vertex_inner
OWNED_AXIOMS Entry005.regularSimplex_vertex_inner: [propext, Classical.choice, Quot.sound]
PUBLIC_THEOREM Entry005.RegularSimplex Entry005.regularSimplex_vertex_inner
OWNED_DECL Entry005.regularSimplex_vertex_norm
OWNED_AXIOMS Entry005.regularSimplex_vertex_norm: [propext, Classical.choice, Quot.sound]
PUBLIC_THEOREM Entry005.RegularSimplex Entry005.regularSimplex_vertex_norm
OWNED_DECL Entry005.regularSimplex_weighted_norm_sq
OWNED_AXIOMS Entry005.regularSimplex_weighted_norm_sq: [propext, Classical.choice, Quot.sound]
PUBLIC_THEOREM Entry005.SharpNormalizationRadius Entry005.regularSimplex_weighted_norm_sq
OWNED_DECL Entry005.regularSimplex_weighted_norm_sq._simp_1_2
OWNED_AXIOMS Entry005.regularSimplex_weighted_norm_sq._simp_1_2: [propext, Classical.choice, Quot.sound]
OWNED_DECL Entry005.regularSimplex_weighted_norm_sq._simp_1_3
OWNED_AXIOMS Entry005.regularSimplex_weighted_norm_sq._simp_1_3: [propext, Quot.sound]
OWNED_DECL Entry005.replacementDeterminant
OWNED_AXIOMS Entry005.replacementDeterminant: [propext, Classical.choice, Quot.sound]
OWNED_DECL Entry005.replacementDeterminant.eq_1
OWNED_AXIOMS Entry005.replacementDeterminant.eq_1: [propext, Classical.choice, Quot.sound]
PUBLIC_THEOREM Entry005.AnchorCoordinates Entry005.replacementDeterminant.eq_1
OWNED_DECL Entry005.replacement_determinant_coordinates
OWNED_AXIOMS Entry005.replacement_determinant_coordinates: [propext, Classical.choice, Quot.sound]
PUBLIC_THEOREM Entry005.AnchorCoordinates Entry005.replacement_determinant_coordinates
OWNED_DECL Entry005.retain_maximum_simplex
OWNED_AXIOMS Entry005.retain_maximum_simplex: [propext, Classical.choice, Quot.sound]
PUBLIC_THEOREM Entry005.PrescribedSimplex Entry005.retain_maximum_simplex
OWNED_DECL Entry005.retain_maximum_simplex_about
OWNED_AXIOMS Entry005.retain_maximum_simplex_about: [propext, Classical.choice, Quot.sound]
PUBLIC_THEOREM Entry005.PrescribedSimplex Entry005.retain_maximum_simplex_about
OWNED_DECL Entry005.retain_maximum_simplex_centroid
OWNED_AXIOMS Entry005.retain_maximum_simplex_centroid: [propext, Classical.choice, Quot.sound]
PUBLIC_THEOREM Entry005.PrescribedSimplex Entry005.retain_maximum_simplex_centroid
OWNED_DECL Entry005.retain_maximum_simplex_excess
OWNED_AXIOMS Entry005.retain_maximum_simplex_excess: [propext, Classical.choice, Quot.sound]
PUBLIC_THEOREM Entry005.PrescribedSimplex Entry005.retain_maximum_simplex_excess
OWNED_DECL Entry005.retain_maximum_simplex_of_hausdorff
OWNED_AXIOMS Entry005.retain_maximum_simplex_of_hausdorff: [propext, Classical.choice, Quot.sound]
PUBLIC_THEOREM Entry005.HausdorffRetention Entry005.retain_maximum_simplex_of_hausdorff
OWNED_DECL Entry005.retain_maximum_simplex_of_projection_deficit
OWNED_AXIOMS Entry005.retain_maximum_simplex_of_projection_deficit: [propext, Classical.choice, Quot.sound]
PUBLIC_THEOREM Entry005.HausdorffRetention Entry005.retain_maximum_simplex_of_projection_deficit
OWNED_DECL Entry005.retain_maximum_simplex_of_projection_deficit._proof_1_1
OWNED_AXIOMS Entry005.retain_maximum_simplex_of_projection_deficit._proof_1_1: [propext, Classical.choice, Quot.sound]
OWNED_DECL Entry005.root_bound_of_reciprocal_power
OWNED_AXIOMS Entry005.root_bound_of_reciprocal_power: [propext, Classical.choice, Quot.sound]
PUBLIC_THEOREM Entry005.ThresholdGate Entry005.root_bound_of_reciprocal_power
OWNED_DECL Entry005.round_iid_witness_anchor
OWNED_AXIOMS Entry005.round_iid_witness_anchor: [propext, Classical.choice, Quot.sound]
PUBLIC_THEOREM Entry005.RoundAnchorChain Entry005.round_iid_witness_anchor
OWNED_DECL Entry005.round_lifted_second_moment_lower
OWNED_AXIOMS Entry005.round_lifted_second_moment_lower: [propext, Classical.choice, Quot.sound]
PUBLIC_THEOREM Entry005.CovarianceConditioning Entry005.round_lifted_second_moment_lower
OWNED_DECL Entry005.round_lifted_second_moment_lower._proof_1_1
OWNED_AXIOMS Entry005.round_lifted_second_moment_lower._proof_1_1: [propext, Quot.sound]
OWNED_DECL Entry005.same_sign_facets_same_fiber_eq
OWNED_AXIOMS Entry005.same_sign_facets_same_fiber_eq: [propext, Classical.choice, Quot.sound]
PUBLIC_THEOREM Entry005.FiniteHalfspaceFacets Entry005.same_sign_facets_same_fiber_eq
OWNED_DECL Entry005.same_sign_projected_facets_inter_volume_zero
OWNED_AXIOMS Entry005.same_sign_projected_facets_inter_volume_zero: [propext, Classical.choice, Quot.sound]
PUBLIC_THEOREM Entry005.FiniteHalfspaceFacets Entry005.same_sign_projected_facets_inter_volume_zero
OWNED_DECL Entry005.same_unit_projection_sub
OWNED_AXIOMS Entry005.same_unit_projection_sub: [propext, Classical.choice, Quot.sound]
PUBLIC_THEOREM Entry005.FiniteHalfspaceFacets Entry005.same_unit_projection_sub
OWNED_DECL Entry005.sampledMatrix
OWNED_AXIOMS Entry005.sampledMatrix: [propext, Classical.choice, Quot.sound]
OWNED_DECL Entry005.sampledMatrix.eq_1
OWNED_AXIOMS Entry005.sampledMatrix.eq_1: [propext, Classical.choice, Quot.sound]
PUBLIC_THEOREM Entry005.DeterminantMoment Entry005.sampledMatrix.eq_1
OWNED_DECL Entry005.sampled_determinant_integrable
OWNED_AXIOMS Entry005.sampled_determinant_integrable: [propext, Classical.choice, Quot.sound]
PUBLIC_THEOREM Entry005.DeterminantMoment Entry005.sampled_determinant_integrable
OWNED_DECL Entry005.scaled_defect_le_b
OWNED_AXIOMS Entry005.scaled_defect_le_b: [propext, Classical.choice, Quot.sound]
PUBLIC_THEOREM Entry005.ThresholdGate Entry005.scaled_defect_le_b
OWNED_DECL Entry005.scaled_defect_le_rSharp
OWNED_AXIOMS Entry005.scaled_defect_le_rSharp: [propext, Classical.choice, Quot.sound]
PUBLIC_THEOREM Entry005.ThresholdGate Entry005.scaled_defect_le_rSharp
OWNED_DECL Entry005.scaled_defect_le_rSharp._proof_1_1
OWNED_AXIOMS Entry005.scaled_defect_le_rSharp._proof_1_1: [propext, Quot.sound]
OWNED_DECL Entry005.scaled_defect_root_bound
OWNED_AXIOMS Entry005.scaled_defect_root_bound: [propext, Classical.choice, Quot.sound]
PUBLIC_THEOREM Entry005.ThresholdGate Entry005.scaled_defect_root_bound
OWNED_DECL Entry005.scaled_defect_root_bound._proof_1_1
OWNED_AXIOMS Entry005.scaled_defect_root_bound._proof_1_1: [propext, Quot.sound]
OWNED_DECL Entry005.scaled_defect_root_bound._proof_1_2
OWNED_AXIOMS Entry005.scaled_defect_root_bound._proof_1_2: [propext, Quot.sound]
OWNED_DECL Entry005.scaled_defect_root_bound._proof_1_3
OWNED_AXIOMS Entry005.scaled_defect_root_bound._proof_1_3: [propext, Quot.sound]
OWNED_DECL Entry005.secondMomentMatrix
OWNED_AXIOMS Entry005.secondMomentMatrix: [propext, Classical.choice, Quot.sound]
OWNED_DECL Entry005.secondMomentMatrix.eq_1
OWNED_AXIOMS Entry005.secondMomentMatrix.eq_1: [propext, Classical.choice, Quot.sound]
PUBLIC_THEOREM Entry005.DeterminantMoment Entry005.secondMomentMatrix.eq_1
OWNED_DECL Entry005.second_moment_event_lower
OWNED_AXIOMS Entry005.second_moment_event_lower: [propext, Classical.choice, Quot.sound]
PUBLIC_THEOREM Entry005.AnchorSelection Entry005.second_moment_event_lower
OWNED_DECL Entry005.second_moment_hermitian
OWNED_AXIOMS Entry005.second_moment_hermitian: [propext, Classical.choice, Quot.sound]
PUBLIC_THEOREM Entry005.CovarianceConditioning Entry005.second_moment_hermitian
OWNED_DECL Entry005.segmentExtrusion
OWNED_AXIOMS Entry005.segmentExtrusion: [propext, Classical.choice, Quot.sound]
OWNED_DECL Entry005.segment_extrusion_rescale
OWNED_AXIOMS Entry005.segment_extrusion_rescale: [propext, Classical.choice, Quot.sound]
PUBLIC_THEOREM Entry005.ZonotopeVolume Entry005.segment_extrusion_rescale
OWNED_DECL Entry005.selectedAnchorSimplex
OWNED_AXIOMS Entry005.selectedAnchorSimplex: [propext, Classical.choice, Quot.sound]
OWNED_DECL Entry005.selectedAnchorSimplex._proof_1
OWNED_AXIOMS Entry005.selectedAnchorSimplex._proof_1: [propext]
OWNED_DECL Entry005.selectedAnchorSimplex_points
OWNED_AXIOMS Entry005.selectedAnchorSimplex_points: [propext, Classical.choice, Quot.sound]
PUBLIC_THEOREM Entry005.SelectedAnchorSimplex Entry005.selectedAnchorSimplex_points
OWNED_DECL Entry005.selected_anchor_affineIndependent
OWNED_AXIOMS Entry005.selected_anchor_affineIndependent: [propext, Classical.choice, Quot.sound]
PUBLIC_THEOREM Entry005.SelectedAnchorSimplex Entry005.selected_anchor_affineIndependent
OWNED_DECL Entry005.selected_anchor_affineIndependent_iff_det_ne_zero
OWNED_AXIOMS Entry005.selected_anchor_affineIndependent_iff_det_ne_zero: [propext, Classical.choice, Quot.sound]
PUBLIC_THEOREM Entry005.IidAnchorAffineDeterminant Entry005.selected_anchor_affineIndependent_iff_det_ne_zero
OWNED_DECL Entry005.selected_anchor_det_ne_zero_of_affineIndependent
OWNED_AXIOMS Entry005.selected_anchor_det_ne_zero_of_affineIndependent: [propext, Classical.choice, Quot.sound]
PUBLIC_THEOREM Entry005.IidAnchorAffineDeterminant Entry005.selected_anchor_det_ne_zero_of_affineIndependent
OWNED_DECL Entry005.selected_anchor_det_ne_zero_of_raw_affineIndependent
OWNED_AXIOMS Entry005.selected_anchor_det_ne_zero_of_raw_affineIndependent: [propext, Classical.choice, Quot.sound]
PUBLIC_THEOREM Entry005.IidAnchorAffineDeterminant Entry005.selected_anchor_det_ne_zero_of_raw_affineIndependent
OWNED_DECL Entry005.selected_anchor_raw_affineIndependent
OWNED_AXIOMS Entry005.selected_anchor_raw_affineIndependent: [propext, Classical.choice, Quot.sound]
PUBLIC_THEOREM Entry005.SelectedAnchorSimplex Entry005.selected_anchor_raw_affineIndependent
OWNED_DECL Entry005.sharpLocalGoal
OWNED_AXIOMS Entry005.sharpLocalGoal: [propext, Classical.choice, Quot.sound]
OWNED_DECL Entry005.sharpMainGoal
OWNED_AXIOMS Entry005.sharpMainGoal: [propext, Classical.choice, Quot.sound]
OWNED_DECL Entry005.shrink_subset_of_hausdorff
OWNED_AXIOMS Entry005.shrink_subset_of_hausdorff: [propext, Classical.choice, Quot.sound]
PUBLIC_THEOREM Entry005.HausdorffRetention Entry005.shrink_subset_of_hausdorff
OWNED_DECL Entry005.shrink_subset_of_hausdorff._simp_1_1
OWNED_AXIOMS Entry005.shrink_subset_of_hausdorff._simp_1_1: [propext, Classical.choice, Quot.sound]
OWNED_DECL Entry005.shrink_subset_of_hausdorff_about
OWNED_AXIOMS Entry005.shrink_subset_of_hausdorff_about: [propext, Classical.choice, Quot.sound]
PUBLIC_THEOREM Entry005.HausdorffRetention Entry005.shrink_subset_of_hausdorff_about
OWNED_DECL Entry005.shrink_subset_of_hausdorff_about._simp_1_1
OWNED_AXIOMS Entry005.shrink_subset_of_hausdorff_about._simp_1_1: [propext, Classical.choice, Quot.sound]
OWNED_DECL Entry005.simplexAffineBasis
OWNED_AXIOMS Entry005.simplexAffineBasis: [propext, Classical.choice, Quot.sound]
OWNED_DECL Entry005.simplexAffineBasis._proof_1
OWNED_AXIOMS Entry005.simplexAffineBasis._proof_1: [propext, Classical.choice, Quot.sound]
OWNED_DECL Entry005.simplexAffineBasis._proof_2
OWNED_AXIOMS Entry005.simplexAffineBasis._proof_2: [propext, Classical.choice, Quot.sound]
OWNED_DECL Entry005.simplexAffineEquiv
OWNED_AXIOMS Entry005.simplexAffineEquiv: [propext, Classical.choice, Quot.sound]
OWNED_DECL Entry005.simplexAffineEquiv._proof_1
OWNED_AXIOMS Entry005.simplexAffineEquiv._proof_1: [propext]
OWNED_DECL Entry005.simplexAffineEquiv.eq_1
OWNED_AXIOMS Entry005.simplexAffineEquiv.eq_1: [propext, Classical.choice, Quot.sound]
PUBLIC_THEOREM Entry005.AffineNormalization Entry005.simplexAffineEquiv.eq_1
OWNED_DECL Entry005.simplexAffineEquiv_points
OWNED_AXIOMS Entry005.simplexAffineEquiv_points: [propext, Classical.choice, Quot.sound]
PUBLIC_THEOREM Entry005.AffineNormalization Entry005.simplexAffineEquiv_points
OWNED_DECL Entry005.simplexBarycentricMatrix
OWNED_AXIOMS Entry005.simplexBarycentricMatrix: [propext, Classical.choice, Quot.sound]
OWNED_DECL Entry005.simplexBarycentricMatrix.eq_1
OWNED_AXIOMS Entry005.simplexBarycentricMatrix.eq_1: [propext, Classical.choice, Quot.sound]
PUBLIC_THEOREM Entry005.SimplexVolumeInterface Entry005.simplexBarycentricMatrix.eq_1
OWNED_DECL Entry005.simplexBody
OWNED_AXIOMS Entry005.simplexBody: [propext, Classical.choice, Quot.sound]
OWNED_DECL Entry005.simplexBody._proof_1
OWNED_AXIOMS Entry005.simplexBody._proof_1: [propext, Classical.choice, Quot.sound]
OWNED_DECL Entry005.simplexBody._proof_2
OWNED_AXIOMS Entry005.simplexBody._proof_2: [propext, Classical.choice, Quot.sound]
OWNED_DECL Entry005.simplexBody._proof_3
OWNED_AXIOMS Entry005.simplexBody._proof_3: [propext, Classical.choice, Quot.sound]
OWNED_DECL Entry005.simplexCoord
OWNED_AXIOMS Entry005.simplexCoord: [propext, Classical.choice, Quot.sound]
OWNED_DECL Entry005.simplexCoord_centroid
OWNED_AXIOMS Entry005.simplexCoord_centroid: [propext, Classical.choice, Quot.sound]
PUBLIC_THEOREM Entry005.CentroidMaximumBound Entry005.simplexCoord_centroid
OWNED_DECL Entry005.simplexCoord_centroid_contraction
OWNED_AXIOMS Entry005.simplexCoord_centroid_contraction: [propext, Classical.choice, Quot.sound]
PUBLIC_THEOREM Entry005.CentroidMaximumBound Entry005.simplexCoord_centroid_contraction
OWNED_DECL Entry005.simplexMatrixVolumeInterface
OWNED_AXIOMS Entry005.simplexMatrixVolumeInterface: [propext, Classical.choice, Quot.sound]
PUBLIC_THEOREM Entry005.SimplexVolumeInterface Entry005.simplexMatrixVolumeInterface
OWNED_DECL Entry005.simplexMatrixVolumeInterfaceGoal
OWNED_AXIOMS Entry005.simplexMatrixVolumeInterfaceGoal: [propext, Classical.choice, Quot.sound]
OWNED_DECL Entry005.simplexMatrixVolumeInterfaceGoal._proof_1
OWNED_AXIOMS Entry005.simplexMatrixVolumeInterfaceGoal._proof_1: [propext, Classical.choice, Quot.sound]
OWNED_DECL Entry005.simplexMatrixVolumeInterfaceGoal._proof_2
OWNED_AXIOMS Entry005.simplexMatrixVolumeInterfaceGoal._proof_2: [propext, Classical.choice, Quot.sound]
OWNED_DECL Entry005.simplexSet
OWNED_AXIOMS Entry005.simplexSet: [propext, Classical.choice, Quot.sound]
OWNED_DECL Entry005.simplexSet.eq_1
OWNED_AXIOMS Entry005.simplexSet.eq_1: [propext, Classical.choice, Quot.sound]
PUBLIC_THEOREM Entry005.SimplexVolumeInterface Entry005.simplexSet.eq_1
OWNED_DECL Entry005.simplexSet_affine_map
OWNED_AXIOMS Entry005.simplexSet_affine_map: [propext, Classical.choice, Quot.sound]
PUBLIC_THEOREM Entry005.AffineNormalization Entry005.simplexSet_affine_map
OWNED_DECL Entry005.simplex_centroid_ball
OWNED_AXIOMS Entry005.simplex_centroid_ball: [propext, Classical.choice, Quot.sound]
PUBLIC_THEOREM Entry005.AffineNormalization Entry005.simplex_centroid_ball
OWNED_DECL Entry005.simplex_centroid_interior
OWNED_AXIOMS Entry005.simplex_centroid_interior: [propext, Classical.choice, Quot.sound]
PUBLIC_THEOREM Entry005.AffineNormalization Entry005.simplex_centroid_interior
OWNED_DECL Entry005.simplex_equal_volume_permutation
OWNED_AXIOMS Entry005.simplex_equal_volume_permutation: [propext, Classical.choice, Quot.sound]
PUBLIC_THEOREM Entry005.PrescribedSimplex Entry005.simplex_equal_volume_permutation
OWNED_DECL Entry005.simplex_equal_volume_permutation._simp_1_1
OWNED_AXIOMS Entry005.simplex_equal_volume_permutation._simp_1_1: [propext, Classical.choice, Quot.sound]
OWNED_DECL Entry005.simplex_hull_dilation
OWNED_AXIOMS Entry005.simplex_hull_dilation: [propext, Classical.choice, Quot.sound]
PUBLIC_THEOREM Entry005.PrescribedSimplex Entry005.simplex_hull_dilation
OWNED_DECL Entry005.simplex_hull_dilation._simp_1_1
OWNED_AXIOMS Entry005.simplex_hull_dilation._simp_1_1: []
OWNED_DECL Entry005.simplex_hull_matching
OWNED_AXIOMS Entry005.simplex_hull_matching: [propext, Classical.choice, Quot.sound]
PUBLIC_THEOREM Entry005.PrescribedSimplex Entry005.simplex_hull_matching
OWNED_DECL Entry005.simplex_vertex_matching
OWNED_AXIOMS Entry005.simplex_vertex_matching: [propext, Classical.choice, Quot.sound]
PUBLIC_THEOREM Entry005.PrescribedSimplex Entry005.simplex_vertex_matching
OWNED_DECL Entry005.simplex_vertex_matching._abel_1_2
OWNED_AXIOMS Entry005.simplex_vertex_matching._abel_1_2: [propext, Classical.choice, Quot.sound]
OWNED_DECL Entry005.simplex_vertex_matching._simp_1_1
OWNED_AXIOMS Entry005.simplex_vertex_matching._simp_1_1: [propext, Classical.choice, Quot.sound]
OWNED_DECL Entry005.small_defect_gate
OWNED_AXIOMS Entry005.small_defect_gate: [propext, Classical.choice, Quot.sound]
PUBLIC_THEOREM Entry005.ThresholdGate Entry005.small_defect_gate
OWNED_DECL Entry005.space_inner_eq_raw_dot
OWNED_AXIOMS Entry005.space_inner_eq_raw_dot: [propext, Classical.choice, Quot.sound]
PUBLIC_THEOREM Entry005.FiniteHalfspaceConeLaw Entry005.space_inner_eq_raw_dot
OWNED_DECL Entry005.strict_pair_sum
OWNED_AXIOMS Entry005.strict_pair_sum: [propext, Classical.choice, Quot.sound]
PUBLIC_THEOREM Entry005.PaperWitnessCombinatorics Entry005.strict_pair_sum
OWNED_DECL Entry005.subset_halfspace_approximation_body
OWNED_AXIOMS Entry005.subset_halfspace_approximation_body: [propext, Classical.choice, Quot.sound]
PUBLIC_THEOREM Entry005.HalfspaceApproximationSequence Entry005.subset_halfspace_approximation_body
OWNED_DECL Entry005.symmetricSegmentExtrusion
OWNED_AXIOMS Entry005.symmetricSegmentExtrusion: [propext, Classical.choice, Quot.sound]
OWNED_DECL Entry005.symmetric_half_off_diagonal_sum
OWNED_AXIOMS Entry005.symmetric_half_off_diagonal_sum: [propext, Classical.choice, Quot.sound]
PUBLIC_THEOREM Entry005.PaperWitnessCombinatorics Entry005.symmetric_half_off_diagonal_sum
OWNED_DECL Entry005.symmetric_segment_extrusion_eq_preimage
OWNED_AXIOMS Entry005.symmetric_segment_extrusion_eq_preimage: [propext, Classical.choice, Quot.sound]
PUBLIC_THEOREM Entry005.ZonotopeVolume Entry005.symmetric_segment_extrusion_eq_preimage
OWNED_DECL Entry005.symmetric_segment_extrusion_eq_preimage._abel_1_1
OWNED_AXIOMS Entry005.symmetric_segment_extrusion_eq_preimage._abel_1_1: [propext, Classical.choice, Quot.sound]
OWNED_DECL Entry005.symmetric_segment_extrusion_eq_preimage._abel_1_2
OWNED_AXIOMS Entry005.symmetric_segment_extrusion_eq_preimage._abel_1_2: [propext, Classical.choice, Quot.sound]
OWNED_DECL Entry005.tendsto_brightness_normalization_of_dilation_sandwich
OWNED_AXIOMS Entry005.tendsto_brightness_normalization_of_dilation_sandwich: [propext, Classical.choice, Quot.sound]
PUBLIC_THEOREM Entry005.ProjectionVolumeSqueeze Entry005.tendsto_brightness_normalization_of_dilation_sandwich
OWNED_DECL Entry005.tendsto_entryA_of_dilation_sandwich
OWNED_AXIOMS Entry005.tendsto_entryA_of_dilation_sandwich: [propext, Classical.choice, Quot.sound]
PUBLIC_THEOREM Entry005.PyramidContinuity Entry005.tendsto_entryA_of_dilation_sandwich
OWNED_DECL Entry005.tendsto_horizontal_mapped_iid_first_moment
OWNED_AXIOMS Entry005.tendsto_horizontal_mapped_iid_first_moment: [propext, Classical.choice, Quot.sound]
PUBLIC_THEOREM Entry005.CompactIidMomentContinuity Entry005.tendsto_horizontal_mapped_iid_first_moment
OWNED_DECL Entry005.tendsto_iidProbabilityMeasure
OWNED_AXIOMS Entry005.tendsto_iidProbabilityMeasure: [propext, Classical.choice, Quot.sound]
PUBLIC_THEOREM Entry005.CompactIidMomentContinuity Entry005.tendsto_iidProbabilityMeasure
OWNED_DECL Entry005.tendsto_iid_integral
OWNED_AXIOMS Entry005.tendsto_iid_integral: [propext, Classical.choice, Quot.sound]
PUBLIC_THEOREM Entry005.CompactIidMomentContinuity Entry005.tendsto_iid_integral
OWNED_DECL Entry005.tendsto_lifted_mapped_iid_first_moment
OWNED_AXIOMS Entry005.tendsto_lifted_mapped_iid_first_moment: [propext, Classical.choice, Quot.sound]
PUBLIC_THEOREM Entry005.CompactIidMomentContinuity Entry005.tendsto_lifted_mapped_iid_first_moment
OWNED_DECL Entry005.tendsto_projection_body_volume_of_dilation_sandwich
OWNED_AXIOMS Entry005.tendsto_projection_body_volume_of_dilation_sandwich: [propext, Classical.choice, Quot.sound]
PUBLIC_THEOREM Entry005.ProjectionVolumeSqueeze Entry005.tendsto_projection_body_volume_of_dilation_sandwich
OWNED_DECL Entry005.tendsto_projection_ratio_of_dilation_sandwich
OWNED_AXIOMS Entry005.tendsto_projection_ratio_of_dilation_sandwich: [propext, Classical.choice, Quot.sound]
PUBLIC_THEOREM Entry005.ProjectionVolumeSqueeze Entry005.tendsto_projection_ratio_of_dilation_sandwich
OWNED_DECL Entry005.tendsto_projection_volume_of_dilation_sandwich
OWNED_AXIOMS Entry005.tendsto_projection_volume_of_dilation_sandwich: [propext, Classical.choice, Quot.sound]
PUBLIC_THEOREM Entry005.ProjectionVolumeSqueeze Entry005.tendsto_projection_volume_of_dilation_sandwich
OWNED_DECL Entry005.tendsto_pyramid_projection_ratio_of_dilation_sandwich
OWNED_AXIOMS Entry005.tendsto_pyramid_projection_ratio_of_dilation_sandwich: [propext, Classical.choice, Quot.sound]
PUBLIC_THEOREM Entry005.PyramidContinuity Entry005.tendsto_pyramid_projection_ratio_of_dilation_sandwich
OWNED_DECL Entry005.tendsto_real_volume_of_dilation_sandwich
OWNED_AXIOMS Entry005.tendsto_real_volume_of_dilation_sandwich: [propext, Classical.choice, Quot.sound]
PUBLIC_THEOREM Entry005.ProjectionVolumeSqueeze Entry005.tendsto_real_volume_of_dilation_sandwich
OWNED_DECL Entry005.thresholdGate
OWNED_AXIOMS Entry005.thresholdGate: [propext, Classical.choice, Quot.sound]
PUBLIC_THEOREM Entry005.ThresholdGate Entry005.thresholdGate
OWNED_DECL Entry005.thresholdGate._proof_1_1
OWNED_AXIOMS Entry005.thresholdGate._proof_1_1: [propext, Quot.sound]
OWNED_DECL Entry005.thresholdGateGoal
OWNED_AXIOMS Entry005.thresholdGateGoal: [propext, Classical.choice, Quot.sound]
OWNED_DECL Entry005.translation_volume_image
OWNED_AXIOMS Entry005.translation_volume_image: [propext, Classical.choice, Quot.sound]
PUBLIC_THEOREM Entry005.HyperplaneProjectionJacobian Entry005.translation_volume_image
OWNED_DECL Entry005.transportedWitnessSum
OWNED_AXIOMS Entry005.transportedWitnessSum: [propext, Classical.choice, Quot.sound]
OWNED_DECL Entry005.transported_witness_budget
OWNED_AXIOMS Entry005.transported_witness_budget: [propext, Classical.choice, Quot.sound]
PUBLIC_THEOREM Entry005.WitnessAnchorChain Entry005.transported_witness_budget
OWNED_DECL Entry005.truncated_nonneg_le
OWNED_AXIOMS Entry005.truncated_nonneg_le: [propext, Classical.choice, Quot.sound]
PUBLIC_THEOREM Entry005.AssignmentKernel Entry005.truncated_nonneg_le
OWNED_DECL Entry005.truncationAmbientSimplex
OWNED_AXIOMS Entry005.truncationAmbientSimplex: [propext, Classical.choice, Quot.sound]
OWNED_DECL Entry005.truncationBeta
OWNED_AXIOMS Entry005.truncationBeta: [propext, Classical.choice, Quot.sound]
OWNED_DECL Entry005.truncationBetaZero
OWNED_AXIOMS Entry005.truncationBetaZero: [propext, Classical.choice, Quot.sound]
OWNED_DECL Entry005.truncationBindFirst
OWNED_AXIOMS Entry005.truncationBindFirst: [propext, Classical.choice, Quot.sound]
OWNED_DECL Entry005.truncationBindFirst._proof_1
OWNED_AXIOMS Entry005.truncationBindFirst._proof_1: [propext, Classical.choice, Quot.sound]
OWNED_DECL Entry005.truncationBindFirst._proof_2
OWNED_AXIOMS Entry005.truncationBindFirst._proof_2: [propext, Classical.choice, Quot.sound]
OWNED_DECL Entry005.truncationBody
OWNED_AXIOMS Entry005.truncationBody: [propext, Classical.choice, Quot.sound]
OWNED_DECL Entry005.truncationBody._proof_1
OWNED_AXIOMS Entry005.truncationBody._proof_1: [propext, Classical.choice, Quot.sound]
OWNED_DECL Entry005.truncationBody_coe
OWNED_AXIOMS Entry005.truncationBody_coe: [propext, Classical.choice, Quot.sound]
PUBLIC_THEOREM Entry005.TruncationGeometry Entry005.truncationBody_coe
OWNED_DECL Entry005.truncationCenter
OWNED_AXIOMS Entry005.truncationCenter: [propext, Classical.choice, Quot.sound]
OWNED_DECL Entry005.truncationCenter._proof_1
OWNED_AXIOMS Entry005.truncationCenter._proof_1: [propext]
OWNED_DECL Entry005.truncationCenter.eq_1
OWNED_AXIOMS Entry005.truncationCenter.eq_1: [propext, Classical.choice, Quot.sound]
PUBLIC_THEOREM Entry005.TruncationCenteredHalfspaces Entry005.truncationCenter.eq_1
OWNED_DECL Entry005.truncationCenteredHeight
OWNED_AXIOMS Entry005.truncationCenteredHeight: [propext, Classical.choice, Quot.sound]
OWNED_DECL Entry005.truncationCenteredHeight.eq_1
OWNED_AXIOMS Entry005.truncationCenteredHeight.eq_1: [propext, Classical.choice, Quot.sound]
PUBLIC_THEOREM Entry005.TruncationCenteredHalfspaces Entry005.truncationCenteredHeight.eq_1
OWNED_DECL Entry005.truncationCoordinateIsometry
OWNED_AXIOMS Entry005.truncationCoordinateIsometry: [propext, Classical.choice, Quot.sound]
OWNED_DECL Entry005.truncationCoordinateIsometry._proof_1
OWNED_AXIOMS Entry005.truncationCoordinateIsometry._proof_1: [propext]
OWNED_DECL Entry005.truncationCoordinateIsometry._proof_10
OWNED_AXIOMS Entry005.truncationCoordinateIsometry._proof_10: [propext, Classical.choice, Quot.sound]
OWNED_DECL Entry005.truncationCoordinateIsometry._proof_2
OWNED_AXIOMS Entry005.truncationCoordinateIsometry._proof_2: [propext, Classical.choice, Quot.sound]
OWNED_DECL Entry005.truncationCoordinateIsometry._proof_3
OWNED_AXIOMS Entry005.truncationCoordinateIsometry._proof_3: [propext, Classical.choice, Quot.sound]
OWNED_DECL Entry005.truncationCoordinateIsometry._proof_4
OWNED_AXIOMS Entry005.truncationCoordinateIsometry._proof_4: [propext, Classical.choice, Quot.sound]
OWNED_DECL Entry005.truncationCoordinateIsometry._proof_5
OWNED_AXIOMS Entry005.truncationCoordinateIsometry._proof_5: [propext, Classical.choice, Quot.sound]
OWNED_DECL Entry005.truncationCoordinateIsometry._proof_6
OWNED_AXIOMS Entry005.truncationCoordinateIsometry._proof_6: [propext, Classical.choice, Quot.sound]
OWNED_DECL Entry005.truncationCoordinateIsometry._proof_7
OWNED_AXIOMS Entry005.truncationCoordinateIsometry._proof_7: [propext, Classical.choice, Quot.sound]
OWNED_DECL Entry005.truncationCoordinateIsometry._proof_8
OWNED_AXIOMS Entry005.truncationCoordinateIsometry._proof_8: [propext, Classical.choice, Quot.sound]
OWNED_DECL Entry005.truncationCoordinateIsometry._proof_9
OWNED_AXIOMS Entry005.truncationCoordinateIsometry._proof_9: [propext, Classical.choice, Quot.sound]
OWNED_DECL Entry005.truncationCoordinateIsometry_val
OWNED_AXIOMS Entry005.truncationCoordinateIsometry_val: [propext, Classical.choice, Quot.sound]
PUBLIC_THEOREM Entry005.TruncationCoordinateFacets Entry005.truncationCoordinateIsometry_val
OWNED_DECL Entry005.truncationCoordinateVector
OWNED_AXIOMS Entry005.truncationCoordinateVector: [propext, Classical.choice, Quot.sound]
OWNED_DECL Entry005.truncationCoordinateVector.eq_1
OWNED_AXIOMS Entry005.truncationCoordinateVector.eq_1: [propext, Classical.choice, Quot.sound]
PUBLIC_THEOREM Entry005.TruncationFacetDeterminants Entry005.truncationCoordinateVector.eq_1
OWNED_DECL Entry005.truncationDiagonal
OWNED_AXIOMS Entry005.truncationDiagonal: [propext, Classical.choice, Quot.sound]
OWNED_DECL Entry005.truncationDiagonal._proof_1
OWNED_AXIOMS Entry005.truncationDiagonal._proof_1: [propext]
OWNED_DECL Entry005.truncationDiagonal.eq_1
OWNED_AXIOMS Entry005.truncationDiagonal.eq_1: [propext, Classical.choice, Quot.sound]
PUBLIC_THEOREM Entry005.TruncationFacetGeometry Entry005.truncationDiagonal.eq_1
OWNED_DECL Entry005.truncationFacetHeight
OWNED_AXIOMS Entry005.truncationFacetHeight: [propext, Classical.choice, Quot.sound]
OWNED_DECL Entry005.truncationFacetHeight.eq_1
OWNED_AXIOMS Entry005.truncationFacetHeight.eq_1: [propext, Classical.choice, Quot.sound]
PUBLIC_THEOREM Entry005.TruncationFacetGeometry Entry005.truncationFacetHeight.eq_1
OWNED_DECL Entry005.truncationFacetHeight.eq_2
OWNED_AXIOMS Entry005.truncationFacetHeight.eq_2: [propext, Classical.choice, Quot.sound]
PUBLIC_THEOREM Entry005.TruncationFacetGeometry Entry005.truncationFacetHeight.eq_2
OWNED_DECL Entry005.truncationFacetHeight.eq_3
OWNED_AXIOMS Entry005.truncationFacetHeight.eq_3: [propext, Classical.choice, Quot.sound]
PUBLIC_THEOREM Entry005.TruncationFacetGeometry Entry005.truncationFacetHeight.eq_3
OWNED_DECL Entry005.truncationFacetNormal
OWNED_AXIOMS Entry005.truncationFacetNormal: [propext, Classical.choice, Quot.sound]
OWNED_DECL Entry005.truncationFacetNormal.eq_1
OWNED_AXIOMS Entry005.truncationFacetNormal.eq_1: [propext, Classical.choice, Quot.sound]
PUBLIC_THEOREM Entry005.TruncationFacetGeometry Entry005.truncationFacetNormal.eq_1
OWNED_DECL Entry005.truncationFacetNormal.eq_2
OWNED_AXIOMS Entry005.truncationFacetNormal.eq_2: [propext, Classical.choice, Quot.sound]
PUBLIC_THEOREM Entry005.TruncationFacetGeometry Entry005.truncationFacetNormal.eq_2
OWNED_DECL Entry005.truncationFacetNormal.eq_3
OWNED_AXIOMS Entry005.truncationFacetNormal.eq_3: [propext, Classical.choice, Quot.sound]
PUBLIC_THEOREM Entry005.TruncationFacetGeometry Entry005.truncationFacetNormal.eq_3
OWNED_DECL Entry005.truncationFacetNormal.match_1
OWNED_AXIOMS Entry005.truncationFacetNormal.match_1: []
OWNED_DECL Entry005.truncationFacetScale
OWNED_AXIOMS Entry005.truncationFacetScale: [propext, Classical.choice, Quot.sound]
OWNED_DECL Entry005.truncationFullBasis
OWNED_AXIOMS Entry005.truncationFullBasis: [propext, Classical.choice, Quot.sound]
OWNED_DECL Entry005.truncationFullBasis._proof_1
OWNED_AXIOMS Entry005.truncationFullBasis._proof_1: [propext, Classical.choice, Quot.sound]
OWNED_DECL Entry005.truncationFullBasis._proof_2
OWNED_AXIOMS Entry005.truncationFullBasis._proof_2: [propext, Classical.choice, Quot.sound]
OWNED_DECL Entry005.truncationLiftVector
OWNED_AXIOMS Entry005.truncationLiftVector: [propext, Classical.choice, Quot.sound]
OWNED_DECL Entry005.truncationLiftVector.eq_1
OWNED_AXIOMS Entry005.truncationLiftVector.eq_1: [propext, Classical.choice, Quot.sound]
PUBLIC_THEOREM Entry005.TruncationFacetDeterminants Entry005.truncationLiftVector.eq_1
OWNED_DECL Entry005.truncationPackedHorizontal
OWNED_AXIOMS Entry005.truncationPackedHorizontal: [propext, Classical.choice, Quot.sound]
OWNED_DECL Entry005.truncationPackedHorizontal.eq_1
OWNED_AXIOMS Entry005.truncationPackedHorizontal.eq_1: [propext, Classical.choice, Quot.sound]
PUBLIC_THEOREM Entry005.TruncationFacetDeterminants Entry005.truncationPackedHorizontal.eq_1
OWNED_DECL Entry005.truncationPackedIndex
OWNED_AXIOMS Entry005.truncationPackedIndex: [propext]
OWNED_DECL Entry005.truncationPackedIndex._proof_1
OWNED_AXIOMS Entry005.truncationPackedIndex._proof_1: [propext]
OWNED_DECL Entry005.truncationPackedIndex._proof_2
OWNED_AXIOMS Entry005.truncationPackedIndex._proof_2: [propext]
OWNED_DECL Entry005.truncationPackedIndex._proof_3
OWNED_AXIOMS Entry005.truncationPackedIndex._proof_3: [propext]
OWNED_DECL Entry005.truncationPackedIndex.eq_1
OWNED_AXIOMS Entry005.truncationPackedIndex.eq_1: [propext]
PUBLIC_THEOREM Entry005.TruncationActualDefect Entry005.truncationPackedIndex.eq_1
OWNED_DECL Entry005.truncationPackedIndex.match_1
OWNED_AXIOMS Entry005.truncationPackedIndex.match_1: []
OWNED_DECL Entry005.truncationPackedLifted
OWNED_AXIOMS Entry005.truncationPackedLifted: [propext, Classical.choice, Quot.sound]
OWNED_DECL Entry005.truncationPackedLifted.eq_1
OWNED_AXIOMS Entry005.truncationPackedLifted.eq_1: [propext, Classical.choice, Quot.sound]
PUBLIC_THEOREM Entry005.TruncationFacetDeterminants Entry005.truncationPackedLifted.eq_1
OWNED_DECL Entry005.truncationPackedTupleSum
OWNED_AXIOMS Entry005.truncationPackedTupleSum: [propext, Classical.choice, Quot.sound]
OWNED_DECL Entry005.truncationRationalCoefficient
OWNED_AXIOMS Entry005.truncationRationalCoefficient: [propext, Classical.choice, Quot.sound]
OWNED_DECL Entry005.truncationRationalCoefficient.eq_1
OWNED_AXIOMS Entry005.truncationRationalCoefficient.eq_1: [propext, Classical.choice, Quot.sound]
PUBLIC_THEOREM Entry005.TruncationRationalDefect Entry005.truncationRationalCoefficient.eq_1
OWNED_DECL Entry005.truncationRationalDefect
OWNED_AXIOMS Entry005.truncationRationalDefect: [propext, Classical.choice, Quot.sound]
OWNED_DECL Entry005.truncationRationalDefect._proof_1
OWNED_AXIOMS Entry005.truncationRationalDefect._proof_1: [propext]
OWNED_DECL Entry005.truncationRationalDefect.eq_1
OWNED_AXIOMS Entry005.truncationRationalDefect.eq_1: [propext, Classical.choice, Quot.sound]
PUBLIC_THEOREM Entry005.TruncationRationalDefect Entry005.truncationRationalDefect.eq_1
OWNED_DECL Entry005.truncationRawHorizontal
OWNED_AXIOMS Entry005.truncationRawHorizontal: [propext, Classical.choice, Quot.sound]
OWNED_DECL Entry005.truncationRawHorizontal.eq_1
OWNED_AXIOMS Entry005.truncationRawHorizontal.eq_1: [propext, Classical.choice, Quot.sound]
PUBLIC_THEOREM Entry005.TruncationActualDefect Entry005.truncationRawHorizontal.eq_1
OWNED_DECL Entry005.truncationRawHorizontal.eq_2
OWNED_AXIOMS Entry005.truncationRawHorizontal.eq_2: [propext, Classical.choice, Quot.sound]
PUBLIC_THEOREM Entry005.TruncationActualDefect Entry005.truncationRawHorizontal.eq_2
OWNED_DECL Entry005.truncationRawHorizontal.eq_3
OWNED_AXIOMS Entry005.truncationRawHorizontal.eq_3: [propext, Classical.choice, Quot.sound]
PUBLIC_THEOREM Entry005.TruncationActualDefect Entry005.truncationRawHorizontal.eq_3
OWNED_DECL Entry005.truncationRawHorizontal.match_1
OWNED_AXIOMS Entry005.truncationRawHorizontal.match_1: []
OWNED_DECL Entry005.truncationRawLifted
OWNED_AXIOMS Entry005.truncationRawLifted: [propext, Classical.choice, Quot.sound]
OWNED_DECL Entry005.truncationRawSupport
OWNED_AXIOMS Entry005.truncationRawSupport: [propext, Classical.choice, Quot.sound]
OWNED_DECL Entry005.truncationRowDeterminant
OWNED_AXIOMS Entry005.truncationRowDeterminant: [propext, Classical.choice, Quot.sound]
OWNED_DECL Entry005.truncationScalarHorizontalSum
OWNED_AXIOMS Entry005.truncationScalarHorizontalSum: [propext, Classical.choice, Quot.sound]
OWNED_DECL Entry005.truncationScalarLiftedSum
OWNED_AXIOMS Entry005.truncationScalarLiftedSum: [propext, Classical.choice, Quot.sound]
OWNED_DECL Entry005.truncationSet
OWNED_AXIOMS Entry005.truncationSet: [propext, Classical.choice, Quot.sound]
OWNED_DECL Entry005.truncationSet_convex
OWNED_AXIOMS Entry005.truncationSet_convex: [propext, Classical.choice, Quot.sound]
PUBLIC_THEOREM Entry005.TruncationGeometry Entry005.truncationSet_convex
OWNED_DECL Entry005.truncationSet_eq_convexHull
OWNED_AXIOMS Entry005.truncationSet_eq_convexHull: [propext, Classical.choice, Quot.sound]
PUBLIC_THEOREM Entry005.TruncationGeometry Entry005.truncationSet_eq_convexHull
OWNED_DECL Entry005.truncationSet_eq_convexHull._simp_1_1
OWNED_AXIOMS Entry005.truncationSet_eq_convexHull._simp_1_1: [propext, Quot.sound]
OWNED_DECL Entry005.truncationSet_eq_convexHull._simp_1_12
OWNED_AXIOMS Entry005.truncationSet_eq_convexHull._simp_1_12: [propext, Classical.choice, Quot.sound]
OWNED_DECL Entry005.truncationSet_eq_convexHull._simp_1_2
OWNED_AXIOMS Entry005.truncationSet_eq_convexHull._simp_1_2: [propext]
OWNED_DECL Entry005.truncationSet_eq_convexHull._simp_1_3
OWNED_AXIOMS Entry005.truncationSet_eq_convexHull._simp_1_3: [propext]
OWNED_DECL Entry005.truncationSet_eq_convexHull._simp_1_4
OWNED_AXIOMS Entry005.truncationSet_eq_convexHull._simp_1_4: [propext]
OWNED_DECL Entry005.truncationSet_eq_convexHull._simp_1_5
OWNED_AXIOMS Entry005.truncationSet_eq_convexHull._simp_1_5: [propext]
OWNED_DECL Entry005.truncationSet_eq_convexHull._simp_1_6
OWNED_AXIOMS Entry005.truncationSet_eq_convexHull._simp_1_6: [propext]
OWNED_DECL Entry005.truncationSet_eq_convexHull._simp_1_7
OWNED_AXIOMS Entry005.truncationSet_eq_convexHull._simp_1_7: [propext, Classical.choice, Quot.sound]
OWNED_DECL Entry005.truncationSet_eq_convexHull._simp_1_8
OWNED_AXIOMS Entry005.truncationSet_eq_convexHull._simp_1_8: [propext]
OWNED_DECL Entry005.truncationSet_interior_nonempty
OWNED_AXIOMS Entry005.truncationSet_interior_nonempty: [propext, Classical.choice, Quot.sound]
PUBLIC_THEOREM Entry005.TruncationGeometry Entry005.truncationSet_interior_nonempty
OWNED_DECL Entry005.truncationSet_isCompact
OWNED_AXIOMS Entry005.truncationSet_isCompact: [propext, Classical.choice, Quot.sound]
PUBLIC_THEOREM Entry005.TruncationGeometry Entry005.truncationSet_isCompact
OWNED_DECL Entry005.truncationSet_nonempty
OWNED_AXIOMS Entry005.truncationSet_nonempty: [propext, Classical.choice, Quot.sound]
PUBLIC_THEOREM Entry005.TruncationGeometry Entry005.truncationSet_nonempty
OWNED_DECL Entry005.truncationSharpness
OWNED_AXIOMS Entry005.truncationSharpness: [propext, Classical.choice, Quot.sound]
PUBLIC_THEOREM Entry005.TruncationSharpness Entry005.truncationSharpness
OWNED_DECL Entry005.truncationSharpness._proof_1_1
OWNED_AXIOMS Entry005.truncationSharpness._proof_1_1: [propext, Quot.sound]
OWNED_DECL Entry005.truncationSharpnessGoal
OWNED_AXIOMS Entry005.truncationSharpnessGoal: [propext, Classical.choice, Quot.sound]
OWNED_DECL Entry005.truncationSimplex
OWNED_AXIOMS Entry005.truncationSimplex: [propext, Classical.choice, Quot.sound]
OWNED_DECL Entry005.truncationSimplex.congr_simp
OWNED_AXIOMS Entry005.truncationSimplex.congr_simp: [propext, Classical.choice, Quot.sound]
PUBLIC_THEOREM Entry005.TruncationMaximum Entry005.truncationSimplex.congr_simp
OWNED_DECL Entry005.truncationSimplexPoints
OWNED_AXIOMS Entry005.truncationSimplexPoints: [propext, Classical.choice, Quot.sound]
OWNED_DECL Entry005.truncationSimplexPoints.eq_1
OWNED_AXIOMS Entry005.truncationSimplexPoints.eq_1: [propext, Classical.choice, Quot.sound]
PUBLIC_THEOREM Entry005.TruncationMaximum Entry005.truncationSimplexPoints.eq_1
OWNED_DECL Entry005.truncationSimplexPoints_independent
OWNED_AXIOMS Entry005.truncationSimplexPoints_independent: [propext, Classical.choice, Quot.sound]
PUBLIC_THEOREM Entry005.TruncationMaximum Entry005.truncationSimplexPoints_independent
OWNED_DECL Entry005.truncationSimplexPoints_independent._simp_1_2
OWNED_AXIOMS Entry005.truncationSimplexPoints_independent._simp_1_2: [propext, Classical.choice, Quot.sound]
OWNED_DECL Entry005.truncationSimplex_augmented_det
OWNED_AXIOMS Entry005.truncationSimplex_augmented_det: [propext, Classical.choice, Quot.sound]
PUBLIC_THEOREM Entry005.TruncationMaximum Entry005.truncationSimplex_augmented_det
OWNED_DECL Entry005.truncationSimplex_augmented_det._simp_1_2
OWNED_AXIOMS Entry005.truncationSimplex_augmented_det._simp_1_2: [propext]
OWNED_DECL Entry005.truncationSimplex_maximumInscribed
OWNED_AXIOMS Entry005.truncationSimplex_maximumInscribed: [propext, Classical.choice, Quot.sound]
PUBLIC_THEOREM Entry005.TruncationMaximum Entry005.truncationSimplex_maximumInscribed
OWNED_DECL Entry005.truncationSimplex_points
OWNED_AXIOMS Entry005.truncationSimplex_points: [propext, Classical.choice, Quot.sound]
PUBLIC_THEOREM Entry005.TruncationMaximum Entry005.truncationSimplex_points
OWNED_DECL Entry005.truncationSimplex_subset
OWNED_AXIOMS Entry005.truncationSimplex_subset: [propext, Classical.choice, Quot.sound]
PUBLIC_THEOREM Entry005.TruncationMaximum Entry005.truncationSimplex_subset
OWNED_DECL Entry005.truncationSimplex_zero_set
OWNED_AXIOMS Entry005.truncationSimplex_zero_set: [propext, Classical.choice, Quot.sound]
PUBLIC_THEOREM Entry005.TruncationMaximum Entry005.truncationSimplex_zero_set
OWNED_DECL Entry005.truncationSimplex_zero_set._simp_1_2
OWNED_AXIOMS Entry005.truncationSimplex_zero_set._simp_1_2: [propext, Classical.choice, Quot.sound]
OWNED_DECL Entry005.truncationUnitDiagonal
OWNED_AXIOMS Entry005.truncationUnitDiagonal: [propext, Classical.choice, Quot.sound]
OWNED_DECL Entry005.truncationUnitDiagonal.eq_1
OWNED_AXIOMS Entry005.truncationUnitDiagonal.eq_1: [propext, Classical.choice, Quot.sound]
PUBLIC_THEOREM Entry005.TruncationFacetGeometry Entry005.truncationUnitDiagonal.eq_1
OWNED_DECL Entry005.truncationVertex
OWNED_AXIOMS Entry005.truncationVertex: [propext, Classical.choice, Quot.sound]
OWNED_DECL Entry005.truncationVertex.eq_1
OWNED_AXIOMS Entry005.truncationVertex.eq_1: [propext, Classical.choice, Quot.sound]
PUBLIC_THEOREM Entry005.TruncationGeometry Entry005.truncationVertex.eq_1
OWNED_DECL Entry005.truncationVertex_apply
OWNED_AXIOMS Entry005.truncationVertex_apply: [propext, Classical.choice, Quot.sound]
PUBLIC_THEOREM Entry005.TruncationGeometry Entry005.truncationVertex_apply
OWNED_DECL Entry005.truncationVertex_apply._simp_1_2
OWNED_AXIOMS Entry005.truncationVertex_apply._simp_1_2: [propext]
OWNED_DECL Entry005.truncationVertex_sum
OWNED_AXIOMS Entry005.truncationVertex_sum: [propext, Classical.choice, Quot.sound]
PUBLIC_THEOREM Entry005.TruncationGeometry Entry005.truncationVertex_sum
OWNED_DECL Entry005.truncationVertices
OWNED_AXIOMS Entry005.truncationVertices: [propext, Classical.choice, Quot.sound]
OWNED_DECL Entry005.truncationVertices.eq_1
OWNED_AXIOMS Entry005.truncationVertices.eq_1: [propext, Classical.choice, Quot.sound]
PUBLIC_THEOREM Entry005.TruncationGeometry Entry005.truncationVertices.eq_1
OWNED_DECL Entry005.truncationVertices.eq_2
OWNED_AXIOMS Entry005.truncationVertices.eq_2: [propext, Classical.choice, Quot.sound]
PUBLIC_THEOREM Entry005.TruncationGeometry Entry005.truncationVertices.eq_2
OWNED_DECL Entry005.truncationVertices.match_1
OWNED_AXIOMS Entry005.truncationVertices.match_1: []
OWNED_DECL Entry005.truncationVertices_mem
OWNED_AXIOMS Entry005.truncationVertices_mem: [propext, Classical.choice, Quot.sound]
PUBLIC_THEOREM Entry005.TruncationGeometry Entry005.truncationVertices_mem
OWNED_DECL Entry005.truncationVertices_mem._simp_1_4
OWNED_AXIOMS Entry005.truncationVertices_mem._simp_1_4: [propext]
OWNED_DECL Entry005.truncationVertices_mem._simp_1_5
OWNED_AXIOMS Entry005.truncationVertices_mem._simp_1_5: [propext, Quot.sound]
OWNED_DECL Entry005.truncation_actual_defect_raw_facet_formula
OWNED_AXIOMS Entry005.truncation_actual_defect_raw_facet_formula: [propext, Classical.choice, Quot.sound]
PUBLIC_THEOREM Entry005.TruncationActualDefect Entry005.truncation_actual_defect_raw_facet_formula
OWNED_DECL Entry005.truncation_actual_defect_raw_facet_formula._proof_1_1
OWNED_AXIOMS Entry005.truncation_actual_defect_raw_facet_formula._proof_1_1: [propext, Quot.sound]
OWNED_DECL Entry005.truncation_actual_facet_support
OWNED_AXIOMS Entry005.truncation_actual_facet_support: [propext, Classical.choice, Quot.sound]
PUBLIC_THEOREM Entry005.TruncationFacetVectors Entry005.truncation_actual_facet_support
OWNED_DECL Entry005.truncation_actual_facet_support._proof_1_1
OWNED_AXIOMS Entry005.truncation_actual_facet_support._proof_1_1: [propext, Quot.sound]
OWNED_DECL Entry005.truncation_actual_facet_vector
OWNED_AXIOMS Entry005.truncation_actual_facet_vector: [propext, Classical.choice, Quot.sound]
PUBLIC_THEOREM Entry005.TruncationFacetVectors Entry005.truncation_actual_facet_vector
OWNED_DECL Entry005.truncation_actual_facet_vector._proof_1_1
OWNED_AXIOMS Entry005.truncation_actual_facet_vector._proof_1_1: [propext, Quot.sound]
OWNED_DECL Entry005.truncation_actual_horizontal_row
OWNED_AXIOMS Entry005.truncation_actual_horizontal_row: [propext, Classical.choice, Quot.sound]
PUBLIC_THEOREM Entry005.TruncationFacetVectors Entry005.truncation_actual_horizontal_row
OWNED_DECL Entry005.truncation_actual_lifted_row
OWNED_AXIOMS Entry005.truncation_actual_lifted_row: [propext, Classical.choice, Quot.sound]
PUBLIC_THEOREM Entry005.TruncationFacetVectors Entry005.truncation_actual_lifted_row
OWNED_DECL Entry005.truncation_actual_projection_body
OWNED_AXIOMS Entry005.truncation_actual_projection_body: [propext, Classical.choice, Quot.sound]
PUBLIC_THEOREM Entry005.TruncationProjection Entry005.truncation_actual_projection_body
OWNED_DECL Entry005.truncation_actual_projection_body._proof_1_1
OWNED_AXIOMS Entry005.truncation_actual_projection_body._proof_1_1: [propext, Quot.sound]
OWNED_DECL Entry005.truncation_actual_projection_volume
OWNED_AXIOMS Entry005.truncation_actual_projection_volume: [propext, Classical.choice, Quot.sound]
PUBLIC_THEOREM Entry005.TruncationProjection Entry005.truncation_actual_projection_volume
OWNED_DECL Entry005.truncation_actual_projection_volume._proof_1_1
OWNED_AXIOMS Entry005.truncation_actual_projection_volume._proof_1_1: [propext, Quot.sound]
OWNED_DECL Entry005.truncation_actual_volume
OWNED_AXIOMS Entry005.truncation_actual_volume: [propext, Classical.choice, Quot.sound]
PUBLIC_THEOREM Entry005.TruncationVolume Entry005.truncation_actual_volume
OWNED_DECL Entry005.truncation_ambient_simplex_measurable
OWNED_AXIOMS Entry005.truncation_ambient_simplex_measurable: [propext, Classical.choice, Quot.sound]
PUBLIC_THEOREM Entry005.TruncationVolume Entry005.truncation_ambient_simplex_measurable
OWNED_DECL Entry005.truncation_ambient_simplex_real_volume
OWNED_AXIOMS Entry005.truncation_ambient_simplex_real_volume: [propext, Classical.choice, Quot.sound]
PUBLIC_THEOREM Entry005.TruncationVolume Entry005.truncation_ambient_simplex_real_volume
OWNED_DECL Entry005.truncation_ambient_simplex_volume
OWNED_AXIOMS Entry005.truncation_ambient_simplex_volume: [propext, Classical.choice, Quot.sound]
PUBLIC_THEOREM Entry005.TruncationVolume Entry005.truncation_ambient_simplex_volume
OWNED_DECL Entry005.truncation_asymptotic_coefficient_pos
OWNED_AXIOMS Entry005.truncation_asymptotic_coefficient_pos: [propext, Classical.choice, Quot.sound]
PUBLIC_THEOREM Entry005.TruncationRationalDefect Entry005.truncation_asymptotic_coefficient_pos
OWNED_DECL Entry005.truncation_beta_lower
OWNED_AXIOMS Entry005.truncation_beta_lower: [propext, Classical.choice, Quot.sound]
PUBLIC_THEOREM Entry005.TruncationCentroid Entry005.truncation_beta_lower
OWNED_DECL Entry005.truncation_beta_negative_at_lower_vertex
OWNED_AXIOMS Entry005.truncation_beta_negative_at_lower_vertex: [propext, Classical.choice, Quot.sound]
PUBLIC_THEOREM Entry005.TruncationCentroid Entry005.truncation_beta_negative_at_lower_vertex
OWNED_DECL Entry005.truncation_beta_zero_bounds
OWNED_AXIOMS Entry005.truncation_beta_zero_bounds: [propext, Classical.choice, Quot.sound]
PUBLIC_THEOREM Entry005.TruncationCentroid Entry005.truncation_beta_zero_bounds
OWNED_DECL Entry005.truncation_bottom_area_support
OWNED_AXIOMS Entry005.truncation_bottom_area_support: [propext, Classical.choice, Quot.sound]
PUBLIC_THEOREM Entry005.TruncationFacetVectors Entry005.truncation_bottom_area_support
OWNED_DECL Entry005.truncation_bottom_area_support._proof_1_1
OWNED_AXIOMS Entry005.truncation_bottom_area_support._proof_1_1: [propext, Quot.sound]
OWNED_DECL Entry005.truncation_bottom_area_vector
OWNED_AXIOMS Entry005.truncation_bottom_area_vector: [propext, Classical.choice, Quot.sound]
PUBLIC_THEOREM Entry005.TruncationFacetVectors Entry005.truncation_bottom_area_vector
OWNED_DECL Entry005.truncation_bottom_facet
OWNED_AXIOMS Entry005.truncation_bottom_facet: [propext, Classical.choice, Quot.sound]
PUBLIC_THEOREM Entry005.TruncationFacetGeometry Entry005.truncation_bottom_facet
OWNED_DECL Entry005.truncation_bottom_facet._simp_1_2
OWNED_AXIOMS Entry005.truncation_bottom_facet._simp_1_2: [propext]
OWNED_DECL Entry005.truncation_bottom_facet_area
OWNED_AXIOMS Entry005.truncation_bottom_facet_area: [propext, Classical.choice, Quot.sound]
PUBLIC_THEOREM Entry005.TruncationFacetGeometry Entry005.truncation_bottom_facet_area
OWNED_DECL Entry005.truncation_bottom_facet_homothety
OWNED_AXIOMS Entry005.truncation_bottom_facet_homothety: [propext, Classical.choice, Quot.sound]
PUBLIC_THEOREM Entry005.TruncationFacetGeometry Entry005.truncation_bottom_facet_homothety
OWNED_DECL Entry005.truncation_center_sum
OWNED_AXIOMS Entry005.truncation_center_sum: [propext, Classical.choice, Quot.sound]
PUBLIC_THEOREM Entry005.TruncationCenteredHalfspaces Entry005.truncation_center_sum
OWNED_DECL Entry005.truncation_center_sum._simp_1_1
OWNED_AXIOMS Entry005.truncation_center_sum._simp_1_1: [propext]
OWNED_DECL Entry005.truncation_center_sum._simp_1_2
OWNED_AXIOMS Entry005.truncation_center_sum._simp_1_2: [propext]
OWNED_DECL Entry005.truncation_center_sum._simp_1_3
OWNED_AXIOMS Entry005.truncation_center_sum._simp_1_3: [propext]
OWNED_DECL Entry005.truncation_center_sum._simp_1_4
OWNED_AXIOMS Entry005.truncation_center_sum._simp_1_4: [propext]
OWNED_DECL Entry005.truncation_center_sum._simp_1_5
OWNED_AXIOMS Entry005.truncation_center_sum._simp_1_5: [propext]
OWNED_DECL Entry005.truncation_center_sum._simp_1_6
OWNED_AXIOMS Entry005.truncation_center_sum._simp_1_6: [propext, Classical.choice, Quot.sound]
OWNED_DECL Entry005.truncation_center_sum._simp_1_7
OWNED_AXIOMS Entry005.truncation_center_sum._simp_1_7: [propext]
OWNED_DECL Entry005.truncation_centered_area_eq
OWNED_AXIOMS Entry005.truncation_centered_area_eq: [propext, Classical.choice, Quot.sound]
PUBLIC_THEOREM Entry005.TruncationCenteredHalfspaces Entry005.truncation_centered_area_eq
OWNED_DECL Entry005.truncation_centered_carrier
OWNED_AXIOMS Entry005.truncation_centered_carrier: [propext, Classical.choice, Quot.sound]
PUBLIC_THEOREM Entry005.TruncationCenteredHalfspaces Entry005.truncation_centered_carrier
OWNED_DECL Entry005.truncation_centered_compact
OWNED_AXIOMS Entry005.truncation_centered_compact: [propext, Classical.choice, Quot.sound]
PUBLIC_THEOREM Entry005.TruncationCenteredHalfspaces Entry005.truncation_centered_compact
OWNED_DECL Entry005.truncation_centered_entryA
OWNED_AXIOMS Entry005.truncation_centered_entryA: [propext, Classical.choice, Quot.sound]
PUBLIC_THEOREM Entry005.TruncationCenteredHalfspaces Entry005.truncation_centered_entryA
OWNED_DECL Entry005.truncation_centered_entryA._abel_1_1
OWNED_AXIOMS Entry005.truncation_centered_entryA._abel_1_1: [propext, Classical.choice, Quot.sound]
OWNED_DECL Entry005.truncation_centered_entryDefect
OWNED_AXIOMS Entry005.truncation_centered_entryDefect: [propext, Classical.choice, Quot.sound]
PUBLIC_THEOREM Entry005.TruncationCenteredHalfspaces Entry005.truncation_centered_entryDefect
OWNED_DECL Entry005.truncation_centered_height_pos
OWNED_AXIOMS Entry005.truncation_centered_height_pos: [propext, Classical.choice, Quot.sound]
PUBLIC_THEOREM Entry005.TruncationCenteredHalfspaces Entry005.truncation_centered_height_pos
OWNED_DECL Entry005.truncation_centered_horizontal_tuple
OWNED_AXIOMS Entry005.truncation_centered_horizontal_tuple: [propext, Classical.choice, Quot.sound]
PUBLIC_THEOREM Entry005.TruncationActualDefect Entry005.truncation_centered_horizontal_tuple
OWNED_DECL Entry005.truncation_centered_horizontal_tuple._proof_1_1
OWNED_AXIOMS Entry005.truncation_centered_horizontal_tuple._proof_1_1: [propext, Quot.sound]
OWNED_DECL Entry005.truncation_centered_lifted_tuple
OWNED_AXIOMS Entry005.truncation_centered_lifted_tuple: [propext, Classical.choice, Quot.sound]
PUBLIC_THEOREM Entry005.TruncationActualDefect Entry005.truncation_centered_lifted_tuple
OWNED_DECL Entry005.truncation_centered_lifted_tuple._proof_1_1
OWNED_AXIOMS Entry005.truncation_centered_lifted_tuple._proof_1_1: [propext, Quot.sound]
OWNED_DECL Entry005.truncation_centered_volume
OWNED_AXIOMS Entry005.truncation_centered_volume: [propext, Classical.choice, Quot.sound]
PUBLIC_THEOREM Entry005.TruncationCenteredHalfspaces Entry005.truncation_centered_volume
OWNED_DECL Entry005.truncation_chosen_maximum_and_excess
OWNED_AXIOMS Entry005.truncation_chosen_maximum_and_excess: [propext, Classical.choice, Quot.sound]
PUBLIC_THEOREM Entry005.TruncationSharpnessAssembly Entry005.truncation_chosen_maximum_and_excess
OWNED_DECL Entry005.truncation_chosen_maximum_and_excess._proof_1
OWNED_AXIOMS Entry005.truncation_chosen_maximum_and_excess._proof_1: [propext, Quot.sound]
OWNED_DECL Entry005.truncation_conditional_scalar_power_obstruction
OWNED_AXIOMS Entry005.truncation_conditional_scalar_power_obstruction: [propext, Classical.choice, Quot.sound]
PUBLIC_THEOREM Entry005.TruncationPower Entry005.truncation_conditional_scalar_power_obstruction
OWNED_DECL Entry005.truncation_conditional_scalar_quotient_tendsto
OWNED_AXIOMS Entry005.truncation_conditional_scalar_quotient_tendsto: [propext, Classical.choice, Quot.sound]
PUBLIC_THEOREM Entry005.TruncationPower Entry005.truncation_conditional_scalar_quotient_tendsto
OWNED_DECL Entry005.truncation_coordinate_area_support
OWNED_AXIOMS Entry005.truncation_coordinate_area_support: [propext, Classical.choice, Quot.sound]
PUBLIC_THEOREM Entry005.TruncationFacetVectors Entry005.truncation_coordinate_area_support
OWNED_DECL Entry005.truncation_coordinate_area_vector
OWNED_AXIOMS Entry005.truncation_coordinate_area_vector: [propext, Classical.choice, Quot.sound]
PUBLIC_THEOREM Entry005.TruncationFacetVectors Entry005.truncation_coordinate_area_vector
OWNED_DECL Entry005.truncation_coordinate_embedding_abs_det
OWNED_AXIOMS Entry005.truncation_coordinate_embedding_abs_det: [propext, Classical.choice, Quot.sound]
PUBLIC_THEOREM Entry005.TruncationFacetDeterminants Entry005.truncation_coordinate_embedding_abs_det
OWNED_DECL Entry005.truncation_coordinate_facet_area
OWNED_AXIOMS Entry005.truncation_coordinate_facet_area: [propext, Classical.choice, Quot.sound]
PUBLIC_THEOREM Entry005.TruncationCoordinateFacets Entry005.truncation_coordinate_facet_area
OWNED_DECL Entry005.truncation_coordinate_facet_area._proof_1_1
OWNED_AXIOMS Entry005.truncation_coordinate_facet_area._proof_1_1: [propext, Quot.sound]
OWNED_DECL Entry005.truncation_coordinate_facet_area._proof_1_2
OWNED_AXIOMS Entry005.truncation_coordinate_facet_area._proof_1_2: [propext, Quot.sound]
OWNED_DECL Entry005.truncation_coordinate_facet_area_succ
OWNED_AXIOMS Entry005.truncation_coordinate_facet_area_succ: [propext, Classical.choice, Quot.sound]
PUBLIC_THEOREM Entry005.TruncationCoordinateFacets Entry005.truncation_coordinate_facet_area_succ
OWNED_DECL Entry005.truncation_coordinate_facet_chart
OWNED_AXIOMS Entry005.truncation_coordinate_facet_chart: [propext, Classical.choice, Quot.sound]
PUBLIC_THEOREM Entry005.TruncationCoordinateFacets Entry005.truncation_coordinate_facet_chart
OWNED_DECL Entry005.truncation_coordinate_isometry_mem
OWNED_AXIOMS Entry005.truncation_coordinate_isometry_mem: [propext, Classical.choice, Quot.sound]
PUBLIC_THEOREM Entry005.TruncationCoordinateFacets Entry005.truncation_coordinate_isometry_mem
OWNED_DECL Entry005.truncation_coordinate_isometry_mem._simp_1_1
OWNED_AXIOMS Entry005.truncation_coordinate_isometry_mem._simp_1_1: [propext]
OWNED_DECL Entry005.truncation_coordinate_isometry_sum
OWNED_AXIOMS Entry005.truncation_coordinate_isometry_sum: [propext, Classical.choice, Quot.sound]
PUBLIC_THEOREM Entry005.TruncationCoordinateFacets Entry005.truncation_coordinate_isometry_sum
OWNED_DECL Entry005.truncation_diagonal_inner
OWNED_AXIOMS Entry005.truncation_diagonal_inner: [propext, Classical.choice, Quot.sound]
PUBLIC_THEOREM Entry005.TruncationFacetGeometry Entry005.truncation_diagonal_inner
OWNED_DECL Entry005.truncation_embedding_card_predecessor
OWNED_AXIOMS Entry005.truncation_embedding_card_predecessor: [propext, Classical.choice, Quot.sound]
PUBLIC_THEOREM Entry005.TruncationFacetDeterminants Entry005.truncation_embedding_card_predecessor
OWNED_DECL Entry005.truncation_embedding_card_predecessor._proof_1_1
OWNED_AXIOMS Entry005.truncation_embedding_card_predecessor._proof_1_1: [propext, Quot.sound]
OWNED_DECL Entry005.truncation_embedding_card_predecessor._proof_1_2
OWNED_AXIOMS Entry005.truncation_embedding_card_predecessor._proof_1_2: [propext, Quot.sound]
OWNED_DECL Entry005.truncation_entryDefect_exact
OWNED_AXIOMS Entry005.truncation_entryDefect_exact: [propext, Classical.choice, Quot.sound]
PUBLIC_THEOREM Entry005.TruncationActualDefect Entry005.truncation_entryDefect_exact
OWNED_DECL Entry005.truncation_entryDefect_pos
OWNED_AXIOMS Entry005.truncation_entryDefect_pos: [propext, Classical.choice, Quot.sound]
PUBLIC_THEOREM Entry005.TruncationSharpness Entry005.truncation_entryDefect_pos
OWNED_DECL Entry005.truncation_entryDefect_pos._proof_1_1
OWNED_AXIOMS Entry005.truncation_entryDefect_pos._proof_1_1: [propext, Quot.sound]
OWNED_DECL Entry005.truncation_entryDefect_quotient_tendsto
OWNED_AXIOMS Entry005.truncation_entryDefect_quotient_tendsto: [propext, Classical.choice, Quot.sound]
PUBLIC_THEOREM Entry005.TruncationSharpness Entry005.truncation_entryDefect_quotient_tendsto
OWNED_DECL Entry005.truncation_entryDefect_quotient_tendsto._proof_1_1
OWNED_AXIOMS Entry005.truncation_entryDefect_quotient_tendsto._proof_1_1: [propext, Quot.sound]
OWNED_DECL Entry005.truncation_facet_area_projection
OWNED_AXIOMS Entry005.truncation_facet_area_projection: [propext, Classical.choice, Quot.sound]
PUBLIC_THEOREM Entry005.TruncationFacetGeometry Entry005.truncation_facet_area_projection
OWNED_DECL Entry005.truncation_facet_norm
OWNED_AXIOMS Entry005.truncation_facet_norm: [propext, Classical.choice, Quot.sound]
PUBLIC_THEOREM Entry005.TruncationFacetGeometry Entry005.truncation_facet_norm
OWNED_DECL Entry005.truncation_facet_normal_injective
OWNED_AXIOMS Entry005.truncation_facet_normal_injective: [propext, Classical.choice, Quot.sound]
PUBLIC_THEOREM Entry005.TruncationCenteredHalfspaces Entry005.truncation_facet_normal_injective
OWNED_DECL Entry005.truncation_facet_normal_injective._proof_1_1
OWNED_AXIOMS Entry005.truncation_facet_normal_injective._proof_1_1: [propext, Quot.sound]
OWNED_DECL Entry005.truncation_facet_normal_injective._proof_1_2
OWNED_AXIOMS Entry005.truncation_facet_normal_injective._proof_1_2: [propext, Quot.sound]
OWNED_DECL Entry005.truncation_facet_scale_sqrt_cancel
OWNED_AXIOMS Entry005.truncation_facet_scale_sqrt_cancel: [propext, Classical.choice, Quot.sound]
PUBLIC_THEOREM Entry005.TruncationFacetVectors Entry005.truncation_facet_scale_sqrt_cancel
OWNED_DECL Entry005.truncation_halfspace_representation
OWNED_AXIOMS Entry005.truncation_halfspace_representation: [propext, Classical.choice, Quot.sound]
PUBLIC_THEOREM Entry005.TruncationFacetGeometry Entry005.truncation_halfspace_representation
OWNED_DECL Entry005.truncation_lifted_coordinate_embedding_abs_det
OWNED_AXIOMS Entry005.truncation_lifted_coordinate_embedding_abs_det: [propext, Classical.choice, Quot.sound]
PUBLIC_THEOREM Entry005.TruncationFacetDeterminants Entry005.truncation_lifted_coordinate_embedding_abs_det
OWNED_DECL Entry005.truncation_lifted_pair_embedding_abs_det
OWNED_AXIOMS Entry005.truncation_lifted_pair_embedding_abs_det: [propext, Classical.choice, Quot.sound]
PUBLIC_THEOREM Entry005.TruncationFacetDeterminants Entry005.truncation_lifted_pair_embedding_abs_det
OWNED_DECL Entry005.truncation_ones_embedding_abs_det
OWNED_AXIOMS Entry005.truncation_ones_embedding_abs_det: [propext, Classical.choice, Quot.sound]
PUBLIC_THEOREM Entry005.TruncationFacetDeterminants Entry005.truncation_ones_embedding_abs_det
OWNED_DECL Entry005.truncation_ones_embedding_abs_det._proof_1_1
OWNED_AXIOMS Entry005.truncation_ones_embedding_abs_det._proof_1_1: [propext, Quot.sound]
OWNED_DECL Entry005.truncation_packed_horizontal_scalar
OWNED_AXIOMS Entry005.truncation_packed_horizontal_scalar: [propext, Classical.choice, Quot.sound]
PUBLIC_THEOREM Entry005.TruncationFacetDeterminants Entry005.truncation_packed_horizontal_scalar
OWNED_DECL Entry005.truncation_packed_horizontal_tuple_sum
OWNED_AXIOMS Entry005.truncation_packed_horizontal_tuple_sum: [propext, Classical.choice, Quot.sound]
PUBLIC_THEOREM Entry005.TruncationFacetDeterminants Entry005.truncation_packed_horizontal_tuple_sum
OWNED_DECL Entry005.truncation_packed_horizontal_tuple_sum._proof_1_1
OWNED_AXIOMS Entry005.truncation_packed_horizontal_tuple_sum._proof_1_1: [propext, Quot.sound]
OWNED_DECL Entry005.truncation_packed_horizontal_tuple_sum._proof_1_3
OWNED_AXIOMS Entry005.truncation_packed_horizontal_tuple_sum._proof_1_3: [propext, Quot.sound]
OWNED_DECL Entry005.truncation_packed_lifted_scalar
OWNED_AXIOMS Entry005.truncation_packed_lifted_scalar: [propext, Classical.choice, Quot.sound]
PUBLIC_THEOREM Entry005.TruncationFacetDeterminants Entry005.truncation_packed_lifted_scalar
OWNED_DECL Entry005.truncation_packed_lifted_tuple_sum
OWNED_AXIOMS Entry005.truncation_packed_lifted_tuple_sum: [propext, Classical.choice, Quot.sound]
PUBLIC_THEOREM Entry005.TruncationFacetDeterminants Entry005.truncation_packed_lifted_tuple_sum
OWNED_DECL Entry005.truncation_packed_lifted_tuple_sum._proof_1_1
OWNED_AXIOMS Entry005.truncation_packed_lifted_tuple_sum._proof_1_1: [propext, Quot.sound]
OWNED_DECL Entry005.truncation_packed_lifted_tuple_sum._proof_1_4
OWNED_AXIOMS Entry005.truncation_packed_lifted_tuple_sum._proof_1_4: [propext, Quot.sound]
OWNED_DECL Entry005.truncation_parallel_horizontal_abs_det_zero
OWNED_AXIOMS Entry005.truncation_parallel_horizontal_abs_det_zero: [propext, Classical.choice, Quot.sound]
PUBLIC_THEOREM Entry005.TruncationFacetDeterminants Entry005.truncation_parallel_horizontal_abs_det_zero
OWNED_DECL Entry005.truncation_power_exponent_pos
OWNED_AXIOMS Entry005.truncation_power_exponent_pos: [propext, Classical.choice, Quot.sound]
PUBLIC_THEOREM Entry005.TruncationPower Entry005.truncation_power_exponent_pos
OWNED_DECL Entry005.truncation_power_exponent_pos._proof_1_1
OWNED_AXIOMS Entry005.truncation_power_exponent_pos._proof_1_1: [propext, Quot.sound]
OWNED_DECL Entry005.truncation_rational_coefficient_pos
OWNED_AXIOMS Entry005.truncation_rational_coefficient_pos: [propext, Classical.choice, Quot.sound]
PUBLIC_THEOREM Entry005.TruncationRationalDefect Entry005.truncation_rational_coefficient_pos
OWNED_DECL Entry005.truncation_rational_coefficient_pos._proof_1_1
OWNED_AXIOMS Entry005.truncation_rational_coefficient_pos._proof_1_1: [propext, Quot.sound]
OWNED_DECL Entry005.truncation_rational_coefficient_tendsto
OWNED_AXIOMS Entry005.truncation_rational_coefficient_tendsto: [propext, Classical.choice, Quot.sound]
PUBLIC_THEOREM Entry005.TruncationRationalDefect Entry005.truncation_rational_coefficient_tendsto
OWNED_DECL Entry005.truncation_rational_coefficient_tendsto._proof_1_1
OWNED_AXIOMS Entry005.truncation_rational_coefficient_tendsto._proof_1_1: [propext, Quot.sound]
OWNED_DECL Entry005.truncation_rational_coefficient_tendsto._proof_1_2
OWNED_AXIOMS Entry005.truncation_rational_coefficient_tendsto._proof_1_2: [propext, Quot.sound]
OWNED_DECL Entry005.truncation_rational_defect_factor
OWNED_AXIOMS Entry005.truncation_rational_defect_factor: [propext, Classical.choice, Quot.sound]
PUBLIC_THEOREM Entry005.TruncationRationalDefect Entry005.truncation_rational_defect_factor
OWNED_DECL Entry005.truncation_rational_defect_pos
OWNED_AXIOMS Entry005.truncation_rational_defect_pos: [propext, Classical.choice, Quot.sound]
PUBLIC_THEOREM Entry005.TruncationRationalDefect Entry005.truncation_rational_defect_pos
OWNED_DECL Entry005.truncation_rational_defect_tendsto_zero
OWNED_AXIOMS Entry005.truncation_rational_defect_tendsto_zero: [propext, Classical.choice, Quot.sound]
PUBLIC_THEOREM Entry005.TruncationRationalDefect Entry005.truncation_rational_defect_tendsto_zero
OWNED_DECL Entry005.truncation_rational_defect_tendsto_zero._proof_1_1
OWNED_AXIOMS Entry005.truncation_rational_defect_tendsto_zero._proof_1_1: [propext, Quot.sound]
OWNED_DECL Entry005.truncation_rational_power_obstruction
OWNED_AXIOMS Entry005.truncation_rational_power_obstruction: [propext, Classical.choice, Quot.sound]
PUBLIC_THEOREM Entry005.TruncationPower Entry005.truncation_rational_power_obstruction
OWNED_DECL Entry005.truncation_rational_power_ratio_tendsto_zero
OWNED_AXIOMS Entry005.truncation_rational_power_ratio_tendsto_zero: [propext, Classical.choice, Quot.sound]
PUBLIC_THEOREM Entry005.TruncationPower Entry005.truncation_rational_power_ratio_tendsto_zero
OWNED_DECL Entry005.truncation_rational_power_ratio_tendsto_zero._simp_1_1
OWNED_AXIOMS Entry005.truncation_rational_power_ratio_tendsto_zero._simp_1_1: [propext]
OWNED_DECL Entry005.truncation_rational_power_ratio_tendsto_zero._simp_1_2
OWNED_AXIOMS Entry005.truncation_rational_power_ratio_tendsto_zero._simp_1_2: [propext]
OWNED_DECL Entry005.truncation_rational_power_ratio_tendsto_zero._simp_1_3
OWNED_AXIOMS Entry005.truncation_rational_power_ratio_tendsto_zero._simp_1_3: [propext]
OWNED_DECL Entry005.truncation_rational_power_ratio_tendsto_zero._simp_1_4
OWNED_AXIOMS Entry005.truncation_rational_power_ratio_tendsto_zero._simp_1_4: [propext]
OWNED_DECL Entry005.truncation_rational_power_ratio_tendsto_zero._simp_1_5
OWNED_AXIOMS Entry005.truncation_rational_power_ratio_tendsto_zero._simp_1_5: [propext]
OWNED_DECL Entry005.truncation_rational_power_ratio_tendsto_zero._simp_1_6
OWNED_AXIOMS Entry005.truncation_rational_power_ratio_tendsto_zero._simp_1_6: [propext, Classical.choice, Quot.sound]
OWNED_DECL Entry005.truncation_rational_power_ratio_tendsto_zero._simp_1_7
OWNED_AXIOMS Entry005.truncation_rational_power_ratio_tendsto_zero._simp_1_7: [propext]
OWNED_DECL Entry005.truncation_rational_quotient_tendsto
OWNED_AXIOMS Entry005.truncation_rational_quotient_tendsto: [propext, Classical.choice, Quot.sound]
PUBLIC_THEOREM Entry005.TruncationRationalDefect Entry005.truncation_rational_quotient_tendsto
OWNED_DECL Entry005.truncation_raw_horizontal_packed
OWNED_AXIOMS Entry005.truncation_raw_horizontal_packed: [propext, Classical.choice, Quot.sound]
PUBLIC_THEOREM Entry005.TruncationActualDefect Entry005.truncation_raw_horizontal_packed
OWNED_DECL Entry005.truncation_raw_horizontal_tuple_sum
OWNED_AXIOMS Entry005.truncation_raw_horizontal_tuple_sum: [propext, Classical.choice, Quot.sound]
PUBLIC_THEOREM Entry005.TruncationActualDefect Entry005.truncation_raw_horizontal_tuple_sum
OWNED_DECL Entry005.truncation_raw_lifted_packed
OWNED_AXIOMS Entry005.truncation_raw_lifted_packed: [propext, Classical.choice, Quot.sound]
PUBLIC_THEOREM Entry005.TruncationActualDefect Entry005.truncation_raw_lifted_packed
OWNED_DECL Entry005.truncation_raw_lifted_tuple_sum
OWNED_AXIOMS Entry005.truncation_raw_lifted_tuple_sum: [propext, Classical.choice, Quot.sound]
PUBLIC_THEOREM Entry005.TruncationActualDefect Entry005.truncation_raw_lifted_tuple_sum
OWNED_DECL Entry005.truncation_raw_lifted_tuple_sum._proof_1_1
OWNED_AXIOMS Entry005.truncation_raw_lifted_tuple_sum._proof_1_1: [propext, Quot.sound]
OWNED_DECL Entry005.truncation_raw_lifted_tuple_sum._proof_1_2
OWNED_AXIOMS Entry005.truncation_raw_lifted_tuple_sum._proof_1_2: [propext, Quot.sound]
OWNED_DECL Entry005.truncation_raw_tuple_reindex
OWNED_AXIOMS Entry005.truncation_raw_tuple_reindex: [propext, Classical.choice, Quot.sound]
PUBLIC_THEOREM Entry005.TruncationActualDefect Entry005.truncation_raw_tuple_reindex
OWNED_DECL Entry005.truncation_removed_overlap_volume_zero
OWNED_AXIOMS Entry005.truncation_removed_overlap_volume_zero: [propext, Classical.choice, Quot.sound]
PUBLIC_THEOREM Entry005.TruncationVolume Entry005.truncation_removed_overlap_volume_zero
OWNED_DECL Entry005.truncation_row_determinant_horizontal
OWNED_AXIOMS Entry005.truncation_row_determinant_horizontal: [propext, Classical.choice, Quot.sound]
PUBLIC_THEOREM Entry005.TruncationFacetDeterminants Entry005.truncation_row_determinant_horizontal
OWNED_DECL Entry005.truncation_scalar_cancellation
OWNED_AXIOMS Entry005.truncation_scalar_cancellation: [propext, Classical.choice, Quot.sound]
PUBLIC_THEOREM Entry005.TruncationScalarCancellation Entry005.truncation_scalar_cancellation
OWNED_DECL Entry005.truncation_scalar_cancellation._proof_1_1
OWNED_AXIOMS Entry005.truncation_scalar_cancellation._proof_1_1: [propext, Quot.sound]
OWNED_DECL Entry005.truncation_scalar_cancellation._proof_1_2
OWNED_AXIOMS Entry005.truncation_scalar_cancellation._proof_1_2: [propext, Quot.sound]
OWNED_DECL Entry005.truncation_scalar_cancellation._proof_1_3
OWNED_AXIOMS Entry005.truncation_scalar_cancellation._proof_1_3: [propext, Quot.sound]
OWNED_DECL Entry005.truncation_scalar_cancellation._simp_1_10
OWNED_AXIOMS Entry005.truncation_scalar_cancellation._simp_1_10: [propext]
OWNED_DECL Entry005.truncation_scalar_cancellation._simp_1_4
OWNED_AXIOMS Entry005.truncation_scalar_cancellation._simp_1_4: [propext]
OWNED_DECL Entry005.truncation_scalar_cancellation._simp_1_5
OWNED_AXIOMS Entry005.truncation_scalar_cancellation._simp_1_5: [propext]
OWNED_DECL Entry005.truncation_scalar_cancellation._simp_1_6
OWNED_AXIOMS Entry005.truncation_scalar_cancellation._simp_1_6: [propext]
OWNED_DECL Entry005.truncation_scalar_cancellation._simp_1_7
OWNED_AXIOMS Entry005.truncation_scalar_cancellation._simp_1_7: [propext]
OWNED_DECL Entry005.truncation_scalar_cancellation._simp_1_8
OWNED_AXIOMS Entry005.truncation_scalar_cancellation._simp_1_8: [propext]
OWNED_DECL Entry005.truncation_scalar_cancellation._simp_1_9
OWNED_AXIOMS Entry005.truncation_scalar_cancellation._simp_1_9: [propext, Classical.choice, Quot.sound]
OWNED_DECL Entry005.truncation_scaled_coordinate_embedding_abs_det
OWNED_AXIOMS Entry005.truncation_scaled_coordinate_embedding_abs_det: [propext, Classical.choice, Quot.sound]
PUBLIC_THEOREM Entry005.TruncationFacetDeterminants Entry005.truncation_scaled_coordinate_embedding_abs_det
OWNED_DECL Entry005.truncation_scaled_ones_embedding_abs_det
OWNED_AXIOMS Entry005.truncation_scaled_ones_embedding_abs_det: [propext, Classical.choice, Quot.sound]
PUBLIC_THEOREM Entry005.TruncationFacetDeterminants Entry005.truncation_scaled_ones_embedding_abs_det
OWNED_DECL Entry005.truncation_sharpness_from_actual_defect_formula
OWNED_AXIOMS Entry005.truncation_sharpness_from_actual_defect_formula: [propext, Classical.choice, Quot.sound]
PUBLIC_THEOREM Entry005.TruncationSharpnessAssembly Entry005.truncation_sharpness_from_actual_defect_formula
OWNED_DECL Entry005.truncation_sharpness_from_actual_defect_formula._proof_1_1
OWNED_AXIOMS Entry005.truncation_sharpness_from_actual_defect_formula._proof_1_1: [propext, Quot.sound]
OWNED_DECL Entry005.truncation_sharpness_from_actual_defect_formula._proof_1_2
OWNED_AXIOMS Entry005.truncation_sharpness_from_actual_defect_formula._proof_1_2: [propext, Quot.sound]
OWNED_DECL Entry005.truncation_simplex_actual_volume
OWNED_AXIOMS Entry005.truncation_simplex_actual_volume: [propext, Classical.choice, Quot.sound]
PUBLIC_THEOREM Entry005.TruncationSimplexActualVolume Entry005.truncation_simplex_actual_volume
OWNED_DECL Entry005.truncation_simplex_barycentric
OWNED_AXIOMS Entry005.truncation_simplex_barycentric: [propext, Classical.choice, Quot.sound]
PUBLIC_THEOREM Entry005.TruncationCentroid Entry005.truncation_simplex_barycentric
OWNED_DECL Entry005.truncation_simplex_barycentric._simp_1_3
OWNED_AXIOMS Entry005.truncation_simplex_barycentric._simp_1_3: [propext]
OWNED_DECL Entry005.truncation_simplex_centroid_containment_iff
OWNED_AXIOMS Entry005.truncation_simplex_centroid_containment_iff: [propext, Classical.choice, Quot.sound]
PUBLIC_THEOREM Entry005.TruncationCentroid Entry005.truncation_simplex_centroid_containment_iff
OWNED_DECL Entry005.truncation_simplex_centroid_containment_iff._proof_1_1
OWNED_AXIOMS Entry005.truncation_simplex_centroid_containment_iff._proof_1_1: [propext, Quot.sound]
OWNED_DECL Entry005.truncation_simplex_centroid_containment_iff._proof_1_2
OWNED_AXIOMS Entry005.truncation_simplex_centroid_containment_iff._proof_1_2: [propext, Quot.sound]
OWNED_DECL Entry005.truncation_simplex_excess_exact
OWNED_AXIOMS Entry005.truncation_simplex_excess_exact: [propext, Classical.choice, Quot.sound]
PUBLIC_THEOREM Entry005.TruncationCentroid Entry005.truncation_simplex_excess_exact
OWNED_DECL Entry005.truncation_sum_level_volume_zero
OWNED_AXIOMS Entry005.truncation_sum_level_volume_zero: [propext, Classical.choice, Quot.sound]
PUBLIC_THEOREM Entry005.TruncationVolume Entry005.truncation_sum_level_volume_zero
OWNED_DECL Entry005.truncation_top_area_support
OWNED_AXIOMS Entry005.truncation_top_area_support: [propext, Classical.choice, Quot.sound]
PUBLIC_THEOREM Entry005.TruncationFacetVectors Entry005.truncation_top_area_support
OWNED_DECL Entry005.truncation_top_area_vector
OWNED_AXIOMS Entry005.truncation_top_area_vector: [propext, Classical.choice, Quot.sound]
PUBLIC_THEOREM Entry005.TruncationFacetVectors Entry005.truncation_top_area_vector
OWNED_DECL Entry005.truncation_top_facet
OWNED_AXIOMS Entry005.truncation_top_facet: [propext, Classical.choice, Quot.sound]
PUBLIC_THEOREM Entry005.TruncationFacetGeometry Entry005.truncation_top_facet
OWNED_DECL Entry005.truncation_top_facet._simp_1_2
OWNED_AXIOMS Entry005.truncation_top_facet._simp_1_2: [propext]
OWNED_DECL Entry005.truncation_top_facet_area
OWNED_AXIOMS Entry005.truncation_top_facet_area: [propext, Classical.choice, Quot.sound]
PUBLIC_THEOREM Entry005.TruncationFacetGeometry Entry005.truncation_top_facet_area
OWNED_DECL Entry005.truncation_top_facet_cone
OWNED_AXIOMS Entry005.truncation_top_facet_cone: [propext, Classical.choice, Quot.sound]
PUBLIC_THEOREM Entry005.TruncationFacetGeometry Entry005.truncation_top_facet_cone
OWNED_DECL Entry005.truncation_top_facet_cone._simp_1_1
OWNED_AXIOMS Entry005.truncation_top_facet_cone._simp_1_1: [propext, Quot.sound]
OWNED_DECL Entry005.truncation_tuple_determinant_bound
OWNED_AXIOMS Entry005.truncation_tuple_determinant_bound: [propext, Classical.choice, Quot.sound]
PUBLIC_THEOREM Entry005.TruncationMaximum Entry005.truncation_tuple_determinant_bound
OWNED_DECL Entry005.truncation_tuple_sum_eq_injection_sum
OWNED_AXIOMS Entry005.truncation_tuple_sum_eq_injection_sum: [propext, Classical.choice, Quot.sound]
PUBLIC_THEOREM Entry005.TruncationFacetDeterminants Entry005.truncation_tuple_sum_eq_injection_sum
OWNED_DECL Entry005.truncation_tuple_sum_smul
OWNED_AXIOMS Entry005.truncation_tuple_sum_smul: [propext, Classical.choice, Quot.sound]
PUBLIC_THEOREM Entry005.TruncationFacetDeterminants Entry005.truncation_tuple_sum_smul
OWNED_DECL Entry005.truncation_two_special_injection_sum
OWNED_AXIOMS Entry005.truncation_two_special_injection_sum: [propext, Classical.choice, Quot.sound]
PUBLIC_THEOREM Entry005.TruncationFacetDeterminants Entry005.truncation_two_special_injection_sum
OWNED_DECL Entry005.truncation_union_removed_simplex
OWNED_AXIOMS Entry005.truncation_union_removed_simplex: [propext, Classical.choice, Quot.sound]
PUBLIC_THEOREM Entry005.TruncationVolume Entry005.truncation_union_removed_simplex
OWNED_DECL Entry005.truncation_unit_diagonal_inner
OWNED_AXIOMS Entry005.truncation_unit_diagonal_inner: [propext, Classical.choice, Quot.sound]
PUBLIC_THEOREM Entry005.TruncationFacetGeometry Entry005.truncation_unit_diagonal_inner
OWNED_DECL Entry005.truncation_unit_diagonal_norm
OWNED_AXIOMS Entry005.truncation_unit_diagonal_norm: [propext, Classical.choice, Quot.sound]
PUBLIC_THEOREM Entry005.TruncationFacetGeometry Entry005.truncation_unit_diagonal_norm
OWNED_DECL Entry005.truncation_vertex_tuple_determinant_bound
OWNED_AXIOMS Entry005.truncation_vertex_tuple_determinant_bound: [propext, Classical.choice, Quot.sound]
PUBLIC_THEOREM Entry005.TruncationMaximum Entry005.truncation_vertex_tuple_determinant_bound
OWNED_DECL Entry005.truncation_vertex_tuple_determinant_bound._proof_1_1
OWNED_AXIOMS Entry005.truncation_vertex_tuple_determinant_bound._proof_1_1: [propext, Quot.sound]
OWNED_DECL Entry005.tuple_determinant_eq_zero_of_not_injective
OWNED_AXIOMS Entry005.tuple_determinant_eq_zero_of_not_injective: [propext, Classical.choice, Quot.sound]
PUBLIC_THEOREM Entry005.FiniteDeterminantTupleInjection Entry005.tuple_determinant_eq_zero_of_not_injective
OWNED_DECL Entry005.unitNormalCoordinates
OWNED_AXIOMS Entry005.unitNormalCoordinates: [propext, Classical.choice, Quot.sound]
OWNED_DECL Entry005.unitNormalCoordinates._proof_1
OWNED_AXIOMS Entry005.unitNormalCoordinates._proof_1: [propext, Classical.choice, Quot.sound]
OWNED_DECL Entry005.unitNormalCoordinates.congr_simp
OWNED_AXIOMS Entry005.unitNormalCoordinates.congr_simp: [propext, Classical.choice, Quot.sound]
PUBLIC_THEOREM Entry005.ZonotopeVolume Entry005.unitNormalCoordinates.congr_simp
OWNED_DECL Entry005.unitNormalCoordinates.eq_1
OWNED_AXIOMS Entry005.unitNormalCoordinates.eq_1: [propext, Classical.choice, Quot.sound]
PUBLIC_THEOREM Entry005.ZonotopeVolume Entry005.unitNormalCoordinates.eq_1
OWNED_DECL Entry005.unitNormalLpCoordinates
OWNED_AXIOMS Entry005.unitNormalLpCoordinates: [propext, Classical.choice, Quot.sound]
OWNED_DECL Entry005.unitNormalLpCoordinates._proof_1
OWNED_AXIOMS Entry005.unitNormalLpCoordinates._proof_1: [propext]
OWNED_DECL Entry005.unitNormalLpCoordinates._proof_2
OWNED_AXIOMS Entry005.unitNormalLpCoordinates._proof_2: [propext, Classical.choice, Quot.sound]
OWNED_DECL Entry005.unitNormalLpCoordinates._proof_3
OWNED_AXIOMS Entry005.unitNormalLpCoordinates._proof_3: [propext, Classical.choice, Quot.sound]
OWNED_DECL Entry005.unitNormalLpCoordinates._proof_4
OWNED_AXIOMS Entry005.unitNormalLpCoordinates._proof_4: [propext, Classical.choice, Quot.sound]
OWNED_DECL Entry005.unitNormalLpCoordinates._proof_5
OWNED_AXIOMS Entry005.unitNormalLpCoordinates._proof_5: [propext, Classical.choice, Quot.sound]
OWNED_DECL Entry005.unitNormalLpCoordinates._proof_6
OWNED_AXIOMS Entry005.unitNormalLpCoordinates._proof_6: [propext, Classical.choice, Quot.sound]
OWNED_DECL Entry005.unitNormalLpCoordinates._proof_7
OWNED_AXIOMS Entry005.unitNormalLpCoordinates._proof_7: [propext, Classical.choice, Quot.sound]
OWNED_DECL Entry005.unitNormalLpCoordinates.eq_1
OWNED_AXIOMS Entry005.unitNormalLpCoordinates.eq_1: [propext, Classical.choice, Quot.sound]
PUBLIC_THEOREM Entry005.ZonotopeVolume Entry005.unitNormalLpCoordinates.eq_1
OWNED_DECL Entry005.unitProjectionBallVolume
OWNED_AXIOMS Entry005.unitProjectionBallVolume: [propext, Classical.choice, Quot.sound]
OWNED_DECL Entry005.unitProjectionBallVolume._proof_1
OWNED_AXIOMS Entry005.unitProjectionBallVolume._proof_1: [propext, Classical.choice, Quot.sound]
OWNED_DECL Entry005.unitProjectionBallVolume._proof_2
OWNED_AXIOMS Entry005.unitProjectionBallVolume._proof_2: [propext, Classical.choice, Quot.sound]
OWNED_DECL Entry005.unit_ball_actual_witness_assignment
OWNED_AXIOMS Entry005.unit_ball_actual_witness_assignment: [propext, Classical.choice, Quot.sound]
PUBLIC_THEOREM Entry005.ActualAssignmentAssembly Entry005.unit_ball_actual_witness_assignment
OWNED_DECL Entry005.unit_ball_anchor_coordinate_bound
OWNED_AXIOMS Entry005.unit_ball_anchor_coordinate_bound: [propext, Classical.choice, Quot.sound]
PUBLIC_THEOREM Entry005.UnitBallDeterminant Entry005.unit_ball_anchor_coordinate_bound
OWNED_DECL Entry005.unit_ball_anchor_determinant
OWNED_AXIOMS Entry005.unit_ball_anchor_determinant: [propext, Classical.choice, Quot.sound]
PUBLIC_THEOREM Entry005.UnitBallDeterminant Entry005.unit_ball_anchor_determinant
OWNED_DECL Entry005.unit_ball_anchor_determinant._proof_1_1
OWNED_AXIOMS Entry005.unit_ball_anchor_determinant._proof_1_1: [propext, Quot.sound]
OWNED_DECL Entry005.unit_ball_clipped_actual_witness_assignment
OWNED_AXIOMS Entry005.unit_ball_clipped_actual_witness_assignment: [propext, Classical.choice, Quot.sound]
PUBLIC_THEOREM Entry005.FirstMomentAssignment Entry005.unit_ball_clipped_actual_witness_assignment
OWNED_DECL Entry005.unit_ball_clipped_assignment_error
OWNED_AXIOMS Entry005.unit_ball_clipped_assignment_error: [propext, Classical.choice, Quot.sound]
PUBLIC_THEOREM Entry005.ClippedAssignmentKernel Entry005.unit_ball_clipped_assignment_error
OWNED_DECL Entry005.unit_ball_coordinate_integrable
OWNED_AXIOMS Entry005.unit_ball_coordinate_integrable: [propext, Classical.choice, Quot.sound]
PUBLIC_THEOREM Entry005.UnitBallAnchorChain Entry005.unit_ball_coordinate_integrable
OWNED_DECL Entry005.unit_ball_coordinate_product_integrable
OWNED_AXIOMS Entry005.unit_ball_coordinate_product_integrable: [propext, Classical.choice, Quot.sound]
PUBLIC_THEOREM Entry005.UnitBallAnchorChain Entry005.unit_ball_coordinate_product_integrable
OWNED_DECL Entry005.unit_ball_cube
OWNED_AXIOMS Entry005.unit_ball_cube: [propext, Classical.choice, Quot.sound]
PUBLIC_THEOREM Entry005.BallVolume Entry005.unit_ball_cube
OWNED_DECL Entry005.unit_ball_cube._simp_1_1
OWNED_AXIOMS Entry005.unit_ball_cube._simp_1_1: [propext, Classical.choice, Quot.sound]
OWNED_DECL Entry005.unit_ball_determinant_law_defect_nonneg
OWNED_AXIOMS Entry005.unit_ball_determinant_law_defect_nonneg: [propext, Classical.choice, Quot.sound]
PUBLIC_THEOREM Entry005.ActualAssignmentAssembly Entry005.unit_ball_determinant_law_defect_nonneg
OWNED_DECL Entry005.unit_ball_first_moment_assignment
OWNED_AXIOMS Entry005.unit_ball_first_moment_assignment: [propext, Classical.choice, Quot.sound]
PUBLIC_THEOREM Entry005.FirstMomentAssignment Entry005.unit_ball_first_moment_assignment
OWNED_DECL Entry005.unit_ball_iid_determinant_bound
OWNED_AXIOMS Entry005.unit_ball_iid_determinant_bound: [propext, Classical.choice, Quot.sound]
PUBLIC_THEOREM Entry005.UnitBallAnchorChain Entry005.unit_ball_iid_determinant_bound
OWNED_DECL Entry005.unit_ball_measure_exists_subsequence
OWNED_AXIOMS Entry005.unit_ball_measure_exists_subsequence: [propext, Classical.choice, Quot.sound]
PUBLIC_THEOREM Entry005.CompactBallConeLaw Entry005.unit_ball_measure_exists_subsequence
OWNED_DECL Entry005.unit_ball_replacement_determinant
OWNED_AXIOMS Entry005.unit_ball_replacement_determinant: [propext, Classical.choice, Quot.sound]
PUBLIC_THEOREM Entry005.UnitBallDeterminant Entry005.unit_ball_replacement_determinant
OWNED_DECL Entry005.unit_ball_round_actual_assignment
OWNED_AXIOMS Entry005.unit_ball_round_actual_assignment: [propext, Classical.choice, Quot.sound]
PUBLIC_THEOREM Entry005.ActualAssignmentAssembly Entry005.unit_ball_round_actual_assignment
OWNED_DECL Entry005.unit_ball_round_actual_assignment._proof_1_1
OWNED_AXIOMS Entry005.unit_ball_round_actual_assignment._proof_1_1: [propext, Quot.sound]
OWNED_DECL Entry005.unit_ball_round_actual_assignment._simp_1_2
OWNED_AXIOMS Entry005.unit_ball_round_actual_assignment._simp_1_2: [propext]
OWNED_DECL Entry005.unit_ball_round_actual_assignment._simp_1_3
OWNED_AXIOMS Entry005.unit_ball_round_actual_assignment._simp_1_3: [propext]
OWNED_DECL Entry005.unit_ball_round_actual_assignment._simp_1_4
OWNED_AXIOMS Entry005.unit_ball_round_actual_assignment._simp_1_4: [propext]
OWNED_DECL Entry005.unit_ball_round_actual_assignment._simp_1_5
OWNED_AXIOMS Entry005.unit_ball_round_actual_assignment._simp_1_5: [propext]
OWNED_DECL Entry005.unit_ball_round_actual_assignment._simp_1_6
OWNED_AXIOMS Entry005.unit_ball_round_actual_assignment._simp_1_6: [propext]
OWNED_DECL Entry005.unit_ball_round_actual_assignment._simp_1_7
OWNED_AXIOMS Entry005.unit_ball_round_actual_assignment._simp_1_7: [propext, Classical.choice, Quot.sound]
OWNED_DECL Entry005.unit_ball_round_actual_assignment._simp_1_8
OWNED_AXIOMS Entry005.unit_ball_round_actual_assignment._simp_1_8: [propext]
OWNED_DECL Entry005.unit_ball_round_affine_first_moment_pos
OWNED_AXIOMS Entry005.unit_ball_round_affine_first_moment_pos: [propext, Classical.choice, Quot.sound]
PUBLIC_THEOREM Entry005.FiniteBodyWeightedAssignment Entry005.unit_ball_round_affine_first_moment_pos
OWNED_DECL Entry005.unit_ball_round_witness_anchor
OWNED_AXIOMS Entry005.unit_ball_round_witness_anchor: [propext, Classical.choice, Quot.sound]
PUBLIC_THEOREM Entry005.UnitBallAnchorChain Entry005.unit_ball_round_witness_anchor
OWNED_DECL Entry005.unit_ball_spanning_first_moment_assignment
OWNED_AXIOMS Entry005.unit_ball_spanning_first_moment_assignment: [propext, Classical.choice, Quot.sound]
PUBLIC_THEOREM Entry005.FirstMomentAssignment Entry005.unit_ball_spanning_first_moment_assignment
OWNED_DECL Entry005.unit_ball_sqrt_cube
OWNED_AXIOMS Entry005.unit_ball_sqrt_cube: [propext, Classical.choice, Quot.sound]
PUBLIC_THEOREM Entry005.StrongBallVolume Entry005.unit_ball_sqrt_cube
OWNED_DECL Entry005.unit_ball_sqrt_cube._simp_1_1
OWNED_AXIOMS Entry005.unit_ball_sqrt_cube._simp_1_1: [propext, Classical.choice, Quot.sound]
OWNED_DECL Entry005.unit_ball_support_bound
OWNED_AXIOMS Entry005.unit_ball_support_bound: [propext, Classical.choice, Quot.sound]
PUBLIC_THEOREM Entry005.UnitBallAnchorChain Entry005.unit_ball_support_bound
OWNED_DECL Entry005.unit_ball_volume_weighted_paper_witness_anchor
OWNED_AXIOMS Entry005.unit_ball_volume_weighted_paper_witness_anchor: [propext, Classical.choice, Quot.sound]
PUBLIC_THEOREM Entry005.IidWeightedAnchorSelection Entry005.unit_ball_volume_weighted_paper_witness_anchor
OWNED_DECL Entry005.unit_hyperplane_ball_volume
OWNED_AXIOMS Entry005.unit_hyperplane_ball_volume: [propext, Classical.choice, Quot.sound]
PUBLIC_THEOREM Entry005.FiniteHalfspaceConeLaw Entry005.unit_hyperplane_ball_volume
OWNED_DECL Entry005.unit_hyperplane_ball_volume._proof_1_1
OWNED_AXIOMS Entry005.unit_hyperplane_ball_volume._proof_1_1: [propext, Quot.sound]
OWNED_DECL Entry005.unit_normal_coordinates_affine
OWNED_AXIOMS Entry005.unit_normal_coordinates_affine: [propext, Classical.choice, Quot.sound]
PUBLIC_THEOREM Entry005.FacetRadialMass Entry005.unit_normal_coordinates_affine
OWNED_DECL Entry005.unit_normal_coordinates_extrusion
OWNED_AXIOMS Entry005.unit_normal_coordinates_extrusion: [propext, Classical.choice, Quot.sound]
PUBLIC_THEOREM Entry005.ZonotopeVolume Entry005.unit_normal_coordinates_extrusion
OWNED_DECL Entry005.unit_normal_coordinates_extrusion._simp_1_1
OWNED_AXIOMS Entry005.unit_normal_coordinates_extrusion._simp_1_1: [propext]
OWNED_DECL Entry005.unit_normal_coordinates_fst
OWNED_AXIOMS Entry005.unit_normal_coordinates_fst: [propext, Classical.choice, Quot.sound]
PUBLIC_THEOREM Entry005.ZonotopeVolume Entry005.unit_normal_coordinates_fst
OWNED_DECL Entry005.unit_normal_coordinates_measurePreserving
OWNED_AXIOMS Entry005.unit_normal_coordinates_measurePreserving: [propext, Classical.choice, Quot.sound]
PUBLIC_THEOREM Entry005.ZonotopeVolume Entry005.unit_normal_coordinates_measurePreserving
OWNED_DECL Entry005.unit_normal_coordinates_orthogonal
OWNED_AXIOMS Entry005.unit_normal_coordinates_orthogonal: [propext, Classical.choice, Quot.sound]
PUBLIC_THEOREM Entry005.FacetRadialMass Entry005.unit_normal_coordinates_orthogonal
OWNED_DECL Entry005.unit_normal_coordinates_self
OWNED_AXIOMS Entry005.unit_normal_coordinates_self: [propext, Classical.choice, Quot.sound]
PUBLIC_THEOREM Entry005.ZonotopeVolume Entry005.unit_normal_coordinates_self
OWNED_DECL Entry005.unit_normal_coordinates_volume
OWNED_AXIOMS Entry005.unit_normal_coordinates_volume: [propext, Classical.choice, Quot.sound]
PUBLIC_THEOREM Entry005.ZonotopeVolume Entry005.unit_normal_coordinates_volume
OWNED_DECL Entry005.unit_normal_hyperplane_finrank_add_one
OWNED_AXIOMS Entry005.unit_normal_hyperplane_finrank_add_one: [propext, Classical.choice, Quot.sound]
PUBLIC_THEOREM Entry005.FacetRadialMass Entry005.unit_normal_hyperplane_finrank_add_one
OWNED_DECL Entry005.unit_normal_hyperplane_finrank_add_one._proof_1_1
OWNED_AXIOMS Entry005.unit_normal_hyperplane_finrank_add_one._proof_1_1: [propext, Classical.choice, Quot.sound]
OWNED_DECL Entry005.unit_normal_projection_decomposition
OWNED_AXIOMS Entry005.unit_normal_projection_decomposition: [propext, Classical.choice, Quot.sound]
PUBLIC_THEOREM Entry005.FiniteHalfspaceFacets Entry005.unit_normal_projection_decomposition
OWNED_DECL Entry005.unit_projection_ball_volume_pos
OWNED_AXIOMS Entry005.unit_projection_ball_volume_pos: [propext, Classical.choice, Quot.sound]
PUBLIC_THEOREM Entry005.ProjectionVolumeSqueeze Entry005.unit_projection_ball_volume_pos
OWNED_DECL Entry005.upper_facets_same_fiber_eq
OWNED_AXIOMS Entry005.upper_facets_same_fiber_eq: [propext, Classical.choice, Quot.sound]
PUBLIC_THEOREM Entry005.FiniteHalfspaceFacets Entry005.upper_facets_same_fiber_eq
OWNED_DECL Entry005.upper_projected_facets_inter_volume_zero
OWNED_AXIOMS Entry005.upper_projected_facets_inter_volume_zero: [propext, Classical.choice, Quot.sound]
PUBLIC_THEOREM Entry005.FiniteHalfspaceFacets Entry005.upper_projected_facets_inter_volume_zero
OWNED_DECL Entry005.vertex_replacement_volume
OWNED_AXIOMS Entry005.vertex_replacement_volume: [propext, Classical.choice, Quot.sound]
PUBLIC_THEOREM Entry005.MaximumOuterBall Entry005.vertex_replacement_volume
OWNED_DECL Entry005.verticalExtrusion
OWNED_AXIOMS Entry005.verticalExtrusion: [propext, Classical.choice, Quot.sound]
OWNED_DECL Entry005.vertical_extrusion_closed_band
OWNED_AXIOMS Entry005.vertical_extrusion_closed_band: [propext, Classical.choice, Quot.sound]
PUBLIC_THEOREM Entry005.ConeLawGeometry Entry005.vertical_extrusion_closed_band
OWNED_DECL Entry005.vertical_extrusion_volume
OWNED_AXIOMS Entry005.vertical_extrusion_volume: [propext, Classical.choice, Quot.sound]
PUBLIC_THEOREM Entry005.ConeLawGeometry Entry005.vertical_extrusion_volume
OWNED_DECL Entry005.volumeForm_height_orthogonal
OWNED_AXIOMS Entry005.volumeForm_height_orthogonal: [propext, Classical.choice, Quot.sound]
PUBLIC_THEOREM Entry005.ZonotopeDeterminant Entry005.volumeForm_height_orthogonal
OWNED_DECL Entry005.volumeWeightedLaw
OWNED_AXIOMS Entry005.volumeWeightedLaw: [propext, Classical.choice, Quot.sound]
OWNED_DECL Entry005.volume_affine_image
OWNED_AXIOMS Entry005.volume_affine_image: [propext, Classical.choice, Quot.sound]
PUBLIC_THEOREM Entry005.AffineNormalization Entry005.volume_affine_image
OWNED_DECL Entry005.volume_affine_image_general
OWNED_AXIOMS Entry005.volume_affine_image_general: [propext, Classical.choice, Quot.sound]
PUBLIC_THEOREM Entry005.AffinePyramid Entry005.volume_affine_image_general
OWNED_DECL Entry005.volume_pyramidSet_affine_image
OWNED_AXIOMS Entry005.volume_pyramidSet_affine_image: [propext, Classical.choice, Quot.sound]
PUBLIC_THEOREM Entry005.AffinePyramid Entry005.volume_pyramidSet_affine_image
OWNED_DECL Entry005.volume_weighted_density_mul_ratio
OWNED_AXIOMS Entry005.volume_weighted_density_mul_ratio: [propext, Classical.choice, Quot.sound]
PUBLIC_THEOREM Entry005.WeightedAnchorSelection Entry005.volume_weighted_density_mul_ratio
OWNED_DECL Entry005.volume_weighted_density_mul_ratio._simp_1_1
OWNED_AXIOMS Entry005.volume_weighted_density_mul_ratio._simp_1_1: [propext]
OWNED_DECL Entry005.volume_weighted_density_mul_ratio._simp_1_2
OWNED_AXIOMS Entry005.volume_weighted_density_mul_ratio._simp_1_2: [propext]
OWNED_DECL Entry005.volume_weighted_density_mul_ratio._simp_1_3
OWNED_AXIOMS Entry005.volume_weighted_density_mul_ratio._simp_1_3: [propext]
OWNED_DECL Entry005.volume_weighted_density_mul_ratio._simp_1_4
OWNED_AXIOMS Entry005.volume_weighted_density_mul_ratio._simp_1_4: [propext]
OWNED_DECL Entry005.volume_weighted_density_mul_ratio._simp_1_5
OWNED_AXIOMS Entry005.volume_weighted_density_mul_ratio._simp_1_5: [propext]
OWNED_DECL Entry005.volume_weighted_density_mul_ratio._simp_1_6
OWNED_AXIOMS Entry005.volume_weighted_density_mul_ratio._simp_1_6: [propext, Classical.choice, Quot.sound]
OWNED_DECL Entry005.volume_weighted_density_mul_ratio._simp_1_7
OWNED_AXIOMS Entry005.volume_weighted_density_mul_ratio._simp_1_7: [propext]
OWNED_DECL Entry005.volume_weighted_law_ae_good
OWNED_AXIOMS Entry005.volume_weighted_law_ae_good: [propext, Classical.choice, Quot.sound]
PUBLIC_THEOREM Entry005.WeightedAnchorSelection Entry005.volume_weighted_law_ae_good
OWNED_DECL Entry005.volume_weighted_law_probability
OWNED_AXIOMS Entry005.volume_weighted_law_probability: [propext, Classical.choice, Quot.sound]
PUBLIC_THEOREM Entry005.WeightedAnchorSelection Entry005.volume_weighted_law_probability
OWNED_DECL Entry005.volume_weighted_ratio_integrable
OWNED_AXIOMS Entry005.volume_weighted_ratio_integrable: [propext, Classical.choice, Quot.sound]
PUBLIC_THEOREM Entry005.WeightedAnchorSelection Entry005.volume_weighted_ratio_integrable
OWNED_DECL Entry005.volume_weighted_ratio_integral_eq
OWNED_AXIOMS Entry005.volume_weighted_ratio_integral_eq: [propext, Classical.choice, Quot.sound]
PUBLIC_THEOREM Entry005.WeightedAnchorSelection Entry005.volume_weighted_ratio_integral_eq
OWNED_DECL Entry005.volume_weighted_ratio_integral_le
OWNED_AXIOMS Entry005.volume_weighted_ratio_integral_le: [propext, Classical.choice, Quot.sound]
PUBLIC_THEOREM Entry005.WeightedAnchorSelection Entry005.volume_weighted_ratio_integral_le
OWNED_DECL Entry005.volume_weighted_selection
OWNED_AXIOMS Entry005.volume_weighted_selection: [propext, Classical.choice, Quot.sound]
PUBLIC_THEOREM Entry005.WeightedAnchorSelection Entry005.volume_weighted_selection
OWNED_DECL Entry005.volume_weighted_selection._simp_1_1
OWNED_AXIOMS Entry005.volume_weighted_selection._simp_1_1: [propext, Classical.choice, Quot.sound]
OWNED_DECL Entry005.witnessCofactor
OWNED_AXIOMS Entry005.witnessCofactor: [propext, Classical.choice, Quot.sound]
OWNED_DECL Entry005.witnessCofactor.eq_1
OWNED_AXIOMS Entry005.witnessCofactor.eq_1: [propext, Classical.choice, Quot.sound]
PUBLIC_THEOREM Entry005.DeterminantWitness Entry005.witnessCofactor.eq_1
OWNED_DECL Entry005.witnessMatrix
OWNED_AXIOMS Entry005.witnessMatrix: [propext, Classical.choice, Quot.sound]
OWNED_DECL Entry005.witnessMatrix.eq_1
OWNED_AXIOMS Entry005.witnessMatrix.eq_1: [propext, Classical.choice, Quot.sound]
PUBLIC_THEOREM Entry005.DeterminantWitness Entry005.witnessMatrix.eq_1
OWNED_DECL Entry005.zonotopeAtZeroEmbeddingEquiv
OWNED_AXIOMS Entry005.zonotopeAtZeroEmbeddingEquiv: [propext, Classical.choice, Quot.sound]
OWNED_DECL Entry005.zonotopeAtZeroEmbeddingEquiv._proof_1
OWNED_AXIOMS Entry005.zonotopeAtZeroEmbeddingEquiv._proof_1: [propext, Classical.choice, Quot.sound]
OWNED_DECL Entry005.zonotopeAtZeroEmbeddingEquiv._proof_2
OWNED_AXIOMS Entry005.zonotopeAtZeroEmbeddingEquiv._proof_2: [propext, Classical.choice, Quot.sound]
OWNED_DECL Entry005.zonotopeAtZeroEmbeddingEquiv._proof_3
OWNED_AXIOMS Entry005.zonotopeAtZeroEmbeddingEquiv._proof_3: [propext, Classical.choice, Quot.sound]
OWNED_DECL Entry005.zonotopeAtZeroEmbeddingEquiv._proof_4
OWNED_AXIOMS Entry005.zonotopeAtZeroEmbeddingEquiv._proof_4: [propext, Classical.choice, Quot.sound]
OWNED_DECL Entry005.zonotopeAtZeroEmbeddingEquiv._proof_5
OWNED_AXIOMS Entry005.zonotopeAtZeroEmbeddingEquiv._proof_5: [propext, Classical.choice, Quot.sound]
OWNED_DECL Entry005.zonotopeAtZeroEmbeddingEquiv._proof_6
OWNED_AXIOMS Entry005.zonotopeAtZeroEmbeddingEquiv._proof_6: [propext, Classical.choice, Quot.sound]
OWNED_DECL Entry005.zonotopeAtZeroEmbeddingEquiv._proof_7
OWNED_AXIOMS Entry005.zonotopeAtZeroEmbeddingEquiv._proof_7: [propext, Classical.choice, Quot.sound]
OWNED_DECL Entry005.zonotopeAtZeroEmbeddingEquiv._proof_8
OWNED_AXIOMS Entry005.zonotopeAtZeroEmbeddingEquiv._proof_8: [propext, Classical.choice, Quot.sound]
OWNED_DECL Entry005.zonotopeAvoidZeroEmbeddingEquiv
OWNED_AXIOMS Entry005.zonotopeAvoidZeroEmbeddingEquiv: [propext, Quot.sound]
OWNED_DECL Entry005.zonotopeAvoidZeroEmbeddingEquiv._proof_1
OWNED_AXIOMS Entry005.zonotopeAvoidZeroEmbeddingEquiv._proof_1: [propext]
OWNED_DECL Entry005.zonotopeAvoidZeroEmbeddingEquiv._proof_2
OWNED_AXIOMS Entry005.zonotopeAvoidZeroEmbeddingEquiv._proof_2: [propext]
OWNED_DECL Entry005.zonotopeAvoidZeroEmbeddingEquiv._proof_3
OWNED_AXIOMS Entry005.zonotopeAvoidZeroEmbeddingEquiv._proof_3: [propext]
OWNED_DECL Entry005.zonotopeAvoidZeroEmbeddingEquiv._proof_4
OWNED_AXIOMS Entry005.zonotopeAvoidZeroEmbeddingEquiv._proof_4: [propext]
OWNED_DECL Entry005.zonotopeAvoidZeroEmbeddingEquiv._proof_5
OWNED_AXIOMS Entry005.zonotopeAvoidZeroEmbeddingEquiv._proof_5: [propext]
OWNED_DECL Entry005.zonotopeAvoidZeroEmbeddingEquiv._proof_6
OWNED_AXIOMS Entry005.zonotopeAvoidZeroEmbeddingEquiv._proof_6: [propext, Quot.sound]
OWNED_DECL Entry005.zonotopeAvoidZeroEmbeddingEquiv._proof_7
OWNED_AXIOMS Entry005.zonotopeAvoidZeroEmbeddingEquiv._proof_7: [propext]
OWNED_DECL Entry005.zonotopeAvoidZeroEmbeddingEquiv._proof_8
OWNED_AXIOMS Entry005.zonotopeAvoidZeroEmbeddingEquiv._proof_8: [propext]
OWNED_DECL Entry005.zonotopeAvoidZeroEmbeddingEquiv._proof_9
OWNED_AXIOMS Entry005.zonotopeAvoidZeroEmbeddingEquiv._proof_9: [propext, Quot.sound]
OWNED_DECL Entry005.zonotopeCoefficient
OWNED_AXIOMS Entry005.zonotopeCoefficient: [propext, Classical.choice, Quot.sound]
OWNED_DECL Entry005.zonotopeCoefficient._proof_1
OWNED_AXIOMS Entry005.zonotopeCoefficient._proof_1: [propext]
OWNED_DECL Entry005.zonotopeCoefficient.eq_1
OWNED_AXIOMS Entry005.zonotopeCoefficient.eq_1: [propext, Classical.choice, Quot.sound]
PUBLIC_THEOREM Entry005.ZonotopeFormula Entry005.zonotopeCoefficient.eq_1
OWNED_DECL Entry005.zonotopeDeterminantSum
OWNED_AXIOMS Entry005.zonotopeDeterminantSum: [propext, Classical.choice, Quot.sound]
OWNED_DECL Entry005.zonotopeDeterminantSum.eq_1
OWNED_AXIOMS Entry005.zonotopeDeterminantSum.eq_1: [propext, Classical.choice, Quot.sound]
PUBLIC_THEOREM Entry005.ZonotopeFormula Entry005.zonotopeDeterminantSum.eq_1
OWNED_DECL Entry005.zonotopeZeroFirstEmbedding
OWNED_AXIOMS Entry005.zonotopeZeroFirstEmbedding: [propext, Quot.sound]
OWNED_DECL Entry005.zonotopeZeroFirstEmbedding._proof_1
OWNED_AXIOMS Entry005.zonotopeZeroFirstEmbedding._proof_1: [propext, Quot.sound]
OWNED_DECL Entry005.zonotopeZeroFirstEmbedding.eq_1
OWNED_AXIOMS Entry005.zonotopeZeroFirstEmbedding.eq_1: [propext, Quot.sound]
PUBLIC_THEOREM Entry005.ZonotopeInjectionCombinatorics Entry005.zonotopeZeroFirstEmbedding.eq_1
OWNED_DECL Entry005.zonotope_alternating_abs_swap
OWNED_AXIOMS Entry005.zonotope_alternating_abs_swap: [propext, Classical.choice, Quot.sound]
PUBLIC_THEOREM Entry005.ZonotopeInjectionCombinatorics Entry005.zonotope_alternating_abs_swap
OWNED_DECL Entry005.zonotope_alternating_projection_congr
OWNED_AXIOMS Entry005.zonotope_alternating_projection_congr: [propext, Classical.choice, Quot.sound]
PUBLIC_THEOREM Entry005.ZonotopeDeterminant Entry005.zonotope_alternating_projection_congr
OWNED_DECL Entry005.zonotope_coefficient_mul_succ
OWNED_AXIOMS Entry005.zonotope_coefficient_mul_succ: [propext, Classical.choice, Quot.sound]
PUBLIC_THEOREM Entry005.ZonotopeFormula Entry005.zonotope_coefficient_mul_succ
OWNED_DECL Entry005.zonotope_determinant_sum_height
OWNED_AXIOMS Entry005.zonotope_determinant_sum_height: [propext, Classical.choice, Quot.sound]
PUBLIC_THEOREM Entry005.ZonotopeFormula Entry005.zonotope_determinant_sum_height
OWNED_DECL Entry005.zonotope_embedding_sum_partition_zero
OWNED_AXIOMS Entry005.zonotope_embedding_sum_partition_zero: [propext, Classical.choice, Quot.sound]
PUBLIC_THEOREM Entry005.ZonotopeInjectionCombinatorics Entry005.zonotope_embedding_sum_partition_zero
OWNED_DECL Entry005.zonotope_orthogonal_finrank
OWNED_AXIOMS Entry005.zonotope_orthogonal_finrank: [propext, Classical.choice, Quot.sound]
PUBLIC_THEOREM Entry005.ZonotopeDeterminant Entry005.zonotope_orthogonal_finrank
OWNED_DECL Entry005.zonotope_orthogonal_projection_formula
OWNED_AXIOMS Entry005.zonotope_orthogonal_projection_formula: [propext, Classical.choice, Quot.sound]
PUBLIC_THEOREM Entry005.ZonotopeDeterminant Entry005.zonotope_orthogonal_projection_formula
OWNED_DECL LinearEquiv.smulOfNeZero.congr_simp
OWNED_AXIOMS LinearEquiv.smulOfNeZero.congr_simp: [propext, Classical.choice, Quot.sound]
PUBLIC_THEOREM Entry005.AffineNormalization LinearEquiv.smulOfNeZero.congr_simp
OWNED_DECL Matrix.updateCol.eq_1
OWNED_AXIOMS Matrix.updateCol.eq_1: [Quot.sound]
PUBLIC_THEOREM Entry005.UnitBallDeterminant Matrix.updateCol.eq_1
OWNED_DECL MeasurableEquiv.piFinSuccAbove.eq_1
OWNED_AXIOMS MeasurableEquiv.piFinSuccAbove.eq_1: [propext, Classical.choice, Quot.sound]
PUBLIC_THEOREM Entry005.PyramidIidMomentReuse MeasurableEquiv.piFinSuccAbove.eq_1
OWNED_DECL MeasurableEquiv.prodComm.eq_1
OWNED_AXIOMS MeasurableEquiv.prodComm.eq_1: [propext, Classical.choice, Quot.sound]
PUBLIC_THEOREM Entry005.PyramidIidMomentReuse MeasurableEquiv.prodComm.eq_1
OWNED_DECL Mxym.StochasticRigidity.abs_det_le_column_l1_product
OWNED_AXIOMS Mxym.StochasticRigidity.abs_det_le_column_l1_product: [propext, Classical.choice, Quot.sound]
PUBLIC_THEOREM Mxym.StochasticRigidity Mxym.StochasticRigidity.abs_det_le_column_l1_product
OWNED_DECL Mxym.StochasticRigidity.abs_det_le_column_max
OWNED_AXIOMS Mxym.StochasticRigidity.abs_det_le_column_max: [propext, Classical.choice, Quot.sound]
PUBLIC_THEOREM Mxym.StochasticRigidity Mxym.StochasticRigidity.abs_det_le_column_max
OWNED_DECL Mxym.StochasticRigidity.abs_det_le_of_shared_row
OWNED_AXIOMS Mxym.StochasticRigidity.abs_det_le_of_shared_row: [propext, Classical.choice, Quot.sound]
PUBLIC_THEOREM Mxym.StochasticRigidity Mxym.StochasticRigidity.abs_det_le_of_shared_row
OWNED_DECL Mxym.StochasticRigidity.column_l1_distance
OWNED_AXIOMS Mxym.StochasticRigidity.column_l1_distance: [propext, Classical.choice, Quot.sound]
PUBLIC_THEOREM Mxym.StochasticRigidity Mxym.StochasticRigidity.column_l1_distance
OWNED_DECL Mxym.StochasticRigidity.exact_permutation
OWNED_AXIOMS Mxym.StochasticRigidity.exact_permutation: [propext, Classical.choice, Quot.sound]
PUBLIC_THEOREM Mxym.StochasticRigidity Mxym.StochasticRigidity.exact_permutation
OWNED_DECL Mxym.StochasticRigidity.near_permutation
OWNED_AXIOMS Mxym.StochasticRigidity.near_permutation: [propext, Classical.choice, Quot.sound]
PUBLIC_THEOREM Mxym.StochasticRigidity Mxym.StochasticRigidity.near_permutation
OWNED_DECL Mxym.StochasticRigidity.near_permutation_sharp
OWNED_AXIOMS Mxym.StochasticRigidity.near_permutation_sharp: [propext, Classical.choice, Quot.sound]
PUBLIC_THEOREM Mxym.StochasticRigidity Mxym.StochasticRigidity.near_permutation_sharp
OWNED_DECL OAI.Paper092.Euclidean
OWNED_AXIOMS OAI.Paper092.Euclidean: [propext, Classical.choice, Quot.sound]
OWNED_DECL OAI.Paper092.brightness
OWNED_AXIOMS OAI.Paper092.brightness: [propext, Classical.choice, Quot.sound]
OWNED_DECL OAI.Paper092.brightness.eq_1
OWNED_AXIOMS OAI.Paper092.brightness.eq_1: [propext, Classical.choice, Quot.sound]
PUBLIC_THEOREM OAI.Geometry.ProjectionVolume.Brightness OAI.Paper092.brightness.eq_1
OWNED_DECL OAI.Paper092.brightness_body_smul
OWNED_AXIOMS OAI.Paper092.brightness_body_smul: [propext, Classical.choice, Quot.sound]
PUBLIC_THEOREM OAI.Geometry.ProjectionVolume.Brightness OAI.Paper092.brightness_body_smul
OWNED_DECL OAI.Paper092.brightness_mono
OWNED_AXIOMS OAI.Paper092.brightness_mono: [propext, Classical.choice, Quot.sound]
PUBLIC_THEOREM OAI.Geometry.ProjectionVolume.Brightness OAI.Paper092.brightness_mono
OWNED_DECL OAI.Paper092.brightness_neg
OWNED_AXIOMS OAI.Paper092.brightness_neg: [propext, Classical.choice, Quot.sound]
PUBLIC_THEOREM OAI.Geometry.ProjectionVolume.Brightness OAI.Paper092.brightness_neg
OWNED_DECL OAI.Paper092.brightness_nonneg
OWNED_AXIOMS OAI.Paper092.brightness_nonneg: [propext, Classical.choice, Quot.sound]
PUBLIC_THEOREM OAI.Geometry.ProjectionVolume.Brightness OAI.Paper092.brightness_nonneg
OWNED_DECL OAI.Paper092.brightness_smul
OWNED_AXIOMS OAI.Paper092.brightness_smul: [propext, Classical.choice, Quot.sound]
PUBLIC_THEOREM OAI.Geometry.ProjectionVolume.Brightness OAI.Paper092.brightness_smul
OWNED_DECL OAI.Paper092.firstBlock
OWNED_AXIOMS OAI.Paper092.firstBlock: [propext, Classical.choice, Quot.sound]
OWNED_DECL OAI.Paper092.neg_mem_projectionBody_iff
OWNED_AXIOMS OAI.Paper092.neg_mem_projectionBody_iff: [propext, Classical.choice, Quot.sound]
PUBLIC_THEOREM OAI.Geometry.ProjectionVolume.Brightness OAI.Paper092.neg_mem_projectionBody_iff
OWNED_DECL OAI.Paper092.normalHyperplane
OWNED_AXIOMS OAI.Paper092.normalHyperplane: [propext, Classical.choice, Quot.sound]
OWNED_DECL OAI.Paper092.normalHyperplane_finrank
OWNED_AXIOMS OAI.Paper092.normalHyperplane_finrank: [propext, Classical.choice, Quot.sound]
PUBLIC_THEOREM OAI.Geometry.ProjectionVolume.Basic OAI.Paper092.normalHyperplane_finrank
OWNED_DECL OAI.Paper092.normalHyperplane_finrank._proof_1_1
OWNED_AXIOMS OAI.Paper092.normalHyperplane_finrank._proof_1_1: [propext, Classical.choice, Quot.sound]
OWNED_DECL OAI.Paper092.normalHyperplane_smul
OWNED_AXIOMS OAI.Paper092.normalHyperplane_smul: [propext, Classical.choice, Quot.sound]
PUBLIC_THEOREM OAI.Geometry.ProjectionVolume.Brightness OAI.Paper092.normalHyperplane_smul
OWNED_DECL OAI.Paper092.normalHyperplane_volume_is_canonical
OWNED_AXIOMS OAI.Paper092.normalHyperplane_volume_is_canonical: [propext, Classical.choice, Quot.sound]
PUBLIC_THEOREM OAI.Geometry.ProjectionVolume.Basic OAI.Paper092.normalHyperplane_volume_is_canonical
OWNED_DECL OAI.Paper092.normalizedProjectionVolume
OWNED_AXIOMS OAI.Paper092.normalizedProjectionVolume: [propext, Classical.choice, Quot.sound]
OWNED_DECL OAI.Paper092.normalizedProjectionVolume._proof_1
OWNED_AXIOMS OAI.Paper092.normalizedProjectionVolume._proof_1: [propext, Classical.choice, Quot.sound]
OWNED_DECL OAI.Paper092.normalizedProjectionVolume._proof_2
OWNED_AXIOMS OAI.Paper092.normalizedProjectionVolume._proof_2: [propext, Classical.choice, Quot.sound]
OWNED_DECL OAI.Paper092.productWitness
OWNED_AXIOMS OAI.Paper092.productWitness: [propext, Classical.choice, Quot.sound]
OWNED_DECL OAI.Paper092.projectionBody
OWNED_AXIOMS OAI.Paper092.projectionBody: [propext, Classical.choice, Quot.sound]
OWNED_DECL OAI.Paper092.projectionBody._proof_1
OWNED_AXIOMS OAI.Paper092.projectionBody._proof_1: [propext]
OWNED_DECL OAI.Paper092.projectionBody.eq_1
OWNED_AXIOMS OAI.Paper092.projectionBody.eq_1: [propext, Classical.choice, Quot.sound]
PUBLIC_THEOREM OAI.Geometry.ProjectionVolume.Brightness OAI.Paper092.projectionBody.eq_1
OWNED_DECL OAI.Paper092.projectionBody_body_smul
OWNED_AXIOMS OAI.Paper092.projectionBody_body_smul: [propext, Classical.choice, Quot.sound]
PUBLIC_THEOREM OAI.Geometry.ProjectionVolume.Brightness OAI.Paper092.projectionBody_body_smul
OWNED_DECL OAI.Paper092.projectionBody_convex
OWNED_AXIOMS OAI.Paper092.projectionBody_convex: [propext, Classical.choice, Quot.sound]
PUBLIC_THEOREM OAI.Geometry.ProjectionVolume.Brightness OAI.Paper092.projectionBody_convex
OWNED_DECL OAI.Paper092.projectionBody_isClosed
OWNED_AXIOMS OAI.Paper092.projectionBody_isClosed: [propext, Classical.choice, Quot.sound]
PUBLIC_THEOREM OAI.Geometry.ProjectionVolume.Brightness OAI.Paper092.projectionBody_isClosed
OWNED_DECL OAI.Paper092.projectionBody_isCompact
OWNED_AXIOMS OAI.Paper092.projectionBody_isCompact: [propext, Classical.choice, Quot.sound]
PUBLIC_THEOREM OAI.Geometry.ProjectionVolume.Brightness OAI.Paper092.projectionBody_isCompact
OWNED_DECL OAI.Paper092.projectionBody_mono
OWNED_AXIOMS OAI.Paper092.projectionBody_mono: [propext, Classical.choice, Quot.sound]
PUBLIC_THEOREM OAI.Geometry.ProjectionVolume.Brightness OAI.Paper092.projectionBody_mono
OWNED_DECL OAI.Paper092.projectionBody_neg_eq
OWNED_AXIOMS OAI.Paper092.projectionBody_neg_eq: [propext, Classical.choice, Quot.sound]
PUBLIC_THEOREM OAI.Geometry.ProjectionVolume.Brightness OAI.Paper092.projectionBody_neg_eq
OWNED_DECL OAI.Paper092.projectionBody_neg_eq._simp_1_1
OWNED_AXIOMS OAI.Paper092.projectionBody_neg_eq._simp_1_1: [propext, Classical.choice, Quot.sound]
OWNED_DECL OAI.Paper092.projectionBody_norm_le
OWNED_AXIOMS OAI.Paper092.projectionBody_norm_le: [propext, Classical.choice, Quot.sound]
PUBLIC_THEOREM OAI.Geometry.ProjectionVolume.Brightness OAI.Paper092.projectionBody_norm_le
OWNED_DECL OAI.Paper092.projectionVolume
OWNED_AXIOMS OAI.Paper092.projectionVolume: [propext, Classical.choice, Quot.sound]
OWNED_DECL OAI.Paper092.projectionVolume._proof_1
OWNED_AXIOMS OAI.Paper092.projectionVolume._proof_1: [propext, Classical.choice, Quot.sound]
OWNED_DECL OAI.Paper092.projectionVolume._proof_2
OWNED_AXIOMS OAI.Paper092.projectionVolume._proof_2: [propext, Classical.choice, Quot.sound]
OWNED_DECL OAI.Paper092.projectionVolume._proof_3
OWNED_AXIOMS OAI.Paper092.projectionVolume._proof_3: [propext, Classical.choice, Quot.sound]
OWNED_DECL OAI.Paper092.projectionVolume_body_smul
OWNED_AXIOMS OAI.Paper092.projectionVolume_body_smul: [propext, Classical.choice, Quot.sound]
PUBLIC_THEOREM OAI.Geometry.ProjectionVolume.Brightness OAI.Paper092.projectionVolume_body_smul
OWNED_DECL OAI.Paper092.projectionVolume_lt_top
OWNED_AXIOMS OAI.Paper092.projectionVolume_lt_top: [propext, Classical.choice, Quot.sound]
PUBLIC_THEOREM OAI.Geometry.ProjectionVolume.Brightness OAI.Paper092.projectionVolume_lt_top
OWNED_DECL OAI.Paper092.projectionVolume_mono
OWNED_AXIOMS OAI.Paper092.projectionVolume_mono: [propext, Classical.choice, Quot.sound]
PUBLIC_THEOREM OAI.Geometry.ProjectionVolume.Brightness OAI.Paper092.projectionVolume_mono
OWNED_DECL OAI.Paper092.projectionVolume_smul
OWNED_AXIOMS OAI.Paper092.projectionVolume_smul: [propext, Classical.choice, Quot.sound]
PUBLIC_THEOREM OAI.Geometry.ProjectionVolume.Brightness OAI.Paper092.projectionVolume_smul
OWNED_DECL OAI.Paper092.secondBlock
OWNED_AXIOMS OAI.Paper092.secondBlock: [propext, Classical.choice, Quot.sound]
OWNED_DECL OAI.Paper092.simplexConstant
OWNED_AXIOMS OAI.Paper092.simplexConstant: [propext, Classical.choice, Quot.sound]
OWNED_DECL OAI.Paper092.standardSimplex
OWNED_AXIOMS OAI.Paper092.standardSimplex: [propext, Classical.choice, Quot.sound]
OWNED_DECL OAI.Paper092.zero_mem_projectionBody
OWNED_AXIOMS OAI.Paper092.zero_mem_projectionBody: [propext, Classical.choice, Quot.sound]
PUBLIC_THEOREM OAI.Geometry.ProjectionVolume.Brightness OAI.Paper092.zero_mem_projectionBody
OWNED_DECL OAI.ProjectionCounterexample.coordinateSimplex
OWNED_AXIOMS OAI.ProjectionCounterexample.coordinateSimplex: [propext, Classical.choice, Quot.sound]
OWNED_DECL OAI.ProjectionCounterexample.coordinateSimplex.eq_1
OWNED_AXIOMS OAI.ProjectionCounterexample.coordinateSimplex.eq_1: [propext, Classical.choice, Quot.sound]
PUBLIC_THEOREM Entry005.TruncationSimplexVolume OAI.ProjectionCounterexample.coordinateSimplex.eq_1
OWNED_DECL OAI.ProjectionCounterexample.coordinateSimplex_eq_empty_of_neg
OWNED_AXIOMS OAI.ProjectionCounterexample.coordinateSimplex_eq_empty_of_neg: [propext, Classical.choice, Quot.sound]
PUBLIC_THEOREM Entry005.TruncationSimplexVolume OAI.ProjectionCounterexample.coordinateSimplex_eq_empty_of_neg
OWNED_DECL OAI.ProjectionCounterexample.coordinateSimplex_measurableSet
OWNED_AXIOMS OAI.ProjectionCounterexample.coordinateSimplex_measurableSet: [propext, Classical.choice, Quot.sound]
PUBLIC_THEOREM Entry005.TruncationSimplexVolume OAI.ProjectionCounterexample.coordinateSimplex_measurableSet
OWNED_DECL OAI.ProjectionCounterexample.integral_simplex_slice
OWNED_AXIOMS OAI.ProjectionCounterexample.integral_simplex_slice: [propext, Classical.choice, Quot.sound]
PUBLIC_THEOREM Entry005.TruncationSimplexVolume OAI.ProjectionCounterexample.integral_simplex_slice
OWNED_DECL OAI.ProjectionCounterexample.realVolume_unit_euclideanSimplex
OWNED_AXIOMS OAI.ProjectionCounterexample.realVolume_unit_euclideanSimplex: [propext, Classical.choice, Quot.sound]
PUBLIC_THEOREM Entry005.TruncationSimplexVolume OAI.ProjectionCounterexample.realVolume_unit_euclideanSimplex
OWNED_DECL OAI.ProjectionCounterexample.volume_coordinateSimplex
OWNED_AXIOMS OAI.ProjectionCounterexample.volume_coordinateSimplex: [propext, Classical.choice, Quot.sound]
PUBLIC_THEOREM Entry005.TruncationSimplexVolume OAI.ProjectionCounterexample.volume_coordinateSimplex
OWNED_DECL OAI.ProjectionCounterexample.volume_coordinateSimplex._simp_1_3
OWNED_AXIOMS OAI.ProjectionCounterexample.volume_coordinateSimplex._simp_1_3: [propext]
OWNED_DECL OAI.ProjectionCounterexample.volume_coordinateSimplex._simp_1_4
OWNED_AXIOMS OAI.ProjectionCounterexample.volume_coordinateSimplex._simp_1_4: [propext]
OWNED_DECL OAI.ProjectionCounterexample.volume_coordinateSimplex._simp_1_5
OWNED_AXIOMS OAI.ProjectionCounterexample.volume_coordinateSimplex._simp_1_5: [propext]
OWNED_DECL OAI.ProjectionCounterexample.volume_linearImage_unit_coordinateSimplex
OWNED_AXIOMS OAI.ProjectionCounterexample.volume_linearImage_unit_coordinateSimplex: [propext,
 Classical.choice,
 Quot.sound]
PUBLIC_THEOREM Entry005.TruncationSimplexVolume OAI.ProjectionCounterexample.volume_linearImage_unit_coordinateSimplex
OWNED_DECL OAI.ProjectionCounterexample.volume_unit_coordinateSimplex
OWNED_AXIOMS OAI.ProjectionCounterexample.volume_unit_coordinateSimplex: [propext, Classical.choice, Quot.sound]
PUBLIC_THEOREM Entry005.TruncationSimplexVolume OAI.ProjectionCounterexample.volume_unit_coordinateSimplex
OWNED_DECL OAI.ProjectionCounterexample.volume_unit_euclideanSimplex
OWNED_AXIOMS OAI.ProjectionCounterexample.volume_unit_euclideanSimplex: [propext, Classical.choice, Quot.sound]
PUBLIC_THEOREM Entry005.TruncationSimplexVolume OAI.ProjectionCounterexample.volume_unit_euclideanSimplex
OWNED_DECL _private.Entry005.AffineNormalization.0.Entry005.affine_homothety_apply
OWNED_AXIOMS _private.Entry005.AffineNormalization.0.Entry005.affine_homothety_apply: [propext,
 Classical.choice,
 Quot.sound]
OWNED_DECL _private.Entry005.AffineNormalization.0.Entry005.fullBasis
OWNED_AXIOMS _private.Entry005.AffineNormalization.0.Entry005.fullBasis: [propext, Classical.choice, Quot.sound]
OWNED_DECL _private.Entry005.AffineNormalization.0.Entry005.fullBasis._proof_1
OWNED_AXIOMS _private.Entry005.AffineNormalization.0.Entry005.fullBasis._proof_1: [propext,
 Classical.choice,
 Quot.sound]
OWNED_DECL _private.Entry005.AffineNormalization.0.Entry005.fullBasis._proof_2
OWNED_AXIOMS _private.Entry005.AffineNormalization.0.Entry005.fullBasis._proof_2: [propext,
 Classical.choice,
 Quot.sound]
OWNED_DECL _private.Entry005.HausdorffRetention.0.Entry005.dimension_space
OWNED_AXIOMS _private.Entry005.HausdorffRetention.0.Entry005.dimension_space: [propext, Classical.choice, Quot.sound]
OWNED_DECL _private.Entry005.HausdorffRetention.0.Entry005.support_attained
OWNED_AXIOMS _private.Entry005.HausdorffRetention.0.Entry005.support_attained: [propext, Classical.choice, Quot.sound]
OWNED_DECL _private.Entry005.HausdorffRetention.0.Entry005.vertices_bound_hull
OWNED_AXIOMS _private.Entry005.HausdorffRetention.0.Entry005.vertices_bound_hull: [propext,
 Classical.choice,
 Quot.sound]
OWNED_DECL _private.Entry005.HausdorffRetention.0.Entry005.vertices_bound_hull._simp_1_1
OWNED_AXIOMS _private.Entry005.HausdorffRetention.0.Entry005.vertices_bound_hull._simp_1_1: [propext,
 Classical.choice,
 Quot.sound]
OWNED_DECL _private.Entry005.MaximumOuterBall.0.Entry005.e
OWNED_AXIOMS _private.Entry005.MaximumOuterBall.0.Entry005.e: [propext, Classical.choice, Quot.sound]
OWNED_DECL _private.Entry005.MaximumOuterBall.0.Entry005.e.eq_1
OWNED_AXIOMS _private.Entry005.MaximumOuterBall.0.Entry005.e.eq_1: [propext, Classical.choice, Quot.sound]
OWNED_DECL _private.Entry005.MaximumOuterBall.0.Entry005.expand
OWNED_AXIOMS _private.Entry005.MaximumOuterBall.0.Entry005.expand: [propext, Classical.choice, Quot.sound]
OWNED_DECL _private.Entry005.MaximumOuterBall.0.Entry005.homogeneous
OWNED_AXIOMS _private.Entry005.MaximumOuterBall.0.Entry005.homogeneous: [propext, Classical.choice, Quot.sound]
OWNED_DECL _private.Entry005.MaximumOuterBall.0.Entry005.homogeneous._proof_1
OWNED_AXIOMS _private.Entry005.MaximumOuterBall.0.Entry005.homogeneous._proof_1: [propext]
OWNED_DECL _private.Entry005.MaximumOuterBall.0.Entry005.homogeneous.eq_1
OWNED_AXIOMS _private.Entry005.MaximumOuterBall.0.Entry005.homogeneous.eq_1: [propext, Classical.choice, Quot.sound]
OWNED_DECL _private.Entry005.MaximumOuterBall.0.Entry005.homogeneous_det
OWNED_AXIOMS _private.Entry005.MaximumOuterBall.0.Entry005.homogeneous_det: [propext, Classical.choice, Quot.sound]
OWNED_DECL _private.Entry005.MaximumOuterBall.0.Entry005.homogeneous_mul
OWNED_AXIOMS _private.Entry005.MaximumOuterBall.0.Entry005.homogeneous_mul: [propext, Classical.choice, Quot.sound]
OWNED_DECL _private.Entry005.MaximumOuterBall.0.Entry005.projection
OWNED_AXIOMS _private.Entry005.MaximumOuterBall.0.Entry005.projection: [propext, Classical.choice, Quot.sound]
OWNED_DECL _private.Entry005.MaximumOuterBall.0.Entry005.projection._proof_1
OWNED_AXIOMS _private.Entry005.MaximumOuterBall.0.Entry005.projection._proof_1: [propext, Classical.choice, Quot.sound]
OWNED_DECL _private.Entry005.MaximumOuterBall.0.Entry005.projection._proof_2
OWNED_AXIOMS _private.Entry005.MaximumOuterBall.0.Entry005.projection._proof_2: [propext, Classical.choice, Quot.sound]
OWNED_DECL _private.Entry005.MaximumOuterBall.0.Entry005.replacementEquiv
OWNED_AXIOMS _private.Entry005.MaximumOuterBall.0.Entry005.replacementEquiv: [propext, Classical.choice, Quot.sound]
OWNED_DECL _private.Entry005.MaximumOuterBall.0.Entry005.replacementMap
OWNED_AXIOMS _private.Entry005.MaximumOuterBall.0.Entry005.replacementMap: [propext, Classical.choice, Quot.sound]
OWNED_DECL _private.Entry005.MaximumOuterBall.0.Entry005.replacementMap._abel_1
OWNED_AXIOMS _private.Entry005.MaximumOuterBall.0.Entry005.replacementMap._abel_1: [propext,
 Classical.choice,
 Quot.sound]
OWNED_DECL _private.Entry005.MaximumOuterBall.0.Entry005.replacementMap._proof_1
OWNED_AXIOMS _private.Entry005.MaximumOuterBall.0.Entry005.replacementMap._proof_1: [propext,
 Classical.choice,
 Quot.sound]
OWNED_DECL _private.Entry005.MaximumOuterBall.0.Entry005.replacementMap._proof_2
OWNED_AXIOMS _private.Entry005.MaximumOuterBall.0.Entry005.replacementMap._proof_2: [propext,
 Classical.choice,
 Quot.sound]
OWNED_DECL _private.Entry005.MaximumOuterBall.0.Entry005.replacement_augmented
OWNED_AXIOMS _private.Entry005.MaximumOuterBall.0.Entry005.replacement_augmented: [propext,
 Classical.choice,
 Quot.sound]
OWNED_DECL _private.Entry005.MaximumOuterBall.0.Entry005.replacement_bijective
OWNED_AXIOMS _private.Entry005.MaximumOuterBall.0.Entry005.replacement_bijective: [propext,
 Classical.choice,
 Quot.sound]
OWNED_DECL _private.Entry005.MaximumOuterBall.0.Entry005.replacement_bijective._simp_1_1
OWNED_AXIOMS _private.Entry005.MaximumOuterBall.0.Entry005.replacement_bijective._simp_1_1: [propext]
OWNED_DECL _private.Entry005.MaximumOuterBall.0.Entry005.replacement_bijective._simp_1_2
OWNED_AXIOMS _private.Entry005.MaximumOuterBall.0.Entry005.replacement_bijective._simp_1_2: [propext]
OWNED_DECL _private.Entry005.MaximumOuterBall.0.Entry005.replacement_bijective._simp_1_3
OWNED_AXIOMS _private.Entry005.MaximumOuterBall.0.Entry005.replacement_bijective._simp_1_3: [propext]
OWNED_DECL _private.Entry005.MaximumOuterBall.0.Entry005.replacement_bijective._simp_1_4
OWNED_AXIOMS _private.Entry005.MaximumOuterBall.0.Entry005.replacement_bijective._simp_1_4: [propext]
OWNED_DECL _private.Entry005.MaximumOuterBall.0.Entry005.replacement_bijective._simp_1_5
OWNED_AXIOMS _private.Entry005.MaximumOuterBall.0.Entry005.replacement_bijective._simp_1_5: [propext]
OWNED_DECL _private.Entry005.MaximumOuterBall.0.Entry005.replacement_bijective._simp_1_6
OWNED_AXIOMS _private.Entry005.MaximumOuterBall.0.Entry005.replacement_bijective._simp_1_6: [propext,
 Classical.choice,
 Quot.sound]
OWNED_DECL _private.Entry005.MaximumOuterBall.0.Entry005.replacement_bijective._simp_1_7
OWNED_AXIOMS _private.Entry005.MaximumOuterBall.0.Entry005.replacement_bijective._simp_1_7: [propext]
OWNED_DECL _private.Entry005.MaximumOuterBall.0.Entry005.replacement_coord
OWNED_AXIOMS _private.Entry005.MaximumOuterBall.0.Entry005.replacement_coord: [propext, Classical.choice, Quot.sound]
OWNED_DECL _private.Entry005.MaximumOuterBall.0.Entry005.replacement_det
OWNED_AXIOMS _private.Entry005.MaximumOuterBall.0.Entry005.replacement_det: [propext, Classical.choice, Quot.sound]
OWNED_DECL _private.Entry005.MaximumOuterBall.0.Entry005.replacement_points
OWNED_AXIOMS _private.Entry005.MaximumOuterBall.0.Entry005.replacement_points: [propext, Classical.choice, Quot.sound]
OWNED_DECL _private.Entry005.MaximumOuterBall.0.Entry005.replacement_points._simp_1_1
OWNED_AXIOMS _private.Entry005.MaximumOuterBall.0.Entry005.replacement_points._simp_1_1: [propext]
OWNED_DECL _private.Entry005.MaximumOuterBall.0.Entry005.scalar_expand
OWNED_AXIOMS _private.Entry005.MaximumOuterBall.0.Entry005.scalar_expand: [propext, Classical.choice, Quot.sound]
OWNED_DECL _private.Entry005.PrescribedSimplex.0.Entry005.affine_image_volume
OWNED_AXIOMS _private.Entry005.PrescribedSimplex.0.Entry005.affine_image_volume: [propext, Classical.choice, Quot.sound]
OWNED_DECL _private.Entry005.PrescribedSimplex.0.Entry005.nearby_mem_homothety
OWNED_AXIOMS _private.Entry005.PrescribedSimplex.0.Entry005.nearby_mem_homothety: [propext,
 Classical.choice,
 Quot.sound]
OWNED_DECL _private.Entry005.PrescribedSimplex.0.Entry005.nearby_mem_homothety._abel_1_1
OWNED_AXIOMS _private.Entry005.PrescribedSimplex.0.Entry005.nearby_mem_homothety._abel_1_1: [propext,
 Classical.choice,
 Quot.sound]
OWNED_DECL _private.Entry005.ProjectionAffineTransport.0.Entry005.normalFrame
OWNED_AXIOMS _private.Entry005.ProjectionAffineTransport.0.Entry005.normalFrame: [propext, Classical.choice, Quot.sound]
OWNED_DECL _private.Entry005.ProjectionAffineTransport.0.Entry005.normalFrame._proof_1
OWNED_AXIOMS _private.Entry005.ProjectionAffineTransport.0.Entry005.normalFrame._proof_1: [propext,
 Classical.choice,
 Quot.sound]
OWNED_DECL _private.Entry005.ProjectionAffineTransport.0.Entry005.normalFrame.congr_simp
OWNED_AXIOMS _private.Entry005.ProjectionAffineTransport.0.Entry005.normalFrame.congr_simp: [propext,
 Classical.choice,
 Quot.sound]
OWNED_DECL _private.Entry005.ProjectionAffineTransport.0.Entry005.normalFrame.eq_1
OWNED_AXIOMS _private.Entry005.ProjectionAffineTransport.0.Entry005.normalFrame.eq_1: [propext,
 Classical.choice,
 Quot.sound]
OWNED_DECL _private.Entry005.ProjectionAffineTransport.0.Entry005.normalFrameVector
OWNED_AXIOMS _private.Entry005.ProjectionAffineTransport.0.Entry005.normalFrameVector: [propext,
 Classical.choice,
 Quot.sound]
OWNED_DECL _private.Entry005.ProjectionAffineTransport.0.Entry005.normalFrameVector.eq_1
OWNED_AXIOMS _private.Entry005.ProjectionAffineTransport.0.Entry005.normalFrameVector.eq_1: [propext,
 Classical.choice,
 Quot.sound]
OWNED_DECL _private.Entry005.ProjectionAffineTransport.0.Entry005.normalFrameVector.eq_2
OWNED_AXIOMS _private.Entry005.ProjectionAffineTransport.0.Entry005.normalFrameVector.eq_2: [propext,
 Classical.choice,
 Quot.sound]
OWNED_DECL _private.Entry005.ProjectionAffineTransport.0.Entry005.normalFrameVector.match_1
OWNED_AXIOMS _private.Entry005.ProjectionAffineTransport.0.Entry005.normalFrameVector.match_1: []
OWNED_DECL _private.Entry005.ProjectionAffineTransport.0.Entry005.normalFrameVector.match_1.eq_1
OWNED_AXIOMS _private.Entry005.ProjectionAffineTransport.0.Entry005.normalFrameVector.match_1.eq_1: []
OWNED_DECL _private.Entry005.ProjectionAffineTransport.0.Entry005.normalFrameVector.match_1.eq_2
OWNED_AXIOMS _private.Entry005.ProjectionAffineTransport.0.Entry005.normalFrameVector.match_1.eq_2: []
OWNED_DECL _private.Entry005.ProjectionAffineTransport.0.Entry005.normalFrameVector.match_1.splitter
OWNED_AXIOMS _private.Entry005.ProjectionAffineTransport.0.Entry005.normalFrameVector.match_1.splitter: []
OWNED_DECL _private.Entry005.ProjectionAffineTransport.0.Entry005.normalFrameVector_orthonormal
OWNED_AXIOMS _private.Entry005.ProjectionAffineTransport.0.Entry005.normalFrameVector_orthonormal: [propext,
 Classical.choice,
 Quot.sound]
OWNED_DECL _private.Entry005.ProjectionAffineTransport.0.Entry005.normalFrame_inl
OWNED_AXIOMS _private.Entry005.ProjectionAffineTransport.0.Entry005.normalFrame_inl: [propext,
 Classical.choice,
 Quot.sound]
OWNED_DECL _private.Entry005.ProjectionAffineTransport.0.Entry005.normalFrame_inr
OWNED_AXIOMS _private.Entry005.ProjectionAffineTransport.0.Entry005.normalFrame_inr: [propext,
 Classical.choice,
 Quot.sound]
OWNED_DECL _private.Entry005.ProjectionAffineTransport.0.Entry005.projectionTransport_matrix
OWNED_AXIOMS _private.Entry005.ProjectionAffineTransport.0.Entry005.projectionTransport_matrix: [propext,
 Classical.choice,
 Quot.sound]
OWNED_DECL _private.Entry005.ProjectionBodyCovariance.0.Entry005.affine_image_decomp
OWNED_AXIOMS _private.Entry005.ProjectionBodyCovariance.0.Entry005.affine_image_decomp: [propext,
 Classical.choice,
 Quot.sound]
OWNED_DECL _private.Entry005.RegularSimplex.0.Entry005.Model
OWNED_AXIOMS _private.Entry005.RegularSimplex.0.Entry005.Model: [propext, Classical.choice, Quot.sound]
OWNED_DECL _private.Entry005.RegularSimplex.0.Entry005.inner_ones
OWNED_AXIOMS _private.Entry005.RegularSimplex.0.Entry005.inner_ones: [propext, Classical.choice, Quot.sound]
OWNED_DECL _private.Entry005.RegularSimplex.0.Entry005.modelIso
OWNED_AXIOMS _private.Entry005.RegularSimplex.0.Entry005.modelIso: [propext, Classical.choice, Quot.sound]
OWNED_DECL _private.Entry005.RegularSimplex.0.Entry005.modelIso._proof_1
OWNED_AXIOMS _private.Entry005.RegularSimplex.0.Entry005.modelIso._proof_1: [propext, Classical.choice, Quot.sound]
OWNED_DECL _private.Entry005.RegularSimplex.0.Entry005.modelMap
OWNED_AXIOMS _private.Entry005.RegularSimplex.0.Entry005.modelMap: [propext, Classical.choice, Quot.sound]
OWNED_DECL _private.Entry005.RegularSimplex.0.Entry005.modelSimplex
OWNED_AXIOMS _private.Entry005.RegularSimplex.0.Entry005.modelSimplex: [propext, Classical.choice, Quot.sound]
OWNED_DECL _private.Entry005.RegularSimplex.0.Entry005.modelSimplex._proof_1
OWNED_AXIOMS _private.Entry005.RegularSimplex.0.Entry005.modelSimplex._proof_1: [propext, Classical.choice, Quot.sound]
OWNED_DECL _private.Entry005.RegularSimplex.0.Entry005.modelSimplex.eq_1
OWNED_AXIOMS _private.Entry005.RegularSimplex.0.Entry005.modelSimplex.eq_1: [propext, Classical.choice, Quot.sound]
OWNED_DECL _private.Entry005.RegularSimplex.0.Entry005.modelVertex
OWNED_AXIOMS _private.Entry005.RegularSimplex.0.Entry005.modelVertex: [propext, Classical.choice, Quot.sound]
OWNED_DECL _private.Entry005.RegularSimplex.0.Entry005.modelVertex.eq_1
OWNED_AXIOMS _private.Entry005.RegularSimplex.0.Entry005.modelVertex.eq_1: [propext, Classical.choice, Quot.sound]
OWNED_DECL _private.Entry005.RegularSimplex.0.Entry005.model_ball
OWNED_AXIOMS _private.Entry005.RegularSimplex.0.Entry005.model_ball: [propext, Classical.choice, Quot.sound]
OWNED_DECL _private.Entry005.RegularSimplex.0.Entry005.model_ball._simp_1_3
OWNED_AXIOMS _private.Entry005.RegularSimplex.0.Entry005.model_ball._simp_1_3: []
OWNED_DECL _private.Entry005.RegularSimplex.0.Entry005.model_sum
OWNED_AXIOMS _private.Entry005.RegularSimplex.0.Entry005.model_sum: [propext, Classical.choice, Quot.sound]
OWNED_DECL _private.Entry005.RegularSimplex.0.Entry005.ones
OWNED_AXIOMS _private.Entry005.RegularSimplex.0.Entry005.ones: [propext, Classical.choice, Quot.sound]
OWNED_DECL _private.Entry005.RegularSimplex.0.Entry005.ones._proof_1
OWNED_AXIOMS _private.Entry005.RegularSimplex.0.Entry005.ones._proof_1: [propext]
OWNED_DECL _private.Entry005.RegularSimplex.0.Entry005.ones.eq_1
OWNED_AXIOMS _private.Entry005.RegularSimplex.0.Entry005.ones.eq_1: [propext, Classical.choice, Quot.sound]
OWNED_DECL _private.Entry005.RegularSimplex.0.Entry005.ones_ne_zero
OWNED_AXIOMS _private.Entry005.RegularSimplex.0.Entry005.ones_ne_zero: [propext, Classical.choice, Quot.sound]
OWNED_DECL _private.Entry005.RegularSimplex.0.Entry005.radiusScale
OWNED_AXIOMS _private.Entry005.RegularSimplex.0.Entry005.radiusScale: [propext, Classical.choice, Quot.sound]
OWNED_DECL _private.Entry005.RegularSimplex.0.Entry005.rawVertex
OWNED_AXIOMS _private.Entry005.RegularSimplex.0.Entry005.rawVertex: [propext, Classical.choice, Quot.sound]
OWNED_DECL _private.Entry005.RegularSimplex.0.Entry005.rawVertex.eq_1
OWNED_AXIOMS _private.Entry005.RegularSimplex.0.Entry005.rawVertex.eq_1: [propext, Classical.choice, Quot.sound]
OWNED_DECL _private.Entry005.RegularSimplex.0.Entry005.raw_dist_sq
OWNED_AXIOMS _private.Entry005.RegularSimplex.0.Entry005.raw_dist_sq: [propext, Classical.choice, Quot.sound]
OWNED_DECL _private.Entry005.RegularSimplex.0.Entry005.raw_dist_sq._abel_1_2
OWNED_AXIOMS _private.Entry005.RegularSimplex.0.Entry005.raw_dist_sq._abel_1_2: [propext, Classical.choice, Quot.sound]
OWNED_DECL _private.Entry005.RegularSimplex.0.Entry005.raw_independent
OWNED_AXIOMS _private.Entry005.RegularSimplex.0.Entry005.raw_independent: [propext, Classical.choice, Quot.sound]
OWNED_DECL _private.Entry005.RegularSimplex.0.Entry005.raw_inner_model
OWNED_AXIOMS _private.Entry005.RegularSimplex.0.Entry005.raw_inner_model: [propext, Classical.choice, Quot.sound]
OWNED_DECL _private.Entry005.RegularSimplex.0.Entry005.raw_mem
OWNED_AXIOMS _private.Entry005.RegularSimplex.0.Entry005.raw_mem: [propext, Classical.choice, Quot.sound]
OWNED_DECL _private.Entry005.RegularSimplex.0.Entry005.raw_norm
OWNED_AXIOMS _private.Entry005.RegularSimplex.0.Entry005.raw_norm: [propext, Classical.choice, Quot.sound]
OWNED_DECL _private.Entry005.RegularSimplex.0.Entry005.raw_sum
OWNED_AXIOMS _private.Entry005.RegularSimplex.0.Entry005.raw_sum: [propext, Classical.choice, Quot.sound]
OWNED_DECL _private.Entry005.RegularSimplex.0.Entry005.scale_pos
OWNED_AXIOMS _private.Entry005.RegularSimplex.0.Entry005.scale_pos: [propext, Classical.choice, Quot.sound]
OWNED_DECL _private.Entry005.RegularSimplex.0.Entry005.scale_sq
OWNED_AXIOMS _private.Entry005.RegularSimplex.0.Entry005.scale_sq: [propext, Classical.choice, Quot.sound]
OWNED_DECL _private.Entry005.SharpNormalizationRadius.0.Entry005.regular_gram
OWNED_AXIOMS _private.Entry005.SharpNormalizationRadius.0.Entry005.regular_gram: [propext, Classical.choice, Quot.sound]
OWNED_DECL _private.Entry005.SimplexVolumeInterface.0.Entry005.SimplexVolume.affine_image_volume
OWNED_AXIOMS _private.Entry005.SimplexVolumeInterface.0.Entry005.SimplexVolume.affine_image_volume: [propext,
 Classical.choice,
 Quot.sound]
OWNED_DECL _private.Entry005.SimplexVolumeInterface.0.Entry005.SimplexVolume.augmented_det_ne_zero
OWNED_AXIOMS _private.Entry005.SimplexVolumeInterface.0.Entry005.SimplexVolume.augmented_det_ne_zero: [propext,
 Classical.choice,
 Quot.sound]
OWNED_DECL _private.Entry005.SimplexVolumeInterface.0.Entry005.SimplexVolume.augmented_mul_barycentric
OWNED_AXIOMS _private.Entry005.SimplexVolumeInterface.0.Entry005.SimplexVolume.augmented_mul_barycentric: [propext,
 Classical.choice,
 Quot.sound]
OWNED_DECL _private.Entry005.SimplexVolumeInterface.0.Entry005.SimplexVolume.barycentric
OWNED_AXIOMS _private.Entry005.SimplexVolumeInterface.0.Entry005.SimplexVolume.barycentric: [propext,
 Classical.choice,
 Quot.sound]
OWNED_DECL _private.Entry005.SimplexVolumeInterface.0.Entry005.SimplexVolume.barycentric.eq_1
OWNED_AXIOMS _private.Entry005.SimplexVolumeInterface.0.Entry005.SimplexVolume.barycentric.eq_1: [propext,
 Classical.choice,
 Quot.sound]
OWNED_DECL _private.Entry005.SimplexVolumeInterface.0.Entry005.SimplexVolume.barycentric_matrix_eq
OWNED_AXIOMS _private.Entry005.SimplexVolumeInterface.0.Entry005.SimplexVolume.barycentric_matrix_eq: [propext,
 Classical.choice,
 Quot.sound]
OWNED_DECL _private.Entry005.SimplexVolumeInterface.0.Entry005.SimplexVolume.basis
OWNED_AXIOMS _private.Entry005.SimplexVolumeInterface.0.Entry005.SimplexVolume.basis: [propext,
 Classical.choice,
 Quot.sound]
OWNED_DECL _private.Entry005.SimplexVolumeInterface.0.Entry005.SimplexVolume.basis._proof_1
OWNED_AXIOMS _private.Entry005.SimplexVolumeInterface.0.Entry005.SimplexVolume.basis._proof_1: [propext,
 Classical.choice,
 Quot.sound]
OWNED_DECL _private.Entry005.SimplexVolumeInterface.0.Entry005.SimplexVolume.basis._proof_2
OWNED_AXIOMS _private.Entry005.SimplexVolumeInterface.0.Entry005.SimplexVolume.basis._proof_2: [propext,
 Classical.choice,
 Quot.sound]
OWNED_DECL _private.Entry005.SimplexVolumeInterface.0.Entry005.SimplexVolume.candidate_mul
OWNED_AXIOMS _private.Entry005.SimplexVolumeInterface.0.Entry005.SimplexVolume.candidate_mul: [propext,
 Classical.choice,
 Quot.sound]
OWNED_DECL _private.Entry005.SimplexVolumeInterface.0.Entry005.SimplexVolume.determinant_volume_ratio
OWNED_AXIOMS _private.Entry005.SimplexVolumeInterface.0.Entry005.SimplexVolume.determinant_volume_ratio: [propext,
 Classical.choice,
 Quot.sound]
OWNED_DECL _private.Entry005.SimplexVolumeInterface.0.Entry005.SimplexVolume.e
OWNED_AXIOMS _private.Entry005.SimplexVolumeInterface.0.Entry005.SimplexVolume.e: [propext,
 Classical.choice,
 Quot.sound]
OWNED_DECL _private.Entry005.SimplexVolumeInterface.0.Entry005.SimplexVolume.e.eq_1
OWNED_AXIOMS _private.Entry005.SimplexVolumeInterface.0.Entry005.SimplexVolume.e.eq_1: [propext,
 Classical.choice,
 Quot.sound]
OWNED_DECL _private.Entry005.SimplexVolumeInterface.0.Entry005.SimplexVolume.expand
OWNED_AXIOMS _private.Entry005.SimplexVolumeInterface.0.Entry005.SimplexVolume.expand: [propext,
 Classical.choice,
 Quot.sound]
OWNED_DECL _private.Entry005.SimplexVolumeInterface.0.Entry005.SimplexVolume.homogeneous
OWNED_AXIOMS _private.Entry005.SimplexVolumeInterface.0.Entry005.SimplexVolume.homogeneous: [propext,
 Classical.choice,
 Quot.sound]
OWNED_DECL _private.Entry005.SimplexVolumeInterface.0.Entry005.SimplexVolume.homogeneous._proof_1
OWNED_AXIOMS _private.Entry005.SimplexVolumeInterface.0.Entry005.SimplexVolume.homogeneous._proof_1: [propext]
OWNED_DECL _private.Entry005.SimplexVolumeInterface.0.Entry005.SimplexVolume.homogeneous.eq_1
OWNED_AXIOMS _private.Entry005.SimplexVolumeInterface.0.Entry005.SimplexVolume.homogeneous.eq_1: [propext,
 Classical.choice,
 Quot.sound]
OWNED_DECL _private.Entry005.SimplexVolumeInterface.0.Entry005.SimplexVolume.homogeneous_det
OWNED_AXIOMS _private.Entry005.SimplexVolumeInterface.0.Entry005.SimplexVolume.homogeneous_det: [propext,
 Classical.choice,
 Quot.sound]
OWNED_DECL _private.Entry005.SimplexVolumeInterface.0.Entry005.SimplexVolume.homogeneous_mul
OWNED_AXIOMS _private.Entry005.SimplexVolumeInterface.0.Entry005.SimplexVolume.homogeneous_mul: [propext,
 Classical.choice,
 Quot.sound]
OWNED_DECL _private.Entry005.SimplexVolumeInterface.0.Entry005.SimplexVolume.inverseCandidate
OWNED_AXIOMS _private.Entry005.SimplexVolumeInterface.0.Entry005.SimplexVolume.inverseCandidate: [propext,
 Classical.choice,
 Quot.sound]
OWNED_DECL _private.Entry005.SimplexVolumeInterface.0.Entry005.SimplexVolume.inverseCandidate.eq_1
OWNED_AXIOMS _private.Entry005.SimplexVolumeInterface.0.Entry005.SimplexVolume.inverseCandidate.eq_1: [propext,
 Classical.choice,
 Quot.sound]
OWNED_DECL _private.Entry005.SimplexVolumeInterface.0.Entry005.SimplexVolume.linear_det_eq_barycentric_det
OWNED_AXIOMS _private.Entry005.SimplexVolumeInterface.0.Entry005.SimplexVolume.linear_det_eq_barycentric_det: [propext,
 Classical.choice,
 Quot.sound]
OWNED_DECL _private.Entry005.SimplexVolumeInterface.0.Entry005.SimplexVolume.projection
OWNED_AXIOMS _private.Entry005.SimplexVolumeInterface.0.Entry005.SimplexVolume.projection: [propext,
 Classical.choice,
 Quot.sound]
OWNED_DECL _private.Entry005.SimplexVolumeInterface.0.Entry005.SimplexVolume.projection._proof_1
OWNED_AXIOMS _private.Entry005.SimplexVolumeInterface.0.Entry005.SimplexVolume.projection._proof_1: [propext,
 Classical.choice,
 Quot.sound]
OWNED_DECL _private.Entry005.SimplexVolumeInterface.0.Entry005.SimplexVolume.projection._proof_2
OWNED_AXIOMS _private.Entry005.SimplexVolumeInterface.0.Entry005.SimplexVolume.projection._proof_2: [propext,
 Classical.choice,
 Quot.sound]
OWNED_DECL _private.Entry005.SimplexVolumeInterface.0.Entry005.SimplexVolume.scalar_expand
OWNED_AXIOMS _private.Entry005.SimplexVolumeInterface.0.Entry005.SimplexVolume.scalar_expand: [propext,
 Classical.choice,
 Quot.sound]
OWNED_DECL _private.Entry005.SimplexVolumeInterface.0.Entry005.SimplexVolume.simplex_compact
OWNED_AXIOMS _private.Entry005.SimplexVolumeInterface.0.Entry005.SimplexVolume.simplex_compact: [propext,
 Classical.choice,
 Quot.sound]
OWNED_DECL _private.Entry005.SimplexVolumeInterface.0.Entry005.SimplexVolume.simplex_interior_nonempty
OWNED_AXIOMS _private.Entry005.SimplexVolumeInterface.0.Entry005.SimplexVolume.simplex_interior_nonempty: [propext,
 Classical.choice,
 Quot.sound]
OWNED_DECL _private.Entry005.SimplexVolumeInterface.0.Entry005.SimplexVolume.simplex_volume_finite
OWNED_AXIOMS _private.Entry005.SimplexVolumeInterface.0.Entry005.SimplexVolume.simplex_volume_finite: [propext,
 Classical.choice,
 Quot.sound]
OWNED_DECL _private.Entry005.SimplexVolumeInterface.0.Entry005.SimplexVolume.simplex_volume_positive
OWNED_AXIOMS _private.Entry005.SimplexVolumeInterface.0.Entry005.SimplexVolume.simplex_volume_positive: [propext,
 Classical.choice,
 Quot.sound]
OWNED_DECL _private.Entry005.SimplexVolumeInterface.0.Entry005.SimplexVolume.vertexMap
OWNED_AXIOMS _private.Entry005.SimplexVolumeInterface.0.Entry005.SimplexVolume.vertexMap: [propext,
 Classical.choice,
 Quot.sound]
OWNED_DECL _private.Entry005.SimplexVolumeInterface.0.Entry005.SimplexVolume.vertexMap._proof_1
OWNED_AXIOMS _private.Entry005.SimplexVolumeInterface.0.Entry005.SimplexVolume.vertexMap._proof_1: [propext,
 Classical.choice,
 Quot.sound]
OWNED_DECL _private.Entry005.SimplexVolumeInterface.0.Entry005.SimplexVolume.vertexMap._proof_2
OWNED_AXIOMS _private.Entry005.SimplexVolumeInterface.0.Entry005.SimplexVolume.vertexMap._proof_2: [propext,
 Classical.choice,
 Quot.sound]
OWNED_DECL _private.Entry005.SimplexVolumeInterface.0.Entry005.SimplexVolume.vertexMap_image
OWNED_AXIOMS _private.Entry005.SimplexVolumeInterface.0.Entry005.SimplexVolume.vertexMap_image: [propext,
 Classical.choice,
 Quot.sound]
OWNED_DECL _private.Entry005.SimplexVolumeInterface.0.Entry005.SimplexVolume.vertexMap_points
OWNED_AXIOMS _private.Entry005.SimplexVolumeInterface.0.Entry005.SimplexVolume.vertexMap_points: [propext,
 Classical.choice,
 Quot.sound]
OWNED_DECL _private.Entry005.TruncationActualDefect.0.Entry005.truncationPackedIndex.match_1.eq_1
OWNED_AXIOMS _private.Entry005.TruncationActualDefect.0.Entry005.truncationPackedIndex.match_1.eq_1: []
OWNED_DECL _private.Entry005.TruncationActualDefect.0.Entry005.truncationPackedIndex.match_1.eq_2
OWNED_AXIOMS _private.Entry005.TruncationActualDefect.0.Entry005.truncationPackedIndex.match_1.eq_2: []
OWNED_DECL _private.Entry005.TruncationActualDefect.0.Entry005.truncationPackedIndex.match_1.eq_3
OWNED_AXIOMS _private.Entry005.TruncationActualDefect.0.Entry005.truncationPackedIndex.match_1.eq_3: []
OWNED_DECL _private.Entry005.TruncationActualDefect.0.Entry005.truncationPackedIndex.match_1.splitter
OWNED_AXIOMS _private.Entry005.TruncationActualDefect.0.Entry005.truncationPackedIndex.match_1.splitter: []
OWNED_DECL _private.Entry005.TruncationActualDefect.0.Entry005.truncationRawHorizontal.match_1.eq_1
OWNED_AXIOMS _private.Entry005.TruncationActualDefect.0.Entry005.truncationRawHorizontal.match_1.eq_1: []
OWNED_DECL _private.Entry005.TruncationActualDefect.0.Entry005.truncationRawHorizontal.match_1.eq_2
OWNED_AXIOMS _private.Entry005.TruncationActualDefect.0.Entry005.truncationRawHorizontal.match_1.eq_2: []
OWNED_DECL _private.Entry005.TruncationActualDefect.0.Entry005.truncationRawHorizontal.match_1.eq_3
OWNED_AXIOMS _private.Entry005.TruncationActualDefect.0.Entry005.truncationRawHorizontal.match_1.eq_3: []
OWNED_DECL _private.Entry005.TruncationActualDefect.0.Entry005.truncationRawHorizontal.match_1.splitter
OWNED_AXIOMS _private.Entry005.TruncationActualDefect.0.Entry005.truncationRawHorizontal.match_1.splitter: []
OWNED_DECL _private.Entry005.TruncationConvexDeterminant.0.Entry005.augmentedVertices_abs_det_le_on_partial_convexHull
OWNED_AXIOMS _private.Entry005.TruncationConvexDeterminant.0.Entry005.augmentedVertices_abs_det_le_on_partial_convexHull: [propext,
 Classical.choice,
 Quot.sound]
OWNED_DECL _private.Entry005.TruncationConvexDeterminant.0.Entry005.augmentedVertices_abs_det_le_on_partial_convexHull._simp_1_1
OWNED_AXIOMS _private.Entry005.TruncationConvexDeterminant.0.Entry005.augmentedVertices_abs_det_le_on_partial_convexHull._simp_1_1: [propext,
 Classical.choice,
 Quot.sound]
OWNED_DECL _private.Entry005.TruncationConvexDeterminant.0.Entry005.truncationAugmentedPoint
OWNED_AXIOMS _private.Entry005.TruncationConvexDeterminant.0.Entry005.truncationAugmentedPoint: [propext,
 Classical.choice,
 Quot.sound]
OWNED_DECL _private.Entry005.TruncationConvexDeterminant.0.Entry005.truncationAugmentedPoint.eq_1
OWNED_AXIOMS _private.Entry005.TruncationConvexDeterminant.0.Entry005.truncationAugmentedPoint.eq_1: [propext,
 Classical.choice,
 Quot.sound]
OWNED_DECL _private.Entry005.TruncationFacetGeometry.0.Entry005.truncationFacetNormal.match_1.eq_1
OWNED_AXIOMS _private.Entry005.TruncationFacetGeometry.0.Entry005.truncationFacetNormal.match_1.eq_1: []
OWNED_DECL _private.Entry005.TruncationFacetGeometry.0.Entry005.truncationFacetNormal.match_1.eq_2
OWNED_AXIOMS _private.Entry005.TruncationFacetGeometry.0.Entry005.truncationFacetNormal.match_1.eq_2: []
OWNED_DECL _private.Entry005.TruncationFacetGeometry.0.Entry005.truncationFacetNormal.match_1.eq_3
OWNED_AXIOMS _private.Entry005.TruncationFacetGeometry.0.Entry005.truncationFacetNormal.match_1.eq_3: []
OWNED_DECL _private.Entry005.TruncationFacetGeometry.0.Entry005.truncationFacetNormal.match_1.splitter
OWNED_AXIOMS _private.Entry005.TruncationFacetGeometry.0.Entry005.truncationFacetNormal.match_1.splitter: []
OWNED_DECL _private.Entry005.TruncationGeometry.0.Entry005.truncationVertices.match_1.eq_1
OWNED_AXIOMS _private.Entry005.TruncationGeometry.0.Entry005.truncationVertices.match_1.eq_1: []
OWNED_DECL _private.Entry005.TruncationGeometry.0.Entry005.truncationVertices.match_1.eq_2
OWNED_AXIOMS _private.Entry005.TruncationGeometry.0.Entry005.truncationVertices.match_1.eq_2: []
OWNED_DECL _private.Entry005.TruncationGeometry.0.Entry005.truncationVertices.match_1.splitter
OWNED_AXIOMS _private.Entry005.TruncationGeometry.0.Entry005.truncationVertices.match_1.splitter: []
OWNED_DECL _private.Entry005.TruncationMaximum.0.Entry005.horizontal_column_l1
OWNED_AXIOMS _private.Entry005.TruncationMaximum.0.Entry005.horizontal_column_l1: [propext,
 Classical.choice,
 Quot.sound]
OWNED_DECL _private.Entry005.TruncationMaximum.0.Entry005.horizontal_column_l1._simp_1_1
OWNED_AXIOMS _private.Entry005.TruncationMaximum.0.Entry005.horizontal_column_l1._simp_1_1: [propext, Quot.sound]
OWNED_DECL _private.Entry005.TruncationMaximum.0.Entry005.ray
OWNED_AXIOMS _private.Entry005.TruncationMaximum.0.Entry005.ray: []
OWNED_DECL _private.Entry005.TruncationMaximum.0.Entry005.ray.eq_1
OWNED_AXIOMS _private.Entry005.TruncationMaximum.0.Entry005.ray.eq_1: []
OWNED_DECL _private.Entry005.TruncationMaximum.0.Entry005.repeated_ray_bound
OWNED_AXIOMS _private.Entry005.TruncationMaximum.0.Entry005.repeated_ray_bound: [propext, Classical.choice, Quot.sound]
OWNED_DECL _private.Entry005.TruncationMaximum.0.Entry005.repeated_ray_bound._simp_1_2
OWNED_AXIOMS _private.Entry005.TruncationMaximum.0.Entry005.repeated_ray_bound._simp_1_2: [propext,
 Classical.choice,
 Quot.sound]
OWNED_DECL _private.Entry005.TruncationMaximum.0.Entry005.truncationVertices.match_1.eq_1
OWNED_AXIOMS _private.Entry005.TruncationMaximum.0.Entry005.truncationVertices.match_1.eq_1: []
OWNED_DECL _private.Entry005.TruncationMaximum.0.Entry005.truncationVertices.match_1.eq_2
OWNED_AXIOMS _private.Entry005.TruncationMaximum.0.Entry005.truncationVertices.match_1.eq_2: []
OWNED_DECL _private.Entry005.TruncationMaximum.0.Entry005.truncationVertices.match_1.splitter
OWNED_AXIOMS _private.Entry005.TruncationMaximum.0.Entry005.truncationVertices.match_1.splitter: []
OWNED_DECL _private.Entry005.TruncationProjection.0.Entry005.truncationRawHorizontal.match_1.eq_1
OWNED_AXIOMS _private.Entry005.TruncationProjection.0.Entry005.truncationRawHorizontal.match_1.eq_1: []
OWNED_DECL _private.Entry005.TruncationProjection.0.Entry005.truncationRawHorizontal.match_1.eq_2
OWNED_AXIOMS _private.Entry005.TruncationProjection.0.Entry005.truncationRawHorizontal.match_1.eq_2: []
OWNED_DECL _private.Entry005.TruncationProjection.0.Entry005.truncationRawHorizontal.match_1.eq_3
OWNED_AXIOMS _private.Entry005.TruncationProjection.0.Entry005.truncationRawHorizontal.match_1.eq_3: []
OWNED_DECL _private.Entry005.TruncationProjection.0.Entry005.truncationRawHorizontal.match_1.splitter
OWNED_AXIOMS _private.Entry005.TruncationProjection.0.Entry005.truncationRawHorizontal.match_1.splitter: []
OWNED_DECL _private.Entry005.ZonotopeInjectionCombinatorics.0.Entry005.zonotope_sum_subtype_ite
OWNED_AXIOMS _private.Entry005.ZonotopeInjectionCombinatorics.0.Entry005.zonotope_sum_subtype_ite: [propext,
 Classical.choice,
 Quot.sound]
OWNED_DECL _private.Entry005.ZonotopeInjectionCombinatorics.0.Entry005.zonotope_swap_tail_ne_zero
OWNED_AXIOMS _private.Entry005.ZonotopeInjectionCombinatorics.0.Entry005.zonotope_swap_tail_ne_zero: [propext,
 Classical.choice,
 Quot.sound]
OWNED_DECL _private.Mxym.StochasticRigidity.0.Mxym.StochasticRigidity.injection_sum_le
OWNED_AXIOMS _private.Mxym.StochasticRigidity.0.Mxym.StochasticRigidity.injection_sum_le: [propext,
 Classical.choice,
 Quot.sound]
OWNED_DECL _private.Mxym.StochasticRigidity.0.Mxym.StochasticRigidity.restriction_injective
OWNED_AXIOMS _private.Mxym.StochasticRigidity.0.Mxym.StochasticRigidity.restriction_injective: [Quot.sound]
OWNED_DECL _private.Mxym.StochasticRigidity.0.Mxym.StochasticRigidity.sign_abs_real
OWNED_AXIOMS _private.Mxym.StochasticRigidity.0.Mxym.StochasticRigidity.sign_abs_real: [propext,
 Classical.choice,
 Quot.sound]
