gaussian-three	Set up job	﻿2026-10-09T00:32:57.4831510Z Current runner version: '2.337.0'
gaussian-three	Set up job	2026-10-09T00:32:57.4857865Z ##[group]Runner Image Provisioner
gaussian-three	Set up job	2026-10-09T00:32:57.4858925Z Hosted Compute Agent
gaussian-three	Set up job	2026-10-09T00:32:57.4859539Z Version: 20261002.596
gaussian-three	Set up job	2026-10-09T00:32:57.4860223Z Commit: c3d12f3313a95f25162a1503be624f3b0617f8c0
gaussian-three	Set up job	2026-10-09T00:32:57.4861424Z Build Date: 2026-10-02T22:28:27Z
gaussian-three	Set up job	2026-10-09T00:32:57.4862285Z Worker ID: {d2de8e45-b73a-4a7f-9106-2a3bdbc15fd2}
gaussian-three	Set up job	2026-10-09T00:32:57.4863137Z Region: westus3
gaussian-three	Set up job	2026-10-09T00:32:57.4863743Z Cloud: Azure
gaussian-three	Set up job	2026-10-09T00:32:57.4864320Z ##[endgroup]
gaussian-three	Set up job	2026-10-09T00:32:57.4866081Z ##[group]Operating System
gaussian-three	Set up job	2026-10-09T00:32:57.4866766Z Ubuntu
gaussian-three	Set up job	2026-10-09T00:32:57.4867384Z 24.04.5
gaussian-three	Set up job	2026-10-09T00:32:57.4867919Z LTS
gaussian-three	Set up job	2026-10-09T00:32:57.4868425Z ##[endgroup]
gaussian-three	Set up job	2026-10-09T00:32:57.4869098Z ##[group]Runner Image
gaussian-three	Set up job	2026-10-09T00:32:57.4869701Z Image: ubuntu-24.04
gaussian-three	Set up job	2026-10-09T00:32:57.4870304Z Version: 20261004.327.1
gaussian-three	Set up job	2026-10-09T00:32:57.4871832Z Included Software: https://github.com/actions/runner-images/blob/ubuntu24/20261004.327/images/ubuntu/Ubuntu2404-Readme.md
gaussian-three	Set up job	2026-10-09T00:32:57.4873694Z Image Release: https://github.com/actions/runner-images/releases/tag/ubuntu24%2F20261004.327
gaussian-three	Set up job	2026-10-09T00:32:57.4874676Z ##[endgroup]
gaussian-three	Set up job	2026-10-09T00:32:57.4875865Z ##[group]GITHUB_TOKEN Permissions
gaussian-three	Set up job	2026-10-09T00:32:57.4878016Z Contents: read
gaussian-three	Set up job	2026-10-09T00:32:57.4879170Z Metadata: read
gaussian-three	Set up job	2026-10-09T00:32:57.4879760Z ##[endgroup]
gaussian-three	Set up job	2026-10-09T00:32:57.4882157Z Secret source: Actions
gaussian-three	Set up job	2026-10-09T00:32:57.4883248Z Cache mode: write
gaussian-three	Set up job	2026-10-09T00:32:57.4884077Z Prepare workflow directory
gaussian-three	Set up job	2026-10-09T00:32:57.5231111Z Prepare all required actions
gaussian-three	Set up job	2026-10-09T00:32:57.5279104Z Getting action download info
gaussian-three	Set up job	2026-10-09T00:32:57.8487546Z Download action repository 'actions/checkout@v4' (SHA:11d5960a326750d5838078e36cf38b85af677262)
gaussian-three	Set up job	2026-10-09T00:32:57.9494817Z Download action repository 'leanprover/lean-action@v1' (SHA:f061402b660e0c34644504b324e830f2991d4865)
gaussian-three	Set up job	2026-10-09T00:32:58.3545527Z Getting action download info
gaussian-three	Set up job	2026-10-09T00:32:58.4792945Z Download action repository 'actions/cache@caa296126883cff596d87d8935842f9db880ef25' (SHA:caa296126883cff596d87d8935842f9db880ef25)
gaussian-three	Set up job	2026-10-09T00:32:58.6240250Z Complete job name: gaussian-three
gaussian-three	Run actions/checkout@v4	﻿2026-10-09T00:32:58.6985322Z ##[group]Run actions/checkout@v4
gaussian-three	Run actions/checkout@v4	2026-10-09T00:32:58.6986235Z with:
gaussian-three	Run actions/checkout@v4	2026-10-09T00:32:58.6986681Z   repository: mxym/math
gaussian-three	Run actions/checkout@v4	2026-10-09T00:32:58.6990599Z   token: ***
gaussian-three	Run actions/checkout@v4	2026-10-09T00:32:58.6991362Z   ssh-strict: true
gaussian-three	Run actions/checkout@v4	2026-10-09T00:32:58.6992061Z   ssh-user: git
gaussian-three	Run actions/checkout@v4	2026-10-09T00:32:58.6992554Z   persist-credentials: true
gaussian-three	Run actions/checkout@v4	2026-10-09T00:32:58.6993045Z   clean: true
gaussian-three	Run actions/checkout@v4	2026-10-09T00:32:58.6993501Z   sparse-checkout-cone-mode: true
gaussian-three	Run actions/checkout@v4	2026-10-09T00:32:58.6994027Z   fetch-depth: 1
gaussian-three	Run actions/checkout@v4	2026-10-09T00:32:58.6994455Z   fetch-tags: false
gaussian-three	Run actions/checkout@v4	2026-10-09T00:32:58.6994897Z   show-progress: true
gaussian-three	Run actions/checkout@v4	2026-10-09T00:32:58.6995336Z   lfs: false
gaussian-three	Run actions/checkout@v4	2026-10-09T00:32:58.6995751Z   submodules: false
gaussian-three	Run actions/checkout@v4	2026-10-09T00:32:58.6996205Z   set-safe-directory: true
gaussian-three	Run actions/checkout@v4	2026-10-09T00:32:58.6996708Z   allow-unsafe-pr-checkout: false
gaussian-three	Run actions/checkout@v4	2026-10-09T00:32:58.6997542Z ##[endgroup]
gaussian-three	Run actions/checkout@v4	2026-10-09T00:32:58.8198095Z Syncing repository: mxym/math
gaussian-three	Run actions/checkout@v4	2026-10-09T00:32:58.8200128Z ##[group]Getting Git version info
gaussian-three	Run actions/checkout@v4	2026-10-09T00:32:58.8201128Z Working directory is '/home/runner/work/math/math'
gaussian-three	Run actions/checkout@v4	2026-10-09T00:32:58.8202240Z [command]/usr/bin/git version
gaussian-three	Run actions/checkout@v4	2026-10-09T00:32:58.8402728Z git version 2.55.0
gaussian-three	Run actions/checkout@v4	2026-10-09T00:32:58.8433524Z ##[endgroup]
gaussian-three	Run actions/checkout@v4	2026-10-09T00:32:58.8466142Z Temporarily overriding HOME='/home/runner/work/_temp/93cedf9d-b7a0-4393-adf2-8e24d9ae673e' before making global git config changes
gaussian-three	Run actions/checkout@v4	2026-10-09T00:32:58.8469048Z Adding repository directory to the temporary git global config as a safe directory
gaussian-three	Run actions/checkout@v4	2026-10-09T00:32:58.8473043Z [command]/usr/bin/git config --global --add safe.directory /home/runner/work/math/math
gaussian-three	Run actions/checkout@v4	2026-10-09T00:32:58.8531383Z Deleting the contents of '/home/runner/work/math/math'
gaussian-three	Run actions/checkout@v4	2026-10-09T00:32:58.8533098Z ##[group]Initializing the repository
gaussian-three	Run actions/checkout@v4	2026-10-09T00:32:58.8534141Z [command]/usr/bin/git init /home/runner/work/math/math
gaussian-three	Run actions/checkout@v4	2026-10-09T00:32:58.8635618Z hint: Using 'master' as the name for the initial branch. This default branch name
gaussian-three	Run actions/checkout@v4	2026-10-09T00:32:58.8637258Z hint: will change to "main" in Git 3.0. To configure the initial branch name
gaussian-three	Run actions/checkout@v4	2026-10-09T00:32:58.8638236Z hint: to use in all of your new repositories, which will suppress this warning,
gaussian-three	Run actions/checkout@v4	2026-10-09T00:32:58.8639019Z hint: call:
gaussian-three	Run actions/checkout@v4	2026-10-09T00:32:58.8639670Z hint:
gaussian-three	Run actions/checkout@v4	2026-10-09T00:32:58.8640303Z hint: 	git config --global init.defaultBranch <name>
gaussian-three	Run actions/checkout@v4	2026-10-09T00:32:58.8641085Z hint:
gaussian-three	Run actions/checkout@v4	2026-10-09T00:32:58.8641679Z hint: Names commonly chosen instead of 'master' are 'main', 'trunk' and
gaussian-three	Run actions/checkout@v4	2026-10-09T00:32:58.8642622Z hint: 'development'. The just-created branch can be renamed via this command:
gaussian-three	Run actions/checkout@v4	2026-10-09T00:32:58.8643370Z hint:
gaussian-three	Run actions/checkout@v4	2026-10-09T00:32:58.8643790Z hint: 	git branch -m <name>
gaussian-three	Run actions/checkout@v4	2026-10-09T00:32:58.8644271Z hint:
gaussian-three	Run actions/checkout@v4	2026-10-09T00:32:58.8644928Z hint: Disable this message with "git config set advice.defaultBranchName false"
gaussian-three	Run actions/checkout@v4	2026-10-09T00:32:58.8645867Z Initialized empty Git repository in /home/runner/work/math/math/.git/
gaussian-three	Run actions/checkout@v4	2026-10-09T00:32:58.8649900Z [command]/usr/bin/git remote add origin https://github.com/mxym/math
gaussian-three	Run actions/checkout@v4	2026-10-09T00:32:58.8717156Z ##[endgroup]
gaussian-three	Run actions/checkout@v4	2026-10-09T00:32:58.8718016Z ##[group]Disabling automatic garbage collection
gaussian-three	Run actions/checkout@v4	2026-10-09T00:32:58.8722870Z [command]/usr/bin/git config --local gc.auto 0
gaussian-three	Run actions/checkout@v4	2026-10-09T00:32:58.8757438Z ##[endgroup]
gaussian-three	Run actions/checkout@v4	2026-10-09T00:32:58.8758525Z ##[group]Setting up auth
gaussian-three	Run actions/checkout@v4	2026-10-09T00:32:58.8766295Z [command]/usr/bin/git config --local --name-only --get-regexp core\.sshCommand
gaussian-three	Run actions/checkout@v4	2026-10-09T00:32:58.8803226Z [command]/usr/bin/git submodule foreach --recursive sh -c "git config --local --name-only --get-regexp 'core\.sshCommand' && git config --local --unset-all 'core.sshCommand' || :"
gaussian-three	Run actions/checkout@v4	2026-10-09T00:32:58.9177785Z [command]/usr/bin/git config --local --name-only --get-regexp http\.https\:\/\/github\.com\/\.extraheader
gaussian-three	Run actions/checkout@v4	2026-10-09T00:32:58.9215642Z [command]/usr/bin/git submodule foreach --recursive sh -c "git config --local --name-only --get-regexp 'http\.https\:\/\/github\.com\/\.extraheader' && git config --local --unset-all 'http.https://github.com/.extraheader' || :"
gaussian-three	Run actions/checkout@v4	2026-10-09T00:32:58.9443254Z [command]/usr/bin/git config --local --name-only --get-regexp ^includeIf\.gitdir:
gaussian-three	Run actions/checkout@v4	2026-10-09T00:32:58.9481955Z [command]/usr/bin/git submodule foreach --recursive git config --local --show-origin --name-only --get-regexp remote.origin.url
gaussian-three	Run actions/checkout@v4	2026-10-09T00:32:58.9705360Z [command]/usr/bin/git config --local http.https://github.com/.extraheader AUTHORIZATION: basic ***
gaussian-three	Run actions/checkout@v4	2026-10-09T00:32:58.9746791Z ##[endgroup]
gaussian-three	Run actions/checkout@v4	2026-10-09T00:32:58.9747635Z ##[group]Fetching the repository
gaussian-three	Run actions/checkout@v4	2026-10-09T00:32:58.9756765Z [command]/usr/bin/git -c protocol.version=2 fetch --no-tags --prune --no-recurse-submodules --depth=1 origin +da16f54190bb53651a78640bd94a30a5c2cc9e08:refs/remotes/origin/research/gaussian-three-cell-20261008
gaussian-three	Run actions/checkout@v4	2026-10-09T00:33:06.1544000Z From https://github.com/mxym/math
gaussian-three	Run actions/checkout@v4	2026-10-09T00:33:06.1546045Z  * [new ref]         da16f54190bb53651a78640bd94a30a5c2cc9e08 -> origin/research/gaussian-three-cell-20261008
gaussian-three	Run actions/checkout@v4	2026-10-09T00:33:06.1550700Z ##[endgroup]
gaussian-three	Run actions/checkout@v4	2026-10-09T00:33:06.1551655Z ##[group]Determining the checkout info
gaussian-three	Run actions/checkout@v4	2026-10-09T00:33:06.1552662Z ##[endgroup]
gaussian-three	Run actions/checkout@v4	2026-10-09T00:33:06.1558916Z [command]/usr/bin/git sparse-checkout disable
gaussian-three	Run actions/checkout@v4	2026-10-09T00:33:06.1614245Z [command]/usr/bin/git config --local --unset-all extensions.worktreeConfig
gaussian-three	Run actions/checkout@v4	2026-10-09T00:33:06.1647530Z ##[group]Checking out the ref
gaussian-three	Run actions/checkout@v4	2026-10-09T00:33:06.1659560Z [command]/usr/bin/git checkout --progress --force -B research/gaussian-three-cell-20261008 refs/remotes/origin/research/gaussian-three-cell-20261008
gaussian-three	Run actions/checkout@v4	2026-10-09T00:33:07.1841535Z Updating files:  91% (6966/7599)
gaussian-three	Run actions/checkout@v4	2026-10-09T00:33:07.1892972Z Updating files:  92% (6992/7599)
gaussian-three	Run actions/checkout@v4	2026-10-09T00:33:07.1955504Z Updating files:  93% (7068/7599)
gaussian-three	Run actions/checkout@v4	2026-10-09T00:33:07.2009236Z Updating files:  94% (7144/7599)
gaussian-three	Run actions/checkout@v4	2026-10-09T00:33:07.2093895Z Updating files:  95% (7220/7599)
gaussian-three	Run actions/checkout@v4	2026-10-09T00:33:07.2149861Z Updating files:  96% (7296/7599)
gaussian-three	Run actions/checkout@v4	2026-10-09T00:33:07.2207369Z Updating files:  97% (7372/7599)
gaussian-three	Run actions/checkout@v4	2026-10-09T00:33:07.2343674Z Updating files:  98% (7448/7599)
gaussian-three	Run actions/checkout@v4	2026-10-09T00:33:07.2659395Z Updating files:  99% (7524/7599)
gaussian-three	Run actions/checkout@v4	2026-10-09T00:33:07.2747257Z Updating files: 100% (7599/7599)
gaussian-three	Run actions/checkout@v4	2026-10-09T00:33:07.2748064Z Updating files: 100% (7599/7599), done.
gaussian-three	Run actions/checkout@v4	2026-10-09T00:33:07.2791991Z Switched to a new branch 'research/gaussian-three-cell-20261008'
gaussian-three	Run actions/checkout@v4	2026-10-09T00:33:07.2797658Z branch 'research/gaussian-three-cell-20261008' set up to track 'origin/research/gaussian-three-cell-20261008'.
gaussian-three	Run actions/checkout@v4	2026-10-09T00:33:07.2847546Z ##[endgroup]
gaussian-three	Run actions/checkout@v4	2026-10-09T00:33:07.2894488Z [command]/usr/bin/git log -1 --format=%H
gaussian-three	Run actions/checkout@v4	2026-10-09T00:33:07.2920339Z da16f54190bb53651a78640bd94a30a5c2cc9e08
gaussian-three	Build exact pinned Gaussian formalization	﻿2026-10-09T00:33:07.3422782Z ##[group]Run leanprover/lean-action@v1
gaussian-three	Build exact pinned Gaussian formalization	2026-10-09T00:33:07.3423172Z with:
gaussian-three	Build exact pinned Gaussian formalization	2026-10-09T00:33:07.3423566Z   lake-package-directory: formalizations/gaussian-simplex-all-k-progress
gaussian-three	Build exact pinned Gaussian formalization	2026-10-09T00:33:07.3424040Z   use-mathlib-cache: true
gaussian-three	Build exact pinned Gaussian formalization	2026-10-09T00:33:07.3424350Z   build: true
gaussian-three	Build exact pinned Gaussian formalization	2026-10-09T00:33:07.3424635Z   test: false
gaussian-three	Build exact pinned Gaussian formalization	2026-10-09T00:33:07.3424875Z   auto-config: true
gaussian-three	Build exact pinned Gaussian formalization	2026-10-09T00:33:07.3425152Z   lint: default
gaussian-three	Build exact pinned Gaussian formalization	2026-10-09T00:33:07.3425399Z   mk_all-check: false
gaussian-three	Build exact pinned Gaussian formalization	2026-10-09T00:33:07.3425686Z   check-reservoir-eligibility: false
gaussian-three	Build exact pinned Gaussian formalization	2026-10-09T00:33:07.3426013Z   leanchecker: false
gaussian-three	Build exact pinned Gaussian formalization	2026-10-09T00:33:07.3426275Z   lean4checker: false
gaussian-three	Build exact pinned Gaussian formalization	2026-10-09T00:33:07.3426528Z   nanoda: false
gaussian-three	Build exact pinned Gaussian formalization	2026-10-09T00:33:07.3426783Z   nanoda-allow-sorry: true
gaussian-three	Build exact pinned Gaussian formalization	2026-10-09T00:33:07.3427063Z   axiom-audit: false
gaussian-three	Build exact pinned Gaussian formalization	2026-10-09T00:33:07.3427395Z   axiom-audit-allow: propext,Classical.choice,Quot.sound
gaussian-three	Build exact pinned Gaussian formalization	2026-10-09T00:33:07.3427784Z   use-github-cache: true
gaussian-three	Build exact pinned Gaussian formalization	2026-10-09T00:33:07.3428083Z   reinstall-transient-toolchain: false
gaussian-three	Build exact pinned Gaussian formalization	2026-10-09T00:33:07.3428421Z ##[endgroup]
gaussian-three	Build exact pinned Gaussian formalization	2026-10-09T00:33:07.3496682Z ##[start-action display=install elan;id=__leanprover_lean-action.__run]
gaussian-three	Build exact pinned Gaussian formalization	2026-10-09T00:33:07.3537824Z ##[group]Run : Install Elan
gaussian-three	Build exact pinned Gaussian formalization	2026-10-09T00:33:07.3538226Z [36;1m: Install Elan[0m
gaussian-three	Build exact pinned Gaussian formalization	2026-10-09T00:33:07.3538576Z [36;1m${GITHUB_ACTION_PATH}/scripts/install_elan.sh[0m
gaussian-three	Build exact pinned Gaussian formalization	2026-10-09T00:33:07.3787331Z shell: /usr/bin/bash --noprofile --norc -e -o pipefail {0}
gaussian-three	Build exact pinned Gaussian formalization	2026-10-09T00:33:07.3787868Z ##[endgroup]
gaussian-three	Build exact pinned Gaussian formalization	2026-10-09T00:33:07.3919584Z ##[group]Elan Installation Output
gaussian-three	Build exact pinned Gaussian formalization	2026-10-09T00:33:07.4496707Z info: downloading installer
gaussian-three	Build exact pinned Gaussian formalization	2026-10-09T00:33:08.6078997Z info: downloading https://releases.lean-lang.org/lean4/v4.34.1/lean-4.34.1-linux.tar.zst
gaussian-three	Build exact pinned Gaussian formalization	2026-10-09T00:33:12.1397691Z info: installing /home/runner/.elan/toolchains/leanprover--lean4---v4.34.1
gaussian-three	Build exact pinned Gaussian formalization	2026-10-09T00:33:19.1732834Z Lean (version 4.34.1, x86_64-unknown-linux-gnu, commit 5045d0056413266e57c625dcd7c365b10e377c52, Release)
gaussian-three	Build exact pinned Gaussian formalization	2026-10-09T00:33:19.2167091Z Lake version 5.0.0-src+5045d00 (Lean version 4.34.1)
gaussian-three	Build exact pinned Gaussian formalization	2026-10-09T00:33:19.2168551Z ##[endgroup]
gaussian-three	Build exact pinned Gaussian formalization	2026-10-09T00:33:19.2168763Z 
gaussian-three	Build exact pinned Gaussian formalization	2026-10-09T00:33:19.2197243Z ##[end-action id=__leanprover_lean-action.__run;outcome=success;conclusion=success;duration_ms=11869]
gaussian-three	Build exact pinned Gaussian formalization	2026-10-09T00:33:19.2212421Z ##[start-action display=configure `lean-action`;id=__leanprover_lean-action.config]
gaussian-three	Build exact pinned Gaussian formalization	2026-10-09T00:33:19.2305787Z ##[group]Run : Configure Lean Action
gaussian-three	Build exact pinned Gaussian formalization	2026-10-09T00:33:19.2306334Z [36;1m: Configure Lean Action[0m
gaussian-three	Build exact pinned Gaussian formalization	2026-10-09T00:33:19.2306815Z [36;1m${GITHUB_ACTION_PATH}/scripts/config.sh[0m
gaussian-three	Build exact pinned Gaussian formalization	2026-10-09T00:33:19.2381167Z shell: /usr/bin/bash --noprofile --norc -e -o pipefail {0}
gaussian-three	Build exact pinned Gaussian formalization	2026-10-09T00:33:19.2381571Z env:
gaussian-three	Build exact pinned Gaussian formalization	2026-10-09T00:33:19.2381771Z   AUTO_CONFIG: true
gaussian-three	Build exact pinned Gaussian formalization	2026-10-09T00:33:19.2381977Z   BUILD: true
gaussian-three	Build exact pinned Gaussian formalization	2026-10-09T00:33:19.2382178Z   TEST: false
gaussian-three	Build exact pinned Gaussian formalization	2026-10-09T00:33:19.2382377Z   LINT: default
gaussian-three	Build exact pinned Gaussian formalization	2026-10-09T00:33:19.2382572Z ##[endgroup]
gaussian-three	Build exact pinned Gaussian formalization	2026-10-09T00:33:19.2933854Z ##[group]Configure lean-action
gaussian-three	Build exact pinned Gaussian formalization	2026-10-09T00:33:19.2958957Z build: true -> will run lake build
gaussian-three	Build exact pinned Gaussian formalization	2026-10-09T00:33:19.2960020Z auto-config: true
gaussian-three	Build exact pinned Gaussian formalization	2026-10-09T00:33:19.2960597Z     -> will run lake build
gaussian-three	Build exact pinned Gaussian formalization	2026-10-09T00:33:19.2961310Z test: false -> will not run lake test
gaussian-three	Build exact pinned Gaussian formalization	2026-10-09T00:33:19.3408772Z lake check-lint failed -> will not run lake lint
gaussian-three	Build exact pinned Gaussian formalization	2026-10-09T00:33:19.3444043Z ##[end-action id=__leanprover_lean-action.config;outcome=success;conclusion=success;duration_ms=123]
gaussian-three	Build exact pinned Gaussian formalization	2026-10-09T00:33:19.3450673Z ##[start-action display=reinstall transient toolchain;id=__leanprover_lean-action.__run_2]
gaussian-three	Build exact pinned Gaussian formalization	2026-10-09T00:33:19.3472117Z ##[end-action id=__leanprover_lean-action.__run_2;outcome=skipped;conclusion=skipped;duration_ms=0]
gaussian-three	Build exact pinned Gaussian formalization	2026-10-09T00:33:19.3475432Z ##[start-action display=ensure all files are imported;id=__leanprover_lean-action.mk_all]
gaussian-three	Build exact pinned Gaussian formalization	2026-10-09T00:33:19.3479540Z ##[end-action id=__leanprover_lean-action.mk_all;outcome=skipped;conclusion=skipped;duration_ms=0]
gaussian-three	Build exact pinned Gaussian formalization	2026-10-09T00:33:19.3482205Z ##[start-action display=Run actions/cache/restore@caa296126883cff596d87d8935842f9db880ef25;id=__leanprover_lean-action.__actions_cache]
gaussian-three	Build exact pinned Gaussian formalization	2026-10-09T00:33:19.6265477Z ##[group]Run actions/cache/restore@caa296126883cff596d87d8935842f9db880ef25
gaussian-three	Build exact pinned Gaussian formalization	2026-10-09T00:33:19.6266261Z with:
gaussian-three	Build exact pinned Gaussian formalization	2026-10-09T00:33:19.6266556Z   path: formalizations/gaussian-simplex-all-k-progress/.lake
gaussian-three	Build exact pinned Gaussian formalization	2026-10-09T00:33:19.6267604Z   key: lake-Linux-X64-d791b020c21edcc7e9e22797f1d59fde59e8af8f675af62dc2f1fd7521bfef93-ee6d7d9ec9afd73cd17cdd862675212e7a51cb29cff40bb8109e45310bf6dfb3-da16f54190bb53651a78640bd94a30a5c2cc9e08
gaussian-three	Build exact pinned Gaussian formalization	2026-10-09T00:33:19.6269109Z   restore-keys: lake-Linux-X64-d791b020c21edcc7e9e22797f1d59fde59e8af8f675af62dc2f1fd7521bfef93-ee6d7d9ec9afd73cd17cdd862675212e7a51cb29cff40bb8109e45310bf6dfb3
gaussian-three	Build exact pinned Gaussian formalization	2026-10-09T00:33:19.6269920Z   enableCrossOsArchive: false
gaussian-three	Build exact pinned Gaussian formalization	2026-10-09T00:33:19.6270180Z   fail-on-cache-miss: false
gaussian-three	Build exact pinned Gaussian formalization	2026-10-09T00:33:19.6270423Z   lookup-only: false
gaussian-three	Build exact pinned Gaussian formalization	2026-10-09T00:33:19.6270640Z ##[endgroup]
gaussian-three	Build exact pinned Gaussian formalization	2026-10-09T00:33:19.9927641Z Cache not found for input keys: lake-Linux-X64-d791b020c21edcc7e9e22797f1d59fde59e8af8f675af62dc2f1fd7521bfef93-ee6d7d9ec9afd73cd17cdd862675212e7a51cb29cff40bb8109e45310bf6dfb3-da16f54190bb53651a78640bd94a30a5c2cc9e08, lake-Linux-X64-d791b020c21edcc7e9e22797f1d59fde59e8af8f675af62dc2f1fd7521bfef93-ee6d7d9ec9afd73cd17cdd862675212e7a51cb29cff40bb8109e45310bf6dfb3
gaussian-three	Build exact pinned Gaussian formalization	2026-10-09T00:33:19.9991788Z ##[end-action id=__leanprover_lean-action.__actions_cache;outcome=success;conclusion=success;duration_ms=650]
gaussian-three	Build exact pinned Gaussian formalization	2026-10-09T00:33:19.9995066Z ##[start-action display=detect mathlib;id=__leanprover_lean-action.detect-mathlib]
gaussian-three	Build exact pinned Gaussian formalization	2026-10-09T00:33:19.9999887Z ##[end-action id=__leanprover_lean-action.detect-mathlib;outcome=skipped;conclusion=skipped;duration_ms=0]
gaussian-three	Build exact pinned Gaussian formalization	2026-10-09T00:33:20.0002048Z ##[start-action display=get mathlib cache;id=__leanprover_lean-action.__run_3]
gaussian-three	Build exact pinned Gaussian formalization	2026-10-09T00:33:20.0043420Z ##[group]Run : Get Mathlib Cache
gaussian-three	Build exact pinned Gaussian formalization	2026-10-09T00:33:20.0043711Z [36;1m: Get Mathlib Cache[0m
gaussian-three	Build exact pinned Gaussian formalization	2026-10-09T00:33:20.0043977Z [36;1mecho "::group::Mathlib Cache"[0m
gaussian-three	Build exact pinned Gaussian formalization	2026-10-09T00:33:20.0044249Z [36;1mlake exe cache get[0m
gaussian-three	Build exact pinned Gaussian formalization	2026-10-09T00:33:20.0044494Z [36;1mecho "::endgroup::"[0m
gaussian-three	Build exact pinned Gaussian formalization	2026-10-09T00:33:20.0044731Z [36;1mecho[0m
gaussian-three	Build exact pinned Gaussian formalization	2026-10-09T00:33:20.0107712Z shell: /usr/bin/bash --noprofile --norc -e -o pipefail {0}
gaussian-three	Build exact pinned Gaussian formalization	2026-10-09T00:33:20.0108085Z ##[endgroup]
gaussian-three	Build exact pinned Gaussian formalization	2026-10-09T00:33:20.0193741Z ##[group]Mathlib Cache
gaussian-three	Build exact pinned Gaussian formalization	2026-10-09T00:33:20.0659796Z info: mathlib: cloning https://github.com/leanprover-community/mathlib4.git
gaussian-three	Build exact pinned Gaussian formalization	2026-10-09T00:33:52.1703178Z info: mathlib: checking out revision 'd13f23b723b8a846827a245b89c10fc7d3f11612'
gaussian-three	Build exact pinned Gaussian formalization	2026-10-09T00:33:54.0874719Z info: plausible: cloning https://github.com/leanprover-community/plausible
gaussian-three	Build exact pinned Gaussian formalization	2026-10-09T00:33:54.6611762Z info: plausible: checking out revision '118aa17ee84656b8bd727fef7c458ee8c833385c'
gaussian-three	Build exact pinned Gaussian formalization	2026-10-09T00:33:54.6736422Z info: LeanSearchClient: cloning https://github.com/leanprover-community/LeanSearchClient
gaussian-three	Build exact pinned Gaussian formalization	2026-10-09T00:33:55.2043778Z info: LeanSearchClient: checking out revision 'ddf04cf3949fa556442341e87d47f9f6e6074707'
gaussian-three	Build exact pinned Gaussian formalization	2026-10-09T00:33:55.2169450Z info: importGraph: cloning https://github.com/leanprover-community/import-graph
gaussian-three	Build exact pinned Gaussian formalization	2026-10-09T00:33:55.9233457Z info: importGraph: checking out revision 'e928b72544873815af278d38681b31c0293588e3'
gaussian-three	Build exact pinned Gaussian formalization	2026-10-09T00:33:55.9416174Z info: proofwidgets: cloning https://github.com/leanprover-community/ProofWidgets4
gaussian-three	Build exact pinned Gaussian formalization	2026-10-09T00:33:57.0914401Z info: proofwidgets: checking out revision '106ff4fafc74ef4ac99d81dbf3ab399118f497a5'
gaussian-three	Build exact pinned Gaussian formalization	2026-10-09T00:33:57.7445195Z info: aesop: cloning https://github.com/leanprover-community/aesop
gaussian-three	Build exact pinned Gaussian formalization	2026-10-09T00:33:59.1519896Z info: aesop: checking out revision '355695d523e41d0554926416cba2a2b3544fbbc9'
gaussian-three	Build exact pinned Gaussian formalization	2026-10-09T00:33:59.1700401Z info: Qq: cloning https://github.com/leanprover-community/quote4
gaussian-three	Build exact pinned Gaussian formalization	2026-10-09T00:33:59.8633704Z info: Qq: checking out revision '6a489d9af5d0c47e5b259e2e8bcdfc1811b5a259'
gaussian-three	Build exact pinned Gaussian formalization	2026-10-09T00:33:59.8758991Z info: batteries: cloning https://github.com/leanprover-community/batteries
gaussian-three	Build exact pinned Gaussian formalization	2026-10-09T00:34:03.0087487Z info: batteries: checking out revision 'f2effa3d803fda822b1f97b806c47cf2adfbcbc2'
gaussian-three	Build exact pinned Gaussian formalization	2026-10-09T00:34:03.0414425Z info: Cli: cloning https://github.com/leanprover/lean4-cli
gaussian-three	Build exact pinned Gaussian formalization	2026-10-09T00:34:03.7201674Z info: Cli: checking out revision 'e92c9f15fdfacc8536f31cfb3b7ad26c3c8cd204'
gaussian-three	Build exact pinned Gaussian formalization	2026-10-09T00:34:04.1329582Z ✔ [1/5] Built Cache.Cli (357ms)
gaussian-three	Build exact pinned Gaussian formalization	2026-10-09T00:34:04.1330156Z ✔ [2/5] Built Cache.Lean (386ms)
gaussian-three	Build exact pinned Gaussian formalization	2026-10-09T00:34:04.8408876Z ✔ [6/42] Built Cache.Cli:c.o (226ms)
gaussian-three	Build exact pinned Gaussian formalization	2026-10-09T00:34:04.8409535Z ✔ [7/42] Built Cache.Lean:c.o (271ms)
gaussian-three	Build exact pinned Gaussian formalization	2026-10-09T00:34:05.0432217Z ✔ [8/42] Built Cache.Env (487ms)
gaussian-three	Build exact pinned Gaussian formalization	2026-10-09T00:34:05.3424841Z ✔ [9/42] Built Cache.Env:c.o (247ms)
gaussian-three	Build exact pinned Gaussian formalization	2026-10-09T00:34:05.6430169Z ✔ [10/42] Built Batteries.Tactic.OpenPrivate (1.0s)
gaussian-three	Build exact pinned Gaussian formalization	2026-10-09T00:34:05.6432547Z ✔ [11/42] Built Cache.Infra (567ms)
gaussian-three	Build exact pinned Gaussian formalization	2026-10-09T00:34:06.0429459Z ✔ [12/42] Built Cache.Infra:c.o (388ms)
gaussian-three	Build exact pinned Gaussian formalization	2026-10-09T00:34:07.1471871Z ✔ [13/42] Built Cache.IO (1.5s)
gaussian-three	Build exact pinned Gaussian formalization	2026-10-09T00:34:07.1491727Z ✔ [14/42] Built Batteries.Tactic.OpenPrivate:c.o (1.6s)
gaussian-three	Build exact pinned Gaussian formalization	2026-10-09T00:34:07.9473089Z ✔ [15/42] Built Cache.Hashing (818ms)
gaussian-three	Build exact pinned Gaussian formalization	2026-10-09T00:34:08.6489769Z ✔ [16/42] Built Cache.Hashing:c.o (655ms)
gaussian-three	Build exact pinned Gaussian formalization	2026-10-09T00:34:08.9495524Z ✔ [17/42] Built Cache.IO:c.o (1.8s)
gaussian-three	Build exact pinned Gaussian formalization	2026-10-09T00:34:10.0507863Z ✔ [18/42] Built Cache.Requests (2.1s)
gaussian-three	Build exact pinned Gaussian formalization	2026-10-09T00:34:10.5565051Z ✔ [19/42] Built Cache.Marker (564ms)
gaussian-three	Build exact pinned Gaussian formalization	2026-10-09T00:34:10.7602029Z ✔ [20/42] Built Cache.Marker:c.o (176ms)
gaussian-three	Build exact pinned Gaussian formalization	2026-10-09T00:34:11.3645636Z ✔ [21/42] Built Cache.Upload.Dest (810ms)
gaussian-three	Build exact pinned Gaussian formalization	2026-10-09T00:34:11.6677642Z ✔ [22/42] Built Cache.Upload.Dest:c.o (281ms)
gaussian-three	Build exact pinned Gaussian formalization	2026-10-09T00:34:11.7679535Z ✔ [23/42] Built Cache.Query (1.2s)
gaussian-three	Build exact pinned Gaussian formalization	2026-10-09T00:34:12.3711990Z ✔ [24/42] Built Cache.Query:c.o (549ms)
gaussian-three	Build exact pinned Gaussian formalization	2026-10-09T00:34:12.4722188Z ✔ [25/42] Built Cache.Upload.Rclone (1.0s)
gaussian-three	Build exact pinned Gaussian formalization	2026-10-09T00:34:12.7742069Z ✔ [26/42] Built Cache.Upload.Curl (1.1s)
gaussian-three	Build exact pinned Gaussian formalization	2026-10-09T00:34:12.7771637Z ✔ [27/42] Built Cache.Upload.Rclone:c.o (302ms)
gaussian-three	Build exact pinned Gaussian formalization	2026-10-09T00:34:13.1731936Z ✔ [28/42] Built Cache.Upload.Curl:c.o (368ms)
gaussian-three	Build exact pinned Gaussian formalization	2026-10-09T00:34:13.3732083Z ✔ [29/42] Built Cache.Warning (1.1s)
gaussian-three	Build exact pinned Gaussian formalization	2026-10-09T00:34:13.6721958Z ✔ [30/42] Built Cache.Upload.Azure (901ms)
gaussian-three	Build exact pinned Gaussian formalization	2026-10-09T00:34:13.8724667Z ✔ [31/42] Built Cache.Upload.Azure:c.o (211ms)
gaussian-three	Build exact pinned Gaussian formalization	2026-10-09T00:34:13.8725761Z ✔ [32/42] Built Cache.Warning:c.o (428ms)
gaussian-three	Build exact pinned Gaussian formalization	2026-10-09T00:34:14.0726821Z ✔ [33/42] Built Cache.Requests:c.o (4.0s)
gaussian-three	Build exact pinned Gaussian formalization	2026-10-09T00:34:14.1731327Z ✔ [34/42] Built Cache.Upload.S3 (1.0s)
gaussian-three	Build exact pinned Gaussian formalization	2026-10-09T00:34:14.4724294Z ✔ [35/42] Built Cache.Upload.S3:c.o (357ms)
gaussian-three	Build exact pinned Gaussian formalization	2026-10-09T00:34:14.7728520Z ✔ [36/42] Built Cache.Upload.Defs (590ms)
gaussian-three	Build exact pinned Gaussian formalization	2026-10-09T00:34:14.8729787Z ✔ [37/42] Built Cache.Upload.Defs:c.o (161ms)
gaussian-three	Build exact pinned Gaussian formalization	2026-10-09T00:34:15.2735121Z ✔ [38/42] Built Cache.Upload (533ms)
gaussian-three	Build exact pinned Gaussian formalization	2026-10-09T00:34:15.3735876Z ✔ [39/42] Built Cache.Upload:c.o (136ms)
gaussian-three	Build exact pinned Gaussian formalization	2026-10-09T00:34:16.4747379Z ✔ [40/42] Built Cache.Main (1.1s)
gaussian-three	Build exact pinned Gaussian formalization	2026-10-09T00:34:17.3759142Z ✔ [41/42] Built Cache.Main:c.o (975ms)
gaussian-three	Build exact pinned Gaussian formalization	2026-10-09T00:34:18.1767052Z ✔ [42/42] Built cache:exe (725ms)
gaussian-three	Build exact pinned Gaussian formalization	2026-10-09T00:34:21.1309662Z Current branch: HEAD
gaussian-three	Build exact pinned Gaussian formalization	2026-10-09T00:34:21.1310306Z Using cache from origin: (some leanprover-community/mathlib4)
gaussian-three	Build exact pinned Gaussian formalization	2026-10-09T00:34:21.1311679Z Attempting to download 8908 file(s) from leanprover-community/mathlib4 cache at https://cache.mathlib.org/mathlib4-master
gaussian-three	Build exact pinned Gaussian formalization	2026-10-09T00:34:21.4896276Z 
gaussian-three	Build exact pinned Gaussian formalization	2026-10-09T00:34:21.5972128Z Downloaded: 1 file(s) [attempted 1/8908 = 0%, 64 KB/s], Decompressed: 0
gaussian-three	Build exact pinned Gaussian formalization	2026-10-09T00:34:21.6983443Z Downloaded: 92 file(s) [attempted 92/8908 = 1%, 1926 KB/s], Decompressed: 12
gaussian-three	Build exact pinned Gaussian formalization	2026-10-09T00:34:21.7991602Z Downloaded: 205 file(s) [attempted 205/8908 = 2%, 426 KB/s], Decompressed: 36
gaussian-three	Build exact pinned Gaussian formalization	2026-10-09T00:34:21.9025183Z Downloaded: 314 file(s) [attempted 314/8908 = 3%, 340 KB/s], Decompressed: 36
gaussian-three	Build exact pinned Gaussian formalization	2026-10-09T00:34:22.0074524Z Downloaded: 423 file(s) [attempted 423/8908 = 4%, 897 KB/s], Decompressed: 36
gaussian-three	Build exact pinned Gaussian formalization	2026-10-09T00:34:22.1075370Z Downloaded: 524 file(s) [attempted 524/8908 = 5%, 645 KB/s], Decompressed: 36
gaussian-three	Build exact pinned Gaussian formalization	2026-10-09T00:34:22.2104023Z Downloaded: 623 file(s) [attempted 623/8908 = 6%, 81 KB/s], Decompressed: 36
gaussian-three	Build exact pinned Gaussian formalization	2026-10-09T00:34:22.3151923Z Downloaded: 729 file(s) [attempted 729/8908 = 8%, 697 KB/s], Decompressed: 36
gaussian-three	Build exact pinned Gaussian formalization	2026-10-09T00:34:22.4192158Z Downloaded: 815 file(s) [attempted 815/8908 = 9%, 3352 KB/s], Decompressed: 164
gaussian-three	Build exact pinned Gaussian formalization	2026-10-09T00:34:22.5188061Z Downloaded: 914 file(s) [attempted 914/8908 = 10%, 106 KB/s], Decompressed: 164
gaussian-three	Build exact pinned Gaussian formalization	2026-10-09T00:34:22.6354592Z Downloaded: 977 file(s) [attempted 977/8908 = 10%, 627 KB/s], Decompressed: 164
gaussian-three	Build exact pinned Gaussian formalization	2026-10-09T00:34:22.7372189Z Downloaded: 1029 file(s) [attempted 1029/8908 = 11%, 744 KB/s], Decompressed: 164
gaussian-three	Build exact pinned Gaussian formalization	2026-10-09T00:34:22.8421762Z Downloaded: 1099 file(s) [attempted 1099/8908 = 12%, 2148 KB/s], Decompressed: 164
gaussian-three	Build exact pinned Gaussian formalization	2026-10-09T00:34:22.9512298Z Downloaded: 1195 file(s) [attempted 1195/8908 = 13%, 706 KB/s], Decompressed: 164
gaussian-three	Build exact pinned Gaussian formalization	2026-10-09T00:34:23.0514769Z Downloaded: 1298 file(s) [attempted 1298/8908 = 14%, 414 KB/s], Decompressed: 164
gaussian-three	Build exact pinned Gaussian formalization	2026-10-09T00:34:23.1514462Z Downloaded: 1392 file(s) [attempted 1392/8908 = 15%, 116 KB/s], Decompressed: 164
gaussian-three	Build exact pinned Gaussian formalization	2026-10-09T00:34:23.2532023Z Downloaded: 1481 file(s) [attempted 1481/8908 = 16%, 1930 KB/s], Decompressed: 164
gaussian-three	Build exact pinned Gaussian formalization	2026-10-09T00:34:23.3582397Z Downloaded: 1592 file(s) [attempted 1592/8908 = 17%, 961 KB/s], Decompressed: 164
gaussian-three	Build exact pinned Gaussian formalization	2026-10-09T00:34:23.4591261Z Downloaded: 1676 file(s) [attempted 1676/8908 = 18%, 1126 KB/s], Decompressed: 164
gaussian-three	Build exact pinned Gaussian formalization	2026-10-09T00:34:23.5647181Z Downloaded: 1757 file(s) [attempted 1757/8908 = 19%, 796 KB/s], Decompressed: 164
gaussian-three	Build exact pinned Gaussian formalization	2026-10-09T00:34:23.6697080Z Downloaded: 1829 file(s) [attempted 1829/8908 = 20%, 399 KB/s], Decompressed: 164
gaussian-three	Build exact pinned Gaussian formalization	2026-10-09T00:34:23.7702109Z Downloaded: 1923 file(s) [attempted 1923/8908 = 21%, 2582 KB/s], Decompressed: 164
gaussian-three	Build exact pinned Gaussian formalization	2026-10-09T00:34:23.8694583Z Downloaded: 2016 file(s) [attempted 2016/8908 = 22%, 1706 KB/s], Decompressed: 164
gaussian-three	Build exact pinned Gaussian formalization	2026-10-09T00:34:23.9747630Z Downloaded: 2103 file(s) [attempted 2103/8908 = 23%, 1319 KB/s], Decompressed: 164
gaussian-three	Build exact pinned Gaussian formalization	2026-10-09T00:34:24.0805900Z Downloaded: 2175 file(s) [attempted 2175/8908 = 24%, 240 KB/s], Decompressed: 164
gaussian-three	Build exact pinned Gaussian formalization	2026-10-09T00:34:24.1922612Z Downloaded: 2247 file(s) [attempted 2247/8908 = 25%, 1646 KB/s], Decompressed: 164
gaussian-three	Build exact pinned Gaussian formalization	2026-10-09T00:34:24.3168363Z Downloaded: 2303 file(s) [attempted 2303/8908 = 25%, 711 KB/s], Decompressed: 164
gaussian-three	Build exact pinned Gaussian formalization	2026-10-09T00:34:24.4480629Z Downloaded: 2353 file(s) [attempted 2353/8908 = 26%, 758 KB/s], Decompressed: 164
gaussian-three	Build exact pinned Gaussian formalization	2026-10-09T00:34:24.5476306Z Downloaded: 2432 file(s) [attempted 2432/8908 = 27%, 416 KB/s], Decompressed: 164
gaussian-three	Build exact pinned Gaussian formalization	2026-10-09T00:34:24.6509850Z Downloaded: 2524 file(s) [attempted 2524/8908 = 28%, 502 KB/s], Decompressed: 164
gaussian-three	Build exact pinned Gaussian formalization	2026-10-09T00:34:24.7612197Z Downloaded: 2632 file(s) [attempted 2632/8908 = 29%, 537 KB/s], Decompressed: 164
gaussian-three	Build exact pinned Gaussian formalization	2026-10-09T00:34:24.8622104Z Downloaded: 2737 file(s) [attempted 2737/8908 = 30%, 1088 KB/s], Decompressed: 164
gaussian-three	Build exact pinned Gaussian formalization	2026-10-09T00:34:24.9722843Z Downloaded: 2826 file(s) [attempted 2826/8908 = 31%, 945 KB/s], Decompressed: 164
gaussian-three	Build exact pinned Gaussian formalization	2026-10-09T00:34:25.0880459Z Downloaded: 2917 file(s) [attempted 2917/8908 = 32%, 131 KB/s], Decompressed: 794
gaussian-three	Build exact pinned Gaussian formalization	2026-10-09T00:34:25.1855251Z Downloaded: 3011 file(s) [attempted 3011/8908 = 33%, 1290 KB/s], Decompressed: 794
gaussian-three	Build exact pinned Gaussian formalization	2026-10-09T00:34:25.2988102Z Downloaded: 3105 file(s) [attempted 3105/8908 = 34%, 324 KB/s], Decompressed: 794
gaussian-three	Build exact pinned Gaussian formalization	2026-10-09T00:34:25.3999823Z Downloaded: 3196 file(s) [attempted 3196/8908 = 35%, 2756 KB/s], Decompressed: 794
gaussian-three	Build exact pinned Gaussian formalization	2026-10-09T00:34:25.5005361Z Downloaded: 3295 file(s) [attempted 3295/8908 = 36%, 356 KB/s], Decompressed: 794
gaussian-three	Build exact pinned Gaussian formalization	2026-10-09T00:34:25.6091829Z Downloaded: 3371 file(s) [attempted 3371/8908 = 37%, 2386 KB/s], Decompressed: 794
gaussian-three	Build exact pinned Gaussian formalization	2026-10-09T00:34:25.7065763Z Downloaded: 3455 file(s) [attempted 3455/8908 = 38%, 1657 KB/s], Decompressed: 794
gaussian-three	Build exact pinned Gaussian formalization	2026-10-09T00:34:25.8991858Z Downloaded: 3530 file(s) [attempted 3530/8908 = 39%, 835 KB/s], Decompressed: 794
gaussian-three	Build exact pinned Gaussian formalization	2026-10-09T00:34:25.9989783Z Downloaded: 3573 file(s) [attempted 3573/8908 = 40%, 708 KB/s], Decompressed: 794
gaussian-three	Build exact pinned Gaussian formalization	2026-10-09T00:34:26.1026298Z Downloaded: 3633 file(s) [attempted 3633/8908 = 40%, 216 KB/s], Decompressed: 794
gaussian-three	Build exact pinned Gaussian formalization	2026-10-09T00:34:26.2133729Z Downloaded: 3677 file(s) [attempted 3677/8908 = 41%, 739 KB/s], Decompressed: 794
gaussian-three	Build exact pinned Gaussian formalization	2026-10-09T00:34:26.3192701Z Downloaded: 3773 file(s) [attempted 3773/8908 = 42%, 364 KB/s], Decompressed: 794
gaussian-three	Build exact pinned Gaussian formalization	2026-10-09T00:34:26.4202968Z Downloaded: 3869 file(s) [attempted 3869/8908 = 43%, 190 KB/s], Decompressed: 794
gaussian-three	Build exact pinned Gaussian formalization	2026-10-09T00:34:26.5278114Z Downloaded: 3946 file(s) [attempted 3946/8908 = 44%, 1757 KB/s], Decompressed: 794
gaussian-three	Build exact pinned Gaussian formalization	2026-10-09T00:34:26.6307831Z Downloaded: 4039 file(s) [attempted 4039/8908 = 45%, 663 KB/s], Decompressed: 794
gaussian-three	Build exact pinned Gaussian formalization	2026-10-09T00:34:26.7374088Z Downloaded: 4123 file(s) [attempted 4123/8908 = 46%, 551 KB/s], Decompressed: 794
gaussian-three	Build exact pinned Gaussian formalization	2026-10-09T00:34:26.8387667Z Downloaded: 4212 file(s) [attempted 4212/8908 = 47%, 2261 KB/s], Decompressed: 794
gaussian-three	Build exact pinned Gaussian formalization	2026-10-09T00:34:26.9373955Z Downloaded: 4296 file(s) [attempted 4296/8908 = 48%, 46 KB/s], Decompressed: 794
gaussian-three	Build exact pinned Gaussian formalization	2026-10-09T00:34:27.0434124Z Downloaded: 4393 file(s) [attempted 4393/8908 = 49%, 893 KB/s], Decompressed: 794
gaussian-three	Build exact pinned Gaussian formalization	2026-10-09T00:34:27.1469500Z Downloaded: 4486 file(s) [attempted 4486/8908 = 50%, 420 KB/s], Decompressed: 794
gaussian-three	Build exact pinned Gaussian formalization	2026-10-09T00:34:27.3397101Z Downloaded: 4580 file(s) [attempted 4580/8908 = 51%, 6343 KB/s], Decompressed: 794
gaussian-three	Build exact pinned Gaussian formalization	2026-10-09T00:34:27.4411705Z Downloaded: 4669 file(s) [attempted 4669/8908 = 52%, 779 KB/s], Decompressed: 794
gaussian-three	Build exact pinned Gaussian formalization	2026-10-09T00:34:27.5404249Z Downloaded: 4779 file(s) [attempted 4779/8908 = 53%, 2439 KB/s], Decompressed: 794
gaussian-three	Build exact pinned Gaussian formalization	2026-10-09T00:34:27.6435066Z Downloaded: 4839 file(s) [attempted 4839/8908 = 54%, 71 KB/s], Decompressed: 794
gaussian-three	Build exact pinned Gaussian formalization	2026-10-09T00:34:27.7452309Z Downloaded: 4924 file(s) [attempted 4924/8908 = 55%, 48 KB/s], Decompressed: 794
gaussian-three	Build exact pinned Gaussian formalization	2026-10-09T00:34:27.8482237Z Downloaded: 4995 file(s) [attempted 4995/8908 = 56%, 425 KB/s], Decompressed: 794
gaussian-three	Build exact pinned Gaussian formalization	2026-10-09T00:34:27.9453547Z Downloaded: 5130 file(s) [attempted 5130/8908 = 57%, 465 KB/s], Decompressed: 794
gaussian-three	Build exact pinned Gaussian formalization	2026-10-09T00:34:28.0457593Z Downloaded: 5245 file(s) [attempted 5245/8908 = 58%, 523 KB/s], Decompressed: 794
gaussian-three	Build exact pinned Gaussian formalization	2026-10-09T00:34:28.1458740Z Downloaded: 5368 file(s) [attempted 5368/8908 = 60%, 363 KB/s], Decompressed: 794
gaussian-three	Build exact pinned Gaussian formalization	2026-10-09T00:34:28.2453794Z Downloaded: 5483 file(s) [attempted 5483/8908 = 61%, 1046 KB/s], Decompressed: 794
gaussian-three	Build exact pinned Gaussian formalization	2026-10-09T00:34:28.3466578Z Downloaded: 5575 file(s) [attempted 5575/8908 = 62%, 2941 KB/s], Decompressed: 794
gaussian-three	Build exact pinned Gaussian formalization	2026-10-09T00:34:28.4562117Z Downloaded: 5644 file(s) [attempted 5644/8908 = 63%, 156 KB/s], Decompressed: 794
gaussian-three	Build exact pinned Gaussian formalization	2026-10-09T00:34:28.5841841Z Downloaded: 5742 file(s) [attempted 5742/8908 = 64%, 347 KB/s], Decompressed: 794
gaussian-three	Build exact pinned Gaussian formalization	2026-10-09T00:34:28.6854600Z Downloaded: 5833 file(s) [attempted 5833/8908 = 65%, 341 KB/s], Decompressed: 794
gaussian-three	Build exact pinned Gaussian formalization	2026-10-09T00:34:28.8491814Z Downloaded: 5927 file(s) [attempted 5927/8908 = 66%, 1079 KB/s], Decompressed: 794
gaussian-three	Build exact pinned Gaussian formalization	2026-10-09T00:34:28.9672842Z Downloaded: 5999 file(s) [attempted 5999/8908 = 67%, 140 KB/s], Decompressed: 794
gaussian-three	Build exact pinned Gaussian formalization	2026-10-09T00:34:29.0917909Z Downloaded: 6107 file(s) [attempted 6107/8908 = 68%, 1223 KB/s], Decompressed: 794
gaussian-three	Build exact pinned Gaussian formalization	2026-10-09T00:34:29.1940171Z Downloaded: 6196 file(s) [attempted 6196/8908 = 69%, 256 KB/s], Decompressed: 794
gaussian-three	Build exact pinned Gaussian formalization	2026-10-09T00:34:29.2924142Z Downloaded: 6263 file(s) [attempted 6263/8908 = 70%, 1697 KB/s], Decompressed: 794
gaussian-three	Build exact pinned Gaussian formalization	2026-10-09T00:34:29.3931681Z Downloaded: 6364 file(s) [attempted 6364/8908 = 71%, 1745 KB/s], Decompressed: 794
gaussian-three	Build exact pinned Gaussian formalization	2026-10-09T00:34:29.5058801Z Downloaded: 6468 file(s) [attempted 6468/8908 = 72%, 756 KB/s], Decompressed: 794
gaussian-three	Build exact pinned Gaussian formalization	2026-10-09T00:34:29.6072083Z Downloaded: 6533 file(s) [attempted 6533/8908 = 73%, 904 KB/s], Decompressed: 794
gaussian-three	Build exact pinned Gaussian formalization	2026-10-09T00:34:29.7052961Z Downloaded: 6582 file(s) [attempted 6582/8908 = 73%, 223 KB/s], Decompressed: 794
gaussian-three	Build exact pinned Gaussian formalization	2026-10-09T00:34:29.8076588Z Downloaded: 6655 file(s) [attempted 6655/8908 = 74%, 761 KB/s], Decompressed: 794
gaussian-three	Build exact pinned Gaussian formalization	2026-10-09T00:34:29.9077150Z Downloaded: 6749 file(s) [attempted 6749/8908 = 75%, 94 KB/s], Decompressed: 794
gaussian-three	Build exact pinned Gaussian formalization	2026-10-09T00:34:30.0876167Z Downloaded: 6816 file(s) [attempted 6816/8908 = 76%, 1173 KB/s], Decompressed: 794
gaussian-three	Build exact pinned Gaussian formalization	2026-10-09T00:34:30.1974117Z Downloaded: 6864 file(s) [attempted 6864/8908 = 77%, 84 KB/s], Decompressed: 794
gaussian-three	Build exact pinned Gaussian formalization	2026-10-09T00:34:30.4104362Z Downloaded: 6982 file(s) [attempted 6982/8908 = 78%, 1058 KB/s], Decompressed: 794
gaussian-three	Build exact pinned Gaussian formalization	2026-10-09T00:34:30.5492002Z Downloaded: 7073 file(s) [attempted 7073/8908 = 79%, 392 KB/s], Decompressed: 794
gaussian-three	Build exact pinned Gaussian formalization	2026-10-09T00:34:30.6532313Z Downloaded: 7140 file(s) [attempted 7140/8908 = 80%, 549 KB/s], Decompressed: 794
gaussian-three	Build exact pinned Gaussian formalization	2026-10-09T00:34:30.7543126Z Downloaded: 7183 file(s) [attempted 7183/8908 = 80%, 1949 KB/s], Decompressed: 794
gaussian-three	Build exact pinned Gaussian formalization	2026-10-09T00:34:30.8546995Z Downloaded: 7234 file(s) [attempted 7234/8908 = 81%, 1174 KB/s], Decompressed: 794
gaussian-three	Build exact pinned Gaussian formalization	2026-10-09T00:34:30.9553875Z Downloaded: 7284 file(s) [attempted 7284/8908 = 81%, 1745 KB/s], Decompressed: 794
gaussian-three	Build exact pinned Gaussian formalization	2026-10-09T00:34:31.0592165Z Downloaded: 7372 file(s) [attempted 7372/8908 = 82%, 1423 KB/s], Decompressed: 794
gaussian-three	Build exact pinned Gaussian formalization	2026-10-09T00:34:31.1672516Z Downloaded: 7457 file(s) [attempted 7457/8908 = 83%, 101 KB/s], Decompressed: 794
gaussian-three	Build exact pinned Gaussian formalization	2026-10-09T00:34:31.2743413Z Downloaded: 7546 file(s) [attempted 7546/8908 = 84%, 218 KB/s], Decompressed: 794
gaussian-three	Build exact pinned Gaussian formalization	2026-10-09T00:34:31.3739141Z Downloaded: 7625 file(s) [attempted 7625/8908 = 85%, 2360 KB/s], Decompressed: 794
gaussian-three	Build exact pinned Gaussian formalization	2026-10-09T00:34:31.4738745Z Downloaded: 7714 file(s) [attempted 7714/8908 = 86%, 1002 KB/s], Decompressed: 794
gaussian-three	Build exact pinned Gaussian formalization	2026-10-09T00:34:31.5759840Z Downloaded: 7837 file(s) [attempted 7837/8908 = 87%, 459 KB/s], Decompressed: 794
gaussian-three	Build exact pinned Gaussian formalization	2026-10-09T00:34:31.6784050Z Downloaded: 7947 file(s) [attempted 7947/8908 = 89%, 437 KB/s], Decompressed: 794
gaussian-three	Build exact pinned Gaussian formalization	2026-10-09T00:34:31.7852777Z Downloaded: 8072 file(s) [attempted 8072/8908 = 90%, 530 KB/s], Decompressed: 794
gaussian-three	Build exact pinned Gaussian formalization	2026-10-09T00:34:31.8907845Z Downloaded: 8176 file(s) [attempted 8176/8908 = 91%, 701 KB/s], Decompressed: 794
gaussian-three	Build exact pinned Gaussian formalization	2026-10-09T00:34:31.9940654Z Downloaded: 8276 file(s) [attempted 8276/8908 = 92%, 706 KB/s], Decompressed: 794
gaussian-three	Build exact pinned Gaussian formalization	2026-10-09T00:34:32.1074913Z Downloaded: 8389 file(s) [attempted 8389/8908 = 94%, 200 KB/s], Decompressed: 794
gaussian-three	Build exact pinned Gaussian formalization	2026-10-09T00:34:32.2101978Z Downloaded: 8493 file(s) [attempted 8493/8908 = 95%, 359 KB/s], Decompressed: 794
gaussian-three	Build exact pinned Gaussian formalization	2026-10-09T00:34:32.3143000Z Downloaded: 8608 file(s) [attempted 8608/8908 = 96%, 7716 KB/s], Decompressed: 794
gaussian-three	Build exact pinned Gaussian formalization	2026-10-09T00:34:32.4135012Z Downloaded: 8726 file(s) [attempted 8726/8908 = 97%, 3659 KB/s], Decompressed: 794
gaussian-three	Build exact pinned Gaussian formalization	2026-10-09T00:34:32.5026630Z Downloaded: 8830 file(s) [attempted 8830/8908 = 99%, 161 KB/s], Decompressed: 794
gaussian-three	Build exact pinned Gaussian formalization	2026-10-09T00:34:32.5027864Z Downloaded: 8908 file(s) [attempted 8908/8908 = 100%, 161 KB/s], Decompressed: 794
gaussian-three	Build exact pinned Gaussian formalization	2026-10-09T00:34:51.9631627Z Decompressed 8908 file(s)
gaussian-three	Build exact pinned Gaussian formalization	2026-10-09T00:34:51.9632559Z Already decompressed 8908 file(s)
gaussian-three	Build exact pinned Gaussian formalization	2026-10-09T00:34:52.0223421Z ##[endgroup]
gaussian-three	Build exact pinned Gaussian formalization	2026-10-09T00:34:52.0223729Z 
gaussian-three	Build exact pinned Gaussian formalization	2026-10-09T00:34:52.0231637Z ##[end-action id=__leanprover_lean-action.__run_3;outcome=success;conclusion=success;duration_ms=92022]
gaussian-three	Build exact pinned Gaussian formalization	2026-10-09T00:34:52.0245069Z ##[start-action display=build mxym/math;id=__leanprover_lean-action.build]
gaussian-three	Build exact pinned Gaussian formalization	2026-10-09T00:34:52.0265943Z ##[group]Run : Lake Build
gaussian-three	Build exact pinned Gaussian formalization	2026-10-09T00:34:52.0266218Z [36;1m: Lake Build[0m
gaussian-three	Build exact pinned Gaussian formalization	2026-10-09T00:34:52.0266476Z [36;1m${GITHUB_ACTION_PATH}/scripts/lake_build.sh[0m
gaussian-three	Build exact pinned Gaussian formalization	2026-10-09T00:34:52.0352326Z shell: /usr/bin/bash --noprofile --norc -e -o pipefail {0}
gaussian-three	Build exact pinned Gaussian formalization	2026-10-09T00:34:52.0352692Z env:
gaussian-three	Build exact pinned Gaussian formalization	2026-10-09T00:34:52.0352883Z   BUILD_ARGS: 
gaussian-three	Build exact pinned Gaussian formalization	2026-10-09T00:34:52.0353095Z ##[endgroup]
gaussian-three	Build exact pinned Gaussian formalization	2026-10-09T00:34:52.0455288Z ##[group]Lake Build Output
gaussian-three	Build exact pinned Gaussian formalization	2026-10-09T00:34:56.9152426Z ℹ [3744/3884] Built GaussianSimplexRadialComparison (2.7s)
gaussian-three	Build exact pinned Gaussian formalization	2026-10-09T00:34:56.9182366Z info: sources/GaussianSimplexRadialComparison.lean:85:0: 'GaussianRadialComparison.antitone_nonpos_of_right_limit' depends on axioms: [propext, Classical.choice, Quot.sound]
gaussian-three	Build exact pinned Gaussian formalization	2026-10-09T00:34:56.9197608Z info: sources/GaussianSimplexRadialComparison.lean:86:0: 'GaussianRadialComparison.ratio_antitone' depends on axioms: [propext, Classical.choice, Quot.sound]
gaussian-three	Build exact pinned Gaussian formalization	2026-10-09T00:34:56.9208256Z info: sources/GaussianSimplexRadialComparison.lean:87:0: 'GaussianRadialComparison.radial_comparison_of_ratio_limit' depends on axioms: [propext, Classical.choice, Quot.sound]
gaussian-three	Build exact pinned Gaussian formalization	2026-10-09T00:34:56.9232273Z info: sources/GaussianSimplexRadialComparison.lean:88:0: 'GaussianRadialComparison.radial_comparison' depends on axioms: [propext, Classical.choice, Quot.sound]
gaussian-three	Build exact pinned Gaussian formalization	2026-10-09T00:34:57.7175763Z ℹ [3745/3884] Built GaussianSimplexAlgebra (3.6s)
gaussian-three	Build exact pinned Gaussian formalization	2026-10-09T00:34:57.7202172Z info: sources/GaussianSimplexAlgebra.lean:39:0: 'GaussianSimplexAlgebra.weighted_cauchy' depends on axioms: [propext, Classical.choice, Quot.sound]
gaussian-three	Build exact pinned Gaussian formalization	2026-10-09T00:34:57.7212688Z info: sources/GaussianSimplexAlgebra.lean:40:0: 'GaussianSimplexAlgebra.perimeter_to_trace' depends on axioms: [propext, Classical.choice, Quot.sound]
gaussian-three	Build exact pinned Gaussian formalization	2026-10-09T00:34:57.7222413Z info: sources/GaussianSimplexAlgebra.lean:41:0: 'GaussianSimplexAlgebra.radial_quotient_identity' depends on axioms: [propext, Classical.choice, Quot.sound]
gaussian-three	Build exact pinned Gaussian formalization	2026-10-09T00:34:57.7224567Z info: sources/GaussianSimplexAlgebra.lean:42:0: 'GaussianSimplexAlgebra.deficit_derivative_nonpositive' depends on axioms: [propext, Classical.choice, Quot.sound]
gaussian-three	Build exact pinned Gaussian formalization	2026-10-09T00:34:59.0202085Z ⚠ [3746/3884] Built GaussianPartition (5.1s)
gaussian-three	Build exact pinned Gaussian formalization	2026-10-09T00:34:59.0232206Z warning: sources/GaussianPartition.lean:127:0: automatically included section variable(s) unused in theorem `GaussianMeasureBridge.FractionalPartition.integrable_weighted_score`:
gaussian-three	Build exact pinned Gaussian formalization	2026-10-09T00:34:59.0241150Z   [NeZero k]
gaussian-three	Build exact pinned Gaussian formalization	2026-10-09T00:34:59.0261625Z consider restructuring your `variable` declarations so that the variables are not in scope or explicitly omit them:
gaussian-three	Build exact pinned Gaussian formalization	2026-10-09T00:34:59.0291148Z   omit [NeZero k] in theorem ...
gaussian-three	Build exact pinned Gaussian formalization	2026-10-09T00:34:59.0320951Z 
gaussian-three	Build exact pinned Gaussian formalization	2026-10-09T00:34:59.0331436Z Note: This linter can be disabled with `set_option linter.unusedSectionVars false`
gaussian-three	Build exact pinned Gaussian formalization	2026-10-09T00:34:59.0352110Z warning: sources/GaussianPartition.lean:132:0: automatically included section variable(s) unused in theorem `GaussianMeasureBridge.FractionalPartition.integral_weighted_score`:
gaussian-three	Build exact pinned Gaussian formalization	2026-10-09T00:34:59.0381208Z   [NeZero k]
gaussian-three	Build exact pinned Gaussian formalization	2026-10-09T00:34:59.0386658Z consider restructuring your `variable` declarations so that the variables are not in scope or explicitly omit them:
gaussian-three	Build exact pinned Gaussian formalization	2026-10-09T00:34:59.0387633Z   omit [NeZero k] in theorem ...
gaussian-three	Build exact pinned Gaussian formalization	2026-10-09T00:34:59.0387998Z 
gaussian-three	Build exact pinned Gaussian formalization	2026-10-09T00:34:59.0388482Z Note: This linter can be disabled with `set_option linter.unusedSectionVars false`
gaussian-three	Build exact pinned Gaussian formalization	2026-10-09T00:35:01.0212190Z ✔ [3747/3884] Built GaussianRadialDeficitIntegral (4.2s)
gaussian-three	Build exact pinned Gaussian formalization	2026-10-09T00:35:01.4202114Z ✔ [3748/3884] Built GaussianWeightedRigidity (3.7s)
gaussian-three	Build exact pinned Gaussian formalization	2026-10-09T00:35:02.7271942Z ✔ [3749/3884] Built GaussianCoordinateSplit (3.8s)
gaussian-three	Build exact pinned Gaussian formalization	2026-10-09T00:35:02.7301443Z ✔ [3750/3884] Built GaussianHalflineFlux (3.8s)
gaussian-three	Build exact pinned Gaussian formalization	2026-10-09T00:35:04.2308327Z ✔ [3751/3884] Built GaussianFullSupport (3.2s)
gaussian-three	Build exact pinned Gaussian formalization	2026-10-09T00:35:05.4341906Z ⚠ [3752/3884] Built GaussianNoTies (3.0s)
gaussian-three	Build exact pinned Gaussian formalization	2026-10-09T00:35:05.4371324Z warning: sources/GaussianNoTies.lean:23:2: Try this: 
gaussian-three	Build exact pinned Gaussian formalization	2026-10-09T00:35:05.4422718Z   haveI̵
gaussian-three	Build exact pinned Gaussian formalization	2026-10-09T00:35:05.4423053Z 
gaussian-three	Build exact pinned Gaussian formalization	2026-10-09T00:35:05.4441337Z The goal is a proposition, so `have` is preferred over `haveI`.
gaussian-three	Build exact pinned Gaussian formalization	2026-10-09T00:35:05.4461338Z The difference between `have` and `haveI` is that `haveI` inlines the value.
gaussian-three	Build exact pinned Gaussian formalization	2026-10-09T00:35:05.4491368Z But this is not relevant for proofs because of proof irrelevance.
gaussian-three	Build exact pinned Gaussian formalization	2026-10-09T00:35:05.4521013Z 
gaussian-three	Build exact pinned Gaussian formalization	2026-10-09T00:35:05.4541627Z Note: This linter can be disabled with `set_option linter.style.haveILetI false`
gaussian-three	Build exact pinned Gaussian formalization	2026-10-09T00:35:06.7371956Z ✔ [3753/3884] Built GaussianRadialEquality (3.0s)
gaussian-three	Build exact pinned Gaussian formalization	2026-10-09T00:35:07.0343575Z ✔ [3754/3884] Built GaussianPrices (4.2s)
gaussian-three	Build exact pinned Gaussian formalization	2026-10-09T00:35:08.8422079Z ⚠ [3755/3884] Built GaussianHalfspaceFlux (4.6s)
gaussian-three	Build exact pinned Gaussian formalization	2026-10-09T00:35:08.8481569Z warning: sources/GaussianHalfspaceFlux.lean:83:51: This simp argument is unused:
gaussian-three	Build exact pinned Gaussian formalization	2026-10-09T00:35:08.8482370Z   real_inner_self_eq_norm_sq
gaussian-three	Build exact pinned Gaussian formalization	2026-10-09T00:35:08.8482647Z 
gaussian-three	Build exact pinned Gaussian formalization	2026-10-09T00:35:08.8482826Z Hint: Omit it from the simp argument list.
gaussian-three	Build exact pinned Gaussian formalization	2026-10-09T00:35:08.8483398Z   [apply] simp [r, inner_sub_left, real_inner_smul_left, hu]
gaussian-three	Build exact pinned Gaussian formalization	2026-10-09T00:35:08.8484285Z 
gaussian-three	Build exact pinned Gaussian formalization	2026-10-09T00:35:08.8484663Z Note: This linter can be disabled with `set_option linter.unusedSimpArgs false`
gaussian-three	Build exact pinned Gaussian formalization	2026-10-09T00:35:09.1413277Z ✔ [3756/3884] Built GaussianWeightedHalflineFlux (3.8s)
gaussian-three	Build exact pinned Gaussian formalization	2026-10-09T00:35:10.4442066Z ⚠ [3757/3884] Built GaussianSliceFlux (3.7s)
gaussian-three	Build exact pinned Gaussian formalization	2026-10-09T00:35:10.4471406Z warning: sources/GaussianSliceFlux.lean:12:2: Try this: 
gaussian-three	Build exact pinned Gaussian formalization	2026-10-09T00:35:10.4501335Z   haveI̵
gaussian-three	Build exact pinned Gaussian formalization	2026-10-09T00:35:10.4530950Z 
gaussian-three	Build exact pinned Gaussian formalization	2026-10-09T00:35:10.4531648Z The goal is a proposition, so `have` is preferred over `haveI`.
gaussian-three	Build exact pinned Gaussian formalization	2026-10-09T00:35:10.4541390Z The difference between `have` and `haveI` is that `haveI` inlines the value.
gaussian-three	Build exact pinned Gaussian formalization	2026-10-09T00:35:10.4561500Z But this is not relevant for proofs because of proof irrelevance.
gaussian-three	Build exact pinned Gaussian formalization	2026-10-09T00:35:10.4591043Z 
gaussian-three	Build exact pinned Gaussian formalization	2026-10-09T00:35:10.4601282Z Note: This linter can be disabled with `set_option linter.style.haveILetI false`
gaussian-three	Build exact pinned Gaussian formalization	2026-10-09T00:35:10.4631172Z warning: sources/GaussianSliceFlux.lean:21:2: Try this: 
gaussian-three	Build exact pinned Gaussian formalization	2026-10-09T00:35:10.4651446Z   haveI̵
gaussian-three	Build exact pinned Gaussian formalization	2026-10-09T00:35:10.4681042Z 
gaussian-three	Build exact pinned Gaussian formalization	2026-10-09T00:35:10.4691207Z The goal is a proposition, so `have` is preferred over `haveI`.
gaussian-three	Build exact pinned Gaussian formalization	2026-10-09T00:35:10.4721235Z The difference between `have` and `haveI` is that `haveI` inlines the value.
gaussian-three	Build exact pinned Gaussian formalization	2026-10-09T00:35:10.4741353Z But this is not relevant for proofs because of proof irrelevance.
gaussian-three	Build exact pinned Gaussian formalization	2026-10-09T00:35:10.4780945Z 
gaussian-three	Build exact pinned Gaussian formalization	2026-10-09T00:35:10.4801502Z Note: This linter can be disabled with `set_option linter.style.haveILetI false`
gaussian-three	Build exact pinned Gaussian formalization	2026-10-09T00:35:12.3466941Z ✔ [3758/3884] Built GaussianLebesgueDensity (5.3s)
gaussian-three	Build exact pinned Gaussian formalization	2026-10-09T00:35:12.9476134Z ⚠ [3759/3884] Built GaussianBalancedPrices (4.1s)
gaussian-three	Build exact pinned Gaussian formalization	2026-10-09T00:35:12.9502020Z warning: sources/GaussianBalancedPrices.lean:19:0: automatically included section variable(s) unused in theorem `GaussianMeasureBridge.coordinateShift_zero`:
gaussian-three	Build exact pinned Gaussian formalization	2026-10-09T00:35:12.9521219Z   [NeZero k]
gaussian-three	Build exact pinned Gaussian formalization	2026-10-09T00:35:12.9551813Z consider restructuring your `variable` declarations so that the variables are not in scope or explicitly omit them:
gaussian-three	Build exact pinned Gaussian formalization	2026-10-09T00:35:12.9561163Z   omit [NeZero k] in theorem ...
gaussian-three	Build exact pinned Gaussian formalization	2026-10-09T00:35:12.9561477Z 
gaussian-three	Build exact pinned Gaussian formalization	2026-10-09T00:35:12.9561877Z Note: This linter can be disabled with `set_option linter.unusedSectionVars false`
gaussian-three	Build exact pinned Gaussian formalization	2026-10-09T00:35:12.9563371Z warning: sources/GaussianBalancedPrices.lean:23:0: automatically included section variable(s) unused in theorem `GaussianMeasureBridge.coordinateShift_dist_le`:
gaussian-three	Build exact pinned Gaussian formalization	2026-10-09T00:35:12.9564595Z   [NeZero k]
gaussian-three	Build exact pinned Gaussian formalization	2026-10-09T00:35:12.9565365Z consider restructuring your `variable` declarations so that the variables are not in scope or explicitly omit them:
gaussian-three	Build exact pinned Gaussian formalization	2026-10-09T00:35:12.9566287Z   omit [NeZero k] in theorem ...
gaussian-three	Build exact pinned Gaussian formalization	2026-10-09T00:35:12.9566587Z 
gaussian-three	Build exact pinned Gaussian formalization	2026-10-09T00:35:12.9566965Z Note: This linter can be disabled with `set_option linter.unusedSectionVars false`
gaussian-three	Build exact pinned Gaussian formalization	2026-10-09T00:35:12.9568416Z warning: sources/GaussianBalancedPrices.lean:46:0: automatically included section variable(s) unused in theorem `GaussianMeasureBridge.winningCell_disjoint`:
gaussian-three	Build exact pinned Gaussian formalization	2026-10-09T00:35:12.9569609Z   [NeZero k]
gaussian-three	Build exact pinned Gaussian formalization	2026-10-09T00:35:12.9570386Z consider restructuring your `variable` declarations so that the variables are not in scope or explicitly omit them:
gaussian-three	Build exact pinned Gaussian formalization	2026-10-09T00:35:12.9601643Z   omit [NeZero k] in theorem ...
gaussian-three	Build exact pinned Gaussian formalization	2026-10-09T00:35:12.9601939Z 
gaussian-three	Build exact pinned Gaussian formalization	2026-10-09T00:35:12.9602337Z Note: This linter can be disabled with `set_option linter.unusedSectionVars false`
gaussian-three	Build exact pinned Gaussian formalization	2026-10-09T00:35:12.9603850Z warning: sources/GaussianBalancedPrices.lean:120:0: automatically included section variable(s) unused in theorem `GaussianMeasureBridge.weighted_price_coordinate`:
gaussian-three	Build exact pinned Gaussian formalization	2026-10-09T00:35:12.9605088Z   [NeZero k]
gaussian-three	Build exact pinned Gaussian formalization	2026-10-09T00:35:12.9605862Z consider restructuring your `variable` declarations so that the variables are not in scope or explicitly omit them:
gaussian-three	Build exact pinned Gaussian formalization	2026-10-09T00:35:12.9606801Z   omit [NeZero k] in theorem ...
gaussian-three	Build exact pinned Gaussian formalization	2026-10-09T00:35:12.9607082Z 
gaussian-three	Build exact pinned Gaussian formalization	2026-10-09T00:35:12.9607466Z Note: This linter can be disabled with `set_option linter.unusedSectionVars false`
gaussian-three	Build exact pinned Gaussian formalization	2026-10-09T00:35:12.9608430Z warning: sources/GaussianBalancedPrices.lean:134:10: This simp argument is unused:
gaussian-three	Build exact pinned Gaussian formalization	2026-10-09T00:35:12.9609465Z   add_assoc
gaussian-three	Build exact pinned Gaussian formalization	2026-10-09T00:35:12.9609642Z 
gaussian-three	Build exact pinned Gaussian formalization	2026-10-09T00:35:12.9609821Z Hint: Omit it from the simp argument list.
gaussian-three	Build exact pinned Gaussian formalization	2026-10-09T00:35:12.9610278Z   [apply] simp
gaussian-three	Build exact pinned Gaussian formalization	2026-10-09T00:35:12.9610471Z 
gaussian-three	Build exact pinned Gaussian formalization	2026-10-09T00:35:12.9611018Z Note: This linter can be disabled with `set_option linter.unusedSimpArgs false`
gaussian-three	Build exact pinned Gaussian formalization	2026-10-09T00:35:13.1479945Z ✔ [3760/3884] Built GaussianRealBVPerimeter (3.0s)
gaussian-three	Build exact pinned Gaussian formalization	2026-10-09T00:35:13.9512056Z ✔ [3761/3884] Built GaussianRealStein (3.6s)
gaussian-three	Build exact pinned Gaussian formalization	2026-10-09T00:35:15.6551930Z ✔ [3762/3884] Built GaussianMaskedSliceFlux (3.3s)
gaussian-three	Build exact pinned Gaussian formalization	2026-10-09T00:35:16.5531264Z ✔ [3763/3884] Built GaussianDensityMeasure (3.7s)
gaussian-three	Build exact pinned Gaussian formalization	2026-10-09T00:35:16.8532813Z ✔ [3764/3884] Built GaussianWinningPartition (3.7s)
gaussian-three	Build exact pinned Gaussian formalization	2026-10-09T00:35:17.6534448Z ⚠ [3765/3884] Built GaussianVariationalPerimeter (3.7s)
gaussian-three	Build exact pinned Gaussian formalization	2026-10-09T00:35:17.6552849Z warning: sources/GaussianVariationalPerimeter.lean:42:4: `ContinuousLinearMap.zero_apply` has been deprecated: Use `zero_apply` instead
gaussian-three	Build exact pinned Gaussian formalization	2026-10-09T00:35:17.6553678Z 
gaussian-three	Build exact pinned Gaussian formalization	2026-10-09T00:35:17.6554195Z Note: The updated constant is in a different namespace. Dot notation may need to be changed (e.g., from `x.zero_apply` to `zero_apply x`).
gaussian-three	Build exact pinned Gaussian formalization	2026-10-09T00:35:19.4602314Z ✔ [3766/3884] Built GaussianCoordinateStein (3.9s)
gaussian-three	Build exact pinned Gaussian formalization	2026-10-09T00:35:19.8616963Z ✔ [3767/3884] Built GaussianPolyhedralGraphFlux (2.0s)
gaussian-three	Build exact pinned Gaussian formalization	2026-10-09T00:35:20.6644107Z ⚠ [3768/3884] Built GaussianUniquePrices (3.8s)
gaussian-three	Build exact pinned Gaussian formalization	2026-10-09T00:35:20.6645849Z warning: sources/GaussianUniquePrices.lean:29:0: automatically included section variable(s) unused in theorem `GaussianMeasureBridge.weighted_priceMid`:
gaussian-three	Build exact pinned Gaussian formalization	2026-10-09T00:35:20.6647231Z   [NeZero k]
gaussian-three	Build exact pinned Gaussian formalization	2026-10-09T00:35:20.6648138Z consider restructuring your `variable` declarations so that the variables are not in scope or explicitly omit them:
gaussian-three	Build exact pinned Gaussian formalization	2026-10-09T00:35:20.6649189Z   omit [NeZero k] in theorem ...
gaussian-three	Build exact pinned Gaussian formalization	2026-10-09T00:35:20.6649646Z 
gaussian-three	Build exact pinned Gaussian formalization	2026-10-09T00:35:20.6650190Z Note: This linter can be disabled with `set_option linter.unusedSectionVars false`
gaussian-three	Build exact pinned Gaussian formalization	2026-10-09T00:35:23.0742214Z ⚠ [3769/3884] Built GaussianTailCalculus (3.2s)
gaussian-three	Build exact pinned Gaussian formalization	2026-10-09T00:35:23.0743324Z warning: sources/GaussianTailCalculus.lean:17:4: try 'simp' instead of 'simpa'
gaussian-three	Build exact pinned Gaussian formalization	2026-10-09T00:35:23.0744179Z 
gaussian-three	Build exact pinned Gaussian formalization	2026-10-09T00:35:23.0744814Z Note: This linter can be disabled with `set_option linter.unnecessarySimpa false`
gaussian-three	Build exact pinned Gaussian formalization	2026-10-09T00:35:23.3751995Z ✔ [3770/3884] Built GaussianPrimalDual (2.7s)
gaussian-three	Build exact pinned Gaussian formalization	2026-10-09T00:35:23.3753199Z ✔ [3771/3884] Built GaussianAllCoordinateStein (3.8s)
gaussian-three	Build exact pinned Gaussian formalization	2026-10-09T00:35:26.6852246Z ⚠ [3772/3884] Built GaussianRealPerimeterBridge (3.6s)
gaussian-three	Build exact pinned Gaussian formalization	2026-10-09T00:35:26.6861820Z warning: sources/GaussianRealPerimeterBridge.lean:21:34: This simp argument is unused:
gaussian-three	Build exact pinned Gaussian formalization	2026-10-09T00:35:26.6891262Z   Real.dist_eq
gaussian-three	Build exact pinned Gaussian formalization	2026-10-09T00:35:26.6891568Z 
gaussian-three	Build exact pinned Gaussian formalization	2026-10-09T00:35:26.6891780Z Hint: Omit it from the simp argument list.
gaussian-three	Build exact pinned Gaussian formalization	2026-10-09T00:35:26.6892351Z   [apply] simp [abs_of_nonneg ht]
gaussian-three	Build exact pinned Gaussian formalization	2026-10-09T00:35:26.6892678Z 
gaussian-three	Build exact pinned Gaussian formalization	2026-10-09T00:35:26.6893111Z Note: This linter can be disabled with `set_option linter.unusedSimpArgs false`
gaussian-three	Build exact pinned Gaussian formalization	2026-10-09T00:35:27.0850534Z ✔ [3773/3884] Built GaussianFractionalEquality (3.7s)
gaussian-three	Build exact pinned Gaussian formalization	2026-10-09T00:35:27.2853078Z ✔ [3774/3884] Built GaussianBalancedValue (3.9s)
gaussian-three	Build exact pinned Gaussian formalization	2026-10-09T00:35:28.0911924Z ✔ [3775/3884] Built GaussianDivergenceStein (4.7s)
gaussian-three	Build exact pinned Gaussian formalization	2026-10-09T00:35:31.0975564Z ⚠ [3776/3884] Built GaussianValueScaling (3.8s)
gaussian-three	Build exact pinned Gaussian formalization	2026-10-09T00:35:31.0977367Z warning: sources/GaussianValueScaling.lean:92:0: automatically included section variable(s) unused in theorem `GaussianMeasureBridge.FractionalPartition.momentEnergy_nonneg`:
gaussian-three	Build exact pinned Gaussian formalization	2026-10-09T00:35:31.1001249Z   [NeZero k]
gaussian-three	Build exact pinned Gaussian formalization	2026-10-09T00:35:31.1031669Z consider restructuring your `variable` declarations so that the variables are not in scope or explicitly omit them:
gaussian-three	Build exact pinned Gaussian formalization	2026-10-09T00:35:31.1032846Z   omit [NeZero k] in theorem ...
gaussian-three	Build exact pinned Gaussian formalization	2026-10-09T00:35:31.1061187Z 
gaussian-three	Build exact pinned Gaussian formalization	2026-10-09T00:35:31.1088324Z Note: This linter can be disabled with `set_option linter.unusedSectionVars false`
gaussian-three	Build exact pinned Gaussian formalization	2026-10-09T00:35:31.7984556Z ✔ [3777/3884] Built GaussianBVBasicIdentities (3.8s)
gaussian-three	Build exact pinned Gaussian formalization	2026-10-09T00:35:32.7012046Z ✔ [3778/3884] Built GaussianHalfspaceTestFlux (4.7s)
gaussian-three	Build exact pinned Gaussian formalization	2026-10-09T00:35:34.4101885Z ⚠ [3779/3884] Built GaussianScoreDerivative (7.1s)
gaussian-three	Build exact pinned Gaussian formalization	2026-10-09T00:35:34.4112075Z warning: sources/GaussianScoreDerivative.lean:17:8: automatically included section variable(s) unused in theorem `GaussianMeasureBridge.affineScores_zero`:
gaussian-three	Build exact pinned Gaussian formalization	2026-10-09T00:35:34.4161427Z   [NeZero k]
gaussian-three	Build exact pinned Gaussian formalization	2026-10-09T00:35:34.4191858Z consider restructuring your `variable` declarations so that the variables are not in scope or explicitly omit them:
gaussian-three	Build exact pinned Gaussian formalization	2026-10-09T00:35:34.4221281Z   omit [NeZero k] in theorem ...
gaussian-three	Build exact pinned Gaussian formalization	2026-10-09T00:35:34.4251079Z 
gaussian-three	Build exact pinned Gaussian formalization	2026-10-09T00:35:34.4281573Z Note: This linter can be disabled with `set_option linter.unusedSectionVars false`
gaussian-three	Build exact pinned Gaussian formalization	2026-10-09T00:35:34.4312087Z warning: sources/GaussianScoreDerivative.lean:20:8: automatically included section variable(s) unused in theorem `GaussianMeasureBridge.affinePrices_zero`:
gaussian-three	Build exact pinned Gaussian formalization	2026-10-09T00:35:34.4341260Z   [NeZero k]
gaussian-three	Build exact pinned Gaussian formalization	2026-10-09T00:35:34.4371774Z consider restructuring your `variable` declarations so that the variables are not in scope or explicitly omit them:
gaussian-three	Build exact pinned Gaussian formalization	2026-10-09T00:35:34.4401290Z   omit [NeZero k] in theorem ...
gaussian-three	Build exact pinned Gaussian formalization	2026-10-09T00:35:34.4431085Z 
gaussian-three	Build exact pinned Gaussian formalization	2026-10-09T00:35:34.4461565Z Note: This linter can be disabled with `set_option linter.unusedSectionVars false`
gaussian-three	Build exact pinned Gaussian formalization	2026-10-09T00:35:34.4492183Z warning: sources/GaussianScoreDerivative.lean:23:0: automatically included section variable(s) unused in theorem `GaussianMeasureBridge.directional_score_abs_le`:
gaussian-three	Build exact pinned Gaussian formalization	2026-10-09T00:35:34.4521260Z   [NeZero k]
gaussian-three	Build exact pinned Gaussian formalization	2026-10-09T00:35:34.4551833Z consider restructuring your `variable` declarations so that the variables are not in scope or explicitly omit them:
gaussian-three	Build exact pinned Gaussian formalization	2026-10-09T00:35:34.4581329Z   omit [NeZero k] in theorem ...
gaussian-three	Build exact pinned Gaussian formalization	2026-10-09T00:35:34.4611125Z 
gaussian-three	Build exact pinned Gaussian formalization	2026-10-09T00:35:34.4641681Z Note: This linter can be disabled with `set_option linter.unusedSectionVars false`
gaussian-three	Build exact pinned Gaussian formalization	2026-10-09T00:35:35.5122113Z ✔ [3780/3884] Built GaussianSmoothTestProduct (4.4s)
gaussian-three	Build exact pinned Gaussian formalization	2026-10-09T00:35:36.9181993Z ✔ [3781/3884] Built GaussianBVIndicatorContinuity (4.2s)
gaussian-three	Build exact pinned Gaussian formalization	2026-10-09T00:35:38.1204718Z ⚠ [3782/3884] Built GaussianCovarianceValue (6.2s)
gaussian-three	Build exact pinned Gaussian formalization	2026-10-09T00:35:38.1232320Z warning: sources/GaussianCovarianceValue.lean:94:0: automatically included section variable(s) unused in theorem `GaussianMeasureBridge.scoreGram_covarianceRows`:
gaussian-three	Build exact pinned Gaussian formalization	2026-10-09T00:35:38.1281284Z   [NeZero k]
gaussian-three	Build exact pinned Gaussian formalization	2026-10-09T00:35:38.1351701Z consider restructuring your `variable` declarations so that the variables are not in scope or explicitly omit them:
gaussian-three	Build exact pinned Gaussian formalization	2026-10-09T00:35:38.1381261Z   omit [NeZero k] in theorem ...
gaussian-three	Build exact pinned Gaussian formalization	2026-10-09T00:35:38.1381578Z 
gaussian-three	Build exact pinned Gaussian formalization	2026-10-09T00:35:38.1381926Z Note: This linter can be disabled with `set_option linter.unusedSectionVars false`
gaussian-three	Build exact pinned Gaussian formalization	2026-10-09T00:35:38.1383204Z warning: sources/GaussianCovarianceValue.lean:112:0: automatically included section variable(s) unused in theorem `GaussianMeasureBridge.scoreGram_smul`:
gaussian-three	Build exact pinned Gaussian formalization	2026-10-09T00:35:38.1441118Z   [NeZero k]
gaussian-three	Build exact pinned Gaussian formalization	2026-10-09T00:35:38.1531507Z consider restructuring your `variable` declarations so that the variables are not in scope or explicitly omit them:
gaussian-three	Build exact pinned Gaussian formalization	2026-10-09T00:35:38.1561106Z   omit [NeZero k] in theorem ...
gaussian-three	Build exact pinned Gaussian formalization	2026-10-09T00:35:38.1621267Z 
gaussian-three	Build exact pinned Gaussian formalization	2026-10-09T00:35:38.1681425Z Note: This linter can be disabled with `set_option linter.unusedSectionVars false`
gaussian-three	Build exact pinned Gaussian formalization	2026-10-09T00:35:39.0222090Z ✔ [3783/3884] Built GaussianHalfspaceBVPerimeter (4.7s)
gaussian-three	Build exact pinned Gaussian formalization	2026-10-09T00:35:40.4252353Z ⚠ [3784/3884] Built GaussianGraphMassDerivative (4.0s)
gaussian-three	Build exact pinned Gaussian formalization	2026-10-09T00:35:40.4281777Z warning: sources/GaussianGraphMassDerivative.lean:35:4: try 'simp' instead of 'simpa'
gaussian-three	Build exact pinned Gaussian formalization	2026-10-09T00:35:40.4311269Z 
gaussian-three	Build exact pinned Gaussian formalization	2026-10-09T00:35:40.4341652Z Note: This linter can be disabled with `set_option linter.unnecessarySimpa false`
gaussian-three	Build exact pinned Gaussian formalization	2026-10-09T00:35:42.6331998Z ✔ [3785/3884] Built GaussianUnrestrictedDivergence (4.6s)
gaussian-three	Build exact pinned Gaussian formalization	2026-10-09T00:35:43.0342146Z ✔ [3786/3884] Built GaussianBVApproximation (3.0s)
gaussian-three	Build exact pinned Gaussian formalization	2026-10-09T00:35:43.8339590Z ✔ [3787/3884] Built GaussianIndicatorMassLimit (3.4s)
gaussian-three	Build exact pinned Gaussian formalization	2026-10-09T00:35:44.6340628Z ⚠ [3788/3884] Built GaussianBalancedEnvelopeDirection (7.6s)
gaussian-three	Build exact pinned Gaussian formalization	2026-10-09T00:35:44.6352206Z warning: sources/GaussianBalancedEnvelopeDirection.lean:9:0: automatically included section variable(s) unused in theorem `GaussianMeasureBridge.affine_weighted_prices`:
gaussian-three	Build exact pinned Gaussian formalization	2026-10-09T00:35:44.6381324Z   [NeZero k]
gaussian-three	Build exact pinned Gaussian formalization	2026-10-09T00:35:44.6411602Z consider restructuring your `variable` declarations so that the variables are not in scope or explicitly omit them:
gaussian-three	Build exact pinned Gaussian formalization	2026-10-09T00:35:44.6421198Z   omit [NeZero k] in theorem ...
gaussian-three	Build exact pinned Gaussian formalization	2026-10-09T00:35:44.6451020Z 
gaussian-three	Build exact pinned Gaussian formalization	2026-10-09T00:35:44.6471470Z Note: This linter can be disabled with `set_option linter.unusedSectionVars false`
gaussian-three	Build exact pinned Gaussian formalization	2026-10-09T00:35:45.9364471Z ✔ [3789/3884] Built GaussianBVClusterLimit (3.3s)
gaussian-three	Build exact pinned Gaussian formalization	2026-10-09T00:35:46.8422023Z ⚠ [3790/3884] Built GaussianMinimalCovarianceRows (3.8s)
gaussian-three	Build exact pinned Gaussian formalization	2026-10-09T00:35:46.8452351Z warning: sources/GaussianMinimalCovarianceRows.lean:18:0: automatically included section variable(s) unused in theorem `GaussianMeasureBridge.minimalCovarianceRows_sum`:
gaussian-three	Build exact pinned Gaussian formalization	2026-10-09T00:35:46.8461288Z   [NeZero n]
gaussian-three	Build exact pinned Gaussian formalization	2026-10-09T00:35:46.8481675Z consider restructuring your `variable` declarations so that the variables are not in scope or explicitly omit them:
gaussian-three	Build exact pinned Gaussian formalization	2026-10-09T00:35:46.8511203Z   omit [NeZero n] in theorem ...
gaussian-three	Build exact pinned Gaussian formalization	2026-10-09T00:35:46.8541020Z 
gaussian-three	Build exact pinned Gaussian formalization	2026-10-09T00:35:46.8611698Z Note: This linter can be disabled with `set_option linter.unusedSectionVars false`
gaussian-three	Build exact pinned Gaussian formalization	2026-10-09T00:35:46.8621594Z warning: sources/GaussianMinimalCovarianceRows.lean:45:8: This simp argument is unused:
gaussian-three	Build exact pinned Gaussian formalization	2026-10-09T00:35:46.8641260Z   neg_neg
gaussian-three	Build exact pinned Gaussian formalization	2026-10-09T00:35:46.8651039Z 
gaussian-three	Build exact pinned Gaussian formalization	2026-10-09T00:35:46.8681209Z Hint: Omit it from the simp argument list.
gaussian-three	Build exact pinned Gaussian formalization	2026-10-09T00:35:46.8711595Z   [apply] simp only [scoreGram, minimalCovarianceRows, Fin.cons_zero, inner_neg_left, inner_neg_right, sum_inner,
gaussian-three	Build exact pinned Gaussian formalization	2026-10-09T00:35:46.8731259Z     inner_sum, hnorm]
gaussian-three	Build exact pinned Gaussian formalization	2026-10-09T00:35:46.8741029Z 
gaussian-three	Build exact pinned Gaussian formalization	2026-10-09T00:35:46.8771415Z Note: This linter can be disabled with `set_option linter.unusedSimpArgs false`
gaussian-three	Build exact pinned Gaussian formalization	2026-10-09T00:35:47.4414405Z ⚠ [3791/3884] Built GaussianCovarianceContinuity (3.5s)
gaussian-three	Build exact pinned Gaussian formalization	2026-10-09T00:35:47.4492409Z warning: sources/GaussianCovarianceContinuity.lean:15:0: automatically included section variable(s) unused in theorem `GaussianMeasureBridge.continuousOn_covarianceRows`:
gaussian-three	Build exact pinned Gaussian formalization	2026-10-09T00:35:47.4521273Z   [NeZero k]
gaussian-three	Build exact pinned Gaussian formalization	2026-10-09T00:35:47.4551845Z consider restructuring your `variable` declarations so that the variables are not in scope or explicitly omit them:
gaussian-three	Build exact pinned Gaussian formalization	2026-10-09T00:35:47.4581417Z   omit [NeZero k] in theorem ...
gaussian-three	Build exact pinned Gaussian formalization	2026-10-09T00:35:47.4641276Z 
gaussian-three	Build exact pinned Gaussian formalization	2026-10-09T00:35:47.4691801Z Note: This linter can be disabled with `set_option linter.unusedSectionVars false`
gaussian-three	Build exact pinned Gaussian formalization	2026-10-09T00:35:48.2471993Z ⚠ [3792/3884] Built GaussianScoreSymmetry (3.7s)
gaussian-three	Build exact pinned Gaussian formalization	2026-10-09T00:35:48.2522262Z warning: sources/GaussianScoreSymmetry.lean:45:0: automatically included section variable(s) unused in theorem `GaussianMeasureBridge.standardRows_injective`:
gaussian-three	Build exact pinned Gaussian formalization	2026-10-09T00:35:48.2551479Z   [NeZero k]
gaussian-three	Build exact pinned Gaussian formalization	2026-10-09T00:35:48.2581862Z consider restructuring your `variable` declarations so that the variables are not in scope or explicitly omit them:
gaussian-three	Build exact pinned Gaussian formalization	2026-10-09T00:35:48.2591316Z   omit [NeZero k] in theorem ...
gaussian-three	Build exact pinned Gaussian formalization	2026-10-09T00:35:48.2591697Z 
gaussian-three	Build exact pinned Gaussian formalization	2026-10-09T00:35:48.2611818Z Note: This linter can be disabled with `set_option linter.unusedSectionVars false`
gaussian-three	Build exact pinned Gaussian formalization	2026-10-09T00:35:48.2642114Z warning: sources/GaussianScoreSymmetry.lean:48:0: automatically included section variable(s) unused in theorem `GaussianMeasureBridge.scoreGram_standardRows`:
gaussian-three	Build exact pinned Gaussian formalization	2026-10-09T00:35:48.2671240Z   [NeZero k]
gaussian-three	Build exact pinned Gaussian formalization	2026-10-09T00:35:48.2701716Z consider restructuring your `variable` declarations so that the variables are not in scope or explicitly omit them:
gaussian-three	Build exact pinned Gaussian formalization	2026-10-09T00:35:48.2731672Z   omit [NeZero k] in theorem ...
gaussian-three	Build exact pinned Gaussian formalization	2026-10-09T00:35:48.2761131Z 
gaussian-three	Build exact pinned Gaussian formalization	2026-10-09T00:35:48.2791528Z Note: This linter can be disabled with `set_option linter.unusedSectionVars false`
gaussian-three	Build exact pinned Gaussian formalization	2026-10-09T00:35:50.3492026Z ✔ [3793/3884] Built GaussianBVIsometry (4.5s)
gaussian-three	Build exact pinned Gaussian formalization	2026-10-09T00:35:50.4492086Z ⚠ [3794/3884] Built GaussianWeightedGraphFlux (3.6s)
gaussian-three	Build exact pinned Gaussian formalization	2026-10-09T00:35:50.4531866Z warning: sources/GaussianWeightedGraphFlux.lean:16:23: Variable name `hg` is not explicitly referenced.
gaussian-three	Build exact pinned Gaussian formalization	2026-10-09T00:35:50.4541331Z 
gaussian-three	Build exact pinned Gaussian formalization	2026-10-09T00:35:50.4552256Z Hint: The binding can be removed (if unused) or named `_` (if used implicitly). Alternatively, prefix the name with `_` to silence this warning:
gaussian-three	Build exact pinned Gaussian formalization	2026-10-09T00:35:50.4553744Z   [apply] _hg
gaussian-three	Build exact pinned Gaussian formalization	2026-10-09T00:35:50.4554069Z 
gaussian-three	Build exact pinned Gaussian formalization	2026-10-09T00:35:50.4554560Z Note: This linter can be disabled with `set_option linter.unusedVariables false`
gaussian-three	Build exact pinned Gaussian formalization	2026-10-09T00:35:52.0582095Z ✔ [3795/3884] Built GaussianBVUpperLimit (3.8s)
gaussian-three	Build exact pinned Gaussian formalization	2026-10-09T00:35:52.0641625Z ✔ [3796/3884] Built GaussianLebesgueDivergence (4.7s)
gaussian-three	Build exact pinned Gaussian formalization	2026-10-09T00:35:53.9691666Z ⚠ [3797/3884] Built GaussianMomentCovariance (3.5s)
gaussian-three	Build exact pinned Gaussian formalization	2026-10-09T00:35:53.9722043Z warning: sources/GaussianMomentCovariance.lean:16:0: automatically included section variable(s) unused in theorem `GaussianMeasureBridge.FractionalPartition.scoreGram_moment_centered`:
gaussian-three	Build exact pinned Gaussian formalization	2026-10-09T00:35:53.9724270Z   [NeZero k]
gaussian-three	Build exact pinned Gaussian formalization	2026-10-09T00:35:53.9751647Z consider restructuring your `variable` declarations so that the variables are not in scope or explicitly omit them:
gaussian-three	Build exact pinned Gaussian formalization	2026-10-09T00:35:53.9781222Z   omit [NeZero k] in theorem ...
gaussian-three	Build exact pinned Gaussian formalization	2026-10-09T00:35:53.9801116Z 
gaussian-three	Build exact pinned Gaussian formalization	2026-10-09T00:35:53.9811555Z Note: This linter can be disabled with `set_option linter.unusedSectionVars false`
gaussian-three	Build exact pinned Gaussian formalization	2026-10-09T00:35:53.9842192Z warning: sources/GaussianMomentCovariance.lean:20:0: automatically included section variable(s) unused in theorem `GaussianMeasureBridge.FractionalPartition.trace_scoreGram_moment`:
gaussian-three	Build exact pinned Gaussian formalization	2026-10-09T00:35:53.9871178Z   [NeZero k]
gaussian-three	Build exact pinned Gaussian formalization	2026-10-09T00:35:53.9891560Z consider restructuring your `variable` declarations so that the variables are not in scope or explicitly omit them:
gaussian-three	Build exact pinned Gaussian formalization	2026-10-09T00:35:53.9901270Z   omit [NeZero k] in theorem ...
gaussian-three	Build exact pinned Gaussian formalization	2026-10-09T00:35:53.9931074Z 
gaussian-three	Build exact pinned Gaussian formalization	2026-10-09T00:35:53.9951370Z Note: This linter can be disabled with `set_option linter.unusedSectionVars false`
gaussian-three	Build exact pinned Gaussian formalization	2026-10-09T00:35:54.2696227Z ✔ [3798/3884] Built GaussianSmoothWinningApproximation (3.9s)
gaussian-three	Build exact pinned Gaussian formalization	2026-10-09T00:35:56.0742781Z ⚠ [3799/3884] Built GaussianRotationalMomentIdentity (3.0s)
gaussian-three	Build exact pinned Gaussian formalization	2026-10-09T00:35:56.0782370Z warning: sources/GaussianRotationalMomentIdentity.lean:12:0: automatically included section variable(s) unused in theorem `GaussianMeasureBridge.scoreGram_skew_path_even`:
gaussian-three	Build exact pinned Gaussian formalization	2026-10-09T00:35:56.0811098Z   [NeZero k]
gaussian-three	Build exact pinned Gaussian formalization	2026-10-09T00:35:56.0841558Z consider restructuring your `variable` declarations so that the variables are not in scope or explicitly omit them:
gaussian-three	Build exact pinned Gaussian formalization	2026-10-09T00:35:56.0842526Z   omit [NeZero k] in theorem ...
gaussian-three	Build exact pinned Gaussian formalization	2026-10-09T00:35:56.0871068Z 
gaussian-three	Build exact pinned Gaussian formalization	2026-10-09T00:35:56.0901549Z Note: This linter can be disabled with `set_option linter.unusedSectionVars false`
gaussian-three	Build exact pinned Gaussian formalization	2026-10-09T00:35:56.0931861Z warning: sources/GaussianRotationalMomentIdentity.lean:59:49: This simp argument is unused:
gaussian-three	Build exact pinned Gaussian formalization	2026-10-09T00:35:56.0951616Z   real_inner_smul_left
gaussian-three	Build exact pinned Gaussian formalization	2026-10-09T00:35:56.0990926Z 
gaussian-three	Build exact pinned Gaussian formalization	2026-10-09T00:35:56.0991169Z Hint: Omit it from the simp argument list.
gaussian-three	Build exact pinned Gaussian formalization	2026-10-09T00:35:56.0991913Z   [apply] simp [h, e, inner_sub_left, inner_sub_right, real_inner_smul_right, PiLp.inner_apply]
gaussian-three	Build exact pinned Gaussian formalization	2026-10-09T00:35:56.0992558Z 
gaussian-three	Build exact pinned Gaussian formalization	2026-10-09T00:35:56.1028557Z Note: This linter can be disabled with `set_option linter.unusedSimpArgs false`
gaussian-three	Build exact pinned Gaussian formalization	2026-10-09T00:35:56.1078488Z warning: sources/GaussianRotationalMomentIdentity.lean:60:6: This simp argument is unused:
gaussian-three	Build exact pinned Gaussian formalization	2026-10-09T00:35:56.1081230Z   real_inner_smul_right
gaussian-three	Build exact pinned Gaussian formalization	2026-10-09T00:35:56.1081507Z 
gaussian-three	Build exact pinned Gaussian formalization	2026-10-09T00:35:56.1081682Z Hint: Omit it from the simp argument list.
gaussian-three	Build exact pinned Gaussian formalization	2026-10-09T00:35:56.1082410Z   [apply] simp [h, e, inner_sub_left, inner_sub_right, real_inner_smul_left, PiLp.inner_apply]
gaussian-three	Build exact pinned Gaussian formalization	2026-10-09T00:35:56.1082981Z 
gaussian-three	Build exact pinned Gaussian formalization	2026-10-09T00:35:56.1083351Z Note: This linter can be disabled with `set_option linter.unusedSimpArgs false`
gaussian-three	Build exact pinned Gaussian formalization	2026-10-09T00:35:56.1742417Z ✔ [3800/3884] Built GaussianPriceContinuity (4.1s)
gaussian-three	Build exact pinned Gaussian formalization	2026-10-09T00:35:58.1812926Z ⚠ [3801/3884] Built GaussianRegularValue (4.2s)
gaussian-three	Build exact pinned Gaussian formalization	2026-10-09T00:35:58.1832155Z warning: sources/GaussianRegularValue.lean:61:0: automatically included section variable(s) unused in theorem `GaussianMeasureBridge.inner_standard_mean`:
gaussian-three	Build exact pinned Gaussian formalization	2026-10-09T00:35:58.1865670Z   [NeZero k]
gaussian-three	Build exact pinned Gaussian formalization	2026-10-09T00:35:58.1866547Z consider restructuring your `variable` declarations so that the variables are not in scope or explicitly omit them:
gaussian-three	Build exact pinned Gaussian formalization	2026-10-09T00:35:58.1881416Z   omit [NeZero k] in theorem ...
gaussian-three	Build exact pinned Gaussian formalization	2026-10-09T00:35:58.1911016Z 
gaussian-three	Build exact pinned Gaussian formalization	2026-10-09T00:35:58.1941468Z Note: This linter can be disabled with `set_option linter.unusedSectionVars false`
gaussian-three	Build exact pinned Gaussian formalization	2026-10-09T00:35:58.1971475Z warning: sources/GaussianRegularValue.lean:117:8: this tactic is never executed
gaussian-three	Build exact pinned Gaussian formalization	2026-10-09T00:35:58.2001006Z 
gaussian-three	Build exact pinned Gaussian formalization	2026-10-09T00:35:58.2031432Z Note: This linter can be disabled with `set_option linter.unreachableTactic false`
gaussian-three	Build exact pinned Gaussian formalization	2026-10-09T00:35:58.2051763Z warning: sources/GaussianRegularValue.lean:117:8: Unused tactic linter: `ring` does nothing
gaussian-three	Build exact pinned Gaussian formalization	2026-10-09T00:35:58.2052353Z 
gaussian-three	Build exact pinned Gaussian formalization	2026-10-09T00:35:58.2053307Z Note: This linter can be disabled with `set_option linter.unusedTactic false`
gaussian-three	Build exact pinned Gaussian formalization	2026-10-09T00:35:58.2832031Z ✔ [3802/3884] Built GaussianSmoothTransitionKernel (3.0s)
gaussian-three	Build exact pinned Gaussian formalization	2026-10-09T00:35:59.8881844Z ⚠ [3803/3884] Built GaussianGraphLift (3.8s)
gaussian-three	Build exact pinned Gaussian formalization	2026-10-09T00:35:59.8902529Z warning: sources/GaussianGraphLift.lean:18:8: automatically included section variable(s) unused in theorem `GaussianMeasureBridge.graphScores_zero`:
gaussian-three	Build exact pinned Gaussian formalization	2026-10-09T00:35:59.8931562Z   [NeZero k]
gaussian-three	Build exact pinned Gaussian formalization	2026-10-09T00:35:59.8968616Z consider restructuring your `variable` declarations so that the variables are not in scope or explicitly omit them:
gaussian-three	Build exact pinned Gaussian formalization	2026-10-09T00:35:59.8981610Z   omit [NeZero k] in theorem ...
gaussian-three	Build exact pinned Gaussian formalization	2026-10-09T00:35:59.8982055Z 
gaussian-three	Build exact pinned Gaussian formalization	2026-10-09T00:35:59.8982634Z Note: This linter can be disabled with `set_option linter.unusedSectionVars false`
gaussian-three	Build exact pinned Gaussian formalization	2026-10-09T00:35:59.8984109Z warning: sources/GaussianGraphLift.lean:19:8: automatically included section variable(s) unused in theorem `GaussianMeasureBridge.graphScores_succ`:
gaussian-three	Build exact pinned Gaussian formalization	2026-10-09T00:35:59.8985360Z   [NeZero k]
gaussian-three	Build exact pinned Gaussian formalization	2026-10-09T00:35:59.8986239Z consider restructuring your `variable` declarations so that the variables are not in scope or explicitly omit them:
gaussian-three	Build exact pinned Gaussian formalization	2026-10-09T00:35:59.8987263Z   omit [NeZero k] in theorem ...
gaussian-three	Build exact pinned Gaussian formalization	2026-10-09T00:35:59.8987682Z 
gaussian-three	Build exact pinned Gaussian formalization	2026-10-09T00:35:59.8988182Z Note: This linter can be disabled with `set_option linter.unusedSectionVars false`
gaussian-three	Build exact pinned Gaussian formalization	2026-10-09T00:35:59.8989638Z warning: sources/GaussianGraphLift.lean:21:8: automatically included section variable(s) unused in theorem `GaussianMeasureBridge.graphPrices_zero`:
gaussian-three	Build exact pinned Gaussian formalization	2026-10-09T00:35:59.8991058Z   [NeZero k]
gaussian-three	Build exact pinned Gaussian formalization	2026-10-09T00:35:59.8991925Z consider restructuring your `variable` declarations so that the variables are not in scope or explicitly omit them:
gaussian-three	Build exact pinned Gaussian formalization	2026-10-09T00:35:59.8992934Z   omit [NeZero k] in theorem ...
gaussian-three	Build exact pinned Gaussian formalization	2026-10-09T00:35:59.8993336Z 
gaussian-three	Build exact pinned Gaussian formalization	2026-10-09T00:35:59.8993829Z Note: This linter can be disabled with `set_option linter.unusedSectionVars false`
gaussian-three	Build exact pinned Gaussian formalization	2026-10-09T00:35:59.8995263Z warning: sources/GaussianGraphLift.lean:22:8: automatically included section variable(s) unused in theorem `GaussianMeasureBridge.graphPrices_succ`:
gaussian-three	Build exact pinned Gaussian formalization	2026-10-09T00:35:59.8996495Z   [NeZero k]
gaussian-three	Build exact pinned Gaussian formalization	2026-10-09T00:35:59.8997344Z consider restructuring your `variable` declarations so that the variables are not in scope or explicitly omit them:
gaussian-three	Build exact pinned Gaussian formalization	2026-10-09T00:35:59.8998344Z   omit [NeZero k] in theorem ...
gaussian-three	Build exact pinned Gaussian formalization	2026-10-09T00:35:59.8998764Z 
gaussian-three	Build exact pinned Gaussian formalization	2026-10-09T00:35:59.8999253Z Note: This linter can be disabled with `set_option linter.unusedSectionVars false`
gaussian-three	Build exact pinned Gaussian formalization	2026-10-09T00:35:59.9000968Z warning: sources/GaussianGraphLift.lean:24:0: automatically included section variable(s) unused in theorem `GaussianMeasureBridge.graphScores_injective`:
gaussian-three	Build exact pinned Gaussian formalization	2026-10-09T00:35:59.9002239Z   [NeZero k]
gaussian-three	Build exact pinned Gaussian formalization	2026-10-09T00:35:59.9003106Z consider restructuring your `variable` declarations so that the variables are not in scope or explicitly omit them:
gaussian-three	Build exact pinned Gaussian formalization	2026-10-09T00:35:59.9004111Z   omit [NeZero k] in theorem ...
gaussian-three	Build exact pinned Gaussian formalization	2026-10-09T00:35:59.9004511Z 
gaussian-three	Build exact pinned Gaussian formalization	2026-10-09T00:35:59.9005009Z Note: This linter can be disabled with `set_option linter.unusedSectionVars false`
gaussian-three	Build exact pinned Gaussian formalization	2026-10-09T00:35:59.9006475Z warning: sources/GaussianGraphLift.lean:58:0: automatically included section variable(s) unused in theorem `GaussianMeasureBridge.graph_winning_succ`:
gaussian-three	Build exact pinned Gaussian formalization	2026-10-09T00:35:59.9007693Z   [NeZero k]
gaussian-three	Build exact pinned Gaussian formalization	2026-10-09T00:35:59.9008574Z consider restructuring your `variable` declarations so that the variables are not in scope or explicitly omit them:
gaussian-three	Build exact pinned Gaussian formalization	2026-10-09T00:35:59.9009925Z   omit [NeZero k] in theorem ...
gaussian-three	Build exact pinned Gaussian formalization	2026-10-09T00:35:59.9010330Z 
gaussian-three	Build exact pinned Gaussian formalization	2026-10-09T00:35:59.9011024Z Note: This linter can be disabled with `set_option linter.unusedSectionVars false`
gaussian-three	Build exact pinned Gaussian formalization	2026-10-09T00:35:59.9879574Z ⚠ [3804/3884] Built GaussianWinningContinuity (3.8s)
gaussian-three	Build exact pinned Gaussian formalization	2026-10-09T00:35:59.9912250Z warning: sources/GaussianWinningContinuity.lean:8:0: automatically included section variable(s) unused in theorem `GaussianMeasureBridge.eventually_winning_parameters`:
gaussian-three	Build exact pinned Gaussian formalization	2026-10-09T00:35:59.9941184Z   [NeZero k]
gaussian-three	Build exact pinned Gaussian formalization	2026-10-09T00:35:59.9971569Z consider restructuring your `variable` declarations so that the variables are not in scope or explicitly omit them:
gaussian-three	Build exact pinned Gaussian formalization	2026-10-09T00:35:59.9973397Z   omit [NeZero k] in theorem ...
gaussian-three	Build exact pinned Gaussian formalization	2026-10-09T00:36:00.0001061Z 
gaussian-three	Build exact pinned Gaussian formalization	2026-10-09T00:36:00.0031723Z Note: This linter can be disabled with `set_option linter.unusedSectionVars false`
gaussian-three	Build exact pinned Gaussian formalization	2026-10-09T00:36:02.1912389Z ⚠ [3805/3884] Built GaussianRegularDimension (3.9s)
gaussian-three	Build exact pinned Gaussian formalization	2026-10-09T00:36:02.1914028Z warning: sources/GaussianRegularDimension.lean:27:21: This simp argument is unused:
gaussian-three	Build exact pinned Gaussian formalization	2026-10-09T00:36:02.1941544Z   Ne.symm (Fin.succ_ne_zero i)
gaussian-three	Build exact pinned Gaussian formalization	2026-10-09T00:36:02.1971233Z 
gaussian-three	Build exact pinned Gaussian formalization	2026-10-09T00:36:02.2001661Z Hint: Omit it from the simp argument list.
gaussian-three	Build exact pinned Gaussian formalization	2026-10-09T00:36:02.2003090Z   [apply] simp only [Matrix.gram_apply, inner_sub_left, inner_sub_right, hg, ite_true, Fin.succ_ne_zero,
gaussian-three	Build exact pinned Gaussian formalization	2026-10-09T00:36:02.2032261Z     Ne.symm (Fin.succ_ne_zero j), ite_false, Fin.succ_inj, Matrix.smul_apply, smul_eq_mul, Matrix.add_apply,
gaussian-three	Build exact pinned Gaussian formalization	2026-10-09T00:36:02.2061872Z     Matrix.one_apply, Matrix.vecMulVec_apply, mul_one, div_eq_mul_inv, Nat.cast_add, Nat.cast_one]
gaussian-three	Build exact pinned Gaussian formalization	2026-10-09T00:36:02.2221151Z 
gaussian-three	Build exact pinned Gaussian formalization	2026-10-09T00:36:02.2221947Z Note: This linter can be disabled with `set_option linter.unusedSimpArgs false`
gaussian-three	Build exact pinned Gaussian formalization	2026-10-09T00:36:02.8942327Z ⚠ [3806/3884] Built GaussianRegularPrincipal (4.7s)
gaussian-three	Build exact pinned Gaussian formalization	2026-10-09T00:36:02.8993400Z warning: sources/GaussianRegularPrincipal.lean:38:6: This simp argument is unused:
gaussian-three	Build exact pinned Gaussian formalization	2026-10-09T00:36:02.9021737Z   dotProduct_smul
gaussian-three	Build exact pinned Gaussian formalization	2026-10-09T00:36:02.9041222Z 
gaussian-three	Build exact pinned Gaussian formalization	2026-10-09T00:36:02.9101874Z Hint: Omit it from the simp argument list.
gaussian-three	Build exact pinned Gaussian formalization	2026-10-09T00:36:02.9162968Z   [apply] simp only [Matrix.smul_mulVec, Matrix.sub_mulVec, Matrix.one_mulVec, Matrix.vecMulVec_mulVec, dotProduct_sub,
gaussian-three	Build exact pinned Gaussian formalization	2026-10-09T00:36:02.9221938Z     star_trivial, Pi.one_apply, one_mul, smul_eq_mul, dotProduct, mul_one]
gaussian-three	Build exact pinned Gaussian formalization	2026-10-09T00:36:02.9331248Z 
gaussian-three	Build exact pinned Gaussian formalization	2026-10-09T00:36:02.9361824Z Note: This linter can be disabled with `set_option linter.unusedSimpArgs false`
gaussian-three	Build exact pinned Gaussian formalization	2026-10-09T00:36:02.9417203Z warning: sources/GaussianRegularPrincipal.lean:38:22: This simp argument is unused:
gaussian-three	Build exact pinned Gaussian formalization	2026-10-09T00:36:02.9418052Z   dotProduct_sub
gaussian-three	Build exact pinned Gaussian formalization	2026-10-09T00:36:02.9418327Z 
gaussian-three	Build exact pinned Gaussian formalization	2026-10-09T00:36:02.9418539Z Hint: Omit it from the simp argument list.
gaussian-three	Build exact pinned Gaussian formalization	2026-10-09T00:36:02.9419947Z   [apply] simp only [Matrix.smul_mulVec, Matrix.sub_mulVec, Matrix.one_mulVec, Matrix.vecMulVec_mulVec, dotProduct_smul,
gaussian-three	Build exact pinned Gaussian formalization	2026-10-09T00:36:02.9421346Z     star_trivial, Pi.one_apply, one_mul, smul_eq_mul, dotProduct, mul_one]
gaussian-three	Build exact pinned Gaussian formalization	2026-10-09T00:36:02.9421899Z 
gaussian-three	Build exact pinned Gaussian formalization	2026-10-09T00:36:02.9422283Z Note: This linter can be disabled with `set_option linter.unusedSimpArgs false`
gaussian-three	Build exact pinned Gaussian formalization	2026-10-09T00:36:02.9423299Z warning: sources/GaussianRegularPrincipal.lean:38:50: This simp argument is unused:
gaussian-three	Build exact pinned Gaussian formalization	2026-10-09T00:36:02.9424062Z   Pi.one_apply
gaussian-three	Build exact pinned Gaussian formalization	2026-10-09T00:36:02.9424258Z 
gaussian-three	Build exact pinned Gaussian formalization	2026-10-09T00:36:02.9424446Z Hint: Omit it from the simp argument list.
gaussian-three	Build exact pinned Gaussian formalization	2026-10-09T00:36:02.9425396Z   [apply] simp only [Matrix.smul_mulVec, Matrix.sub_mulVec, Matrix.one_mulVec, Matrix.vecMulVec_mulVec, dotProduct_smul,
gaussian-three	Build exact pinned Gaussian formalization	2026-10-09T00:36:02.9426543Z     dotProduct_sub, star_trivial, one_mul, smul_eq_mul, dotProduct, mul_one]
gaussian-three	Build exact pinned Gaussian formalization	2026-10-09T00:36:02.9427062Z 
gaussian-three	Build exact pinned Gaussian formalization	2026-10-09T00:36:02.9427429Z Note: This linter can be disabled with `set_option linter.unusedSimpArgs false`
gaussian-three	Build exact pinned Gaussian formalization	2026-10-09T00:36:02.9428416Z warning: sources/GaussianRegularPrincipal.lean:38:71: This simp argument is unused:
gaussian-three	Build exact pinned Gaussian formalization	2026-10-09T00:36:02.9429162Z   smul_eq_mul
gaussian-three	Build exact pinned Gaussian formalization	2026-10-09T00:36:02.9429358Z 
gaussian-three	Build exact pinned Gaussian formalization	2026-10-09T00:36:02.9429547Z Hint: Omit it from the simp argument list.
gaussian-three	Build exact pinned Gaussian formalization	2026-10-09T00:36:02.9431166Z   [apply] simp only [Matrix.smul_mulVec, Matrix.sub_mulVec, Matrix.one_mulVec, Matrix.vecMulVec_mulVec, dotProduct_smul,
gaussian-three	Build exact pinned Gaussian formalization	2026-10-09T00:36:02.9432322Z     dotProduct_sub, star_trivial, Pi.one_apply, one_mul, dotProduct, mul_one]
gaussian-three	Build exact pinned Gaussian formalization	2026-10-09T00:36:02.9432862Z 
gaussian-three	Build exact pinned Gaussian formalization	2026-10-09T00:36:02.9433232Z Note: This linter can be disabled with `set_option linter.unusedSimpArgs false`
gaussian-three	Build exact pinned Gaussian formalization	2026-10-09T00:36:02.9434203Z warning: sources/GaussianRegularPrincipal.lean:39:17: This simp argument is unused:
gaussian-three	Build exact pinned Gaussian formalization	2026-10-09T00:36:02.9434954Z   mul_one
gaussian-three	Build exact pinned Gaussian formalization	2026-10-09T00:36:02.9435128Z 
gaussian-three	Build exact pinned Gaussian formalization	2026-10-09T00:36:02.9435303Z Hint: Omit it from the simp argument list.
gaussian-three	Build exact pinned Gaussian formalization	2026-10-09T00:36:02.9436534Z   [apply] simp only [Matrix.smul_mulVec, Matrix.sub_mulVec, Matrix.one_mulVec, Matrix.vecMulVec_mulVec, dotProduct_smul,
gaussian-three	Build exact pinned Gaussian formalization	2026-10-09T00:36:02.9471664Z     dotProduct_sub, star_trivial, Pi.one_apply, one_mul, smul_eq_mul, dotProduct]
gaussian-three	Build exact pinned Gaussian formalization	2026-10-09T00:36:02.9501196Z 
gaussian-three	Build exact pinned Gaussian formalization	2026-10-09T00:36:02.9561631Z Note: This linter can be disabled with `set_option linter.unusedSimpArgs false`
gaussian-three	Build exact pinned Gaussian formalization	2026-10-09T00:36:03.9981939Z ✔ [3807/3884] Built GaussianBoundaryCases (4.1s)
gaussian-three	Build exact pinned Gaussian formalization	2026-10-09T00:36:04.5982051Z ⚠ [3808/3884] Built GaussianEquidistantRigidity (4.7s)
gaussian-three	Build exact pinned Gaussian formalization	2026-10-09T00:36:04.6011874Z warning: sources/GaussianEquidistantRigidity.lean:11:0: automatically included section variable(s) unused in theorem `GaussianMeasureBridge.sum_squared_distances_centered`:
gaussian-three	Build exact pinned Gaussian formalization	2026-10-09T00:36:04.6031317Z   [NeZero k]
gaussian-three	Build exact pinned Gaussian formalization	2026-10-09T00:36:04.6041692Z consider restructuring your `variable` declarations so that the variables are not in scope or explicitly omit them:
gaussian-three	Build exact pinned Gaussian formalization	2026-10-09T00:36:04.6071233Z   omit [NeZero k] in theorem ...
gaussian-three	Build exact pinned Gaussian formalization	2026-10-09T00:36:04.6071535Z 
gaussian-three	Build exact pinned Gaussian formalization	2026-10-09T00:36:04.6071875Z Note: This linter can be disabled with `set_option linter.unusedSectionVars false`
gaussian-three	Build exact pinned Gaussian formalization	2026-10-09T00:36:06.0002699Z ✔ [3809/3884] Built GaussianProductGradientBound (3.9s)
gaussian-three	Build exact pinned Gaussian formalization	2026-10-09T00:36:06.7001909Z ✔ [3810/3884] Built GaussianGraphVectorFlux (3.8s)
gaussian-three	Build exact pinned Gaussian formalization	2026-10-09T00:36:08.2062163Z ⚠ [3811/3884] Built GaussianMomentSymmetry (4.2s)
gaussian-three	Build exact pinned Gaussian formalization	2026-10-09T00:36:08.2082195Z warning: sources/GaussianMomentSymmetry.lean:11:0: automatically included section variable(s) unused in theorem `GaussianMeasureBridge.winningCell_reindex`:
gaussian-three	Build exact pinned Gaussian formalization	2026-10-09T00:36:08.2131449Z   [NeZero k]
gaussian-three	Build exact pinned Gaussian formalization	2026-10-09T00:36:08.2132805Z consider restructuring your `variable` declarations so that the variables are not in scope or explicitly omit them:
gaussian-three	Build exact pinned Gaussian formalization	2026-10-09T00:36:08.2161580Z   omit [NeZero k] in theorem ...
gaussian-three	Build exact pinned Gaussian formalization	2026-10-09T00:36:08.2191202Z 
gaussian-three	Build exact pinned Gaussian formalization	2026-10-09T00:36:08.2191976Z Note: This linter can be disabled with `set_option linter.unusedSectionVars false`
gaussian-three	Build exact pinned Gaussian formalization	2026-10-09T00:36:08.2222042Z warning: sources/GaussianMomentSymmetry.lean:31:26: `Set.mem_setOf_eq` has been deprecated: Use `Set.mem_ofPred_eq` instead
gaussian-three	Build exact pinned Gaussian formalization	2026-10-09T00:36:08.2252308Z warning: sources/GaussianMomentSymmetry.lean:28:0: automatically included section variable(s) unused in theorem `GaussianMeasureBridge.winningCell_isometry`:
gaussian-three	Build exact pinned Gaussian formalization	2026-10-09T00:36:08.2281270Z   [NeZero k]
gaussian-three	Build exact pinned Gaussian formalization	2026-10-09T00:36:08.2282493Z consider restructuring your `variable` declarations so that the variables are not in scope or explicitly omit them:
gaussian-three	Build exact pinned Gaussian formalization	2026-10-09T00:36:08.2311549Z   omit [NeZero k] in theorem ...
gaussian-three	Build exact pinned Gaussian formalization	2026-10-09T00:36:08.2341204Z 
gaussian-three	Build exact pinned Gaussian formalization	2026-10-09T00:36:08.2342114Z Note: This linter can be disabled with `set_option linter.unusedSectionVars false`
gaussian-three	Build exact pinned Gaussian formalization	2026-10-09T00:36:08.2371684Z warning: sources/GaussianMomentSymmetry.lean:85:6: This simp argument is unused:
gaussian-three	Build exact pinned Gaussian formalization	2026-10-09T00:36:08.2401644Z   EuclideanSpace.piLpCongrLeft_single
gaussian-three	Build exact pinned Gaussian formalization	2026-10-09T00:36:08.2431164Z 
gaussian-three	Build exact pinned Gaussian formalization	2026-10-09T00:36:08.2461330Z Hint: Omit it from the simp argument list.
gaussian-three	Build exact pinned Gaussian formalization	2026-10-09T00:36:08.2462218Z   [apply] simp [T, standardRows, EuclideanSpace.basisFun_apply]
gaussian-three	Build exact pinned Gaussian formalization	2026-10-09T00:36:08.2491188Z 
gaussian-three	Build exact pinned Gaussian formalization	2026-10-09T00:36:08.2521563Z Note: This linter can be disabled with `set_option linter.unusedSimpArgs false`
gaussian-three	Build exact pinned Gaussian formalization	2026-10-09T00:36:09.0062041Z ⚠ [3812/3884] Built GaussianActualEnvelope (4.5s)
gaussian-three	Build exact pinned Gaussian formalization	2026-10-09T00:36:09.0092373Z warning: sources/GaussianActualEnvelope.lean:12:0: automatically included section variable(s) unused in theorem `GaussianMeasureBridge.eventually_injective_scores`:
gaussian-three	Build exact pinned Gaussian formalization	2026-10-09T00:36:09.0111278Z   [NeZero k]
gaussian-three	Build exact pinned Gaussian formalization	2026-10-09T00:36:09.0121729Z consider restructuring your `variable` declarations so that the variables are not in scope or explicitly omit them:
gaussian-three	Build exact pinned Gaussian formalization	2026-10-09T00:36:09.0151299Z   omit [NeZero k] in theorem ...
gaussian-three	Build exact pinned Gaussian formalization	2026-10-09T00:36:09.0171182Z 
gaussian-three	Build exact pinned Gaussian formalization	2026-10-09T00:36:09.0201517Z Note: This linter can be disabled with `set_option linter.unusedSectionVars false`
gaussian-three	Build exact pinned Gaussian formalization	2026-10-09T00:36:12.0212228Z ✔ [3813/3884] Built GaussianSmoothWinningGradient (5.3s)
gaussian-three	Build exact pinned Gaussian formalization	2026-10-09T00:36:13.5255043Z ⚠ [3814/3884] Built GaussianWinningGraphFlux (5.3s)
gaussian-three	Build exact pinned Gaussian formalization	2026-10-09T00:36:13.5272728Z warning: sources/GaussianWinningGraphFlux.lean:33:0: automatically included section variable(s) unused in theorem `GaussianMeasureBridge.winning_graph_inequality`:
gaussian-three	Build exact pinned Gaussian formalization	2026-10-09T00:36:13.5301594Z   [NeZero k]
gaussian-three	Build exact pinned Gaussian formalization	2026-10-09T00:36:13.5311906Z consider restructuring your `variable` declarations so that the variables are not in scope or explicitly omit them:
gaussian-three	Build exact pinned Gaussian formalization	2026-10-09T00:36:13.5341374Z   omit [NeZero k] in theorem ...
gaussian-three	Build exact pinned Gaussian formalization	2026-10-09T00:36:13.5361050Z 
gaussian-three	Build exact pinned Gaussian formalization	2026-10-09T00:36:13.5391461Z Note: This linter can be disabled with `set_option linter.unusedSectionVars false`
gaussian-three	Build exact pinned Gaussian formalization	2026-10-09T00:36:13.5402186Z warning: sources/GaussianWinningGraphFlux.lean:61:0: automatically included section variable(s) unused in theorem `GaussianMeasureBridge.winning_graph_normal`:
gaussian-three	Build exact pinned Gaussian formalization	2026-10-09T00:36:13.5431154Z   [NeZero k]
gaussian-three	Build exact pinned Gaussian formalization	2026-10-09T00:36:13.5452506Z consider restructuring your `variable` declarations so that the variables are not in scope or explicitly omit them:
gaussian-three	Build exact pinned Gaussian formalization	2026-10-09T00:36:13.5461289Z   omit [NeZero k] in theorem ...
gaussian-three	Build exact pinned Gaussian formalization	2026-10-09T00:36:13.5490956Z 
gaussian-three	Build exact pinned Gaussian formalization	2026-10-09T00:36:13.5511502Z Note: This linter can be disabled with `set_option linter.unusedSectionVars false`
gaussian-three	Build exact pinned Gaussian formalization	2026-10-09T00:36:13.5541461Z warning: sources/GaussianWinningGraphFlux.lean:71:63: This simp argument is unused:
gaussian-three	Build exact pinned Gaussian formalization	2026-10-09T00:36:13.5551095Z   mul_add
gaussian-three	Build exact pinned Gaussian formalization	2026-10-09T00:36:13.5577258Z 
gaussian-three	Build exact pinned Gaussian formalization	2026-10-09T00:36:13.5601253Z Hint: Omit it from the simp argument list.
gaussian-three	Build exact pinned Gaussian formalization	2026-10-09T00:36:13.5631330Z   [apply] simp [winningGraphSlopes, tailCoordinates, sub_eq_add_neg]
gaussian-three	Build exact pinned Gaussian formalization	2026-10-09T00:36:13.5660917Z 
gaussian-three	Build exact pinned Gaussian formalization	2026-10-09T00:36:13.5661523Z Note: This linter can be disabled with `set_option linter.unusedSimpArgs false`
gaussian-three	Build exact pinned Gaussian formalization	2026-10-09T00:36:13.9302153Z ✔ [3815/3884] Built GaussianWinningMomentSpan (4.9s)
gaussian-three	Build exact pinned Gaussian formalization	2026-10-09T00:36:18.0425937Z ⚠ [3816/3884] Built GaussianRegularMoments (6.1s)
gaussian-three	Build exact pinned Gaussian formalization	2026-10-09T00:36:18.0461819Z warning: sources/GaussianRegularMoments.lean:30:10: `if_neg` has been deprecated: Use `ite_eq_right` instead
gaussian-three	Build exact pinned Gaussian formalization	2026-10-09T00:36:18.0511853Z warning: sources/GaussianRegularMoments.lean:34:50: `if_true` has been deprecated: Use `ite_true` instead
gaussian-three	Build exact pinned Gaussian formalization	2026-10-09T00:36:18.0541934Z warning: sources/GaussianRegularMoments.lean:59:8: `if_pos` has been deprecated: Use `ite_eq_left` instead
gaussian-three	Build exact pinned Gaussian formalization	2026-10-09T00:36:18.0565130Z warning: sources/GaussianRegularMoments.lean:62:8: `if_neg` has been deprecated: Use `ite_eq_right` instead
gaussian-three	Build exact pinned Gaussian formalization	2026-10-09T00:36:18.0581869Z warning: sources/GaussianRegularMoments.lean:85:26: `Set.mem_setOf_eq` has been deprecated: Use `Set.mem_ofPred_eq` instead
gaussian-three	Build exact pinned Gaussian formalization	2026-10-09T00:36:18.0583809Z warning: sources/GaussianRegularMoments.lean:78:0: automatically included section variable(s) unused in theorem `GaussianMeasureBridge.winningCell_regular_zero`:
gaussian-three	Build exact pinned Gaussian formalization	2026-10-09T00:36:18.0585118Z   [NeZero k]
gaussian-three	Build exact pinned Gaussian formalization	2026-10-09T00:36:18.0585945Z consider restructuring your `variable` declarations so that the variables are not in scope or explicitly omit them:
gaussian-three	Build exact pinned Gaussian formalization	2026-10-09T00:36:18.0586908Z   omit [NeZero k] in theorem ...
gaussian-three	Build exact pinned Gaussian formalization	2026-10-09T00:36:18.0587224Z 
gaussian-three	Build exact pinned Gaussian formalization	2026-10-09T00:36:18.0587634Z Note: This linter can be disabled with `set_option linter.unusedSectionVars false`
gaussian-three	Build exact pinned Gaussian formalization	2026-10-09T00:36:19.2464709Z ⚠ [3817/3884] Built GaussianDiagonalCovarianceDerivative (5.8s)
gaussian-three	Build exact pinned Gaussian formalization	2026-10-09T00:36:19.2512485Z warning: sources/GaussianDiagonalCovarianceDerivative.lean:24:8: automatically included section variable(s) unused in theorem `GaussianMeasureBridge.diagonalScorePath_zero`:
gaussian-three	Build exact pinned Gaussian formalization	2026-10-09T00:36:19.2571408Z   [NeZero k]
gaussian-three	Build exact pinned Gaussian formalization	2026-10-09T00:36:19.2592461Z consider restructuring your `variable` declarations so that the variables are not in scope or explicitly omit them:
gaussian-three	Build exact pinned Gaussian formalization	2026-10-09T00:36:19.2657171Z   omit [NeZero k] in theorem ...
gaussian-three	Build exact pinned Gaussian formalization	2026-10-09T00:36:19.2681032Z 
gaussian-three	Build exact pinned Gaussian formalization	2026-10-09T00:36:19.2711611Z Note: This linter can be disabled with `set_option linter.unusedSectionVars false`
gaussian-three	Build exact pinned Gaussian formalization	2026-10-09T00:36:19.2772309Z warning: sources/GaussianDiagonalCovarianceDerivative.lean:37:0: automatically included section variable(s) unused in theorem `GaussianMeasureBridge.diagonalScorePath_hasDerivAt`:
gaussian-three	Build exact pinned Gaussian formalization	2026-10-09T00:36:19.2791475Z   [NeZero k]
gaussian-three	Build exact pinned Gaussian formalization	2026-10-09T00:36:19.2861766Z consider restructuring your `variable` declarations so that the variables are not in scope or explicitly omit them:
gaussian-three	Build exact pinned Gaussian formalization	2026-10-09T00:36:19.2891279Z   omit [NeZero k] in theorem ...
gaussian-three	Build exact pinned Gaussian formalization	2026-10-09T00:36:19.2921040Z 
gaussian-three	Build exact pinned Gaussian formalization	2026-10-09T00:36:19.2981624Z Note: This linter can be disabled with `set_option linter.unusedSectionVars false`
gaussian-three	Build exact pinned Gaussian formalization	2026-10-09T00:36:19.3002455Z warning: sources/GaussianDiagonalCovarianceDerivative.lean:48:22: Used `tac1 <;> tac2` where `(tac1; tac2)` would suffice
gaussian-three	Build exact pinned Gaussian formalization	2026-10-09T00:36:19.3041300Z 
gaussian-three	Build exact pinned Gaussian formalization	2026-10-09T00:36:19.3051685Z Note: This linter can be disabled with `set_option linter.unnecessarySeqFocus false`
gaussian-three	Build exact pinned Gaussian formalization	2026-10-09T00:36:19.3082223Z warning: sources/GaussianDiagonalCovarianceDerivative.lean:54:0: automatically included section variable(s) unused in theorem `GaussianMeasureBridge.scoreGram_diagonalScorePath`:
gaussian-three	Build exact pinned Gaussian formalization	2026-10-09T00:36:19.3111290Z   [NeZero k]
gaussian-three	Build exact pinned Gaussian formalization	2026-10-09T00:36:19.3112149Z consider restructuring your `variable` declarations so that the variables are not in scope or explicitly omit them:
gaussian-three	Build exact pinned Gaussian formalization	2026-10-09T00:36:19.3113107Z   omit [NeZero k] in theorem ...
gaussian-three	Build exact pinned Gaussian formalization	2026-10-09T00:36:19.3113438Z 
gaussian-three	Build exact pinned Gaussian formalization	2026-10-09T00:36:19.3113826Z Note: This linter can be disabled with `set_option linter.unusedSectionVars false`
gaussian-three	Build exact pinned Gaussian formalization	2026-10-09T00:36:20.7463998Z ✔ [3818/3884] Built GaussianScaledCutoff (6.8s)
gaussian-three	Build exact pinned Gaussian formalization	2026-10-09T00:36:23.9552056Z ✔ [3819/3884] Built GaussianSmoothWinningCoefficients (5.9s)
gaussian-three	Build exact pinned Gaussian formalization	2026-10-09T00:36:24.8551611Z ⚠ [3820/3884] Built GaussianNormalCoordinates (5.5s)
gaussian-three	Build exact pinned Gaussian formalization	2026-10-09T00:36:24.8562071Z warning: sources/GaussianNormalCoordinates.lean:35:24: This simp argument is unused:
gaussian-three	Build exact pinned Gaussian formalization	2026-10-09T00:36:24.8571434Z   Real.norm_eq_abs
gaussian-three	Build exact pinned Gaussian formalization	2026-10-09T00:36:24.8602507Z 
gaussian-three	Build exact pinned Gaussian formalization	2026-10-09T00:36:24.8631519Z Hint: Omit it from the simp argument list.
gaussian-three	Build exact pinned Gaussian formalization	2026-10-09T00:36:24.8632669Z   [apply] simp [z, norm_smul, abs_of_nonneg (inv_nonneg.mpr (norm_nonneg u)), inv_mul_cancel₀ hn]
gaussian-three	Build exact pinned Gaussian formalization	2026-10-09T00:36:24.8633331Z 
gaussian-three	Build exact pinned Gaussian formalization	2026-10-09T00:36:24.8633736Z Note: This linter can be disabled with `set_option linter.unusedSimpArgs false`
gaussian-three	Build exact pinned Gaussian formalization	2026-10-09T00:36:24.8634785Z warning: sources/GaussianNormalCoordinates.lean:35:42: This simp argument is unused:
gaussian-three	Build exact pinned Gaussian formalization	2026-10-09T00:36:24.8635680Z   abs_of_nonneg (inv_nonneg.mpr (norm_nonneg u))
gaussian-three	Build exact pinned Gaussian formalization	2026-10-09T00:36:24.8636071Z 
gaussian-three	Build exact pinned Gaussian formalization	2026-10-09T00:36:24.8636261Z Hint: Omit it from the simp argument list.
gaussian-three	Build exact pinned Gaussian formalization	2026-10-09T00:36:24.8637060Z   [apply] simp [z, norm_smul, Real.norm_eq_abs, inv_mul_cancel₀ hn]
gaussian-three	Build exact pinned Gaussian formalization	2026-10-09T00:36:24.8637547Z 
gaussian-three	Build exact pinned Gaussian formalization	2026-10-09T00:36:24.8637937Z Note: This linter can be disabled with `set_option linter.unusedSimpArgs false`
gaussian-three	Build exact pinned Gaussian formalization	2026-10-09T00:36:25.6602064Z ⚠ [3821/3884] Built GaussianRegularStationarity (4.9s)
gaussian-three	Build exact pinned Gaussian formalization	2026-10-09T00:36:25.6612183Z warning: sources/GaussianRegularStationarity.lean:37:0: automatically included section variable(s) unused in theorem `GaussianMeasureBridge.trace_scoreGram_hasDerivAt`:
gaussian-three	Build exact pinned Gaussian formalization	2026-10-09T00:36:25.6641219Z   [NeZero k]
gaussian-three	Build exact pinned Gaussian formalization	2026-10-09T00:36:25.6681799Z consider restructuring your `variable` declarations so that the variables are not in scope or explicitly omit them:
gaussian-three	Build exact pinned Gaussian formalization	2026-10-09T00:36:25.6711545Z   omit [NeZero k] in theorem ...
gaussian-three	Build exact pinned Gaussian formalization	2026-10-09T00:36:25.6731011Z 
gaussian-three	Build exact pinned Gaussian formalization	2026-10-09T00:36:25.6762221Z Note: This linter can be disabled with `set_option linter.unusedSectionVars false`
gaussian-three	Build exact pinned Gaussian formalization	2026-10-09T00:36:26.3625659Z ✔ [3822/3884] Built GaussianThreeScoreAlgebra (20s)
gaussian-three	Build exact pinned Gaussian formalization	2026-10-09T00:36:27.5622105Z ✔ [3823/3884] Built GaussianScaledCutoffGradient (3.6s)
gaussian-three	Build exact pinned Gaussian formalization	2026-10-09T00:36:29.2681902Z ✔ [3824/3884] Built GaussianFluxCoefficientSymmetry (4.4s)
gaussian-three	Build exact pinned Gaussian formalization	2026-10-09T00:36:29.6687287Z ✔ [3825/3884] Built GaussianGramPrices (3.4s)
gaussian-three	Build exact pinned Gaussian formalization	2026-10-09T00:36:29.8703557Z ⚠ [3826/3884] Built GaussianFacetDensityPositive (4.3s)
gaussian-three	Build exact pinned Gaussian formalization	2026-10-09T00:36:29.8722476Z warning: sources/GaussianFacetDensityPositive.lean:11:0: automatically included section variable(s) unused in theorem `GaussianMeasureBridge.isOpen_winningCell`:
gaussian-three	Build exact pinned Gaussian formalization	2026-10-09T00:36:29.8723955Z   [NeZero k]
gaussian-three	Build exact pinned Gaussian formalization	2026-10-09T00:36:29.8724870Z consider restructuring your `variable` declarations so that the variables are not in scope or explicitly omit them:
gaussian-three	Build exact pinned Gaussian formalization	2026-10-09T00:36:29.8725926Z   omit [NeZero k] in theorem ...
gaussian-three	Build exact pinned Gaussian formalization	2026-10-09T00:36:29.8726309Z 
gaussian-three	Build exact pinned Gaussian formalization	2026-10-09T00:36:29.8726794Z Note: This linter can be disabled with `set_option linter.unusedSectionVars false`
gaussian-three	Build exact pinned Gaussian formalization	2026-10-09T00:36:29.8728826Z warning: sources/GaussianFacetDensityPositive.lean:32:0: automatically included section variable(s) unused in theorem `GaussianMeasureBridge.winning_graph_gap`:
gaussian-three	Build exact pinned Gaussian formalization	2026-10-09T00:36:29.8730178Z   [NeZero k]
gaussian-three	Build exact pinned Gaussian formalization	2026-10-09T00:36:29.8731332Z consider restructuring your `variable` declarations so that the variables are not in scope or explicitly omit them:
gaussian-three	Build exact pinned Gaussian formalization	2026-10-09T00:36:29.8732420Z   omit [NeZero k] in theorem ...
gaussian-three	Build exact pinned Gaussian formalization	2026-10-09T00:36:29.8732806Z 
gaussian-three	Build exact pinned Gaussian formalization	2026-10-09T00:36:29.8733299Z Note: This linter can be disabled with `set_option linter.unusedSectionVars false`
gaussian-three	Build exact pinned Gaussian formalization	2026-10-09T00:36:31.6754424Z ℹ [3827/3884] Built GaussianThreeGaussianWidth (4.1s)
gaussian-three	Build exact pinned Gaussian formalization	2026-10-09T00:36:31.6756541Z info: sources/GaussianThreeGaussianWidth.lean:126:0: 'GaussianMeasureBridge.gaussian_integral_abs_inner' depends on axioms: [propext, Classical.choice, Quot.sound]
gaussian-three	Build exact pinned Gaussian formalization	2026-10-09T00:36:31.6759122Z info: sources/GaussianThreeGaussianWidth.lean:127:0: 'GaussianMeasureBridge.expectedScore_three_abs_pair_sum' depends on axioms: [propext, Classical.choice, Quot.sound]
gaussian-three	Build exact pinned Gaussian formalization	2026-10-09T00:36:31.6762380Z info: sources/GaussianThreeGaussianWidth.lean:128:0: 'GaussianMeasureBridge.expectedScore_three_width' depends on axioms: [propext, Classical.choice, Quot.sound]
gaussian-three	Build exact pinned Gaussian formalization	2026-10-09T00:36:32.4769176Z ✔ [3828/3884] Built GaussianCutoffTestField (3.2s)
gaussian-three	Build exact pinned Gaussian formalization	2026-10-09T00:36:32.8774126Z ✔ [3829/3884] Built GaussianSimplicialFlux (2.9s)
gaussian-three	Build exact pinned Gaussian formalization	2026-10-09T00:36:35.1803200Z ✔ [3830/3884] Built GaussianBoundedCoordinateStein (2.7s)
gaussian-three	Build exact pinned Gaussian formalization	2026-10-09T00:36:35.7825887Z ⚠ [3831/3884] Built GaussianWinningMassDerivative (2.0s)
gaussian-three	Build exact pinned Gaussian formalization	2026-10-09T00:36:35.7827813Z warning: sources/GaussianWinningMassDerivative.lean:28:0: automatically included section variable(s) unused in theorem `GaussianMeasureBridge.winningGraphPrices_affine`:
gaussian-three	Build exact pinned Gaussian formalization	2026-10-09T00:36:35.7829559Z   [NeZero k]
gaussian-three	Build exact pinned Gaussian formalization	2026-10-09T00:36:35.7830952Z consider restructuring your `variable` declarations so that the variables are not in scope or explicitly omit them:
gaussian-three	Build exact pinned Gaussian formalization	2026-10-09T00:36:35.7832169Z   omit [NeZero k] in theorem ...
gaussian-three	Build exact pinned Gaussian formalization	2026-10-09T00:36:35.7832791Z 
gaussian-three	Build exact pinned Gaussian formalization	2026-10-09T00:36:35.7833385Z Note: This linter can be disabled with `set_option linter.unusedSectionVars false`
gaussian-three	Build exact pinned Gaussian formalization	2026-10-09T00:36:36.1830161Z ✔ [3832/3884] Built GaussianAllCellsFlux (3.3s)
gaussian-three	Build exact pinned Gaussian formalization	2026-10-09T00:36:38.9912281Z ✔ [3833/3884] Built GaussianBoundedDirectionalStein (3.9s)
gaussian-three	Build exact pinned Gaussian formalization	2026-10-09T00:36:39.7942052Z ⚠ [3834/3884] Built GaussianSimplicialApex (3.7s)
gaussian-three	Build exact pinned Gaussian formalization	2026-10-09T00:36:39.7943195Z warning: sources/GaussianSimplicialApex.lean:39:25: `Set.mem_setOf_eq` has been deprecated: Use `Set.mem_ofPred_eq` instead
gaussian-three	Build exact pinned Gaussian formalization	2026-10-09T00:36:39.9932228Z ✔ [3835/3884] Built GaussianCenteredRowIndependence (3.8s)
gaussian-three	Build exact pinned Gaussian formalization	2026-10-09T00:36:40.2942094Z ⚠ [3836/3884] Built GaussianJunctionBalanceRigidity (4.2s)
gaussian-three	Build exact pinned Gaussian formalization	2026-10-09T00:36:40.2972219Z warning: sources/GaussianJunctionBalanceRigidity.lean:42:23: Used `tac1 <;> tac2` where `(tac1; tac2)` would suffice
gaussian-three	Build exact pinned Gaussian formalization	2026-10-09T00:36:40.2991184Z 
gaussian-three	Build exact pinned Gaussian formalization	2026-10-09T00:36:40.3001534Z Note: This linter can be disabled with `set_option linter.unnecessarySeqFocus false`
gaussian-three	Build exact pinned Gaussian formalization	2026-10-09T00:36:43.8002095Z ⚠ [3837/3884] Built GaussianSmoothMomentLimit (3.0s)
gaussian-three	Build exact pinned Gaussian formalization	2026-10-09T00:36:43.8012012Z warning: sources/GaussianSmoothMomentLimit.lean:12:0: automatically included section variable(s) unused in theorem `GaussianMeasureBridge.rawWinningMoment_inner`:
gaussian-three	Build exact pinned Gaussian formalization	2026-10-09T00:36:43.8041494Z   [NeZero k]
gaussian-three	Build exact pinned Gaussian formalization	2026-10-09T00:36:43.8071794Z consider restructuring your `variable` declarations so that the variables are not in scope or explicitly omit them:
gaussian-three	Build exact pinned Gaussian formalization	2026-10-09T00:36:43.8101263Z   omit [NeZero k] in theorem ...
gaussian-three	Build exact pinned Gaussian formalization	2026-10-09T00:36:43.8130913Z 
gaussian-three	Build exact pinned Gaussian formalization	2026-10-09T00:36:43.8131519Z Note: This linter can be disabled with `set_option linter.unusedSectionVars false`
gaussian-three	Build exact pinned Gaussian formalization	2026-10-09T00:36:43.8994934Z ⚠ [3838/3884] Built GaussianSymmetricFlux (4.9s)
gaussian-three	Build exact pinned Gaussian formalization	2026-10-09T00:36:43.9021767Z warning: sources/GaussianSymmetricFlux.lean:33:55: `if_neg` has been deprecated: Use `ite_eq_right` instead
gaussian-three	Build exact pinned Gaussian formalization	2026-10-09T00:36:43.9081523Z warning: sources/GaussianSymmetricFlux.lean:80:59: This simp argument is unused:
gaussian-three	Build exact pinned Gaussian formalization	2026-10-09T00:36:43.9111079Z   zero_add
gaussian-three	Build exact pinned Gaussian formalization	2026-10-09T00:36:43.9140913Z 
gaussian-three	Build exact pinned Gaussian formalization	2026-10-09T00:36:43.9194719Z Hint: Omit it from the simp argument list.
gaussian-three	Build exact pinned Gaussian formalization	2026-10-09T00:36:43.9211618Z   [apply] simp only [sub_self, map_zero, Finsupp.zero_apply, mul_zero, hn]
gaussian-three	Build exact pinned Gaussian formalization	2026-10-09T00:36:43.9241354Z 
gaussian-three	Build exact pinned Gaussian formalization	2026-10-09T00:36:43.9271813Z Note: This linter can be disabled with `set_option linter.unusedSimpArgs false`
gaussian-three	Build exact pinned Gaussian formalization	2026-10-09T00:36:43.9302294Z ✔ [3839/3884] Built GaussianPrincipalNondegeneracy (3.5s)
gaussian-three	Build exact pinned Gaussian formalization	2026-10-09T00:36:43.9331554Z ⚠ [3840/3884] Built GaussianCenteredCovarianceBlock (3.9s)
gaussian-three	Build exact pinned Gaussian formalization	2026-10-09T00:36:43.9346734Z warning: sources/GaussianCenteredCovarianceBlock.lean:12:0: automatically included section variable(s) unused in theorem `GaussianMeasureBridge.centered_covariance_ext`:
gaussian-three	Build exact pinned Gaussian formalization	2026-10-09T00:36:43.9362943Z   [NeZero n]
gaussian-three	Build exact pinned Gaussian formalization	2026-10-09T00:36:43.9363771Z consider restructuring your `variable` declarations so that the variables are not in scope or explicitly omit them:
gaussian-three	Build exact pinned Gaussian formalization	2026-10-09T00:36:43.9364716Z   omit [NeZero n] in theorem ...
gaussian-three	Build exact pinned Gaussian formalization	2026-10-09T00:36:43.9364991Z 
gaussian-three	Build exact pinned Gaussian formalization	2026-10-09T00:36:43.9365382Z Note: This linter can be disabled with `set_option linter.unusedSectionVars false`
gaussian-three	Build exact pinned Gaussian formalization	2026-10-09T00:36:43.9367034Z warning: sources/GaussianCenteredCovarianceBlock.lean:37:0: automatically included section variable(s) unused in theorem `GaussianMeasureBridge.centeredRowFamily_gram_centered`:
gaussian-three	Build exact pinned Gaussian formalization	2026-10-09T00:36:43.9368390Z   [NeZero n]
gaussian-three	Build exact pinned Gaussian formalization	2026-10-09T00:36:43.9369164Z consider restructuring your `variable` declarations so that the variables are not in scope or explicitly omit them:
gaussian-three	Build exact pinned Gaussian formalization	2026-10-09T00:36:43.9370099Z   omit [NeZero n] in theorem ...
gaussian-three	Build exact pinned Gaussian formalization	2026-10-09T00:36:43.9370376Z 
gaussian-three	Build exact pinned Gaussian formalization	2026-10-09T00:36:43.9370973Z Note: This linter can be disabled with `set_option linter.unusedSectionVars false`
gaussian-three	Build exact pinned Gaussian formalization	2026-10-09T00:36:43.9372592Z warning: sources/GaussianCenteredCovarianceBlock.lean:41:0: automatically included section variable(s) unused in theorem `GaussianMeasureBridge.centeredRowFamily_gram_principal`:
gaussian-three	Build exact pinned Gaussian formalization	2026-10-09T00:36:43.9374025Z   [NeZero n]
gaussian-three	Build exact pinned Gaussian formalization	2026-10-09T00:36:43.9374790Z consider restructuring your `variable` declarations so that the variables are not in scope or explicitly omit them:
gaussian-three	Build exact pinned Gaussian formalization	2026-10-09T00:36:43.9375709Z   omit [NeZero n] in theorem ...
gaussian-three	Build exact pinned Gaussian formalization	2026-10-09T00:36:43.9375983Z 
gaussian-three	Build exact pinned Gaussian formalization	2026-10-09T00:36:43.9376358Z Note: This linter can be disabled with `set_option linter.unusedSectionVars false`
gaussian-three	Build exact pinned Gaussian formalization	2026-10-09T00:36:43.9377991Z warning: sources/GaussianCenteredCovarianceBlock.lean:46:0: automatically included section variable(s) unused in theorem `GaussianMeasureBridge.centeredRowFamily_path_hasDerivAt`:
gaussian-three	Build exact pinned Gaussian formalization	2026-10-09T00:36:43.9379369Z   [NeZero n]
gaussian-three	Build exact pinned Gaussian formalization	2026-10-09T00:36:43.9380141Z consider restructuring your `variable` declarations so that the variables are not in scope or explicitly omit them:
gaussian-three	Build exact pinned Gaussian formalization	2026-10-09T00:36:43.9381235Z   omit [NeZero n] in theorem ...
gaussian-three	Build exact pinned Gaussian formalization	2026-10-09T00:36:43.9381510Z 
gaussian-three	Build exact pinned Gaussian formalization	2026-10-09T00:36:43.9381909Z Note: This linter can be disabled with `set_option linter.unusedSectionVars false`
gaussian-three	Build exact pinned Gaussian formalization	2026-10-09T00:36:47.1101994Z ✔ [3841/3884] Built GaussianJunctionBalanceGlobal (3.4s)
gaussian-three	Build exact pinned Gaussian formalization	2026-10-09T00:36:47.5097859Z ✔ [3842/3884] Built GaussianDualNormalCoefficients (3.7s)
gaussian-three	Build exact pinned Gaussian formalization	2026-10-09T00:36:47.8102172Z ⚠ [3843/3884] Built GaussianAffineMatrixFactorization (3.9s)
gaussian-three	Build exact pinned Gaussian formalization	2026-10-09T00:36:47.8162617Z warning: sources/GaussianAffineMatrixFactorization.lean:13:0: automatically included section variable(s) unused in theorem `GaussianMeasureBridge.affine_matrix_diagonal_factorization`:
gaussian-three	Build exact pinned Gaussian formalization	2026-10-09T00:36:47.8191262Z   [NeZero n]
gaussian-three	Build exact pinned Gaussian formalization	2026-10-09T00:36:47.8221680Z consider restructuring your `variable` declarations so that the variables are not in scope or explicitly omit them:
gaussian-three	Build exact pinned Gaussian formalization	2026-10-09T00:36:47.8241579Z   omit [NeZero n] in theorem ...
gaussian-three	Build exact pinned Gaussian formalization	2026-10-09T00:36:47.8292787Z 
gaussian-three	Build exact pinned Gaussian formalization	2026-10-09T00:36:47.8322790Z Note: This linter can be disabled with `set_option linter.unusedSectionVars false`
gaussian-three	Build exact pinned Gaussian formalization	2026-10-09T00:36:47.9112167Z ⚠ [3844/3884] Built GaussianCovarianceSegment (3.0s)
gaussian-three	Build exact pinned Gaussian formalization	2026-10-09T00:36:47.9172303Z warning: sources/GaussianCovarianceSegment.lean:16:0: automatically included section variable(s) unused in theorem `GaussianMeasureBridge.covarianceSegment_zero`:
gaussian-three	Build exact pinned Gaussian formalization	2026-10-09T00:36:47.9173677Z   [NeZero n]
gaussian-three	Build exact pinned Gaussian formalization	2026-10-09T00:36:47.9174904Z consider restructuring your `variable` declarations so that the variables are not in scope or explicitly omit them:
gaussian-three	Build exact pinned Gaussian formalization	2026-10-09T00:36:47.9175888Z   omit [NeZero n] in theorem ...
gaussian-three	Build exact pinned Gaussian formalization	2026-10-09T00:36:47.9176176Z 
gaussian-three	Build exact pinned Gaussian formalization	2026-10-09T00:36:47.9176581Z Note: This linter can be disabled with `set_option linter.unusedSectionVars false`
gaussian-three	Build exact pinned Gaussian formalization	2026-10-09T00:36:47.9178125Z warning: sources/GaussianCovarianceSegment.lean:19:0: automatically included section variable(s) unused in theorem `GaussianMeasureBridge.covarianceSegment_one`:
gaussian-three	Build exact pinned Gaussian formalization	2026-10-09T00:36:47.9179430Z   [NeZero n]
gaussian-three	Build exact pinned Gaussian formalization	2026-10-09T00:36:47.9180223Z consider restructuring your `variable` declarations so that the variables are not in scope or explicitly omit them:
gaussian-three	Build exact pinned Gaussian formalization	2026-10-09T00:36:47.9181400Z   omit [NeZero n] in theorem ...
gaussian-three	Build exact pinned Gaussian formalization	2026-10-09T00:36:47.9181672Z 
gaussian-three	Build exact pinned Gaussian formalization	2026-10-09T00:36:47.9182055Z Note: This linter can be disabled with `set_option linter.unusedSectionVars false`
gaussian-three	Build exact pinned Gaussian formalization	2026-10-09T00:36:47.9183651Z warning: sources/GaussianCovarianceSegment.lean:22:0: automatically included section variable(s) unused in theorem `GaussianMeasureBridge.covarianceSegment_posSemidef`:
gaussian-three	Build exact pinned Gaussian formalization	2026-10-09T00:36:47.9184990Z   [NeZero n]
gaussian-three	Build exact pinned Gaussian formalization	2026-10-09T00:36:47.9185860Z consider restructuring your `variable` declarations so that the variables are not in scope or explicitly omit them:
gaussian-three	Build exact pinned Gaussian formalization	2026-10-09T00:36:47.9186812Z   omit [NeZero n] in theorem ...
gaussian-three	Build exact pinned Gaussian formalization	2026-10-09T00:36:47.9187092Z 
gaussian-three	Build exact pinned Gaussian formalization	2026-10-09T00:36:47.9187503Z Note: This linter can be disabled with `set_option linter.unusedSectionVars false`
gaussian-three	Build exact pinned Gaussian formalization	2026-10-09T00:36:47.9188520Z warning: sources/GaussianCovarianceSegment.lean:46:82: This simp argument is unused:
gaussian-three	Build exact pinned Gaussian formalization	2026-10-09T00:36:47.9189269Z   mul_one
gaussian-three	Build exact pinned Gaussian formalization	2026-10-09T00:36:47.9189452Z 
gaussian-three	Build exact pinned Gaussian formalization	2026-10-09T00:36:47.9189739Z Hint: Omit it from the simp argument list.
gaussian-three	Build exact pinned Gaussian formalization	2026-10-09T00:36:47.9221574Z   [apply] simp only [covarianceSegment, Matrix.trace_add, Matrix.trace_smul, hr.2.2, hQ.2.2]
gaussian-three	Build exact pinned Gaussian formalization	2026-10-09T00:36:47.9222645Z 
gaussian-three	Build exact pinned Gaussian formalization	2026-10-09T00:36:47.9255229Z Note: This linter can be disabled with `set_option linter.unusedSimpArgs false`
gaussian-three	Build exact pinned Gaussian formalization	2026-10-09T00:36:51.1232153Z ✔ [3845/3884] Built GaussianSimplicialMassFlux (3.9s)
gaussian-three	Build exact pinned Gaussian formalization	2026-10-09T00:36:51.5229118Z ✔ [3846/3884] Built GaussianSimplicialGradientUpperLimit (3.7s)
gaussian-three	Build exact pinned Gaussian formalization	2026-10-09T00:36:51.9263142Z ⚠ [3847/3884] Built GaussianFluxEnergy (4.5s)
gaussian-three	Build exact pinned Gaussian formalization	2026-10-09T00:36:51.9292551Z warning: sources/GaussianFluxEnergy.lean:17:0: automatically included section variable(s) unused in theorem `GaussianMeasureBridge.symmetric_flux_energy`:
gaussian-three	Build exact pinned Gaussian formalization	2026-10-09T00:36:51.9311732Z   [NeZero k]
gaussian-three	Build exact pinned Gaussian formalization	2026-10-09T00:36:51.9341703Z consider restructuring your `variable` declarations so that the variables are not in scope or explicitly omit them:
gaussian-three	Build exact pinned Gaussian formalization	2026-10-09T00:36:51.9371230Z   omit [NeZero k] in theorem ...
gaussian-three	Build exact pinned Gaussian formalization	2026-10-09T00:36:51.9381190Z 
gaussian-three	Build exact pinned Gaussian formalization	2026-10-09T00:36:51.9411572Z Note: This linter can be disabled with `set_option linter.unusedSectionVars false`
gaussian-three	Build exact pinned Gaussian formalization	2026-10-09T00:36:51.9431957Z warning: sources/GaussianFluxEnergy.lean:53:0: automatically included section variable(s) unused in theorem `GaussianMeasureBridge.actual_flux_cauchy`:
gaussian-three	Build exact pinned Gaussian formalization	2026-10-09T00:36:51.9441296Z   [NeZero k]
gaussian-three	Build exact pinned Gaussian formalization	2026-10-09T00:36:51.9471734Z consider restructuring your `variable` declarations so that the variables are not in scope or explicitly omit them:
gaussian-three	Build exact pinned Gaussian formalization	2026-10-09T00:36:51.9501293Z   omit [NeZero k] in theorem ...
gaussian-three	Build exact pinned Gaussian formalization	2026-10-09T00:36:51.9521015Z 
gaussian-three	Build exact pinned Gaussian formalization	2026-10-09T00:36:51.9531537Z Note: This linter can be disabled with `set_option linter.unusedSectionVars false`
gaussian-three	Build exact pinned Gaussian formalization	2026-10-09T00:36:52.3302448Z ✔ [3848/3884] Built GaussianGramIsometry (4.5s)
gaussian-three	Build exact pinned Gaussian formalization	2026-10-09T00:36:54.5401959Z ✔ [3849/3884] Built GaussianPositiveAffineLift (3.4s)
gaussian-three	Build exact pinned Gaussian formalization	2026-10-09T00:36:54.7396950Z ✔ [3850/3884] Built GaussianParallelBoundary (3.2s)
gaussian-three	Build exact pinned Gaussian formalization	2026-10-09T00:36:56.3472069Z ⚠ [3851/3884] Built GaussianFacetRigidity (4.3s)
gaussian-three	Build exact pinned Gaussian formalization	2026-10-09T00:36:56.3501358Z warning: sources/GaussianFacetRigidity.lean:22:6: try 'simp' instead of 'simpa'
gaussian-three	Build exact pinned Gaussian formalization	2026-10-09T00:36:56.3511259Z 
gaussian-three	Build exact pinned Gaussian formalization	2026-10-09T00:36:56.3541589Z Note: This linter can be disabled with `set_option linter.unnecessarySimpa false`
gaussian-three	Build exact pinned Gaussian formalization	2026-10-09T00:36:56.6472128Z ⚠ [3852/3884] Built GaussianCovarianceFluxDerivative (4.3s)
gaussian-three	Build exact pinned Gaussian formalization	2026-10-09T00:36:56.6502255Z warning: sources/GaussianCovarianceFluxDerivative.lean:21:0: automatically included section variable(s) unused in theorem `GaussianMeasureBridge.scoreGram_path_hasDerivAt`:
gaussian-three	Build exact pinned Gaussian formalization	2026-10-09T00:36:56.6531293Z   [NeZero k]
gaussian-three	Build exact pinned Gaussian formalization	2026-10-09T00:36:56.6561937Z consider restructuring your `variable` declarations so that the variables are not in scope or explicitly omit them:
gaussian-three	Build exact pinned Gaussian formalization	2026-10-09T00:36:56.6591326Z   omit [NeZero k] in theorem ...
gaussian-three	Build exact pinned Gaussian formalization	2026-10-09T00:36:56.6621067Z 
gaussian-three	Build exact pinned Gaussian formalization	2026-10-09T00:36:56.6651669Z Note: This linter can be disabled with `set_option linter.unusedSectionVars false`
gaussian-three	Build exact pinned Gaussian formalization	2026-10-09T00:36:56.6682123Z warning: sources/GaussianCovarianceFluxDerivative.lean:30:0: automatically included section variable(s) unused in theorem `GaussianMeasureBridge.symmetric_flux_differential`:
gaussian-three	Build exact pinned Gaussian formalization	2026-10-09T00:36:56.6711329Z   [NeZero k]
gaussian-three	Build exact pinned Gaussian formalization	2026-10-09T00:36:56.6741706Z consider restructuring your `variable` declarations so that the variables are not in scope or explicitly omit them:
gaussian-three	Build exact pinned Gaussian formalization	2026-10-09T00:36:56.6771195Z   omit [NeZero k] in theorem ...
gaussian-three	Build exact pinned Gaussian formalization	2026-10-09T00:36:56.6801019Z 
gaussian-three	Build exact pinned Gaussian formalization	2026-10-09T00:36:56.6831629Z Note: This linter can be disabled with `set_option linter.unusedSectionVars false`
gaussian-three	Build exact pinned Gaussian formalization	2026-10-09T00:36:59.3536235Z ✔ [3853/3884] Built GaussianRegularGramMoments (4.6s)
gaussian-three	Build exact pinned Gaussian formalization	2026-10-09T00:36:59.6554769Z ✔ [3854/3884] Built GaussianGramMomentTransport (5.2s)
gaussian-three	Build exact pinned Gaussian formalization	2026-10-09T00:36:59.7556707Z ✔ [3855/3884] Built GaussianCenteredAffineLift (3.4s)
gaussian-three	Build exact pinned Gaussian formalization	2026-10-09T00:37:00.4568099Z ✔ [3856/3884] Built GaussianCellErosion (3.8s)
gaussian-three	Build exact pinned Gaussian formalization	2026-10-09T00:37:02.7634128Z ⚠ [3857/3884] Built GaussianFacetLaplacian (3.4s)
gaussian-three	Build exact pinned Gaussian formalization	2026-10-09T00:37:02.7635670Z warning: sources/GaussianFacetLaplacian.lean:15:0: automatically included section variable(s) unused in theorem `GaussianMeasureBridge.facetLaplacian_mulVec`:
gaussian-three	Build exact pinned Gaussian formalization	2026-10-09T00:37:02.7637068Z   [NeZero k]
gaussian-three	Build exact pinned Gaussian formalization	2026-10-09T00:37:02.7638000Z consider restructuring your `variable` declarations so that the variables are not in scope or explicitly omit them:
gaussian-three	Build exact pinned Gaussian formalization	2026-10-09T00:37:02.7639111Z   omit [NeZero k] in theorem ...
gaussian-three	Build exact pinned Gaussian formalization	2026-10-09T00:37:02.7639561Z 
gaussian-three	Build exact pinned Gaussian formalization	2026-10-09T00:37:02.7640127Z Note: This linter can be disabled with `set_option linter.unusedSectionVars false`
gaussian-three	Build exact pinned Gaussian formalization	2026-10-09T00:37:02.7642103Z warning: sources/GaussianFacetLaplacian.lean:24:0: automatically included section variable(s) unused in theorem `GaussianMeasureBridge.facetLaplacian_trace`:
gaussian-three	Build exact pinned Gaussian formalization	2026-10-09T00:37:02.7643443Z   [NeZero k]
gaussian-three	Build exact pinned Gaussian formalization	2026-10-09T00:37:02.7644322Z consider restructuring your `variable` declarations so that the variables are not in scope or explicitly omit them:
gaussian-three	Build exact pinned Gaussian formalization	2026-10-09T00:37:02.7645399Z   omit [NeZero k] in theorem ...
gaussian-three	Build exact pinned Gaussian formalization	2026-10-09T00:37:02.7645828Z 
gaussian-three	Build exact pinned Gaussian formalization	2026-10-09T00:37:02.7646344Z Note: This linter can be disabled with `set_option linter.unusedSectionVars false`
gaussian-three	Build exact pinned Gaussian formalization	2026-10-09T00:37:02.7647418Z warning: sources/GaussianFacetLaplacian.lean:26:23: This simp argument is unused:
gaussian-three	Build exact pinned Gaussian formalization	2026-10-09T00:37:02.7648593Z   trace_sub
gaussian-three	Build exact pinned Gaussian formalization	2026-10-09T00:37:02.7648930Z 
gaussian-three	Build exact pinned Gaussian formalization	2026-10-09T00:37:02.7649254Z Hint: Omit it from the simp argument list.
gaussian-three	Build exact pinned Gaussian formalization	2026-10-09T00:37:02.7649980Z   [apply] simp [facetLaplacian, Matrix.trace, hd, fluxTrace]
gaussian-three	Build exact pinned Gaussian formalization	2026-10-09T00:37:02.7650558Z 
gaussian-three	Build exact pinned Gaussian formalization	2026-10-09T00:37:02.7651333Z Note: This linter can be disabled with `set_option linter.unusedSimpArgs false`
gaussian-three	Build exact pinned Gaussian formalization	2026-10-09T00:37:02.7652929Z warning: sources/GaussianFacetLaplacian.lean:33:0: automatically included section variable(s) unused in theorem `GaussianMeasureBridge.facetLaplacian_symmetric`:
gaussian-three	Build exact pinned Gaussian formalization	2026-10-09T00:37:02.7654277Z   [NeZero k]
gaussian-three	Build exact pinned Gaussian formalization	2026-10-09T00:37:02.7655555Z consider restructuring your `variable` declarations so that the variables are not in scope or explicitly omit them:
gaussian-three	Build exact pinned Gaussian formalization	2026-10-09T00:37:02.7656606Z   omit [NeZero k] in theorem ...
gaussian-three	Build exact pinned Gaussian formalization	2026-10-09T00:37:02.7657022Z 
gaussian-three	Build exact pinned Gaussian formalization	2026-10-09T00:37:02.7657551Z Note: This linter can be disabled with `set_option linter.unusedSectionVars false`
gaussian-three	Build exact pinned Gaussian formalization	2026-10-09T00:37:02.7658645Z warning: sources/GaussianFacetLaplacian.lean:37:67: This simp argument is unused:
gaussian-three	Build exact pinned Gaussian formalization	2026-10-09T00:37:02.7659480Z   conj_trivial
gaussian-three	Build exact pinned Gaussian formalization	2026-10-09T00:37:02.7659824Z 
gaussian-three	Build exact pinned Gaussian formalization	2026-10-09T00:37:02.7660139Z Hint: Omit it from the simp argument list.
gaussian-three	Build exact pinned Gaussian formalization	2026-10-09T00:37:02.7661168Z   [apply] simp only [facetLaplacian, Matrix.sub_apply, Matrix.diagonal_apply]
gaussian-three	Build exact pinned Gaussian formalization	2026-10-09T00:37:02.7662108Z 
gaussian-three	Build exact pinned Gaussian formalization	2026-10-09T00:37:02.7662617Z Note: This linter can be disabled with `set_option linter.unusedSimpArgs false`
gaussian-three	Build exact pinned Gaussian formalization	2026-10-09T00:37:02.7664171Z warning: sources/GaussianFacetLaplacian.lean:42:0: automatically included section variable(s) unused in theorem `GaussianMeasureBridge.facetLaplacian_trace_mul`:
gaussian-three	Build exact pinned Gaussian formalization	2026-10-09T00:37:02.7665511Z   [NeZero k]
gaussian-three	Build exact pinned Gaussian formalization	2026-10-09T00:37:02.7666410Z consider restructuring your `variable` declarations so that the variables are not in scope or explicitly omit them:
gaussian-three	Build exact pinned Gaussian formalization	2026-10-09T00:37:02.7667452Z   omit [NeZero k] in theorem ...
gaussian-three	Build exact pinned Gaussian formalization	2026-10-09T00:37:02.7667863Z 
gaussian-three	Build exact pinned Gaussian formalization	2026-10-09T00:37:02.7668382Z Note: This linter can be disabled with `set_option linter.unusedSectionVars false`
gaussian-three	Build exact pinned Gaussian formalization	2026-10-09T00:37:03.1639585Z ✔ [3858/3884] Built GaussianCovarianceStationarity (3.4s)
gaussian-three	Build exact pinned Gaussian formalization	2026-10-09T00:37:03.9652946Z ✔ [3859/3884] Built GaussianIntrinsicInnerPerimeter (3.5s)
gaussian-three	Build exact pinned Gaussian formalization	2026-10-09T00:37:05.6752460Z ✔ [3860/3884] Built GaussianAffineLiftDerivative (2.9s)
gaussian-three	Build exact pinned Gaussian formalization	2026-10-09T00:37:07.4764102Z ✔ [3861/3884] Built GaussianHalfspacePerimeterBridge (3.5s)
gaussian-three	Build exact pinned Gaussian formalization	2026-10-09T00:37:07.6767156Z ⚠ [3862/3884] Built GaussianRegularFlux (3.7s)
gaussian-three	Build exact pinned Gaussian formalization	2026-10-09T00:37:07.6768681Z warning: sources/GaussianRegularFlux.lean:71:10: This simp argument is unused:
gaussian-three	Build exact pinned Gaussian formalization	2026-10-09T00:37:07.6769740Z   Fin.ext_iff
gaussian-three	Build exact pinned Gaussian formalization	2026-10-09T00:37:07.6770166Z 
gaussian-three	Build exact pinned Gaussian formalization	2026-10-09T00:37:07.6770614Z Hint: Omit it from the simp argument list.
gaussian-three	Build exact pinned Gaussian formalization	2026-10-09T00:37:07.6771657Z   [apply] simp [Nat.mod_eq_of_lt (by omega : 1 < d + 2)]
gaussian-three	Build exact pinned Gaussian formalization	2026-10-09T00:37:07.6772279Z 
gaussian-three	Build exact pinned Gaussian formalization	2026-10-09T00:37:07.6772876Z Note: This linter can be disabled with `set_option linter.unusedSimpArgs false`
gaussian-three	Build exact pinned Gaussian formalization	2026-10-09T00:37:07.6774072Z warning: sources/GaussianRegularFlux.lean:71:22: This simp argument is unused:
gaussian-three	Build exact pinned Gaussian formalization	2026-10-09T00:37:07.6775056Z   Nat.mod_eq_of_lt (by omega : 1 < d + 2)
gaussian-three	Build exact pinned Gaussian formalization	2026-10-09T00:37:07.6775583Z 
gaussian-three	Build exact pinned Gaussian formalization	2026-10-09T00:37:07.6775954Z Hint: Omit it from the simp argument list.
gaussian-three	Build exact pinned Gaussian formalization	2026-10-09T00:37:07.6776673Z   [apply] simp [Fin.ext_iff]
gaussian-three	Build exact pinned Gaussian formalization	2026-10-09T00:37:07.6777170Z 
gaussian-three	Build exact pinned Gaussian formalization	2026-10-09T00:37:07.6777754Z Note: This linter can be disabled with `set_option linter.unusedSimpArgs false`
gaussian-three	Build exact pinned Gaussian formalization	2026-10-09T00:37:08.8819212Z ✔ [3863/3884] Built GaussianCovarianceDifferential (3.2s)
gaussian-three	Build exact pinned Gaussian formalization	2026-10-09T00:37:10.9881180Z ✔ [3864/3884] Built GaussianUnitHalfspacePerimeter (3.5s)
gaussian-three	Build exact pinned Gaussian formalization	2026-10-09T00:37:11.7896617Z ⚠ [3865/3884] Built GaussianRegularPerimeter (4.1s)
gaussian-three	Build exact pinned Gaussian formalization	2026-10-09T00:37:11.7897903Z warning: sources/GaussianRegularPerimeter.lean:17:22: `if_neg` has been deprecated: Use `ite_eq_right` instead
gaussian-three	Build exact pinned Gaussian formalization	2026-10-09T00:37:11.7899369Z warning: sources/GaussianRegularPerimeter.lean:22:5: Variable name `hz` is not explicitly referenced.
gaussian-three	Build exact pinned Gaussian formalization	2026-10-09T00:37:11.7900167Z 
gaussian-three	Build exact pinned Gaussian formalization	2026-10-09T00:37:11.7901269Z Hint: The binding can be removed (if unused) or named `_` (if used implicitly). Alternatively, prefix the name with `_` to silence this warning:
gaussian-three	Build exact pinned Gaussian formalization	2026-10-09T00:37:11.7902417Z   [apply] _hz
gaussian-three	Build exact pinned Gaussian formalization	2026-10-09T00:37:11.7902639Z 
gaussian-three	Build exact pinned Gaussian formalization	2026-10-09T00:37:11.7903058Z Note: This linter can be disabled with `set_option linter.unusedVariables false`
gaussian-three	Build exact pinned Gaussian formalization	2026-10-09T00:37:12.4903424Z ⚠ [3866/3884] Built GaussianCovarianceRadialDifferential (3.5s)
gaussian-three	Build exact pinned Gaussian formalization	2026-10-09T00:37:12.4904776Z warning: sources/GaussianCovarianceRadialDifferential.lean:35:26: `if_neg` has been deprecated: Use `ite_eq_right` instead
gaussian-three	Build exact pinned Gaussian formalization	2026-10-09T00:37:15.0939083Z ✔ [3867/3884] Built GaussianPerimeterComparisonReduction (2.7s)
gaussian-three	Build exact pinned Gaussian formalization	2026-10-09T00:37:18.0002137Z ✔ [3868/3884] Built GaussianBVComparisonInterface (2.9s)
gaussian-three	Build exact pinned Gaussian formalization	2026-10-09T00:37:19.9040970Z ✔ [3869/3884] Built GaussianPerimeterRigidityReduction (4.8s)
gaussian-three	Build exact pinned Gaussian formalization	2026-10-09T00:37:21.7122162Z ✔ [3870/3884] Built GaussianSimplicialBVUpperBridge (3.7s)
gaussian-three	Build exact pinned Gaussian formalization	2026-10-09T00:37:21.9112720Z ✔ [3871/3884] Built GaussianTwoCellBVBridge (3.9s)
gaussian-three	Build exact pinned Gaussian formalization	2026-10-09T00:37:22.0113672Z ✔ [3872/3884] Built GaussianIndicatorPartitionLimit (4.0s)
gaussian-three	Build exact pinned Gaussian formalization	2026-10-09T00:37:24.1192189Z ⚠ [3873/3884] Built GaussianMomentEqualityReduction (4.2s)
gaussian-three	Build exact pinned Gaussian formalization	2026-10-09T00:37:24.1193802Z warning: sources/GaussianMomentEqualityReduction.lean:25:4: `if_neg` has been deprecated: Use `ite_eq_right` instead
gaussian-three	Build exact pinned Gaussian formalization	2026-10-09T00:37:25.3193925Z ✔ [3874/3884] Built GaussianClusterNullRepair (3.3s)
gaussian-three	Build exact pinned Gaussian formalization	2026-10-09T00:37:26.4213232Z ✔ [3875/3884] Built GaussianBalancedBVProfile (4.7s)
gaussian-three	Build exact pinned Gaussian formalization	2026-10-09T00:37:27.7322179Z ✔ [3876/3884] Built GaussianRegularEmbeddedMoments (3.7s)
gaussian-three	Build exact pinned Gaussian formalization	2026-10-09T00:37:28.5321927Z ⚠ [3877/3884] Built GaussianThreeSharp (4.5s)
gaussian-three	Build exact pinned Gaussian formalization	2026-10-09T00:37:28.5333022Z warning: sources/GaussianThreeSharp.lean:33:46: This simp argument is unused:
gaussian-three	Build exact pinned Gaussian formalization	2026-10-09T00:37:28.5334047Z   real_inner_self_eq_norm_sq
gaussian-three	Build exact pinned Gaussian formalization	2026-10-09T00:37:28.5334595Z 
gaussian-three	Build exact pinned Gaussian formalization	2026-10-09T00:37:28.5334972Z Hint: Omit it from the simp argument list.
gaussian-three	Build exact pinned Gaussian formalization	2026-10-09T00:37:28.5336019Z   [apply] simp [scoreGram, Matrix.trace, Matrix.diag, Fin.sum_univ_succ, Fin.sum_univ_two, add_assoc]
gaussian-three	Build exact pinned Gaussian formalization	2026-10-09T00:37:28.5336889Z 
gaussian-three	Build exact pinned Gaussian formalization	2026-10-09T00:37:28.5337435Z Note: This linter can be disabled with `set_option linter.unusedSimpArgs false`
gaussian-three	Build exact pinned Gaussian formalization	2026-10-09T00:37:28.5338560Z warning: sources/GaussianThreeSharp.lean:34:23: This simp argument is unused:
gaussian-three	Build exact pinned Gaussian formalization	2026-10-09T00:37:28.5339446Z   Fin.sum_univ_two
gaussian-three	Build exact pinned Gaussian formalization	2026-10-09T00:37:28.5339858Z 
gaussian-three	Build exact pinned Gaussian formalization	2026-10-09T00:37:28.5340190Z Hint: Omit it from the simp argument list.
gaussian-three	Build exact pinned Gaussian formalization	2026-10-09T00:37:28.5341412Z   [apply] simp [scoreGram, Matrix.trace, Matrix.diag, real_inner_self_eq_norm_sq, Fin.sum_univ_succ, add_assoc]
gaussian-three	Build exact pinned Gaussian formalization	2026-10-09T00:37:28.5342347Z 
gaussian-three	Build exact pinned Gaussian formalization	2026-10-09T00:37:28.5342883Z Note: This linter can be disabled with `set_option linter.unusedSimpArgs false`
gaussian-three	Build exact pinned Gaussian formalization	2026-10-09T00:37:28.5344501Z info: sources/GaussianThreeSharp.lean:129:0: 'GaussianMeasureBridge.simplexConstant_three_abs' depends on axioms: [propext, Classical.choice, Quot.sound]
gaussian-three	Build exact pinned Gaussian formalization	2026-10-09T00:37:28.5346617Z info: sources/GaussianThreeSharp.lean:130:0: 'GaussianMeasureBridge.covarianceValue_three_le' depends on axioms: [propext, Classical.choice, Quot.sound]
gaussian-three	Build exact pinned Gaussian formalization	2026-10-09T00:37:28.5348749Z info: sources/GaussianThreeSharp.lean:131:0: 'GaussianMeasureBridge.three_cell_momentEnergy_bound' depends on axioms: [propext, Classical.choice, Quot.sound]
gaussian-three	Build exact pinned Gaussian formalization	2026-10-09T00:37:29.6333440Z ✔ [3878/3884] Built GaussianBVClusterUpperLimit (3.2s)
gaussian-three	Build exact pinned Gaussian formalization	2026-10-09T00:37:30.0353935Z ✔ [3879/3884] Built GaussianBVMinimizingSequence (3.5s)
gaussian-three	Build exact pinned Gaussian formalization	2026-10-09T00:37:30.7362290Z ⚠ [3880/3884] Built GaussianRegularFanClassification (2.0s)
gaussian-three	Build exact pinned Gaussian formalization	2026-10-09T00:37:30.7363945Z warning: sources/GaussianRegularFanClassification.lean:14:25: `Set.mem_setOf_eq` has been deprecated: Use `Set.mem_ofPred_eq` instead
gaussian-three	Build exact pinned Gaussian formalization	2026-10-09T00:37:30.7366092Z warning: sources/GaussianRegularFanClassification.lean:11:0: automatically included section variable(s) unused in theorem `GaussianMeasureBridge.winningCell_positive_smul`:
gaussian-three	Build exact pinned Gaussian formalization	2026-10-09T00:37:30.7367598Z   [NeZero k]
gaussian-three	Build exact pinned Gaussian formalization	2026-10-09T00:37:30.7368393Z consider restructuring your `variable` declarations so that the variables are not in scope or explicitly omit them:
gaussian-three	Build exact pinned Gaussian formalization	2026-10-09T00:37:30.7369492Z   omit [NeZero k] in theorem ...
gaussian-three	Build exact pinned Gaussian formalization	2026-10-09T00:37:30.7369786Z 
gaussian-three	Build exact pinned Gaussian formalization	2026-10-09T00:37:30.7370291Z Note: This linter can be disabled with `set_option linter.unusedSectionVars false`
gaussian-three	Build exact pinned Gaussian formalization	2026-10-09T00:37:30.7372339Z warning: sources/GaussianRegularFanClassification.lean:17:0: automatically included section variable(s) unused in theorem `GaussianMeasureBridge.FractionalPartition.moment_eq_of_labels_ae`:
gaussian-three	Build exact pinned Gaussian formalization	2026-10-09T00:37:30.7373938Z   [NeZero k]
gaussian-three	Build exact pinned Gaussian formalization	2026-10-09T00:37:30.7374734Z consider restructuring your `variable` declarations so that the variables are not in scope or explicitly omit them:
gaussian-three	Build exact pinned Gaussian formalization	2026-10-09T00:37:30.7375606Z   omit [NeZero k] in theorem ...
gaussian-three	Build exact pinned Gaussian formalization	2026-10-09T00:37:30.7376344Z 
gaussian-three	Build exact pinned Gaussian formalization	2026-10-09T00:37:30.7376706Z Note: This linter can be disabled with `set_option linter.unusedSectionVars false`
gaussian-three	Build exact pinned Gaussian formalization	2026-10-09T00:37:32.3422730Z ✔ [3881/3884] Built GaussianBVMinimizerFromLimit (2.3s)
gaussian-three	Build exact pinned Gaussian formalization	2026-10-09T00:37:34.6461737Z ✔ [3882/3884] Built GaussianBVCompactnessInterface (2.4s)
gaussian-three	Build exact pinned Gaussian formalization	2026-10-09T00:37:36.1477908Z ⚠ [3883/3884] Built GaussianThreeEquality (5.3s)
gaussian-three	Build exact pinned Gaussian formalization	2026-10-09T00:37:36.1478890Z warning: sources/GaussianThreeEquality.lean:31:33: This simp argument is unused:
gaussian-three	Build exact pinned Gaussian formalization	2026-10-09T00:37:36.1479676Z   Fin.sum_univ_two
gaussian-three	Build exact pinned Gaussian formalization	2026-10-09T00:37:36.1479910Z 
gaussian-three	Build exact pinned Gaussian formalization	2026-10-09T00:37:36.1480121Z Hint: Omit it from the simp argument list.
gaussian-three	Build exact pinned Gaussian formalization	2026-10-09T00:37:36.1481588Z   [apply] simp only [Fin.sum_univ_succ] at hh
gaussian-three	Build exact pinned Gaussian formalization	2026-10-09T00:37:36.1481973Z 
gaussian-three	Build exact pinned Gaussian formalization	2026-10-09T00:37:36.1482384Z Note: This linter can be disabled with `set_option linter.unusedSimpArgs false`
gaussian-three	Build exact pinned Gaussian formalization	2026-10-09T00:37:36.1483446Z warning: sources/GaussianThreeEquality.lean:68:46: This simp argument is unused:
gaussian-three	Build exact pinned Gaussian formalization	2026-10-09T00:37:36.1484187Z   hr01
gaussian-three	Build exact pinned Gaussian formalization	2026-10-09T00:37:36.1484371Z 
gaussian-three	Build exact pinned Gaussian formalization	2026-10-09T00:37:36.1484596Z Hint: Omit it from the simp argument list.
gaussian-three	Build exact pinned Gaussian formalization	2026-10-09T00:37:36.1485106Z   [apply] simp_all [hr02, hr12]
gaussian-three	Build exact pinned Gaussian formalization	2026-10-09T00:37:36.1485401Z 
gaussian-three	Build exact pinned Gaussian formalization	2026-10-09T00:37:36.1485851Z Note: This linter can be disabled with `set_option linter.unusedSimpArgs false`
gaussian-three	Build exact pinned Gaussian formalization	2026-10-09T00:37:36.1486771Z warning: sources/GaussianThreeEquality.lean:68:52: This simp argument is unused:
gaussian-three	Build exact pinned Gaussian formalization	2026-10-09T00:37:36.1487323Z   hr02
gaussian-three	Build exact pinned Gaussian formalization	2026-10-09T00:37:36.1487458Z 
gaussian-three	Build exact pinned Gaussian formalization	2026-10-09T00:37:36.1487596Z Hint: Omit it from the simp argument list.
gaussian-three	Build exact pinned Gaussian formalization	2026-10-09T00:37:36.1487969Z   [apply] simp_all [hr01, hr12]
gaussian-three	Build exact pinned Gaussian formalization	2026-10-09T00:37:36.1488188Z 
gaussian-three	Build exact pinned Gaussian formalization	2026-10-09T00:37:36.1488472Z Note: This linter can be disabled with `set_option linter.unusedSimpArgs false`
gaussian-three	Build exact pinned Gaussian formalization	2026-10-09T00:37:36.1489212Z warning: sources/GaussianThreeEquality.lean:68:58: This simp argument is unused:
gaussian-three	Build exact pinned Gaussian formalization	2026-10-09T00:37:36.1489811Z   hr12
gaussian-three	Build exact pinned Gaussian formalization	2026-10-09T00:37:36.1489971Z 
gaussian-three	Build exact pinned Gaussian formalization	2026-10-09T00:37:36.1490135Z Hint: Omit it from the simp argument list.
gaussian-three	Build exact pinned Gaussian formalization	2026-10-09T00:37:36.1490602Z   [apply] simp_all [hr01, hr02]
gaussian-three	Build exact pinned Gaussian formalization	2026-10-09T00:37:36.1491105Z 
gaussian-three	Build exact pinned Gaussian formalization	2026-10-09T00:37:36.1491378Z Note: This linter can be disabled with `set_option linter.unusedSimpArgs false`
gaussian-three	Build exact pinned Gaussian formalization	2026-10-09T00:37:36.1492574Z info: sources/GaussianThreeEquality.lean:164:0: 'GaussianMeasureBridge.covarianceValue_three_equality_regular' depends on axioms: [propext,
gaussian-three	Build exact pinned Gaussian formalization	2026-10-09T00:37:36.1493474Z  Classical.choice,
gaussian-three	Build exact pinned Gaussian formalization	2026-10-09T00:37:36.1493745Z  Quot.sound]
gaussian-three	Build exact pinned Gaussian formalization	2026-10-09T00:37:36.1494526Z info: sources/GaussianThreeEquality.lean:165:0: 'GaussianMeasureBridge.three_cell_energy_equality_iff_regular_fan' depends on axioms: [propext,
gaussian-three	Build exact pinned Gaussian formalization	2026-10-09T00:37:36.1495401Z  Classical.choice,
gaussian-three	Build exact pinned Gaussian formalization	2026-10-09T00:37:36.1495674Z  Quot.sound]
gaussian-three	Build exact pinned Gaussian formalization	2026-10-09T00:37:36.1496445Z info: sources/GaussianThreeEquality.lean:166:0: 'GaussianMeasureBridge.three_cell_energy_strict_small_dimension' depends on axioms: [propext,
gaussian-three	Build exact pinned Gaussian formalization	2026-10-09T00:37:36.1497318Z  Classical.choice,
gaussian-three	Build exact pinned Gaussian formalization	2026-10-09T00:37:36.1497573Z  Quot.sound]
gaussian-three	Build exact pinned Gaussian formalization	2026-10-09T00:37:36.1571299Z Build completed successfully (3884 jobs).
gaussian-three	Build exact pinned Gaussian formalization	2026-10-09T00:37:36.1953235Z ##[endgroup]
gaussian-three	Build exact pinned Gaussian formalization	2026-10-09T00:37:36.1953489Z 
gaussian-three	Build exact pinned Gaussian formalization	2026-10-09T00:37:36.1965523Z ##[end-action id=__leanprover_lean-action.build;outcome=success;conclusion=success;duration_ms=164171]
gaussian-three	Build exact pinned Gaussian formalization	2026-10-09T00:37:36.1970381Z ##[start-action display=Run actions/cache/save@caa296126883cff596d87d8935842f9db880ef25;id=__leanprover_lean-action.__actions_cache_2]
gaussian-three	Build exact pinned Gaussian formalization	2026-10-09T00:37:36.3943894Z ##[group]Run actions/cache/save@caa296126883cff596d87d8935842f9db880ef25
gaussian-three	Build exact pinned Gaussian formalization	2026-10-09T00:37:36.3944288Z with:
gaussian-three	Build exact pinned Gaussian formalization	2026-10-09T00:37:36.3944567Z   path: formalizations/gaussian-simplex-all-k-progress/.lake
gaussian-three	Build exact pinned Gaussian formalization	2026-10-09T00:37:36.3945662Z   key: lake-Linux-X64-d791b020c21edcc7e9e22797f1d59fde59e8af8f675af62dc2f1fd7521bfef93-ee6d7d9ec9afd73cd17cdd862675212e7a51cb29cff40bb8109e45310bf6dfb3-da16f54190bb53651a78640bd94a30a5c2cc9e08
gaussian-three	Build exact pinned Gaussian formalization	2026-10-09T00:37:36.3946705Z   enableCrossOsArchive: false
gaussian-three	Build exact pinned Gaussian formalization	2026-10-09T00:37:36.3946950Z ##[endgroup]
gaussian-three	Build exact pinned Gaussian formalization	2026-10-09T00:37:36.5429833Z [command]/usr/bin/tar --posix -cf cache.tzst --exclude cache.tzst -P -C /home/runner/work/math/math --files-from manifest.txt --use-compress-program zstdmt
gaussian-three	Build exact pinned Gaussian formalization	2026-10-09T00:37:59.5669340Z Sent 0 of 2597663381 (0.0%), 0.0 MBs/sec
gaussian-three	Build exact pinned Gaussian formalization	2026-10-09T00:38:00.5682394Z Sent 536870912 of 2597663381 (20.7%), 255.9 MBs/sec
gaussian-three	Build exact pinned Gaussian formalization	2026-10-09T00:38:01.5711912Z Sent 939524096 of 2597663381 (36.2%), 298.5 MBs/sec
gaussian-three	Build exact pinned Gaussian formalization	2026-10-09T00:38:02.5727074Z Sent 1207959552 of 2597663381 (46.5%), 287.9 MBs/sec
gaussian-three	Build exact pinned Gaussian formalization	2026-10-09T00:38:03.5711832Z Sent 1677721600 of 2597663381 (64.6%), 319.9 MBs/sec
gaussian-three	Build exact pinned Gaussian formalization	2026-10-09T00:38:04.5688635Z Sent 2147483648 of 2597663381 (82.7%), 341.2 MBs/sec
gaussian-three	Build exact pinned Gaussian formalization	2026-10-09T00:38:05.1257495Z Sent 2597663381 of 2597663381 (100.0%), 377.7 MBs/sec
gaussian-three	Build exact pinned Gaussian formalization	2026-10-09T00:38:05.5452920Z Cache saved with key: lake-Linux-X64-d791b020c21edcc7e9e22797f1d59fde59e8af8f675af62dc2f1fd7521bfef93-ee6d7d9ec9afd73cd17cdd862675212e7a51cb29cff40bb8109e45310bf6dfb3-da16f54190bb53651a78640bd94a30a5c2cc9e08
gaussian-three	Build exact pinned Gaussian formalization	2026-10-09T00:38:05.5538975Z ##[end-action id=__leanprover_lean-action.__actions_cache_2;outcome=success;conclusion=success;duration_ms=29356]
gaussian-three	Build exact pinned Gaussian formalization	2026-10-09T00:38:05.5544120Z ##[start-action display=test mxym/math;id=__leanprover_lean-action.test]
gaussian-three	Build exact pinned Gaussian formalization	2026-10-09T00:38:05.5548501Z ##[end-action id=__leanprover_lean-action.test;outcome=skipped;conclusion=skipped;duration_ms=0]
gaussian-three	Build exact pinned Gaussian formalization	2026-10-09T00:38:05.5563645Z ##[start-action display=lint mxym/math;id=__leanprover_lean-action.lint]
gaussian-three	Build exact pinned Gaussian formalization	2026-10-09T00:38:05.5567830Z ##[end-action id=__leanprover_lean-action.lint;outcome=skipped;conclusion=skipped;duration_ms=0]
gaussian-three	Build exact pinned Gaussian formalization	2026-10-09T00:38:05.5569676Z ##[start-action display=check reservoir eligibility;id=__leanprover_lean-action.__run_4]
gaussian-three	Build exact pinned Gaussian formalization	2026-10-09T00:38:05.5573387Z ##[end-action id=__leanprover_lean-action.__run_4;outcome=skipped;conclusion=skipped;duration_ms=0]
gaussian-three	Build exact pinned Gaussian formalization	2026-10-09T00:38:05.5575980Z ##[start-action display=check environment with leanchecker;id=__leanprover_lean-action.__run_5]
gaussian-three	Build exact pinned Gaussian formalization	2026-10-09T00:38:05.5580502Z ##[end-action id=__leanprover_lean-action.__run_5;outcome=skipped;conclusion=skipped;duration_ms=0]
gaussian-three	Build exact pinned Gaussian formalization	2026-10-09T00:38:05.5583739Z ##[start-action display=check environment with nanoda;id=__leanprover_lean-action.nanoda]
gaussian-three	Build exact pinned Gaussian formalization	2026-10-09T00:38:05.5586973Z ##[end-action id=__leanprover_lean-action.nanoda;outcome=skipped;conclusion=skipped;duration_ms=0]
gaussian-three	Build exact pinned Gaussian formalization	2026-10-09T00:38:05.5589401Z ##[start-action display=audit axioms with axiom-audit;id=__leanprover_lean-action.axiom-audit]
gaussian-three	Build exact pinned Gaussian formalization	2026-10-09T00:38:05.5593000Z ##[end-action id=__leanprover_lean-action.axiom-audit;outcome=skipped;conclusion=skipped;duration_ms=0]
gaussian-three	Audit new three-score lemmas	﻿2026-10-09T00:38:05.5647219Z ##[group]Run set -euo pipefail
gaussian-three	Audit new three-score lemmas	2026-10-09T00:38:05.5647556Z [36;1mset -euo pipefail[0m
gaussian-three	Audit new three-score lemmas	2026-10-09T00:38:05.5647880Z [36;1mlake env lean sources/GaussianThreeScoreAlgebra.lean[0m
gaussian-three	Audit new three-score lemmas	2026-10-09T00:38:05.5648316Z [36;1mlake env lean sources/GaussianThreeGaussianWidth.lean[0m
gaussian-three	Audit new three-score lemmas	2026-10-09T00:38:05.5648714Z [36;1mlake env lean sources/GaussianThreeSharp.lean[0m
gaussian-three	Audit new three-score lemmas	2026-10-09T00:38:05.5649091Z [36;1mlake env lean sources/GaussianThreeEquality.lean[0m
gaussian-three	Audit new three-score lemmas	2026-10-09T00:38:05.5738287Z shell: /usr/bin/bash --noprofile --norc -e -o pipefail {0}
gaussian-three	Audit new three-score lemmas	2026-10-09T00:38:05.5738635Z ##[endgroup]
gaussian-three	Audit new three-score lemmas	2026-10-09T00:38:19.4961042Z 'GaussianMeasureBridge.gaussian_integral_abs_inner' depends on axioms: [propext, Classical.choice, Quot.sound]
gaussian-three	Audit new three-score lemmas	2026-10-09T00:38:19.4962437Z 'GaussianMeasureBridge.expectedScore_three_abs_pair_sum' depends on axioms: [propext, Classical.choice, Quot.sound]
gaussian-three	Audit new three-score lemmas	2026-10-09T00:38:19.4971972Z 'GaussianMeasureBridge.expectedScore_three_width' depends on axioms: [propext, Classical.choice, Quot.sound]
gaussian-three	Audit new three-score lemmas	2026-10-09T00:38:22.8516589Z sources/GaussianThreeSharp.lean:33:46: warning: This simp argument is unused:
gaussian-three	Audit new three-score lemmas	2026-10-09T00:38:22.8517384Z   real_inner_self_eq_norm_sq
gaussian-three	Audit new three-score lemmas	2026-10-09T00:38:22.8541118Z 
gaussian-three	Audit new three-score lemmas	2026-10-09T00:38:22.8541585Z Hint: Omit it from the simp argument list.
gaussian-three	Audit new three-score lemmas	2026-10-09T00:38:22.8542144Z   [apply] simp [scoreGram, Matrix.trace, Matrix.diag, Fin.sum_univ_succ, Fin.sum_univ_two, add_assoc]
gaussian-three	Audit new three-score lemmas	2026-10-09T00:38:22.8542555Z 
gaussian-three	Audit new three-score lemmas	2026-10-09T00:38:22.8542781Z Note: This linter can be disabled with `set_option linter.unusedSimpArgs false`
gaussian-three	Audit new three-score lemmas	2026-10-09T00:38:22.8543321Z sources/GaussianThreeSharp.lean:34:23: warning: This simp argument is unused:
gaussian-three	Audit new three-score lemmas	2026-10-09T00:38:22.8544090Z   Fin.sum_univ_two
gaussian-three	Audit new three-score lemmas	2026-10-09T00:38:22.8544221Z 
gaussian-three	Audit new three-score lemmas	2026-10-09T00:38:22.8544329Z Hint: Omit it from the simp argument list.
gaussian-three	Audit new three-score lemmas	2026-10-09T00:38:22.8544829Z   [apply] simp [scoreGram, Matrix.trace, Matrix.diag, real_inner_self_eq_norm_sq, Fin.sum_univ_succ, add_assoc]
gaussian-three	Audit new three-score lemmas	2026-10-09T00:38:22.8545263Z 
gaussian-three	Audit new three-score lemmas	2026-10-09T00:38:22.8545481Z Note: This linter can be disabled with `set_option linter.unusedSimpArgs false`
gaussian-three	Audit new three-score lemmas	2026-10-09T00:38:22.8546152Z 'GaussianMeasureBridge.simplexConstant_three_abs' depends on axioms: [propext, Classical.choice, Quot.sound]
gaussian-three	Audit new three-score lemmas	2026-10-09T00:38:22.8546916Z 'GaussianMeasureBridge.covarianceValue_three_le' depends on axioms: [propext, Classical.choice, Quot.sound]
gaussian-three	Audit new three-score lemmas	2026-10-09T00:38:22.8547678Z 'GaussianMeasureBridge.three_cell_momentEnergy_bound' depends on axioms: [propext, Classical.choice, Quot.sound]
gaussian-three	Audit new three-score lemmas	2026-10-09T00:38:28.6595744Z sources/GaussianThreeEquality.lean:31:33: warning: This simp argument is unused:
gaussian-three	Audit new three-score lemmas	2026-10-09T00:38:28.6596590Z   Fin.sum_univ_two
gaussian-three	Audit new three-score lemmas	2026-10-09T00:38:28.6596798Z 
gaussian-three	Audit new three-score lemmas	2026-10-09T00:38:28.6596919Z Hint: Omit it from the simp argument list.
gaussian-three	Audit new three-score lemmas	2026-10-09T00:38:28.6597273Z   [apply] simp only [Fin.sum_univ_succ] at hh
gaussian-three	Audit new three-score lemmas	2026-10-09T00:38:28.6597640Z 
gaussian-three	Audit new three-score lemmas	2026-10-09T00:38:28.6598021Z Note: This linter can be disabled with `set_option linter.unusedSimpArgs false`
gaussian-three	Audit new three-score lemmas	2026-10-09T00:38:28.6598889Z sources/GaussianThreeEquality.lean:68:46: warning: This simp argument is unused:
gaussian-three	Audit new three-score lemmas	2026-10-09T00:38:28.6599305Z   hr01
gaussian-three	Audit new three-score lemmas	2026-10-09T00:38:28.6599418Z 
gaussian-three	Audit new three-score lemmas	2026-10-09T00:38:28.6599529Z Hint: Omit it from the simp argument list.
gaussian-three	Audit new three-score lemmas	2026-10-09T00:38:28.6599826Z   [apply] simp_all [hr02, hr12]
gaussian-three	Audit new three-score lemmas	2026-10-09T00:38:28.6599985Z 
gaussian-three	Audit new three-score lemmas	2026-10-09T00:38:28.6600204Z Note: This linter can be disabled with `set_option linter.unusedSimpArgs false`
gaussian-three	Audit new three-score lemmas	2026-10-09T00:38:28.6600993Z sources/GaussianThreeEquality.lean:68:52: warning: This simp argument is unused:
gaussian-three	Audit new three-score lemmas	2026-10-09T00:38:28.6601403Z   hr02
gaussian-three	Audit new three-score lemmas	2026-10-09T00:38:28.6601507Z 
gaussian-three	Audit new three-score lemmas	2026-10-09T00:38:28.6601616Z Hint: Omit it from the simp argument list.
gaussian-three	Audit new three-score lemmas	2026-10-09T00:38:28.6601899Z   [apply] simp_all [hr01, hr12]
gaussian-three	Audit new three-score lemmas	2026-10-09T00:38:28.6602063Z 
gaussian-three	Audit new three-score lemmas	2026-10-09T00:38:28.6602287Z Note: This linter can be disabled with `set_option linter.unusedSimpArgs false`
gaussian-three	Audit new three-score lemmas	2026-10-09T00:38:28.6602841Z sources/GaussianThreeEquality.lean:68:58: warning: This simp argument is unused:
gaussian-three	Audit new three-score lemmas	2026-10-09T00:38:28.6603248Z   hr12
gaussian-three	Audit new three-score lemmas	2026-10-09T00:38:28.6603349Z 
gaussian-three	Audit new three-score lemmas	2026-10-09T00:38:28.6603458Z Hint: Omit it from the simp argument list.
gaussian-three	Audit new three-score lemmas	2026-10-09T00:38:28.6604151Z   [apply] simp_all [hr01, hr02]
gaussian-three	Audit new three-score lemmas	2026-10-09T00:38:28.6604317Z 
gaussian-three	Audit new three-score lemmas	2026-10-09T00:38:28.6604527Z Note: This linter can be disabled with `set_option linter.unusedSimpArgs false`
gaussian-three	Audit new three-score lemmas	2026-10-09T00:38:28.6605120Z 'GaussianMeasureBridge.covarianceValue_three_equality_regular' depends on axioms: [propext,
gaussian-three	Audit new three-score lemmas	2026-10-09T00:38:28.6605593Z  Classical.choice,
gaussian-three	Audit new three-score lemmas	2026-10-09T00:38:28.6605798Z  Quot.sound]
gaussian-three	Audit new three-score lemmas	2026-10-09T00:38:28.6606197Z 'GaussianMeasureBridge.three_cell_energy_equality_iff_regular_fan' depends on axioms: [propext,
gaussian-three	Audit new three-score lemmas	2026-10-09T00:38:28.6606673Z  Classical.choice,
gaussian-three	Audit new three-score lemmas	2026-10-09T00:38:28.6606877Z  Quot.sound]
gaussian-three	Audit new three-score lemmas	2026-10-09T00:38:28.6607261Z 'GaussianMeasureBridge.three_cell_energy_strict_small_dimension' depends on axioms: [propext,
gaussian-three	Audit new three-score lemmas	2026-10-09T00:38:28.6607715Z  Classical.choice,
gaussian-three	Audit new three-score lemmas	2026-10-09T00:38:28.6607922Z  Quot.sound]
gaussian-three	Post Run actions/checkout@v4	﻿2026-10-09T00:38:28.8084861Z Post job cleanup.
gaussian-three	Post Run actions/checkout@v4	2026-10-09T00:38:28.8978790Z [command]/usr/bin/git version
gaussian-three	Post Run actions/checkout@v4	2026-10-09T00:38:28.9024482Z git version 2.55.0
gaussian-three	Post Run actions/checkout@v4	2026-10-09T00:38:28.9063680Z Temporarily overriding HOME='/home/runner/work/_temp/ad8d49cf-8e02-4acd-92e3-2616fe924e33' before making global git config changes
gaussian-three	Post Run actions/checkout@v4	2026-10-09T00:38:28.9065282Z Adding repository directory to the temporary git global config as a safe directory
gaussian-three	Post Run actions/checkout@v4	2026-10-09T00:38:28.9070098Z [command]/usr/bin/git config --global --add safe.directory /home/runner/work/math/math
gaussian-three	Post Run actions/checkout@v4	2026-10-09T00:38:28.9112668Z [command]/usr/bin/git config --local --name-only --get-regexp core\.sshCommand
gaussian-three	Post Run actions/checkout@v4	2026-10-09T00:38:28.9158241Z [command]/usr/bin/git submodule foreach --recursive sh -c "git config --local --name-only --get-regexp 'core\.sshCommand' && git config --local --unset-all 'core.sshCommand' || :"
gaussian-three	Post Run actions/checkout@v4	2026-10-09T00:38:28.9472684Z [command]/usr/bin/git config --local --name-only --get-regexp http\.https\:\/\/github\.com\/\.extraheader
gaussian-three	Post Run actions/checkout@v4	2026-10-09T00:38:28.9506051Z http.https://github.com/.extraheader
gaussian-three	Post Run actions/checkout@v4	2026-10-09T00:38:28.9518296Z [command]/usr/bin/git config --local --unset-all http.https://github.com/.extraheader
gaussian-three	Post Run actions/checkout@v4	2026-10-09T00:38:28.9568816Z [command]/usr/bin/git submodule foreach --recursive sh -c "git config --local --name-only --get-regexp 'http\.https\:\/\/github\.com\/\.extraheader' && git config --local --unset-all 'http.https://github.com/.extraheader' || :"
gaussian-three	Post Run actions/checkout@v4	2026-10-09T00:38:28.9839399Z [command]/usr/bin/git config --local --name-only --get-regexp ^includeIf\.gitdir:
gaussian-three	Post Run actions/checkout@v4	2026-10-09T00:38:28.9882277Z [command]/usr/bin/git submodule foreach --recursive git config --local --show-origin --name-only --get-regexp remote.origin.url
gaussian-three	Complete job	﻿2026-10-09T00:38:29.0295984Z Cleaning up orphan processes
gaussian-three	Complete job	2026-10-09T00:38:29.0733796Z ##[warning]Node.js 20 is deprecated. The following actions target Node.js 20 but are being forced to run on Node.js 24: actions/checkout@v4. For more information see: https://github.blog/changelog/2025-09-19-deprecation-of-node-20-on-github-actions-runners/
